participant_id,gender,timestamp,aoi_name,duration,aoi_token
1,male,1146694752,line 1,60,public class Rectangle {
1,male,1146830788,line 1,132,public class Rectangle {
1,male,1147338871,line 2,64,"private int x1 , y1 , x2 , y2 ;"
1,male,1147478860,line 2,136,"private int x1 , y1 , x2 , y2 ;"
1,male,1147642870,line 3,128,"public Rectangle ( int x1 , int y1 , int x2 , int y2 ) {"
1,male,1147738872,line 4,56,this.x1 = x1 ;
1,male,1147806895,line 3,64,"public Rectangle ( int x1 , int y1 , int x2 , int y2 ) {"
1,male,1147942947,line 3,132,"public Rectangle ( int x1 , int y1 , int x2 , int y2 ) {"
1,male,1148358687,line 4,68,this.x1 = x1 ;
1,male,1149598754,line 6,196,this.x2 = x2 ;
1,male,1150322726,line 9,60,public int width ( ) { return this.x2 - this.x1 ; }
1,male,1150938608,line 9,64,public int width ( ) { return this.x2 - this.x1 ; }
1,male,1151310562,line 11,64,public double area ( ) { return this.width ( ) * this.height ( ) ; }
1,male,1153882370,line 10,124,public int height ( ) { return this.y2 - this.y1 ; }
1,male,1155844399,line 11,56,public double area ( ) { return this.width ( ) * this.height ( ) ; }
1,male,1165891924,line 14,72,System.out.println ( rect1.area ( ) ) ;
1,male,1166723686,line 15,72,"Rectangle rect2 = new Rectangle ( 5 , 5 , 10 , 10 ) ;"
1,male,1169819528,line 16,64,System.out.println ( rect2.area ( ) ) ;
1,male,1174971084,line 15,56,"Rectangle rect2 = new Rectangle ( 5 , 5 , 10 , 10 ) ;"
1,male,1175059139,line 15,84,"Rectangle rect2 = new Rectangle ( 5 , 5 , 10 , 10 ) ;"
1,male,1175263138,line 14,96,System.out.println ( rect1.area ( ) ) ;
6,male,2761437016,line 1,104,public class Rectangle {
6,male,2761640955,line 1,124,public class Rectangle {
6,male,2763612866,line 1,128,public class Rectangle {
6,male,2763708881,line 1,92,public class Rectangle {
6,male,2763880924,line 1,80,public class Rectangle {
6,male,2764008894,line 1,72,public class Rectangle {
6,male,2764120874,line 1,108,public class Rectangle {
6,male,2765768825,line 1,60,public class Rectangle {
6,male,2765936591,line 1,64,public class Rectangle {
6,male,2766072529,line 1,68,public class Rectangle {
6,male,2766156569,line 1,80,public class Rectangle {
6,male,2766256599,line 1,96,public class Rectangle {
6,male,2766352600,line 1,56,public class Rectangle {
6,male,2766428589,line 1,72,public class Rectangle {
6,male,2766936965,line 2,64,"private int x1 , y1 , x2 , y2 ;"
6,male,2768972532,line 2,96,"private int x1 , y1 , x2 , y2 ;"
6,male,2769584430,line 1,92,public class Rectangle {
6,male,2769672404,line 2,84,"private int x1 , y1 , x2 , y2 ;"
6,male,2769856191,line 2,56,"private int x1 , y1 , x2 , y2 ;"
6,male,2769916034,line 1,56,public class Rectangle {
6,male,2770019801,line 2,60,"private int x1 , y1 , x2 , y2 ;"
6,male,2770079983,line 2,56,"private int x1 , y1 , x2 , y2 ;"
6,male,2771104225,line 2,104,"private int x1 , y1 , x2 , y2 ;"
6,male,2771200250,line 2,92,"private int x1 , y1 , x2 , y2 ;"
6,male,2771856186,line 3,108,"public Rectangle ( int x1 , int y1 , int x2 , int y2 ) {"
6,male,2772164024,line 2,68,"private int x1 , y1 , x2 , y2 ;"
6,male,2772400102,line 2,120,"private int x1 , y1 , x2 , y2 ;"
6,male,2772500138,line 2,96,"private int x1 , y1 , x2 , y2 ;"
6,male,2772748098,line 3,60,"public Rectangle ( int x1 , int y1 , int x2 , int y2 ) {"
6,male,2772916068,line 3,164,"public Rectangle ( int x1 , int y1 , int x2 , int y2 ) {"
6,male,2773036069,line 3,56,"public Rectangle ( int x1 , int y1 , int x2 , int y2 ) {"
6,male,2773208079,line 4,56,this.x1 = x1 ;
6,male,2773292078,line 4,56,this.x1 = x1 ;
6,male,2774583963,line 10,60,public int height ( ) { return this.y2 - this.y1 ; }
6,male,2774799927,line 10,88,public int height ( ) { return this.y2 - this.y1 ; }
6,male,2774983938,line 10,60,public int height ( ) { return this.y2 - this.y1 ; }
6,male,2775139955,line 10,152,public int height ( ) { return this.y2 - this.y1 ; }
6,male,2775407832,line 10,80,public int height ( ) { return this.y2 - this.y1 ; }
6,male,2775571818,line 10,160,public int height ( ) { return this.y2 - this.y1 ; }
6,male,2775915802,line 10,84,public int height ( ) { return this.y2 - this.y1 ; }
6,male,2775983813,line 10,64,public int height ( ) { return this.y2 - this.y1 ; }
6,male,2776055832,line 10,68,public int height ( ) { return this.y2 - this.y1 ; }
6,male,2776159847,line 10,68,public int height ( ) { return this.y2 - this.y1 ; }
6,male,2776339824,line 10,108,public int height ( ) { return this.y2 - this.y1 ; }
6,male,2776535818,line 10,76,public int height ( ) { return this.y2 - this.y1 ; }
6,male,2776715801,line 10,84,public int height ( ) { return this.y2 - this.y1 ; }
6,male,2776863711,line 10,60,public int height ( ) { return this.y2 - this.y1 ; }
6,male,2776987643,line 10,64,public int height ( ) { return this.y2 - this.y1 ; }
6,male,2777163740,line 10,172,public int height ( ) { return this.y2 - this.y1 ; }
6,male,2777227767,line 11,60,public double area ( ) { return this.width ( ) * this.height ( ) ; }
6,male,2777487683,line 11,132,public double area ( ) { return this.width ( ) * this.height ( ) ; }
6,male,2778375597,line 9,88,public int width ( ) { return this.x2 - this.x1 ; }
6,male,2778627366,line 10,172,public int height ( ) { return this.y2 - this.y1 ; }
6,male,2778887563,line 10,228,public int height ( ) { return this.y2 - this.y1 ; }
6,male,2778947551,line 10,56,public int height ( ) { return this.y2 - this.y1 ; }
6,male,2779131511,line 10,132,public int height ( ) { return this.y2 - this.y1 ; }
6,male,2779231491,line 11,96,public double area ( ) { return this.width ( ) * this.height ( ) ; }
6,male,2779443497,line 10,180,public int height ( ) { return this.y2 - this.y1 ; }
6,male,2779555493,line 10,108,public int height ( ) { return this.y2 - this.y1 ; }
6,male,2779691522,line 9,92,public int width ( ) { return this.x2 - this.x1 ; }
6,male,2779903416,line 9,140,public int width ( ) { return this.x2 - this.x1 ; }
6,male,2780219391,line 9,88,public int width ( ) { return this.x2 - this.x1 ; }
6,male,2780319667,line 9,96,public int width ( ) { return this.x2 - this.x1 ; }
6,male,2780671552,line 10,88,public int height ( ) { return this.y2 - this.y1 ; }
6,male,2780735548,line 10,60,public int height ( ) { return this.y2 - this.y1 ; }
6,male,2780843533,line 10,72,public int height ( ) { return this.y2 - this.y1 ; }
6,male,2781095442,line 11,84,public double area ( ) { return this.width ( ) * this.height ( ) ; }
6,male,2781215470,line 11,116,public double area ( ) { return this.width ( ) * this.height ( ) ; }
6,male,2781279430,line 11,60,public double area ( ) { return this.width ( ) * this.height ( ) ; }
6,male,2781479253,line 11,196,public double area ( ) { return this.width ( ) * this.height ( ) ; }
6,male,2781607168,line 11,68,public double area ( ) { return this.width ( ) * this.height ( ) ; }
6,male,2782039352,line 10,128,public int height ( ) { return this.y2 - this.y1 ; }
6,male,2782099220,line 10,56,public int height ( ) { return this.y2 - this.y1 ; }
6,male,2782399135,line 12,120,public static void main ( String [ ] args ) {
6,male,2782639288,line 12,108,public static void main ( String [ ] args ) {
6,male,2782739272,line 12,96,public static void main ( String [ ] args ) {
6,male,2782807256,line 12,64,public static void main ( String [ ] args ) {
6,male,2782975265,line 12,84,public static void main ( String [ ] args ) {
6,male,2783043255,line 12,64,public static void main ( String [ ] args ) {
6,male,2783107152,line 12,60,public static void main ( String [ ] args ) {
6,male,2783238881,line 12,108,public static void main ( String [ ] args ) {
6,male,2783999158,line 12,76,public static void main ( String [ ] args ) {
6,male,2784091158,line 12,88,public static void main ( String [ ] args ) {
6,male,2784251163,line 12,84,public static void main ( String [ ] args ) {
6,male,2784371148,line 11,76,public double area ( ) { return this.width ( ) * this.height ( ) ; }
6,male,2784451137,line 11,76,public double area ( ) { return this.width ( ) * this.height ( ) ; }
6,male,2785178945,line 13,120,"Rectangle rect1 = new Rectangle ( 0 , 0 , 10 , 10 ) ;"
6,male,2785347027,line 12,80,public static void main ( String [ ] args ) {
6,male,2785443032,line 13,60,"Rectangle rect1 = new Rectangle ( 0 , 0 , 10 , 10 ) ;"
6,male,2785503034,line 12,56,public static void main ( String [ ] args ) {
6,male,2785639034,line 13,92,"Rectangle rect1 = new Rectangle ( 0 , 0 , 10 , 10 ) ;"
6,male,2785703034,line 13,60,"Rectangle rect1 = new Rectangle ( 0 , 0 , 10 , 10 ) ;"
6,male,2785855020,line 13,68,"Rectangle rect1 = new Rectangle ( 0 , 0 , 10 , 10 ) ;"
6,male,2786183004,line 13,116,"Rectangle rect1 = new Rectangle ( 0 , 0 , 10 , 10 ) ;"
6,male,2786322783,line 13,96,"Rectangle rect1 = new Rectangle ( 0 , 0 , 10 , 10 ) ;"
6,male,2786422720,line 13,96,"Rectangle rect1 = new Rectangle ( 0 , 0 , 10 , 10 ) ;"
6,male,2786514769,line 13,88,"Rectangle rect1 = new Rectangle ( 0 , 0 , 10 , 10 ) ;"
6,male,2786743141,line 13,132,"Rectangle rect1 = new Rectangle ( 0 , 0 , 10 , 10 ) ;"
6,male,2786819112,line 13,72,"Rectangle rect1 = new Rectangle ( 0 , 0 , 10 , 10 ) ;"
6,male,2786938965,line 13,80,"Rectangle rect1 = new Rectangle ( 0 , 0 , 10 , 10 ) ;"
6,male,2787110933,line 14,168,System.out.println ( rect1.area ( ) ) ;
6,male,2787646882,line 14,104,System.out.println ( rect1.area ( ) ) ;
6,male,2787798912,line 14,68,System.out.println ( rect1.area ( ) ) ;
6,male,2787862890,line 14,60,System.out.println ( rect1.area ( ) ) ;
6,male,2787978811,line 14,112,System.out.println ( rect1.area ( ) ) ;
6,male,2788074738,line 14,64,System.out.println ( rect1.area ( ) ) ;
6,male,2788170697,line 14,92,System.out.println ( rect1.area ( ) ) ;
6,male,2788290704,line 14,64,System.out.println ( rect1.area ( ) ) ;
6,male,2788358721,line 14,64,System.out.println ( rect1.area ( ) ) ;
6,male,2788822767,line 13,80,"Rectangle rect1 = new Rectangle ( 0 , 0 , 10 , 10 ) ;"
6,male,2789314681,line 14,92,System.out.println ( rect1.area ( ) ) ;
6,male,2789526624,line 14,72,System.out.println ( rect1.area ( ) ) ;
6,male,2789846076,line 15,92,"Rectangle rect2 = new Rectangle ( 5 , 5 , 10 , 10 ) ;"
6,male,2789994494,line 15,108,"Rectangle rect2 = new Rectangle ( 5 , 5 , 10 , 10 ) ;"
6,male,2790138611,line 15,64,"Rectangle rect2 = new Rectangle ( 5 , 5 , 10 , 10 ) ;"
6,male,2790258629,line 15,116,"Rectangle rect2 = new Rectangle ( 5 , 5 , 10 , 10 ) ;"
6,male,2790402604,line 15,140,"Rectangle rect2 = new Rectangle ( 5 , 5 , 10 , 10 ) ;"
6,male,2790702738,line 15,84,"Rectangle rect2 = new Rectangle ( 5 , 5 , 10 , 10 ) ;"
6,male,2790818638,line 15,112,"Rectangle rect2 = new Rectangle ( 5 , 5 , 10 , 10 ) ;"
6,male,2791042870,line 15,124,"Rectangle rect2 = new Rectangle ( 5 , 5 , 10 , 10 ) ;"
6,male,2791378481,line 15,332,"Rectangle rect2 = new Rectangle ( 5 , 5 , 10 , 10 ) ;"
6,male,2791450496,line 15,68,"Rectangle rect2 = new Rectangle ( 5 , 5 , 10 , 10 ) ;"
6,male,2791626440,line 15,156,"Rectangle rect2 = new Rectangle ( 5 , 5 , 10 , 10 ) ;"
6,male,2791870493,line 15,240,"Rectangle rect2 = new Rectangle ( 5 , 5 , 10 , 10 ) ;"
6,male,2792030488,line 15,120,"Rectangle rect2 = new Rectangle ( 5 , 5 , 10 , 10 ) ;"
6,male,2792170515,line 16,88,System.out.println ( rect2.area ( ) ) ;
6,male,2792786341,line 16,68,System.out.println ( rect2.area ( ) ) ;
6,male,2792994346,line 15,80,"Rectangle rect2 = new Rectangle ( 5 , 5 , 10 , 10 ) ;"
6,male,2793110342,line 15,112,"Rectangle rect2 = new Rectangle ( 5 , 5 , 10 , 10 ) ;"
6,male,2793290340,line 15,176,"Rectangle rect2 = new Rectangle ( 5 , 5 , 10 , 10 ) ;"
6,male,2793490370,line 15,84,"Rectangle rect2 = new Rectangle ( 5 , 5 , 10 , 10 ) ;"
6,male,2793578362,line 15,84,"Rectangle rect2 = new Rectangle ( 5 , 5 , 10 , 10 ) ;"
6,male,2793670443,line 15,88,"Rectangle rect2 = new Rectangle ( 5 , 5 , 10 , 10 ) ;"
6,male,2793798644,line 15,84,"Rectangle rect2 = new Rectangle ( 5 , 5 , 10 , 10 ) ;"
6,male,2794030372,line 16,60,System.out.println ( rect2.area ( ) ) ;
6,male,2794182267,line 15,148,"Rectangle rect2 = new Rectangle ( 5 , 5 , 10 , 10 ) ;"
6,male,2794262232,line 16,76,System.out.println ( rect2.area ( ) ) ;
6,male,2794526249,line 12,68,public static void main ( String [ ] args ) {
6,male,2794606263,line 12,76,public static void main ( String [ ] args ) {
6,male,2794866459,line 12,180,public static void main ( String [ ] args ) {
6,male,2795090228,line 12,60,public static void main ( String [ ] args ) {
6,male,2795186210,line 12,60,public static void main ( String [ ] args ) {
6,male,2795486248,line 12,104,public static void main ( String [ ] args ) {
6,male,2795550216,line 11,60,public double area ( ) { return this.width ( ) * this.height ( ) ; }
6,male,2795658113,line 12,104,public static void main ( String [ ] args ) {
6,male,2795798037,line 11,80,public double area ( ) { return this.width ( ) * this.height ( ) ; }
6,male,2796022127,line 12,108,public static void main ( String [ ] args ) {
6,male,2796106151,line 12,80,public static void main ( String [ ] args ) {
6,male,2796314096,line 16,72,System.out.println ( rect2.area ( ) ) ;
6,male,2796558028,line 16,120,System.out.println ( rect2.area ( ) ) ;
6,male,2796833992,line 11,84,public double area ( ) { return this.width ( ) * this.height ( ) ; }
6,male,2797158150,line 16,104,System.out.println ( rect2.area ( ) ) ;
6,male,2797250123,line 16,88,System.out.println ( rect2.area ( ) ) ;
6,male,2797402035,line 16,112,System.out.println ( rect2.area ( ) ) ;
6,male,2797677960,line 16,96,System.out.println ( rect2.area ( ) ) ;
6,male,2797989968,line 15,68,"Rectangle rect2 = new Rectangle ( 5 , 5 , 10 , 10 ) ;"
6,male,2798401974,line 15,84,"Rectangle rect2 = new Rectangle ( 5 , 5 , 10 , 10 ) ;"
6,male,2798461962,line 15,56,"Rectangle rect2 = new Rectangle ( 5 , 5 , 10 , 10 ) ;"
6,male,2799029902,line 15,68,"Rectangle rect2 = new Rectangle ( 5 , 5 , 10 , 10 ) ;"
6,male,2799109881,line 15,76,"Rectangle rect2 = new Rectangle ( 5 , 5 , 10 , 10 ) ;"
6,male,2799209856,line 14,72,System.out.println ( rect1.area ( ) ) ;
6,male,2799349872,line 14,136,System.out.println ( rect1.area ( ) ) ;
6,male,2799461884,line 14,108,System.out.println ( rect1.area ( ) ) ;
6,male,2800697713,line 1,84,public class Rectangle {
10,male,2437447809,line 9,132,public int width ( ) { return this.x2 - this.x1 ; }
10,male,2437559777,line 9,108,public int width ( ) { return this.x2 - this.x1 ; }
10,male,2437623723,line 9,60,public int width ( ) { return this.x2 - this.x1 ; }
10,male,2437919662,line 3,188,"public Rectangle ( int x1 , int y1 , int x2 , int y2 ) {"
10,male,2438055694,line 1,92,public class Rectangle {
10,male,2438115688,line 1,56,public class Rectangle {
10,male,2438231635,line 1,96,public class Rectangle {
10,male,2438467595,line 1,60,public class Rectangle {
10,male,2438591621,line 1,112,public class Rectangle {
10,male,2438659639,line 1,64,public class Rectangle {
10,male,2438911629,line 4,60,this.x1 = x1 ;
10,male,2439159451,line 2,76,"private int x1 , y1 , x2 , y2 ;"
10,male,2439307510,line 2,80,"private int x1 , y1 , x2 , y2 ;"
10,male,2439411539,line 2,100,"private int x1 , y1 , x2 , y2 ;"
10,male,2439655545,line 2,196,"private int x1 , y1 , x2 , y2 ;"
10,male,2440007543,line 16,176,System.out.println ( rect2.area ( ) ) ;
10,male,2440339518,line 8,100,}
10,male,2440495531,line 10,116,public int height ( ) { return this.y2 - this.y1 ; }
10,male,2440607484,line 10,108,public int height ( ) { return this.y2 - this.y1 ; }
10,male,2440871347,line 11,136,public double area ( ) { return this.width ( ) * this.height ( ) ; }
10,male,2441059331,line 10,124,public int height ( ) { return this.y2 - this.y1 ; }
10,male,2441359361,line 10,68,public int height ( ) { return this.y2 - this.y1 ; }
10,male,2441623403,line 10,260,public int height ( ) { return this.y2 - this.y1 ; }
10,male,2441923341,line 10,240,public int height ( ) { return this.y2 - this.y1 ; }
10,male,2442139382,line 10,212,public int height ( ) { return this.y2 - this.y1 ; }
10,male,2442407246,line 10,228,public int height ( ) { return this.y2 - this.y1 ; }
10,male,2442515226,line 10,72,public int height ( ) { return this.y2 - this.y1 ; }
10,male,2442647201,line 10,128,public int height ( ) { return this.y2 - this.y1 ; }
10,male,2443146981,line 10,412,public int height ( ) { return this.y2 - this.y1 ; }
10,male,2443278855,line 10,128,public int height ( ) { return this.y2 - this.y1 ; }
10,male,2443411046,line 10,128,public int height ( ) { return this.y2 - this.y1 ; }
10,male,2443491152,line 10,56,public int height ( ) { return this.y2 - this.y1 ; }
10,male,2443631261,line 11,136,public double area ( ) { return this.width ( ) * this.height ( ) ; }
10,male,2443799139,line 11,112,public double area ( ) { return this.width ( ) * this.height ( ) ; }
10,male,2443902995,line 11,100,public double area ( ) { return this.width ( ) * this.height ( ) ; }
10,male,2444047041,line 11,104,public double area ( ) { return this.width ( ) * this.height ( ) ; }
10,male,2444355371,line 11,160,public double area ( ) { return this.width ( ) * this.height ( ) ; }
10,male,2444475250,line 11,116,public double area ( ) { return this.width ( ) * this.height ( ) ; }
10,male,2444599161,line 11,120,public double area ( ) { return this.width ( ) * this.height ( ) ; }
10,male,2444807141,line 11,204,public double area ( ) { return this.width ( ) * this.height ( ) ; }
10,male,2445067157,line 9,136,public int width ( ) { return this.x2 - this.x1 ; }
10,male,2445387090,line 10,236,public int height ( ) { return this.y2 - this.y1 ; }
10,male,2445459061,line 10,68,public int height ( ) { return this.y2 - this.y1 ; }
10,male,2445535031,line 10,72,public int height ( ) { return this.y2 - this.y1 ; }
10,male,2445655008,line 10,116,public int height ( ) { return this.y2 - this.y1 ; }
10,male,2445778991,line 10,120,public int height ( ) { return this.y2 - this.y1 ; }
10,male,2445874990,line 10,72,public int height ( ) { return this.y2 - this.y1 ; }
10,male,2446195047,line 10,164,public int height ( ) { return this.y2 - this.y1 ; }
10,male,2446307008,line 14,84,System.out.println ( rect1.area ( ) ) ;
10,male,2446398982,line 14,88,System.out.println ( rect1.area ( ) ) ;
10,male,2446522966,line 13,80,"Rectangle rect1 = new Rectangle ( 0 , 0 , 10 , 10 ) ;"
10,male,2446638992,line 12,100,public static void main ( String [ ] args ) {
10,male,2446707017,line 12,64,public static void main ( String [ ] args ) {
10,male,2446767020,line 12,56,public static void main ( String [ ] args ) {
10,male,2446970803,line 12,196,public static void main ( String [ ] args ) {
10,male,2447726837,line 12,64,public static void main ( String [ ] args ) {
10,male,2447914846,line 12,184,public static void main ( String [ ] args ) {
10,male,2448106867,line 12,148,public static void main ( String [ ] args ) {
10,male,2448646633,line 12,484,public static void main ( String [ ] args ) {
10,male,2448834682,line 12,152,public static void main ( String [ ] args ) {
10,male,2448958688,line 12,120,public static void main ( String [ ] args ) {
10,male,2449870742,line 13,184,"Rectangle rect1 = new Rectangle ( 0 , 0 , 10 , 10 ) ;"
10,male,2449986725,line 15,88,"Rectangle rect2 = new Rectangle ( 5 , 5 , 10 , 10 ) ;"
10,male,2450198434,line 15,208,"Rectangle rect2 = new Rectangle ( 5 , 5 , 10 , 10 ) ;"
10,male,2450674610,line 15,148,"Rectangle rect2 = new Rectangle ( 5 , 5 , 10 , 10 ) ;"
10,male,2450806606,line 15,128,"Rectangle rect2 = new Rectangle ( 5 , 5 , 10 , 10 ) ;"
10,male,2451010633,line 14,160,System.out.println ( rect1.area ( ) ) ;
10,male,2451302551,line 1,232,public class Rectangle {
10,male,2451402555,line 1,96,public class Rectangle {
10,male,2451622522,line 1,68,public class Rectangle {
10,male,2451770434,line 1,112,public class Rectangle {
10,male,2451882469,line 1,108,public class Rectangle {
10,male,2452190441,line 9,72,public int width ( ) { return this.x2 - this.x1 ; }
10,male,2452274314,line 10,56,public int height ( ) { return this.y2 - this.y1 ; }
10,male,2452461953,line 10,72,public int height ( ) { return this.y2 - this.y1 ; }
10,male,2452638273,line 10,172,public int height ( ) { return this.y2 - this.y1 ; }
10,male,2452862482,line 10,104,public int height ( ) { return this.y2 - this.y1 ; }
10,male,2452998490,line 10,132,public int height ( ) { return this.y2 - this.y1 ; }
10,male,2453250488,line 12,168,public static void main ( String [ ] args ) {
10,male,2453346400,line 11,92,public double area ( ) { return this.width ( ) * this.height ( ) ; }
10,male,2453430387,line 11,80,public double area ( ) { return this.width ( ) * this.height ( ) ; }
10,male,2453578434,line 10,68,public int height ( ) { return this.y2 - this.y1 ; }
10,male,2453790364,line 10,92,public int height ( ) { return this.y2 - this.y1 ; }
10,male,2453926332,line 10,88,public int height ( ) { return this.y2 - this.y1 ; }
10,male,2453990329,line 10,60,public int height ( ) { return this.y2 - this.y1 ; }
10,male,2454182331,line 10,164,public int height ( ) { return this.y2 - this.y1 ; }
10,male,2454274332,line 10,88,public int height ( ) { return this.y2 - this.y1 ; }
10,male,2454538315,line 10,180,public int height ( ) { return this.y2 - this.y1 ; }
10,male,2454722307,line 11,160,public double area ( ) { return this.width ( ) * this.height ( ) ; }
10,male,2454802289,line 11,76,public double area ( ) { return this.width ( ) * this.height ( ) ; }
10,male,2454998188,line 12,136,public static void main ( String [ ] args ) {
10,male,2455298180,line 12,260,public static void main ( String [ ] args ) {
10,male,2455370172,line 12,68,public static void main ( String [ ] args ) {
10,male,2455458167,line 12,60,public static void main ( String [ ] args ) {
10,male,2455550146,line 12,88,public static void main ( String [ ] args ) {
10,male,2455734109,line 12,116,public static void main ( String [ ] args ) {
10,male,2455806140,line 12,68,public static void main ( String [ ] args ) {
10,male,2456078176,line 12,268,public static void main ( String [ ] args ) {
10,male,2456190131,line 12,96,public static void main ( String [ ] args ) {
10,male,2456250092,line 12,56,public static void main ( String [ ] args ) {
10,male,2456342029,line 12,88,public static void main ( String [ ] args ) {
10,male,2456533996,line 12,144,public static void main ( String [ ] args ) {
10,male,2457146088,line 11,132,public double area ( ) { return this.width ( ) * this.height ( ) ; }
10,male,2457242373,line 11,92,public double area ( ) { return this.width ( ) * this.height ( ) ; }
10,male,2457686030,line 10,64,public int height ( ) { return this.y2 - this.y1 ; }
10,male,2459293915,line 3,148,"public Rectangle ( int x1 , int y1 , int x2 , int y2 ) {"
10,male,2459361859,line 3,64,"public Rectangle ( int x1 , int y1 , int x2 , int y2 ) {"
10,male,2459453779,line 2,56,"private int x1 , y1 , x2 , y2 ;"
10,male,2459733774,line 2,64,"private int x1 , y1 , x2 , y2 ;"
10,male,2459877812,line 2,60,"private int x1 , y1 , x2 , y2 ;"
10,male,2460037809,line 2,76,"private int x1 , y1 , x2 , y2 ;"
10,male,2460137824,line 2,96,"private int x1 , y1 , x2 , y2 ;"
10,male,2460205854,line 2,60,"private int x1 , y1 , x2 , y2 ;"
10,male,2460333870,line 13,68,"Rectangle rect1 = new Rectangle ( 0 , 0 , 10 , 10 ) ;"
10,male,2460609733,line 11,224,public double area ( ) { return this.width ( ) * this.height ( ) ; }
10,male,2460869963,line 12,208,public static void main ( String [ ] args ) {
10,male,2461014032,line 12,140,public static void main ( String [ ] args ) {
10,male,2461221761,line 12,176,public static void main ( String [ ] args ) {
10,male,2461461708,line 11,192,public double area ( ) { return this.width ( ) * this.height ( ) ; }
10,male,2461521692,line 11,56,public double area ( ) { return this.width ( ) * this.height ( ) ; }
10,male,2461777749,line 12,160,public static void main ( String [ ] args ) {
10,male,2461961698,line 12,180,public static void main ( String [ ] args ) {
10,male,2462233771,line 11,84,public double area ( ) { return this.width ( ) * this.height ( ) ; }
10,male,2462469833,line 13,120,"Rectangle rect1 = new Rectangle ( 0 , 0 , 10 , 10 ) ;"
10,male,2462561609,line 13,88,"Rectangle rect1 = new Rectangle ( 0 , 0 , 10 , 10 ) ;"
10,male,2462761331,line 13,144,"Rectangle rect1 = new Rectangle ( 0 , 0 , 10 , 10 ) ;"
10,male,2462889352,line 13,124,"Rectangle rect1 = new Rectangle ( 0 , 0 , 10 , 10 ) ;"
10,male,2463049492,line 13,132,"Rectangle rect1 = new Rectangle ( 0 , 0 , 10 , 10 ) ;"
10,male,2463137505,line 13,80,"Rectangle rect1 = new Rectangle ( 0 , 0 , 10 , 10 ) ;"
10,male,2463429440,line 13,252,"Rectangle rect1 = new Rectangle ( 0 , 0 , 10 , 10 ) ;"
10,male,2463577502,line 14,116,System.out.println ( rect1.area ( ) ) ;
10,male,2463833504,line 14,164,System.out.println ( rect1.area ( ) ) ;
10,male,2464141512,line 14,264,System.out.println ( rect1.area ( ) ) ;
10,male,2464257431,line 14,104,System.out.println ( rect1.area ( ) ) ;
10,male,2464321425,line 14,60,System.out.println ( rect1.area ( ) ) ;
10,male,2464445418,line 14,84,System.out.println ( rect1.area ( ) ) ;
10,male,2464689392,line 14,164,System.out.println ( rect1.area ( ) ) ;
10,male,2464881397,line 14,172,System.out.println ( rect1.area ( ) ) ;
10,male,2465049408,line 14,128,System.out.println ( rect1.area ( ) ) ;
10,male,2465113406,line 14,56,System.out.println ( rect1.area ( ) ) ;
10,male,2465645390,line 14,136,System.out.println ( rect1.area ( ) ) ;
10,male,2465737290,line 14,88,System.out.println ( rect1.area ( ) ) ;
10,male,2465968859,line 14,152,System.out.println ( rect1.area ( ) ) ;
10,male,2466157347,line 14,176,System.out.println ( rect1.area ( ) ) ;
10,male,2466529203,line 15,56,"Rectangle rect2 = new Rectangle ( 5 , 5 , 10 , 10 ) ;"
10,male,2467201207,line 15,212,"Rectangle rect2 = new Rectangle ( 5 , 5 , 10 , 10 ) ;"
10,male,2467729143,line 16,56,System.out.println ( rect2.area ( ) ) ;
10,male,2467813130,line 16,76,System.out.println ( rect2.area ( ) ) ;
10,male,2468093126,line 15,236,"Rectangle rect2 = new Rectangle ( 5 , 5 , 10 , 10 ) ;"
10,male,2468277131,line 15,176,"Rectangle rect2 = new Rectangle ( 5 , 5 , 10 , 10 ) ;"
10,male,2468421095,line 16,112,System.out.println ( rect2.area ( ) ) ;
10,male,2468557236,line 15,132,"Rectangle rect2 = new Rectangle ( 5 , 5 , 10 , 10 ) ;"
10,male,2468661308,line 16,100,System.out.println ( rect2.area ( ) ) ;
10,male,2468996990,line 16,268,System.out.println ( rect2.area ( ) ) ;
10,male,2469264964,line 16,236,System.out.println ( rect2.area ( ) ) ;
11,male,9557132468,line 2,56,"private int x1 , y1 , x2 , y2 ;"
11,male,9557464377,line 2,80,"private int x1 , y1 , x2 , y2 ;"
11,male,9557732334,line 3,92,"public Rectangle ( int x1 , int y1 , int x2 , int y2 ) {"
11,male,9557960317,line 2,72,"private int x1 , y1 , x2 , y2 ;"
11,male,9558152200,line 2,152,"private int x1 , y1 , x2 , y2 ;"
11,male,9558232102,line 2,76,"private int x1 , y1 , x2 , y2 ;"
11,male,9558360188,line 2,72,"private int x1 , y1 , x2 , y2 ;"
11,male,9558580265,line 2,104,"private int x1 , y1 , x2 , y2 ;"
11,male,9558772287,line 3,76,"public Rectangle ( int x1 , int y1 , int x2 , int y2 ) {"
11,male,9558936332,line 3,68,"public Rectangle ( int x1 , int y1 , int x2 , int y2 ) {"
11,male,9559060371,line 4,76,this.x1 = x1 ;
11,male,9559448314,line 3,68,"public Rectangle ( int x1 , int y1 , int x2 , int y2 ) {"
11,male,9559772213,line 3,152,"public Rectangle ( int x1 , int y1 , int x2 , int y2 ) {"
11,male,9559900147,line 3,92,"public Rectangle ( int x1 , int y1 , int x2 , int y2 ) {"
11,male,9560008113,line 3,104,"public Rectangle ( int x1 , int y1 , int x2 , int y2 ) {"
11,male,9560464148,line 3,76,"public Rectangle ( int x1 , int y1 , int x2 , int y2 ) {"
11,male,9560624182,line 3,92,"public Rectangle ( int x1 , int y1 , int x2 , int y2 ) {"
11,male,9560716190,line 3,88,"public Rectangle ( int x1 , int y1 , int x2 , int y2 ) {"
11,male,9560828144,line 3,56,"public Rectangle ( int x1 , int y1 , int x2 , int y2 ) {"
11,male,9561044122,line 3,64,"public Rectangle ( int x1 , int y1 , int x2 , int y2 ) {"
11,male,9561264120,line 3,84,"public Rectangle ( int x1 , int y1 , int x2 , int y2 ) {"
11,male,9561484057,line 3,68,"public Rectangle ( int x1 , int y1 , int x2 , int y2 ) {"
11,male,9561668009,line 3,180,"public Rectangle ( int x1 , int y1 , int x2 , int y2 ) {"
11,male,9561847984,line 3,84,"public Rectangle ( int x1 , int y1 , int x2 , int y2 ) {"
11,male,9561935984,line 3,84,"public Rectangle ( int x1 , int y1 , int x2 , int y2 ) {"
11,male,9562039980,line 3,56,"public Rectangle ( int x1 , int y1 , int x2 , int y2 ) {"
11,male,9562616345,line 3,100,"public Rectangle ( int x1 , int y1 , int x2 , int y2 ) {"
11,male,9562684219,line 3,64,"public Rectangle ( int x1 , int y1 , int x2 , int y2 ) {"
11,male,9562971836,line 3,84,"public Rectangle ( int x1 , int y1 , int x2 , int y2 ) {"
11,male,9563159921,line 4,68,this.x1 = x1 ;
11,male,9563223970,line 3,60,"public Rectangle ( int x1 , int y1 , int x2 , int y2 ) {"
11,male,9563327948,line 4,56,this.x1 = x1 ;
11,male,9563503809,line 4,60,this.x1 = x1 ;
11,male,9563855885,line 5,80,this.y1 = y1 ;
11,male,9563947879,line 5,88,this.y1 = y1 ;
11,male,9564175936,line 5,96,this.y1 = y1 ;
11,male,9564339916,line 6,144,this.x2 = x2 ;
11,male,9564403851,line 6,60,this.x2 = x2 ;
11,male,9564479708,line 6,72,this.x2 = x2 ;
11,male,9564635498,line 6,68,this.x2 = x2 ;
11,male,9564787622,line 6,92,this.x2 = x2 ;
11,male,9565187672,line 9,64,public int width ( ) { return this.x2 - this.x1 ; }
11,male,9565631706,line 9,68,public int width ( ) { return this.x2 - this.x1 ; }
11,male,9565831759,line 9,108,public int width ( ) { return this.x2 - this.x1 ; }
11,male,9566151712,line 9,84,public int width ( ) { return this.x2 - this.x1 ; }
11,male,9569003494,line 9,236,public int width ( ) { return this.x2 - this.x1 ; }
11,male,9569103424,line 9,96,public int width ( ) { return this.x2 - this.x1 ; }
11,male,9569239192,line 4,104,this.x1 = x1 ;
11,male,9569427321,line 4,56,this.x1 = x1 ;
11,male,9569675353,line 4,64,this.x1 = x1 ;
11,male,9569799362,line 6,56,this.x2 = x2 ;
11,male,9569887367,line 6,84,this.x2 = x2 ;
11,male,9570019398,line 6,128,this.x2 = x2 ;
11,male,9570403362,line 6,112,this.x2 = x2 ;
11,male,9570467356,line 6,60,this.x2 = x2 ;
11,male,9570587363,line 5,84,this.y1 = y1 ;
11,male,9570707307,line 6,84,this.x2 = x2 ;
11,male,9571015170,line 3,72,"public Rectangle ( int x1 , int y1 , int x2 , int y2 ) {"
11,male,9571327232,line 3,96,"public Rectangle ( int x1 , int y1 , int x2 , int y2 ) {"
11,male,9571399227,line 3,68,"public Rectangle ( int x1 , int y1 , int x2 , int y2 ) {"
11,male,9571599244,line 3,196,"public Rectangle ( int x1 , int y1 , int x2 , int y2 ) {"
11,male,9572155196,line 9,56,public int width ( ) { return this.x2 - this.x1 ; }
11,male,9572255176,line 9,56,public int width ( ) { return this.x2 - this.x1 ; }
11,male,9572502816,line 9,56,public int width ( ) { return this.x2 - this.x1 ; }
11,male,9572562808,line 9,56,public int width ( ) { return this.x2 - this.x1 ; }
11,male,9572795020,line 10,56,public int height ( ) { return this.y2 - this.y1 ; }
11,male,9572871078,line 10,72,public int height ( ) { return this.y2 - this.y1 ; }
11,male,9573079111,line 10,84,public int height ( ) { return this.y2 - this.y1 ; }
11,male,9573259089,line 10,64,public int height ( ) { return this.y2 - this.y1 ; }
11,male,9573898913,line 10,116,public int height ( ) { return this.y2 - this.y1 ; }
11,male,9573990843,line 10,60,public int height ( ) { return this.y2 - this.y1 ; }
11,male,9574054858,line 10,60,public int height ( ) { return this.y2 - this.y1 ; }
11,male,9574154921,line 10,64,public int height ( ) { return this.y2 - this.y1 ; }
11,male,9574454946,line 10,56,public int height ( ) { return this.y2 - this.y1 ; }
11,male,9574706955,line 9,76,public int width ( ) { return this.x2 - this.x1 ; }
11,male,9574766962,line 9,56,public int width ( ) { return this.x2 - this.x1 ; }
11,male,9574954964,line 9,80,public int width ( ) { return this.x2 - this.x1 ; }
11,male,9575383086,line 10,100,public int height ( ) { return this.y2 - this.y1 ; }
11,male,9575750828,line 9,144,public int width ( ) { return this.x2 - this.x1 ; }
11,male,9575906830,line 9,72,public int width ( ) { return this.x2 - this.x1 ; }
11,male,9576034818,line 9,72,public int width ( ) { return this.x2 - this.x1 ; }
11,male,9576110799,line 9,72,public int width ( ) { return this.x2 - this.x1 ; }
11,male,9576282786,line 9,60,public int width ( ) { return this.x2 - this.x1 ; }
11,male,9576522825,line 9,60,public int width ( ) { return this.x2 - this.x1 ; }
11,male,9576662833,line 9,136,public int width ( ) { return this.x2 - this.x1 ; }
11,male,9577206705,line 10,84,public int height ( ) { return this.y2 - this.y1 ; }
11,male,9577314692,line 9,76,public int width ( ) { return this.x2 - this.x1 ; }
11,male,9577858709,line 4,64,this.x1 = x1 ;
11,male,9578150721,line 5,64,this.y1 = y1 ;
11,male,9578302724,line 5,72,this.y1 = y1 ;
11,male,9578466643,line 6,84,this.x2 = x2 ;
11,male,9579278532,line 11,60,public double area ( ) { return this.width ( ) * this.height ( ) ; }
11,male,9579674555,line 11,64,public double area ( ) { return this.width ( ) * this.height ( ) ; }
11,male,9579762534,line 11,84,public double area ( ) { return this.width ( ) * this.height ( ) ; }
11,male,9579854515,line 10,72,public int height ( ) { return this.y2 - this.y1 ; }
11,male,9580034555,line 10,132,public int height ( ) { return this.y2 - this.y1 ; }
11,male,9580234246,line 10,152,public int height ( ) { return this.y2 - this.y1 ; }
11,male,9580294218,line 10,56,public int height ( ) { return this.y2 - this.y1 ; }
11,male,9580362270,line 10,64,public int height ( ) { return this.y2 - this.y1 ; }
11,male,9581330443,line 4,120,this.x1 = x1 ;
11,male,9581418416,line 4,84,this.x1 = x1 ;
11,male,9582078308,line 9,56,public int width ( ) { return this.x2 - this.x1 ; }
11,male,9582898331,line 12,108,public static void main ( String [ ] args ) {
11,male,9582962314,line 12,60,public static void main ( String [ ] args ) {
11,male,9583130303,line 12,68,public static void main ( String [ ] args ) {
11,male,9583814107,line 12,64,public static void main ( String [ ] args ) {
11,male,9583954122,line 13,84,"Rectangle rect1 = new Rectangle ( 0 , 0 , 10 , 10 ) ;"
11,male,9584214131,line 12,72,public static void main ( String [ ] args ) {
11,male,9584390145,line 12,68,public static void main ( String [ ] args ) {
11,male,9586174109,line 12,56,public static void main ( String [ ] args ) {
11,male,9586845911,line 3,120,"public Rectangle ( int x1 , int y1 , int x2 , int y2 ) {"
11,male,9587077916,line 3,180,"public Rectangle ( int x1 , int y1 , int x2 , int y2 ) {"
11,male,9587229873,line 3,84,"public Rectangle ( int x1 , int y1 , int x2 , int y2 ) {"
11,male,9587341894,line 3,108,"public Rectangle ( int x1 , int y1 , int x2 , int y2 ) {"
11,male,9587401906,line 3,56,"public Rectangle ( int x1 , int y1 , int x2 , int y2 ) {"
11,male,9587637820,line 3,132,"public Rectangle ( int x1 , int y1 , int x2 , int y2 ) {"
11,male,9587741861,line 3,100,"public Rectangle ( int x1 , int y1 , int x2 , int y2 ) {"
11,male,9587829895,line 3,84,"public Rectangle ( int x1 , int y1 , int x2 , int y2 ) {"
11,male,9589481733,line 14,80,System.out.println ( rect1.area ( ) ) ;
11,male,9590333661,line 10,60,public int height ( ) { return this.y2 - this.y1 ; }
11,male,9590433645,line 9,56,public int width ( ) { return this.x2 - this.x1 ; }
11,male,9590541647,line 10,64,public int height ( ) { return this.y2 - this.y1 ; }
11,male,9590641643,line 11,60,public double area ( ) { return this.width ( ) * this.height ( ) ; }
11,male,9590721630,line 11,76,public double area ( ) { return this.width ( ) * this.height ( ) ; }
11,male,9591821492,line 13,80,"Rectangle rect1 = new Rectangle ( 0 , 0 , 10 , 10 ) ;"
11,male,9593133381,line 16,56,System.out.println ( rect2.area ( ) ) ;
11,male,9593241383,line 16,60,System.out.println ( rect2.area ( ) ) ;
11,male,9593709386,line 16,84,System.out.println ( rect2.area ( ) ) ;
11,male,9593773386,line 16,60,System.out.println ( rect2.area ( ) ) ;
11,male,9593905365,line 15,76,"Rectangle rect2 = new Rectangle ( 5 , 5 , 10 , 10 ) ;"
11,male,9594793210,line 15,56,"Rectangle rect2 = new Rectangle ( 5 , 5 , 10 , 10 ) ;"
11,male,9595508883,line 16,72,System.out.println ( rect2.area ( ) ) ;
11,male,9595713233,line 16,112,System.out.println ( rect2.area ( ) ) ;
11,male,9596633116,line 3,84,"public Rectangle ( int x1 , int y1 , int x2 , int y2 ) {"
11,male,9596693101,line 3,56,"public Rectangle ( int x1 , int y1 , int x2 , int y2 ) {"
11,male,9596781080,line 3,84,"public Rectangle ( int x1 , int y1 , int x2 , int y2 ) {"
11,male,9596937142,line 3,56,"public Rectangle ( int x1 , int y1 , int x2 , int y2 ) {"
11,male,9597101181,line 3,112,"public Rectangle ( int x1 , int y1 , int x2 , int y2 ) {"
11,male,9597161155,line 3,56,"public Rectangle ( int x1 , int y1 , int x2 , int y2 ) {"
11,male,9598089030,line 3,84,"public Rectangle ( int x1 , int y1 , int x2 , int y2 ) {"
11,male,9598149004,line 3,56,"public Rectangle ( int x1 , int y1 , int x2 , int y2 ) {"
15,male,15494926537,line 1,72,public class Rectangle {
15,male,15495022515,line 1,92,public class Rectangle {
15,male,15495090499,line 1,64,public class Rectangle {
15,male,15495254495,line 1,112,public class Rectangle {
15,male,15495322506,line 1,64,public class Rectangle {
15,male,15495738442,line 2,112,"private int x1 , y1 , x2 , y2 ;"
15,male,15496042384,line 9,84,public int width ( ) { return this.x2 - this.x1 ; }
15,male,15496218073,line 9,148,public int width ( ) { return this.x2 - this.x1 ; }
15,male,15496314001,line 10,92,public int height ( ) { return this.y2 - this.y1 ; }
15,male,15496558367,line 10,140,public int height ( ) { return this.y2 - this.y1 ; }
15,male,15496666354,line 11,72,public double area ( ) { return this.width ( ) * this.height ( ) ; }
15,male,15496766369,line 11,96,public double area ( ) { return this.width ( ) * this.height ( ) ; }
15,male,15496854412,line 11,60,public double area ( ) { return this.width ( ) * this.height ( ) ; }
15,male,15496922438,line 10,64,public int height ( ) { return this.y2 - this.y1 ; }
15,male,15497066383,line 10,140,public int height ( ) { return this.y2 - this.y1 ; }
15,male,15497206386,line 11,112,public double area ( ) { return this.width ( ) * this.height ( ) ; }
15,male,15497442246,line 12,120,public static void main ( String [ ] args ) {
15,male,15497550145,line 12,104,public static void main ( String [ ] args ) {
15,male,15497858486,line 13,136,"Rectangle rect1 = new Rectangle ( 0 , 0 , 10 , 10 ) ;"
15,male,15497950587,line 12,56,public static void main ( String [ ] args ) {
15,male,15498030430,line 13,76,"Rectangle rect1 = new Rectangle ( 0 , 0 , 10 , 10 ) ;"
15,male,15498278245,line 13,116,"Rectangle rect1 = new Rectangle ( 0 , 0 , 10 , 10 ) ;"
15,male,15498370335,line 14,80,System.out.println ( rect1.area ( ) ) ;
15,male,15498546525,line 14,120,System.out.println ( rect1.area ( ) ) ;
15,male,15498606458,line 14,56,System.out.println ( rect1.area ( ) ) ;
15,male,15499454161,line 3,84,"public Rectangle ( int x1 , int y1 , int x2 , int y2 ) {"
15,male,15499546178,line 3,88,"public Rectangle ( int x1 , int y1 , int x2 , int y2 ) {"
15,male,15499650162,line 3,100,"public Rectangle ( int x1 , int y1 , int x2 , int y2 ) {"
15,male,15500086021,line 1,204,public class Rectangle {
15,male,15500277734,line 1,156,public class Rectangle {
15,male,15500417785,line 2,136,"private int x1 , y1 , x2 , y2 ;"
15,male,15500577999,line 1,100,public class Rectangle {
15,male,15501262002,line 2,104,"private int x1 , y1 , x2 , y2 ;"
15,male,15501417984,line 2,92,"private int x1 , y1 , x2 , y2 ;"
15,male,15501521986,line 2,100,"private int x1 , y1 , x2 , y2 ;"
15,male,15501702012,line 2,128,"private int x1 , y1 , x2 , y2 ;"
15,male,15501886006,line 2,128,"private int x1 , y1 , x2 , y2 ;"
15,male,15502241773,line 3,56,"public Rectangle ( int x1 , int y1 , int x2 , int y2 ) {"
15,male,15502317846,line 3,60,"public Rectangle ( int x1 , int y1 , int x2 , int y2 ) {"
15,male,15502441844,line 3,120,"public Rectangle ( int x1 , int y1 , int x2 , int y2 ) {"
15,male,15502529831,line 3,84,"public Rectangle ( int x1 , int y1 , int x2 , int y2 ) {"
15,male,15502777873,line 3,160,"public Rectangle ( int x1 , int y1 , int x2 , int y2 ) {"
15,male,15502869872,line 3,88,"public Rectangle ( int x1 , int y1 , int x2 , int y2 ) {"
15,male,15502981879,line 3,64,"public Rectangle ( int x1 , int y1 , int x2 , int y2 ) {"
15,male,15503053898,line 3,68,"public Rectangle ( int x1 , int y1 , int x2 , int y2 ) {"
15,male,15503177919,line 3,68,"public Rectangle ( int x1 , int y1 , int x2 , int y2 ) {"
15,male,15503265903,line 3,72,"public Rectangle ( int x1 , int y1 , int x2 , int y2 ) {"
15,male,15503357888,line 3,88,"public Rectangle ( int x1 , int y1 , int x2 , int y2 ) {"
15,male,15503453837,line 3,60,"public Rectangle ( int x1 , int y1 , int x2 , int y2 ) {"
15,male,15503553719,line 4,96,this.x1 = x1 ;
15,male,15503725630,line 3,128,"public Rectangle ( int x1 , int y1 , int x2 , int y2 ) {"
15,male,15503785661,line 3,56,"public Rectangle ( int x1 , int y1 , int x2 , int y2 ) {"
15,male,15503945746,line 3,64,"public Rectangle ( int x1 , int y1 , int x2 , int y2 ) {"
15,male,15504061834,line 3,112,"public Rectangle ( int x1 , int y1 , int x2 , int y2 ) {"
15,male,15504121894,line 3,56,"public Rectangle ( int x1 , int y1 , int x2 , int y2 ) {"
15,male,15504197844,line 3,72,"public Rectangle ( int x1 , int y1 , int x2 , int y2 ) {"
15,male,15504281779,line 3,80,"public Rectangle ( int x1 , int y1 , int x2 , int y2 ) {"
15,male,15504341745,line 3,56,"public Rectangle ( int x1 , int y1 , int x2 , int y2 ) {"
15,male,15504513738,line 4,92,this.x1 = x1 ;
15,male,15504633739,line 3,116,"public Rectangle ( int x1 , int y1 , int x2 , int y2 ) {"
15,male,15505025761,line 5,100,this.y1 = y1 ;
15,male,15505201544,line 5,60,this.y1 = y1 ;
15,male,15505329447,line 5,124,this.y1 = y1 ;
15,male,15505393490,line 5,60,this.y1 = y1 ;
15,male,15505545599,line 5,112,this.y1 = y1 ;
15,male,15505701619,line 5,152,this.y1 = y1 ;
15,male,15506029640,line 6,92,this.x2 = x2 ;
15,male,15506145673,line 6,84,this.x2 = x2 ;
15,male,15506513606,line 9,120,public int width ( ) { return this.x2 - this.x1 ; }
15,male,15506853334,line 9,84,public int width ( ) { return this.x2 - this.x1 ; }
15,male,15506921283,line 9,64,public int width ( ) { return this.x2 - this.x1 ; }
15,male,15507053387,line 9,84,public int width ( ) { return this.x2 - this.x1 ; }
15,male,15507821483,line 9,104,public int width ( ) { return this.x2 - this.x1 ; }
15,male,15507961544,line 9,100,public int width ( ) { return this.x2 - this.x1 ; }
15,male,15508085473,line 9,120,public int width ( ) { return this.x2 - this.x1 ; }
15,male,15508213374,line 9,92,public int width ( ) { return this.x2 - this.x1 ; }
15,male,15508533447,line 9,172,public int width ( ) { return this.x2 - this.x1 ; }
15,male,15509021382,line 9,92,public int width ( ) { return this.x2 - this.x1 ; }
15,male,15509277651,line 9,148,public int width ( ) { return this.x2 - this.x1 ; }
15,male,15509337677,line 10,56,public int height ( ) { return this.y2 - this.y1 ; }
15,male,15509401552,line 9,60,public int width ( ) { return this.x2 - this.x1 ; }
15,male,15509549315,line 10,100,public int height ( ) { return this.y2 - this.y1 ; }
15,male,15509609333,line 10,56,public int height ( ) { return this.y2 - this.y1 ; }
15,male,15509765328,line 10,68,public int height ( ) { return this.y2 - this.y1 ; }
15,male,15510017180,line 9,212,public int width ( ) { return this.x2 - this.x1 ; }
15,male,15510173200,line 9,124,public int width ( ) { return this.x2 - this.x1 ; }
15,male,15510405188,line 10,140,public int height ( ) { return this.y2 - this.y1 ; }
15,male,15510677110,line 10,168,public int height ( ) { return this.y2 - this.y1 ; }
15,male,15510741065,line 10,60,public int height ( ) { return this.y2 - this.y1 ; }
15,male,15510937161,line 10,148,public int height ( ) { return this.y2 - this.y1 ; }
15,male,15511081181,line 10,84,public int height ( ) { return this.y2 - this.y1 ; }
15,male,15511149188,line 11,64,public double area ( ) { return this.width ( ) * this.height ( ) ; }
15,male,15511253214,line 10,100,public int height ( ) { return this.y2 - this.y1 ; }
15,male,15511596903,line 10,124,public int height ( ) { return this.y2 - this.y1 ; }
15,male,15511813041,line 10,180,public int height ( ) { return this.y2 - this.y1 ; }
15,male,15512013061,line 10,160,public int height ( ) { return this.y2 - this.y1 ; }
15,male,15512145071,line 11,64,public double area ( ) { return this.width ( ) * this.height ( ) ; }
15,male,15512209076,line 10,60,public int height ( ) { return this.y2 - this.y1 ; }
15,male,15512297072,line 11,84,public double area ( ) { return this.width ( ) * this.height ( ) ; }
15,male,15512761057,line 12,100,public static void main ( String [ ] args ) {
15,male,15512909027,line 12,104,public static void main ( String [ ] args ) {
15,male,15512972996,line 12,60,public static void main ( String [ ] args ) {
15,male,15513180957,line 12,124,public static void main ( String [ ] args ) {
15,male,15513400973,line 11,72,public double area ( ) { return this.width ( ) * this.height ( ) ; }
15,male,15513524945,line 11,120,public double area ( ) { return this.width ( ) * this.height ( ) ; }
15,male,15513792983,line 11,96,public double area ( ) { return this.width ( ) * this.height ( ) ; }
15,male,15514172898,line 12,160,public static void main ( String [ ] args ) {
15,male,15514324903,line 13,100,"Rectangle rect1 = new Rectangle ( 0 , 0 , 10 , 10 ) ;"
15,male,15514536792,line 12,104,public static void main ( String [ ] args ) {
15,male,15514616701,line 13,76,"Rectangle rect1 = new Rectangle ( 0 , 0 , 10 , 10 ) ;"
15,male,15514704688,line 13,84,"Rectangle rect1 = new Rectangle ( 0 , 0 , 10 , 10 ) ;"
15,male,15514784717,line 13,76,"Rectangle rect1 = new Rectangle ( 0 , 0 , 10 , 10 ) ;"
15,male,15514888767,line 13,76,"Rectangle rect1 = new Rectangle ( 0 , 0 , 10 , 10 ) ;"
15,male,15515020797,line 13,128,"Rectangle rect1 = new Rectangle ( 0 , 0 , 10 , 10 ) ;"
15,male,15515096808,line 13,72,"Rectangle rect1 = new Rectangle ( 0 , 0 , 10 , 10 ) ;"
15,male,15515324814,line 13,56,"Rectangle rect1 = new Rectangle ( 0 , 0 , 10 , 10 ) ;"
15,male,15515484792,line 13,72,"Rectangle rect1 = new Rectangle ( 0 , 0 , 10 , 10 ) ;"
15,male,15515596793,line 13,56,"Rectangle rect1 = new Rectangle ( 0 , 0 , 10 , 10 ) ;"
15,male,15515948744,line 14,100,System.out.println ( rect1.area ( ) ) ;
15,male,15516072740,line 14,120,System.out.println ( rect1.area ( ) ) ;
15,male,15516304843,line 14,196,System.out.println ( rect1.area ( ) ) ;
15,male,15516396789,line 14,88,System.out.println ( rect1.area ( ) ) ;
15,male,15516556666,line 13,120,"Rectangle rect1 = new Rectangle ( 0 , 0 , 10 , 10 ) ;"
15,male,15516628679,line 14,68,System.out.println ( rect1.area ( ) ) ;
15,male,15516740676,line 14,80,System.out.println ( rect1.area ( ) ) ;
15,male,15516800662,line 14,56,System.out.println ( rect1.area ( ) ) ;
15,male,15516860648,line 14,56,System.out.println ( rect1.area ( ) ) ;
15,male,15516936641,line 14,72,System.out.println ( rect1.area ( ) ) ;
15,male,15517028645,line 13,56,"Rectangle rect1 = new Rectangle ( 0 , 0 , 10 , 10 ) ;"
15,male,15517368811,line 14,120,System.out.println ( rect1.area ( ) ) ;
15,male,15517496970,line 14,56,System.out.println ( rect1.area ( ) ) ;
15,male,15517608834,line 14,60,System.out.println ( rect1.area ( ) ) ;
15,male,15517720656,line 14,108,System.out.println ( rect1.area ( ) ) ;
15,male,15518876517,line 14,176,System.out.println ( rect1.area ( ) ) ;
15,male,15519016513,line 14,60,System.out.println ( rect1.area ( ) ) ;
15,male,15520056773,line 15,132,"Rectangle rect2 = new Rectangle ( 5 , 5 , 10 , 10 ) ;"
15,male,15520168770,line 15,84,"Rectangle rect2 = new Rectangle ( 5 , 5 , 10 , 10 ) ;"
15,male,15520228639,line 15,56,"Rectangle rect2 = new Rectangle ( 5 , 5 , 10 , 10 ) ;"
15,male,15520404411,line 15,124,"Rectangle rect2 = new Rectangle ( 5 , 5 , 10 , 10 ) ;"
15,male,15520556383,line 15,96,"Rectangle rect2 = new Rectangle ( 5 , 5 , 10 , 10 ) ;"
15,male,15520668393,line 15,108,"Rectangle rect2 = new Rectangle ( 5 , 5 , 10 , 10 ) ;"
15,male,15520880160,line 15,108,"Rectangle rect2 = new Rectangle ( 5 , 5 , 10 , 10 ) ;"
15,male,15521076190,line 15,164,"Rectangle rect2 = new Rectangle ( 5 , 5 , 10 , 10 ) ;"
15,male,15521208263,line 14,84,System.out.println ( rect1.area ( ) ) ;
15,male,15521388299,line 14,80,System.out.println ( rect1.area ( ) ) ;
15,male,15521464265,line 14,72,System.out.println ( rect1.area ( ) ) ;
15,male,15521576247,line 15,84,"Rectangle rect2 = new Rectangle ( 5 , 5 , 10 , 10 ) ;"
15,male,15521652274,line 15,72,"Rectangle rect2 = new Rectangle ( 5 , 5 , 10 , 10 ) ;"
15,male,15521768297,line 15,112,"Rectangle rect2 = new Rectangle ( 5 , 5 , 10 , 10 ) ;"
15,male,15521960302,line 16,72,System.out.println ( rect2.area ( ) ) ;
15,male,15522036273,line 16,72,System.out.println ( rect2.area ( ) ) ;
15,male,15522236233,line 16,56,System.out.println ( rect2.area ( ) ) ;
15,male,15522444089,line 16,152,System.out.println ( rect2.area ( ) ) ;
15,male,15522820070,line 16,180,System.out.println ( rect2.area ( ) ) ;
15,male,15522900096,line 16,76,System.out.println ( rect2.area ( ) ) ;
15,male,15523684390,line 16,60,System.out.println ( rect2.area ( ) ) ;
15,male,15523768536,line 15,80,"Rectangle rect2 = new Rectangle ( 5 , 5 , 10 , 10 ) ;"
15,male,15523868477,line 16,96,System.out.println ( rect2.area ( ) ) ;
15,male,15524016213,line 16,100,System.out.println ( rect2.area ( ) ) ;
15,male,15524076063,line 16,56,System.out.println ( rect2.area ( ) ) ;
15,male,15526519866,line 1,60,public class Rectangle {
15,male,15526627850,line 1,104,public class Rectangle {
15,male,15527351591,line 1,180,public class Rectangle {
15,male,15527523750,line 1,128,public class Rectangle {
15,male,15527639749,line 1,60,public class Rectangle {
15,male,15528231719,line 2,128,"private int x1 , y1 , x2 , y2 ;"
15,male,15528439770,line 2,128,"private int x1 , y1 , x2 , y2 ;"
15,male,15528639743,line 2,108,"private int x1 , y1 , x2 , y2 ;"
15,male,15528751697,line 2,108,"private int x1 , y1 , x2 , y2 ;"
15,male,15528935593,line 2,124,"private int x1 , y1 , x2 , y2 ;"
15,male,15529095594,line 2,88,"private int x1 , y1 , x2 , y2 ;"
15,male,15529423615,line 2,140,"private int x1 , y1 , x2 , y2 ;"
15,male,15529635558,line 2,208,"private int x1 , y1 , x2 , y2 ;"
15,male,15529779522,line 2,140,"private int x1 , y1 , x2 , y2 ;"
15,male,15529871547,line 3,56,"public Rectangle ( int x1 , int y1 , int x2 , int y2 ) {"
15,male,15529935565,line 3,60,"public Rectangle ( int x1 , int y1 , int x2 , int y2 ) {"
15,male,15530055627,line 3,116,"public Rectangle ( int x1 , int y1 , int x2 , int y2 ) {"
15,male,15530139640,line 2,60,"private int x1 , y1 , x2 , y2 ;"
15,male,15530227454,line 2,84,"private int x1 , y1 , x2 , y2 ;"
15,male,15530307285,line 2,76,"private int x1 , y1 , x2 , y2 ;"
15,male,15530451378,line 2,140,"private int x1 , y1 , x2 , y2 ;"
15,male,15530511444,line 2,56,"private int x1 , y1 , x2 , y2 ;"
15,male,15530951422,line 3,152,"public Rectangle ( int x1 , int y1 , int x2 , int y2 ) {"
15,male,15531071408,line 3,76,"public Rectangle ( int x1 , int y1 , int x2 , int y2 ) {"
15,male,15531595472,line 3,152,"public Rectangle ( int x1 , int y1 , int x2 , int y2 ) {"
15,male,15531715480,line 3,60,"public Rectangle ( int x1 , int y1 , int x2 , int y2 ) {"
15,male,15531831347,line 2,76,"private int x1 , y1 , x2 , y2 ;"
15,male,15531971194,line 2,136,"private int x1 , y1 , x2 , y2 ;"
15,male,15532091279,line 2,64,"private int x1 , y1 , x2 , y2 ;"
15,male,15532183318,line 2,88,"private int x1 , y1 , x2 , y2 ;"
15,male,15532783306,line 2,196,"private int x1 , y1 , x2 , y2 ;"
15,male,15532919318,line 2,104,"private int x1 , y1 , x2 , y2 ;"
15,male,15533127336,line 2,204,"private int x1 , y1 , x2 , y2 ;"
15,male,15533243341,line 2,112,"private int x1 , y1 , x2 , y2 ;"
15,male,15533363334,line 12,68,public static void main ( String [ ] args ) {
15,male,15533587230,line 9,196,public int width ( ) { return this.x2 - this.x1 ; }
15,male,15534159139,line 9,64,public int width ( ) { return this.x2 - this.x1 ; }
15,male,15534367179,line 9,204,public int width ( ) { return this.x2 - this.x1 ; }
15,male,15534487237,line 9,88,public int width ( ) { return this.x2 - this.x1 ; }
15,male,15534631254,line 9,140,public int width ( ) { return this.x2 - this.x1 ; }
15,male,15534691252,line 9,56,public int width ( ) { return this.x2 - this.x1 ; }
15,male,15534863210,line 9,84,public int width ( ) { return this.x2 - this.x1 ; }
15,male,15535070987,line 9,152,public int width ( ) { return this.x2 - this.x1 ; }
15,male,15535223025,line 9,88,public int width ( ) { return this.x2 - this.x1 ; }
15,male,15535311056,line 9,84,public int width ( ) { return this.x2 - this.x1 ; }
15,male,15535607086,line 9,192,public int width ( ) { return this.x2 - this.x1 ; }
15,male,15535951081,line 9,80,public int width ( ) { return this.x2 - this.x1 ; }
15,male,15536215059,line 9,128,public int width ( ) { return this.x2 - this.x1 ; }
15,male,15536323081,line 9,104,public int width ( ) { return this.x2 - this.x1 ; }
15,male,15536383105,line 9,56,public int width ( ) { return this.x2 - this.x1 ; }
15,male,15536706820,line 9,168,public int width ( ) { return this.x2 - this.x1 ; }
15,male,15536871008,line 10,88,public int height ( ) { return this.y2 - this.y1 ; }
15,male,15537458908,line 1,112,public class Rectangle {
18,female,26253252414,line 7,172,this.y2 = y2 ;
18,female,26253424278,line 3,76,"public Rectangle ( int x1 , int y1 , int x2 , int y2 ) {"
18,female,26253520032,line 2,72,"private int x1 , y1 , x2 , y2 ;"
18,female,26253595924,line 2,72,"private int x1 , y1 , x2 , y2 ;"
18,female,26278070806,line 13,56,"Rectangle rect1 = new Rectangle ( 0 , 0 , 10 , 10 ) ;"
18,female,26278145685,line 14,60,System.out.println ( rect1.area ( ) ) ;
18,female,26278271849,line 15,68,"Rectangle rect2 = new Rectangle ( 5 , 5 , 10 , 10 ) ;"
18,female,26278572335,line 14,72,System.out.println ( rect1.area ( ) ) ;
18,female,26280068503,line 14,112,System.out.println ( rect1.area ( ) ) ;
18,female,26280620388,line 13,148,"Rectangle rect1 = new Rectangle ( 0 , 0 , 10 , 10 ) ;"
18,female,26281100363,line 13,60,"Rectangle rect1 = new Rectangle ( 0 , 0 , 10 , 10 ) ;"
18,female,26281784318,line 15,92,"Rectangle rect2 = new Rectangle ( 5 , 5 , 10 , 10 ) ;"
18,female,26284120065,line 16,56,System.out.println ( rect2.area ( ) ) ;
18,female,26284400108,line 16,64,System.out.println ( rect2.area ( ) ) ;
18,female,26285435952,line 13,88,"Rectangle rect1 = new Rectangle ( 0 , 0 , 10 , 10 ) ;"
18,female,26286507956,line 13,72,"Rectangle rect1 = new Rectangle ( 0 , 0 , 10 , 10 ) ;"
18,female,26287239988,line 12,88,public static void main ( String [ ] args ) {
18,female,26289211681,line 9,92,public int width ( ) { return this.x2 - this.x1 ; }
18,female,26289871607,line 9,100,public int width ( ) { return this.x2 - this.x1 ; }
18,female,26289995458,line 9,72,public int width ( ) { return this.x2 - this.x1 ; }
18,female,26292679445,line 12,60,public static void main ( String [ ] args ) {
18,female,26292807541,line 11,68,public double area ( ) { return this.width ( ) * this.height ( ) ; }
18,female,26293183421,line 10,56,public int height ( ) { return this.y2 - this.y1 ; }
18,female,26294139278,line 13,60,"Rectangle rect1 = new Rectangle ( 0 , 0 , 10 , 10 ) ;"
18,female,26294723233,line 13,56,"Rectangle rect1 = new Rectangle ( 0 , 0 , 10 , 10 ) ;"
18,female,26296123002,line 11,60,public double area ( ) { return this.width ( ) * this.height ( ) ; }
18,female,26296283038,line 11,64,public double area ( ) { return this.width ( ) * this.height ( ) ; }
18,female,26300102770,line 15,76,"Rectangle rect2 = new Rectangle ( 5 , 5 , 10 , 10 ) ;"
18,female,26301926637,line 15,68,"Rectangle rect2 = new Rectangle ( 5 , 5 , 10 , 10 ) ;"
18,female,26302010628,line 15,80,"Rectangle rect2 = new Rectangle ( 5 , 5 , 10 , 10 ) ;"
18,female,26302286656,line 15,68,"Rectangle rect2 = new Rectangle ( 5 , 5 , 10 , 10 ) ;"
18,female,26303422549,line 12,104,public static void main ( String [ ] args ) {
18,female,26303482561,line 12,56,public static void main ( String [ ] args ) {
18,female,26305910112,line 15,56,"Rectangle rect2 = new Rectangle ( 5 , 5 , 10 , 10 ) ;"
18,female,26306210233,line 15,60,"Rectangle rect2 = new Rectangle ( 5 , 5 , 10 , 10 ) ;"
18,female,26306282230,line 15,68,"Rectangle rect2 = new Rectangle ( 5 , 5 , 10 , 10 ) ;"
18,female,26306518242,line 15,60,"Rectangle rect2 = new Rectangle ( 5 , 5 , 10 , 10 ) ;"
18,female,26307442138,line 14,88,System.out.println ( rect1.area ( ) ) ;
18,female,26307946146,line 15,60,"Rectangle rect2 = new Rectangle ( 5 , 5 , 10 , 10 ) ;"
18,female,26310413834,line 14,208,System.out.println ( rect1.area ( ) ) ;
18,female,26310529806,line 14,92,System.out.println ( rect1.area ( ) ) ;
18,female,26311117902,line 14,76,System.out.println ( rect1.area ( ) ) ;
18,female,26311225880,line 14,64,System.out.println ( rect1.area ( ) ) ;
19,female,2844374500,line 6,56,this.x2 = x2 ;
19,female,2868783827,line 11,80,public double area ( ) { return this.width ( ) * this.height ( ) ; }
19,female,2873733560,line 16,92,System.out.println ( rect2.area ( ) ) ;
19,female,2873893437,line 16,68,System.out.println ( rect2.area ( ) ) ;
27,male,285970655,line 2,116,"private int x1 , y1 , x2 , y2 ;"
27,male,286122141,line 1,108,public class Rectangle {
27,male,286234102,line 1,108,public class Rectangle {
27,male,286434573,line 1,140,public class Rectangle {
27,male,286602616,line 1,140,public class Rectangle {
27,male,286734592,line 2,72,"private int x1 , y1 , x2 , y2 ;"
27,male,286926360,line 2,188,"private int x1 , y1 , x2 , y2 ;"
27,male,287034269,line 2,84,"private int x1 , y1 , x2 , y2 ;"
27,male,287142363,line 2,104,"private int x1 , y1 , x2 , y2 ;"
27,male,287222422,line 2,76,"private int x1 , y1 , x2 , y2 ;"
27,male,287318448,line 2,92,"private int x1 , y1 , x2 , y2 ;"
27,male,287478457,line 3,88,"public Rectangle ( int x1 , int y1 , int x2 , int y2 ) {"
27,male,287562442,line 3,80,"public Rectangle ( int x1 , int y1 , int x2 , int y2 ) {"
27,male,287866384,line 3,60,"public Rectangle ( int x1 , int y1 , int x2 , int y2 ) {"
27,male,287950451,line 3,80,"public Rectangle ( int x1 , int y1 , int x2 , int y2 ) {"
27,male,289590201,line 11,144,public double area ( ) { return this.width ( ) * this.height ( ) ; }
27,male,289782253,line 11,156,public double area ( ) { return this.width ( ) * this.height ( ) ; }
27,male,289858255,line 11,72,public double area ( ) { return this.width ( ) * this.height ( ) ; }
27,male,289954180,line 11,92,public double area ( ) { return this.width ( ) * this.height ( ) ; }
27,male,290026120,line 11,68,public double area ( ) { return this.width ( ) * this.height ( ) ; }
27,male,290154036,line 13,80,"Rectangle rect1 = new Rectangle ( 0 , 0 , 10 , 10 ) ;"
27,male,290450089,line 13,92,"Rectangle rect1 = new Rectangle ( 0 , 0 , 10 , 10 ) ;"
27,male,290846143,line 10,56,public int height ( ) { return this.y2 - this.y1 ; }
27,male,290950156,line 10,80,public int height ( ) { return this.y2 - this.y1 ; }
27,male,291010166,line 11,56,public double area ( ) { return this.width ( ) * this.height ( ) ; }
27,male,291718016,line 11,64,public double area ( ) { return this.width ( ) * this.height ( ) ; }
27,male,291790259,line 11,68,public double area ( ) { return this.width ( ) * this.height ( ) ; }
27,male,291850395,line 11,56,public double area ( ) { return this.width ( ) * this.height ( ) ; }
27,male,292022280,line 11,136,public double area ( ) { return this.width ( ) * this.height ( ) ; }
27,male,292130110,line 11,104,public double area ( ) { return this.width ( ) * this.height ( ) ; }
27,male,292265989,line 11,80,public double area ( ) { return this.width ( ) * this.height ( ) ; }
27,male,292646021,line 12,96,public static void main ( String [ ] args ) {
27,male,292742034,line 12,92,public static void main ( String [ ] args ) {
27,male,292938065,line 12,192,public static void main ( String [ ] args ) {
27,male,293249869,line 13,232,"Rectangle rect1 = new Rectangle ( 0 , 0 , 10 , 10 ) ;"
27,male,293361779,line 15,60,"Rectangle rect2 = new Rectangle ( 5 , 5 , 10 , 10 ) ;"
27,male,293649856,line 15,60,"Rectangle rect2 = new Rectangle ( 5 , 5 , 10 , 10 ) ;"
27,male,293793865,line 15,140,"Rectangle rect2 = new Rectangle ( 5 , 5 , 10 , 10 ) ;"
27,male,293957887,line 14,80,System.out.println ( rect1.area ( ) ) ;
27,male,294153876,line 14,88,System.out.println ( rect1.area ( ) ) ;
27,male,294313863,line 14,156,System.out.println ( rect1.area ( ) ) ;
27,male,294373862,line 14,56,System.out.println ( rect1.area ( ) ) ;
27,male,294541878,line 15,136,"Rectangle rect2 = new Rectangle ( 5 , 5 , 10 , 10 ) ;"
27,male,294661840,line 15,108,"Rectangle rect2 = new Rectangle ( 5 , 5 , 10 , 10 ) ;"
27,male,294797739,line 15,132,"Rectangle rect2 = new Rectangle ( 5 , 5 , 10 , 10 ) ;"
27,male,295005724,line 15,140,"Rectangle rect2 = new Rectangle ( 5 , 5 , 10 , 10 ) ;"
27,male,295129763,line 15,64,"Rectangle rect2 = new Rectangle ( 5 , 5 , 10 , 10 ) ;"
27,male,295237799,line 15,104,"Rectangle rect2 = new Rectangle ( 5 , 5 , 10 , 10 ) ;"
27,male,295401794,line 16,56,System.out.println ( rect2.area ( ) ) ;
27,male,295525740,line 16,64,System.out.println ( rect2.area ( ) ) ;
27,male,295585719,line 16,56,System.out.println ( rect2.area ( ) ) ;
27,male,295781738,line 16,72,System.out.println ( rect2.area ( ) ) ;
27,male,295897763,line 15,76,"Rectangle rect2 = new Rectangle ( 5 , 5 , 10 , 10 ) ;"
27,male,296401482,line 16,100,System.out.println ( rect2.area ( ) ) ;
27,male,296493539,line 16,88,System.out.println ( rect2.area ( ) ) ;
27,male,296573593,line 16,76,System.out.println ( rect2.area ( ) ) ;
27,male,296741630,line 16,112,System.out.println ( rect2.area ( ) ) ;
27,male,296853630,line 16,108,System.out.println ( rect2.area ( ) ) ;
27,male,296981614,line 15,92,"Rectangle rect2 = new Rectangle ( 5 , 5 , 10 , 10 ) ;"
27,male,297061600,line 15,76,"Rectangle rect2 = new Rectangle ( 5 , 5 , 10 , 10 ) ;"
27,male,297141583,line 15,76,"Rectangle rect2 = new Rectangle ( 5 , 5 , 10 , 10 ) ;"
27,male,297445659,line 16,64,System.out.println ( rect2.area ( ) ) ;
27,male,297513638,line 16,64,System.out.println ( rect2.area ( ) ) ;
27,male,297597612,line 16,80,System.out.println ( rect2.area ( ) ) ;
27,male,297741591,line 16,60,System.out.println ( rect2.area ( ) ) ;
27,male,298185435,line 10,120,public int height ( ) { return this.y2 - this.y1 ; }
27,male,298281596,line 11,92,public double area ( ) { return this.width ( ) * this.height ( ) ; }
27,male,298481719,line 4,108,this.x1 = x1 ;
27,male,298549599,line 4,64,this.x1 = x1 ;
27,male,298645498,line 3,92,"public Rectangle ( int x1 , int y1 , int x2 , int y2 ) {"
27,male,298781474,line 2,112,"private int x1 , y1 , x2 , y2 ;"
27,male,298845473,line 2,60,"private int x1 , y1 , x2 , y2 ;"
27,male,298921496,line 2,72,"private int x1 , y1 , x2 , y2 ;"
27,male,299117503,line 1,72,public class Rectangle {
27,male,299349492,line 2,92,"private int x1 , y1 , x2 , y2 ;"
27,male,299445476,line 2,92,"private int x1 , y1 , x2 , y2 ;"
27,male,299593410,line 3,60,"public Rectangle ( int x1 , int y1 , int x2 , int y2 ) {"
27,male,299789366,line 11,88,public double area ( ) { return this.width ( ) * this.height ( ) ; }
27,male,299941346,line 11,148,public double area ( ) { return this.width ( ) * this.height ( ) ; }
27,male,300029339,line 11,68,public double area ( ) { return this.width ( ) * this.height ( ) ; }
27,male,300169362,line 11,136,public double area ( ) { return this.width ( ) * this.height ( ) ; }
27,male,300269366,line 12,60,public static void main ( String [ ] args ) {
27,male,300349353,line 12,76,public static void main ( String [ ] args ) {
27,male,300421345,line 12,68,public static void main ( String [ ] args ) {
27,male,300609289,line 12,124,public static void main ( String [ ] args ) {
27,male,300689289,line 12,76,public static void main ( String [ ] args ) {
27,male,300801326,line 13,56,"Rectangle rect1 = new Rectangle ( 0 , 0 , 10 , 10 ) ;"
27,male,300897312,line 13,92,"Rectangle rect1 = new Rectangle ( 0 , 0 , 10 , 10 ) ;"
27,male,300969237,line 13,68,"Rectangle rect1 = new Rectangle ( 0 , 0 , 10 , 10 ) ;"
27,male,301073132,line 13,64,"Rectangle rect1 = new Rectangle ( 0 , 0 , 10 , 10 ) ;"
27,male,301157139,line 13,80,"Rectangle rect1 = new Rectangle ( 0 , 0 , 10 , 10 ) ;"
27,male,301233157,line 13,72,"Rectangle rect1 = new Rectangle ( 0 , 0 , 10 , 10 ) ;"
27,male,301529231,line 13,96,"Rectangle rect1 = new Rectangle ( 0 , 0 , 10 , 10 ) ;"
27,male,301641242,line 13,108,"Rectangle rect1 = new Rectangle ( 0 , 0 , 10 , 10 ) ;"
27,male,301913207,line 13,204,"Rectangle rect1 = new Rectangle ( 0 , 0 , 10 , 10 ) ;"
27,male,302117225,line 13,160,"Rectangle rect1 = new Rectangle ( 0 , 0 , 10 , 10 ) ;"
27,male,302341228,line 13,192,"Rectangle rect1 = new Rectangle ( 0 , 0 , 10 , 10 ) ;"
27,male,302401230,line 13,56,"Rectangle rect1 = new Rectangle ( 0 , 0 , 10 , 10 ) ;"
27,male,302585003,line 13,104,"Rectangle rect1 = new Rectangle ( 0 , 0 , 10 , 10 ) ;"
27,male,302749193,line 16,72,System.out.println ( rect2.area ( ) ) ;
27,male,302817318,line 16,64,System.out.println ( rect2.area ( ) ) ;
27,male,302929264,line 16,108,System.out.println ( rect2.area ( ) ) ;
27,male,304312964,line 16,68,System.out.println ( rect2.area ( ) ) ;
27,male,306052825,line 14,56,System.out.println ( rect1.area ( ) ) ;
27,male,306124815,line 14,68,System.out.println ( rect1.area ( ) ) ;
27,male,306620874,line 15,60,"Rectangle rect2 = new Rectangle ( 5 , 5 , 10 , 10 ) ;"
27,male,306952843,line 14,56,System.out.println ( rect1.area ( ) ) ;
27,male,307208813,line 15,96,"Rectangle rect2 = new Rectangle ( 5 , 5 , 10 , 10 ) ;"
27,male,307392534,line 15,64,"Rectangle rect2 = new Rectangle ( 5 , 5 , 10 , 10 ) ;"
27,male,307464567,line 15,68,"Rectangle rect2 = new Rectangle ( 5 , 5 , 10 , 10 ) ;"
27,male,307540627,line 15,72,"Rectangle rect2 = new Rectangle ( 5 , 5 , 10 , 10 ) ;"
27,male,307728682,line 15,120,"Rectangle rect2 = new Rectangle ( 5 , 5 , 10 , 10 ) ;"
27,male,307948703,line 15,68,"Rectangle rect2 = new Rectangle ( 5 , 5 , 10 , 10 ) ;"
27,male,308028710,line 15,76,"Rectangle rect2 = new Rectangle ( 5 , 5 , 10 , 10 ) ;"
27,male,308100708,line 15,68,"Rectangle rect2 = new Rectangle ( 5 , 5 , 10 , 10 ) ;"
27,male,308252699,line 15,84,"Rectangle rect2 = new Rectangle ( 5 , 5 , 10 , 10 ) ;"
27,male,308500674,line 13,56,"Rectangle rect1 = new Rectangle ( 0 , 0 , 10 , 10 ) ;"
36,female,6681982936,line 9,88,public int width ( ) { return this.x2 - this.x1 ; }
36,female,6682242574,line 6,68,this.x2 = x2 ;
36,female,6682610751,line 6,136,this.x2 = x2 ;
36,female,6683142747,line 5,164,this.y1 = y1 ;
36,female,6684786622,line 5,104,this.y1 = y1 ;
36,female,6684922633,line 5,100,this.y1 = y1 ;
36,female,6686018470,line 5,92,this.y1 = y1 ;
36,female,6686106468,line 5,84,this.y1 = y1 ;
36,female,6686214460,line 5,104,this.y1 = y1 ;
36,female,6686310453,line 5,92,this.y1 = y1 ;
36,female,6686394463,line 5,64,this.y1 = y1 ;
36,female,6686510505,line 5,112,this.y1 = y1 ;
36,female,6688562522,line 6,116,this.x2 = x2 ;
36,female,6688642326,line 6,76,this.x2 = x2 ;
36,female,6688722130,line 6,76,this.x2 = x2 ;
36,female,6688906138,line 5,72,this.y1 = y1 ;
36,female,6689042207,line 6,56,this.x2 = x2 ;
36,female,6689110241,line 5,64,this.y1 = y1 ;
36,female,6689445981,line 5,148,this.y1 = y1 ;
36,female,6689545688,line 5,96,this.y1 = y1 ;
36,female,6689698006,line 5,56,this.y1 = y1 ;
36,female,6690430076,line 7,60,this.y2 = y2 ;
36,female,6690626089,line 7,148,this.y2 = y2 ;
36,female,6690766104,line 7,136,this.y2 = y2 ;
36,female,6691274057,line 7,136,this.y2 = y2 ;
36,female,6691582147,line 12,64,public static void main ( String [ ] args ) {
36,female,6691658117,line 12,72,public static void main ( String [ ] args ) {
36,female,6691750080,line 12,60,public static void main ( String [ ] args ) {
36,female,6692013924,line 12,140,public static void main ( String [ ] args ) {
36,female,6692345982,line 11,116,public double area ( ) { return this.width ( ) * this.height ( ) ; }
36,female,6692550035,line 10,120,public int height ( ) { return this.y2 - this.y1 ; }
36,female,6692937945,line 11,136,public double area ( ) { return this.width ( ) * this.height ( ) ; }
36,female,6693005940,line 11,64,public double area ( ) { return this.width ( ) * this.height ( ) ; }
36,female,6693093949,line 11,72,public double area ( ) { return this.width ( ) * this.height ( ) ; }
36,female,6693233938,line 11,136,public double area ( ) { return this.width ( ) * this.height ( ) ; }
36,female,6693417765,line 11,140,public double area ( ) { return this.width ( ) * this.height ( ) ; }
36,female,6693541553,line 11,100,public double area ( ) { return this.width ( ) * this.height ( ) ; }
36,female,6693677549,line 11,132,public double area ( ) { return this.width ( ) * this.height ( ) ; }
36,female,6693793671,line 11,68,public double area ( ) { return this.width ( ) * this.height ( ) ; }
36,female,6694097791,line 10,72,public int height ( ) { return this.y2 - this.y1 ; }
36,female,6694249831,line 11,68,public double area ( ) { return this.width ( ) * this.height ( ) ; }
36,female,6694461798,line 12,60,public static void main ( String [ ] args ) {
36,female,6694637751,line 11,100,public double area ( ) { return this.width ( ) * this.height ( ) ; }
36,female,6694782185,line 11,100,public double area ( ) { return this.width ( ) * this.height ( ) ; }
36,female,6694882263,line 12,60,public static void main ( String [ ] args ) {
36,female,6695177660,line 10,64,public int height ( ) { return this.y2 - this.y1 ; }
36,female,6695345723,line 11,72,public double area ( ) { return this.width ( ) * this.height ( ) ; }
36,female,6695429707,line 11,80,public double area ( ) { return this.width ( ) * this.height ( ) ; }
36,female,6695497691,line 11,64,public double area ( ) { return this.width ( ) * this.height ( ) ; }
36,female,6695829709,line 12,124,public static void main ( String [ ] args ) {
36,female,6695981737,line 12,60,public static void main ( String [ ] args ) {
36,female,6696633136,line 14,56,System.out.println ( rect1.area ( ) ) ;
36,female,6696813241,line 14,176,System.out.println ( rect1.area ( ) ) ;
36,female,6697021587,line 14,136,System.out.println ( rect1.area ( ) ) ;
36,female,6697113582,line 14,88,System.out.println ( rect1.area ( ) ) ;
36,female,6697341590,line 13,92,"Rectangle rect1 = new Rectangle ( 0 , 0 , 10 , 10 ) ;"
36,female,6697409546,line 13,64,"Rectangle rect1 = new Rectangle ( 0 , 0 , 10 , 10 ) ;"
36,female,6697657548,line 13,152,"Rectangle rect1 = new Rectangle ( 0 , 0 , 10 , 10 ) ;"
36,female,6697829562,line 13,136,"Rectangle rect1 = new Rectangle ( 0 , 0 , 10 , 10 ) ;"
36,female,6697917529,line 13,84,"Rectangle rect1 = new Rectangle ( 0 , 0 , 10 , 10 ) ;"
36,female,6698957445,line 13,132,"Rectangle rect1 = new Rectangle ( 0 , 0 , 10 , 10 ) ;"
36,female,6699937349,line 14,72,System.out.println ( rect1.area ( ) ) ;
36,female,6700481264,line 15,140,"Rectangle rect2 = new Rectangle ( 5 , 5 , 10 , 10 ) ;"
36,female,6700609228,line 15,72,"Rectangle rect2 = new Rectangle ( 5 , 5 , 10 , 10 ) ;"
36,female,6700681214,line 15,68,"Rectangle rect2 = new Rectangle ( 5 , 5 , 10 , 10 ) ;"
36,female,6701029155,line 15,96,"Rectangle rect2 = new Rectangle ( 5 , 5 , 10 , 10 ) ;"
36,female,6701401133,line 15,84,"Rectangle rect2 = new Rectangle ( 5 , 5 , 10 , 10 ) ;"
36,female,6701633031,line 15,60,"Rectangle rect2 = new Rectangle ( 5 , 5 , 10 , 10 ) ;"
36,female,6701813142,line 15,60,"Rectangle rect2 = new Rectangle ( 5 , 5 , 10 , 10 ) ;"
36,female,6702117198,line 15,68,"Rectangle rect2 = new Rectangle ( 5 , 5 , 10 , 10 ) ;"
36,female,6702892983,line 15,172,"Rectangle rect2 = new Rectangle ( 5 , 5 , 10 , 10 ) ;"
36,female,6703080995,line 15,100,"Rectangle rect2 = new Rectangle ( 5 , 5 , 10 , 10 ) ;"
36,female,6703225000,line 15,56,"Rectangle rect2 = new Rectangle ( 5 , 5 , 10 , 10 ) ;"
36,female,6704744881,line 16,116,System.out.println ( rect2.area ( ) ) ;
36,female,6704952873,line 16,56,System.out.println ( rect2.area ( ) ) ;
36,female,6705192909,line 16,68,System.out.println ( rect2.area ( ) ) ;
36,female,6705896780,line 16,72,System.out.println ( rect2.area ( ) ) ;
36,female,6706172807,line 16,80,System.out.println ( rect2.area ( ) ) ;
36,female,6706460881,line 16,56,System.out.println ( rect2.area ( ) ) ;
36,female,6706520861,line 16,56,System.out.println ( rect2.area ( ) ) ;
36,female,6706696779,line 16,68,System.out.println ( rect2.area ( ) ) ;
39,female,4831794843,line 5,108,this.y1 = y1 ;
39,female,4832326864,line 2,148,"private int x1 , y1 , x2 , y2 ;"
39,female,4832702886,line 2,68,"private int x1 , y1 , x2 , y2 ;"
39,female,4833694783,line 3,60,"public Rectangle ( int x1 , int y1 , int x2 , int y2 ) {"
39,female,4833778777,line 3,80,"public Rectangle ( int x1 , int y1 , int x2 , int y2 ) {"
39,female,4834171082,line 5,84,this.y1 = y1 ;
39,female,4834467264,line 5,92,this.y1 = y1 ;
39,female,4834634862,line 5,68,this.y1 = y1 ;
39,female,4834814723,line 6,56,this.x2 = x2 ;
39,female,4834998671,line 6,64,this.x2 = x2 ;
39,female,4835350654,line 4,80,this.x1 = x1 ;
39,female,4835434650,line 4,80,this.x1 = x1 ;
39,female,4835822625,line 10,56,public int height ( ) { return this.y2 - this.y1 ; }
39,female,4836206451,line 9,72,public int width ( ) { return this.x2 - this.x1 ; }
39,female,4836502503,line 9,72,public int width ( ) { return this.x2 - this.x1 ; }
39,female,4837246581,line 10,64,public int height ( ) { return this.y2 - this.y1 ; }
39,female,4837834737,line 12,60,public static void main ( String [ ] args ) {
39,female,4838274426,line 12,56,public static void main ( String [ ] args ) {
39,female,4838562394,line 12,116,public static void main ( String [ ] args ) {
39,female,4841594290,line 5,84,this.y1 = y1 ;
40,male,25288295225,line 1,104,public class Rectangle {
40,male,25288819133,line 2,80,"private int x1 , y1 , x2 , y2 ;"
40,male,25289059056,line 3,164,"public Rectangle ( int x1 , int y1 , int x2 , int y2 ) {"
40,male,25290775024,line 3,76,"public Rectangle ( int x1 , int y1 , int x2 , int y2 ) {"
40,male,25290874990,line 3,96,"public Rectangle ( int x1 , int y1 , int x2 , int y2 ) {"
40,male,25291054943,line 3,120,"public Rectangle ( int x1 , int y1 , int x2 , int y2 ) {"
40,male,25291283005,line 3,168,"public Rectangle ( int x1 , int y1 , int x2 , int y2 ) {"
40,male,25291355004,line 3,68,"public Rectangle ( int x1 , int y1 , int x2 , int y2 ) {"
40,male,25291447002,line 3,88,"public Rectangle ( int x1 , int y1 , int x2 , int y2 ) {"
40,male,25291526995,line 3,76,"public Rectangle ( int x1 , int y1 , int x2 , int y2 ) {"
40,male,25291626985,line 3,56,"public Rectangle ( int x1 , int y1 , int x2 , int y2 ) {"
40,male,25291882950,line 3,212,"public Rectangle ( int x1 , int y1 , int x2 , int y2 ) {"
40,male,25291990771,line 3,104,"public Rectangle ( int x1 , int y1 , int x2 , int y2 ) {"
40,male,25292134721,line 4,88,this.x1 = x1 ;
40,male,25292230796,line 4,92,this.x1 = x1 ;
40,male,25292334861,line 4,100,this.x1 = x1 ;
40,male,25292546948,line 4,208,this.x1 = x1 ;
40,male,25292666975,line 4,68,this.x1 = x1 ;
40,male,25292754930,line 4,84,this.x1 = x1 ;
40,male,25292986871,line 4,228,this.x1 = x1 ;
40,male,25293050870,line 4,60,this.x1 = x1 ;
40,male,25293134880,line 5,60,this.y1 = y1 ;
40,male,25293414904,line 6,248,this.x2 = x2 ;
40,male,25293630567,line 5,152,this.y1 = y1 ;
40,male,25293930711,line 2,252,"private int x1 , y1 , x2 , y2 ;"
40,male,25294294756,line 2,204,"private int x1 , y1 , x2 , y2 ;"
40,male,25298054487,line 2,116,"private int x1 , y1 , x2 , y2 ;"
40,male,25298350286,line 2,180,"private int x1 , y1 , x2 , y2 ;"
40,male,25298602379,line 3,224,"public Rectangle ( int x1 , int y1 , int x2 , int y2 ) {"
40,male,25298678418,line 3,72,"public Rectangle ( int x1 , int y1 , int x2 , int y2 ) {"
40,male,25298874354,line 2,60,"private int x1 , y1 , x2 , y2 ;"
40,male,25299354338,line 9,144,public int width ( ) { return this.x2 - this.x1 ; }
40,male,25300498224,line 2,108,"private int x1 , y1 , x2 , y2 ;"
40,male,25300626206,line 11,60,public double area ( ) { return this.width ( ) * this.height ( ) ; }
40,male,25301138137,line 10,84,public int height ( ) { return this.y2 - this.y1 ; }
40,male,25301278169,line 9,72,public int width ( ) { return this.x2 - this.x1 ; }
40,male,25301462191,line 9,64,public int width ( ) { return this.x2 - this.x1 ; }
40,male,25301610118,line 9,144,public int width ( ) { return this.x2 - this.x1 ; }
40,male,25301970036,line 9,332,public int width ( ) { return this.x2 - this.x1 ; }
40,male,25302034043,line 9,60,public int width ( ) { return this.x2 - this.x1 ; }
40,male,25302630082,line 2,204,"private int x1 , y1 , x2 , y2 ;"
40,male,25302782067,line 2,124,"private int x1 , y1 , x2 , y2 ;"
40,male,25302894016,line 2,108,"private int x1 , y1 , x2 , y2 ;"
40,male,25303101840,line 2,204,"private int x1 , y1 , x2 , y2 ;"
40,male,25303173866,line 2,68,"private int x1 , y1 , x2 , y2 ;"
40,male,25303409933,line 2,184,"private int x1 , y1 , x2 , y2 ;"
40,male,25303469944,line 2,56,"private int x1 , y1 , x2 , y2 ;"
40,male,25303621956,line 2,76,"private int x1 , y1 , x2 , y2 ;"
40,male,25303689966,line 2,64,"private int x1 , y1 , x2 , y2 ;"
40,male,25303813974,line 2,120,"private int x1 , y1 , x2 , y2 ;"
40,male,25304053785,line 2,116,"private int x1 , y1 , x2 , y2 ;"
40,male,25305209959,line 9,100,public int width ( ) { return this.x2 - this.x1 ; }
40,male,25305361922,line 9,104,public int width ( ) { return this.x2 - this.x1 ; }
40,male,25305485827,line 9,120,public int width ( ) { return this.x2 - this.x1 ; }
40,male,25305681807,line 9,68,public int width ( ) { return this.x2 - this.x1 ; }
40,male,25305809804,line 9,124,public int width ( ) { return this.x2 - this.x1 ; }
40,male,25306137853,line 1,176,public class Rectangle {
40,male,25306409653,line 2,148,"private int x1 , y1 , x2 , y2 ;"
40,male,25306509639,line 2,96,"private int x1 , y1 , x2 , y2 ;"
40,male,25306753820,line 2,172,"private int x1 , y1 , x2 , y2 ;"
40,male,25307005746,line 10,76,public int height ( ) { return this.y2 - this.y1 ; }
40,male,25307545665,line 10,64,public int height ( ) { return this.y2 - this.y1 ; }
40,male,25307621614,line 10,72,public int height ( ) { return this.y2 - this.y1 ; }
40,male,25307849424,line 10,76,public int height ( ) { return this.y2 - this.y1 ; }
40,male,25308005777,line 9,92,public int width ( ) { return this.x2 - this.x1 ; }
40,male,25308137871,line 9,116,public int width ( ) { return this.x2 - this.x1 ; }
40,male,25308273785,line 9,60,public int width ( ) { return this.x2 - this.x1 ; }
40,male,25308837454,line 10,132,public int height ( ) { return this.y2 - this.y1 ; }
40,male,25309117560,line 10,64,public int height ( ) { return this.y2 - this.y1 ; }
40,male,25309217549,line 10,96,public int height ( ) { return this.y2 - this.y1 ; }
40,male,25309305433,line 10,84,public int height ( ) { return this.y2 - this.y1 ; }
40,male,25309501282,line 9,64,public int width ( ) { return this.x2 - this.x1 ; }
40,male,25309605362,line 9,100,public int width ( ) { return this.x2 - this.x1 ; }
40,male,25309677419,line 10,68,public int height ( ) { return this.y2 - this.y1 ; }
40,male,25309753427,line 10,72,public int height ( ) { return this.y2 - this.y1 ; }
40,male,25310093672,line 10,72,public int height ( ) { return this.y2 - this.y1 ; }
40,male,25310185536,line 10,88,public int height ( ) { return this.y2 - this.y1 ; }
40,male,25310385393,line 10,132,public int height ( ) { return this.y2 - this.y1 ; }
40,male,25310457388,line 10,68,public int height ( ) { return this.y2 - this.y1 ; }
40,male,25310905299,line 2,212,"private int x1 , y1 , x2 , y2 ;"
40,male,25311093282,line 10,104,public int height ( ) { return this.y2 - this.y1 ; }
40,male,25311225283,line 11,96,public double area ( ) { return this.width ( ) * this.height ( ) ; }
40,male,25312805140,line 10,64,public int height ( ) { return this.y2 - this.y1 ; }
40,male,25312985158,line 10,176,public int height ( ) { return this.y2 - this.y1 ; }
40,male,25313205146,line 9,68,public int width ( ) { return this.x2 - this.x1 ; }
40,male,25313301141,line 9,64,public int width ( ) { return this.x2 - this.x1 ; }
40,male,25313385147,line 10,80,public int height ( ) { return this.y2 - this.y1 ; }
40,male,25313577137,line 10,56,public int height ( ) { return this.y2 - this.y1 ; }
40,male,25313649124,line 10,68,public int height ( ) { return this.y2 - this.y1 ; }
40,male,25313789172,line 10,80,public int height ( ) { return this.y2 - this.y1 ; }
40,male,25313941087,line 10,148,public int height ( ) { return this.y2 - this.y1 ; }
40,male,25314156890,line 10,212,public int height ( ) { return this.y2 - this.y1 ; }
40,male,25314797002,line 9,144,public int width ( ) { return this.x2 - this.x1 ; }
40,male,25317456699,line 10,60,public int height ( ) { return this.y2 - this.y1 ; }
40,male,25317536730,line 10,76,public int height ( ) { return this.y2 - this.y1 ; }
40,male,25317716754,line 10,56,public int height ( ) { return this.y2 - this.y1 ; }
40,male,25317928747,line 12,80,public static void main ( String [ ] args ) {
40,male,25318328735,line 10,92,public int height ( ) { return this.y2 - this.y1 ; }
40,male,25318924168,line 10,64,public int height ( ) { return this.y2 - this.y1 ; }
40,male,25319012144,line 11,84,public double area ( ) { return this.width ( ) * this.height ( ) ; }
40,male,25319076275,line 11,60,public double area ( ) { return this.width ( ) * this.height ( ) ; }
40,male,25319244712,line 11,84,public double area ( ) { return this.width ( ) * this.height ( ) ; }
40,male,25319584731,line 11,72,public double area ( ) { return this.width ( ) * this.height ( ) ; }
40,male,25319912564,line 10,116,public int height ( ) { return this.y2 - this.y1 ; }
40,male,25319976561,line 11,60,public double area ( ) { return this.width ( ) * this.height ( ) ; }
40,male,25320136572,line 11,72,public double area ( ) { return this.width ( ) * this.height ( ) ; }
40,male,25320540395,line 11,88,public double area ( ) { return this.width ( ) * this.height ( ) ; }
40,male,25320752488,line 11,56,public double area ( ) { return this.width ( ) * this.height ( ) ; }
40,male,25321532446,line 12,56,public static void main ( String [ ] args ) {
40,male,25321692485,line 12,80,public static void main ( String [ ] args ) {
40,male,25322892406,line 12,60,public static void main ( String [ ] args ) {
40,male,25322964390,line 13,68,"Rectangle rect1 = new Rectangle ( 0 , 0 , 10 , 10 ) ;"
40,male,25323668172,line 12,56,public static void main ( String [ ] args ) {
40,male,25323872207,line 13,72,"Rectangle rect1 = new Rectangle ( 0 , 0 , 10 , 10 ) ;"
40,male,25324140211,line 13,140,"Rectangle rect1 = new Rectangle ( 0 , 0 , 10 , 10 ) ;"
40,male,25324240216,line 13,96,"Rectangle rect1 = new Rectangle ( 0 , 0 , 10 , 10 ) ;"
40,male,25324340211,line 14,96,System.out.println ( rect1.area ( ) ) ;
40,male,25324456197,line 13,100,"Rectangle rect1 = new Rectangle ( 0 , 0 , 10 , 10 ) ;"
40,male,25324520210,line 13,60,"Rectangle rect1 = new Rectangle ( 0 , 0 , 10 , 10 ) ;"
40,male,25325248015,line 13,84,"Rectangle rect1 = new Rectangle ( 0 , 0 , 10 , 10 ) ;"
40,male,25325448039,line 13,76,"Rectangle rect1 = new Rectangle ( 0 , 0 , 10 , 10 ) ;"
40,male,25325944085,line 13,60,"Rectangle rect1 = new Rectangle ( 0 , 0 , 10 , 10 ) ;"
40,male,25326332098,line 13,144,"Rectangle rect1 = new Rectangle ( 0 , 0 , 10 , 10 ) ;"
40,male,25327107944,line 9,56,public int width ( ) { return this.x2 - this.x1 ; }
40,male,25327375912,line 9,56,public int width ( ) { return this.x2 - this.x1 ; }
40,male,25327447829,line 9,68,public int width ( ) { return this.x2 - this.x1 ; }
40,male,25327527748,line 9,76,public int width ( ) { return this.x2 - this.x1 ; }
40,male,25327815894,line 9,72,public int width ( ) { return this.x2 - this.x1 ; }
40,male,25328839782,line 13,92,"Rectangle rect1 = new Rectangle ( 0 , 0 , 10 , 10 ) ;"
40,male,25328923817,line 13,60,"Rectangle rect1 = new Rectangle ( 0 , 0 , 10 , 10 ) ;"
40,male,25329007845,line 13,80,"Rectangle rect1 = new Rectangle ( 0 , 0 , 10 , 10 ) ;"
40,male,25329463875,line 15,64,"Rectangle rect2 = new Rectangle ( 5 , 5 , 10 , 10 ) ;"
40,male,25329631962,line 13,140,"Rectangle rect1 = new Rectangle ( 0 , 0 , 10 , 10 ) ;"
40,male,25329775727,line 14,92,System.out.println ( rect1.area ( ) ) ;
40,male,25329943648,line 14,96,System.out.println ( rect1.area ( ) ) ;
40,male,25330135686,line 15,168,"Rectangle rect2 = new Rectangle ( 5 , 5 , 10 , 10 ) ;"
40,male,25330287625,line 15,148,"Rectangle rect2 = new Rectangle ( 5 , 5 , 10 , 10 ) ;"
40,male,25330367608,line 14,68,System.out.println ( rect1.area ( ) ) ;
40,male,25330763699,line 14,96,System.out.println ( rect1.area ( ) ) ;
40,male,25331059708,line 14,56,System.out.println ( rect1.area ( ) ) ;
40,male,25331395649,line 15,132,"Rectangle rect2 = new Rectangle ( 5 , 5 , 10 , 10 ) ;"
40,male,25331571499,line 15,144,"Rectangle rect2 = new Rectangle ( 5 , 5 , 10 , 10 ) ;"
40,male,25331711484,line 15,136,"Rectangle rect2 = new Rectangle ( 5 , 5 , 10 , 10 ) ;"
40,male,25331875546,line 15,160,"Rectangle rect2 = new Rectangle ( 5 , 5 , 10 , 10 ) ;"
40,male,25332047506,line 15,68,"Rectangle rect2 = new Rectangle ( 5 , 5 , 10 , 10 ) ;"
40,male,25332643534,line 13,96,"Rectangle rect1 = new Rectangle ( 0 , 0 , 10 , 10 ) ;"
40,male,25333011322,line 15,104,"Rectangle rect2 = new Rectangle ( 5 , 5 , 10 , 10 ) ;"
40,male,25333115293,line 16,68,System.out.println ( rect2.area ( ) ) ;
40,male,25333355088,line 16,204,System.out.println ( rect2.area ( ) ) ;
40,male,25333443287,line 16,72,System.out.println ( rect2.area ( ) ) ;
40,male,25333519372,line 16,72,System.out.println ( rect2.area ( ) ) ;
40,male,25333707409,line 15,132,"Rectangle rect2 = new Rectangle ( 5 , 5 , 10 , 10 ) ;"
40,male,25334111096,line 14,76,System.out.println ( rect1.area ( ) ) ;
40,male,25334343303,line 11,72,public double area ( ) { return this.width ( ) * this.height ( ) ; }
40,male,25334591168,line 10,60,public int height ( ) { return this.y2 - this.y1 ; }
40,male,25334719231,line 9,96,public int width ( ) { return this.x2 - this.x1 ; }
40,male,25335191313,line 10,124,public int height ( ) { return this.y2 - this.y1 ; }
40,male,25335411289,line 16,64,System.out.println ( rect2.area ( ) ) ;
40,male,25335563264,line 16,148,System.out.println ( rect2.area ( ) ) ;
40,male,25336763149,line 7,64,this.y2 = y2 ;
40,male,25336959120,line 7,116,this.y2 = y2 ;
40,male,25337187162,line 1,124,public class Rectangle {
40,male,25337275189,line 2,84,"private int x1 , y1 , x2 , y2 ;"
45,male,707550974,line 3,156,"public Rectangle ( int x1 , int y1 , int x2 , int y2 ) {"
45,male,707695043,line 3,116,"public Rectangle ( int x1 , int y1 , int x2 , int y2 ) {"
45,male,707867011,line 3,168,"public Rectangle ( int x1 , int y1 , int x2 , int y2 ) {"
45,male,708191045,line 3,64,"public Rectangle ( int x1 , int y1 , int x2 , int y2 ) {"
45,male,708419074,line 4,152,this.x1 = x1 ;
45,male,709050837,line 4,180,this.x1 = x1 ;
45,male,709114815,line 4,60,this.x1 = x1 ;
45,male,709378867,line 4,184,this.x1 = x1 ;
45,male,709866941,line 2,64,"private int x1 , y1 , x2 , y2 ;"
45,male,710050969,line 3,156,"public Rectangle ( int x1 , int y1 , int x2 , int y2 ) {"
45,male,710190921,line 3,136,"public Rectangle ( int x1 , int y1 , int x2 , int y2 ) {"
45,male,710538584,line 3,304,"public Rectangle ( int x1 , int y1 , int x2 , int y2 ) {"
45,male,710738675,line 3,176,"public Rectangle ( int x1 , int y1 , int x2 , int y2 ) {"
45,male,711122730,line 3,92,"public Rectangle ( int x1 , int y1 , int x2 , int y2 ) {"
45,male,711242740,line 3,116,"public Rectangle ( int x1 , int y1 , int x2 , int y2 ) {"
45,male,711390769,line 3,104,"public Rectangle ( int x1 , int y1 , int x2 , int y2 ) {"
45,male,711458793,line 3,64,"public Rectangle ( int x1 , int y1 , int x2 , int y2 ) {"
45,male,711538822,line 3,76,"public Rectangle ( int x1 , int y1 , int x2 , int y2 ) {"
45,male,711758821,line 3,192,"public Rectangle ( int x1 , int y1 , int x2 , int y2 ) {"
45,male,711886767,line 3,124,"public Rectangle ( int x1 , int y1 , int x2 , int y2 ) {"
45,male,711990745,line 3,76,"public Rectangle ( int x1 , int y1 , int x2 , int y2 ) {"
45,male,712090736,line 3,96,"public Rectangle ( int x1 , int y1 , int x2 , int y2 ) {"
45,male,712250726,line 3,108,"public Rectangle ( int x1 , int y1 , int x2 , int y2 ) {"
45,male,712354649,line 3,100,"public Rectangle ( int x1 , int y1 , int x2 , int y2 ) {"
45,male,712550571,line 3,144,"public Rectangle ( int x1 , int y1 , int x2 , int y2 ) {"
45,male,712674595,line 3,120,"public Rectangle ( int x1 , int y1 , int x2 , int y2 ) {"
45,male,712742596,line 3,64,"public Rectangle ( int x1 , int y1 , int x2 , int y2 ) {"
45,male,713090566,line 3,128,"public Rectangle ( int x1 , int y1 , int x2 , int y2 ) {"
45,male,713234622,line 3,96,"public Rectangle ( int x1 , int y1 , int x2 , int y2 ) {"
45,male,713458621,line 3,148,"public Rectangle ( int x1 , int y1 , int x2 , int y2 ) {"
45,male,713814650,line 4,308,this.x1 = x1 ;
45,male,713966646,line 4,108,this.x1 = x1 ;
45,male,714822547,line 3,132,"public Rectangle ( int x1 , int y1 , int x2 , int y2 ) {"
45,male,715974314,line 4,152,this.x1 = x1 ;
45,male,716138218,line 4,160,this.x1 = x1 ;
45,male,716210267,line 4,68,this.x1 = x1 ;
45,male,716754443,line 4,180,this.x1 = x1 ;
45,male,717394355,line 3,104,"public Rectangle ( int x1 , int y1 , int x2 , int y2 ) {"
45,male,717514372,line 3,72,"public Rectangle ( int x1 , int y1 , int x2 , int y2 ) {"
45,male,717826101,line 4,116,this.x1 = x1 ;
45,male,718026192,line 3,60,"public Rectangle ( int x1 , int y1 , int x2 , int y2 ) {"
45,male,718090237,line 3,60,"public Rectangle ( int x1 , int y1 , int x2 , int y2 ) {"
45,male,718198265,line 3,104,"public Rectangle ( int x1 , int y1 , int x2 , int y2 ) {"
45,male,718350283,line 3,96,"public Rectangle ( int x1 , int y1 , int x2 , int y2 ) {"
45,male,718454284,line 2,100,"private int x1 , y1 , x2 , y2 ;"
45,male,718606301,line 4,120,this.x1 = x1 ;
45,male,718782289,line 2,104,"private int x1 , y1 , x2 , y2 ;"
45,male,719018244,line 2,76,"private int x1 , y1 , x2 , y2 ;"
45,male,719146247,line 3,60,"public Rectangle ( int x1 , int y1 , int x2 , int y2 ) {"
45,male,719298257,line 3,112,"public Rectangle ( int x1 , int y1 , int x2 , int y2 ) {"
45,male,719510219,line 3,76,"public Rectangle ( int x1 , int y1 , int x2 , int y2 ) {"
45,male,719606159,line 3,68,"public Rectangle ( int x1 , int y1 , int x2 , int y2 ) {"
45,male,719718065,line 3,64,"public Rectangle ( int x1 , int y1 , int x2 , int y2 ) {"
45,male,720058148,line 3,180,"public Rectangle ( int x1 , int y1 , int x2 , int y2 ) {"
45,male,720450056,line 7,76,this.y2 = y2 ;
45,male,720698018,line 7,216,this.y2 = y2 ;
45,male,720910089,line 9,168,public int width ( ) { return this.x2 - this.x1 ; }
45,male,720994099,line 9,64,public int width ( ) { return this.x2 - this.x1 ; }
45,male,721462083,line 9,64,public int width ( ) { return this.x2 - this.x1 ; }
45,male,721573941,line 9,108,public int width ( ) { return this.x2 - this.x1 ; }
45,male,721741852,line 9,128,public int width ( ) { return this.x2 - this.x1 ; }
45,male,721913946,line 9,56,public int width ( ) { return this.x2 - this.x1 ; }
45,male,722209983,line 9,72,public int width ( ) { return this.x2 - this.x1 ; }
45,male,722325955,line 9,112,public int width ( ) { return this.x2 - this.x1 ; }
45,male,722401943,line 9,60,public int width ( ) { return this.x2 - this.x1 ; }
45,male,722549943,line 10,144,public int height ( ) { return this.y2 - this.y1 ; }
45,male,722649953,line 10,96,public int height ( ) { return this.y2 - this.y1 ; }
45,male,722809994,line 10,104,public int height ( ) { return this.y2 - this.y1 ; }
45,male,723010147,line 10,112,public int height ( ) { return this.y2 - this.y1 ; }
45,male,723697901,line 11,88,public double area ( ) { return this.width ( ) * this.height ( ) ; }
45,male,724049762,line 10,240,public int height ( ) { return this.y2 - this.y1 ; }
45,male,724345877,line 10,176,public int height ( ) { return this.y2 - this.y1 ; }
45,male,724805958,line 12,56,public static void main ( String [ ] args ) {
45,male,724933901,line 12,124,public static void main ( String [ ] args ) {
45,male,725029850,line 12,92,public static void main ( String [ ] args ) {
45,male,725101842,line 11,68,public double area ( ) { return this.width ( ) * this.height ( ) ; }
45,male,725405766,line 11,240,public double area ( ) { return this.width ( ) * this.height ( ) ; }
45,male,725561725,line 11,152,public double area ( ) { return this.width ( ) * this.height ( ) ; }
45,male,725653718,line 11,88,public double area ( ) { return this.width ( ) * this.height ( ) ; }
45,male,725757740,line 11,100,public double area ( ) { return this.width ( ) * this.height ( ) ; }
45,male,725933764,line 11,68,public double area ( ) { return this.width ( ) * this.height ( ) ; }
45,male,726097765,line 11,136,public double area ( ) { return this.width ( ) * this.height ( ) ; }
45,male,726237752,line 11,136,public double area ( ) { return this.width ( ) * this.height ( ) ; }
45,male,726457787,line 10,168,public int height ( ) { return this.y2 - this.y1 ; }
45,male,726673811,line 10,172,public int height ( ) { return this.y2 - this.y1 ; }
45,male,726745811,line 10,68,public int height ( ) { return this.y2 - this.y1 ; }
45,male,726821811,line 10,72,public int height ( ) { return this.y2 - this.y1 ; }
45,male,726997787,line 10,56,public int height ( ) { return this.y2 - this.y1 ; }
45,male,727073759,line 10,56,public int height ( ) { return this.y2 - this.y1 ; }
45,male,727169674,line 9,92,public int width ( ) { return this.x2 - this.x1 ; }
45,male,727269594,line 9,96,public int width ( ) { return this.x2 - this.x1 ; }
45,male,727337591,line 9,64,public int width ( ) { return this.x2 - this.x1 ; }
45,male,727421585,line 9,80,public int width ( ) { return this.x2 - this.x1 ; }
45,male,727961690,line 10,140,public int height ( ) { return this.y2 - this.y1 ; }
45,male,728217667,line 9,136,public int width ( ) { return this.x2 - this.x1 ; }
45,male,728397672,line 9,132,public int width ( ) { return this.x2 - this.x1 ; }
45,male,728501685,line 9,100,public int width ( ) { return this.x2 - this.x1 ; }
45,male,728665663,line 9,160,public int width ( ) { return this.x2 - this.x1 ; }
45,male,728841623,line 9,172,public int width ( ) { return this.x2 - this.x1 ; }
45,male,728961556,line 9,116,public int width ( ) { return this.x2 - this.x1 ; }
45,male,729317515,line 9,100,public int width ( ) { return this.x2 - this.x1 ; }
45,male,729545511,line 10,188,public int height ( ) { return this.y2 - this.y1 ; }
45,male,729753472,line 10,152,public int height ( ) { return this.y2 - this.y1 ; }
45,male,729841491,line 10,72,public int height ( ) { return this.y2 - this.y1 ; }
45,male,730321514,line 10,68,public int height ( ) { return this.y2 - this.y1 ; }
45,male,730569546,line 10,176,public int height ( ) { return this.y2 - this.y1 ; }
45,male,730745421,line 10,132,public int height ( ) { return this.y2 - this.y1 ; }
45,male,730821368,line 10,56,public int height ( ) { return this.y2 - this.y1 ; }
45,male,731049395,line 10,224,public int height ( ) { return this.y2 - this.y1 ; }
45,male,731149405,line 10,72,public int height ( ) { return this.y2 - this.y1 ; }
45,male,731481416,line 11,140,public double area ( ) { return this.width ( ) * this.height ( ) ; }
45,male,731753431,line 11,236,public double area ( ) { return this.width ( ) * this.height ( ) ; }
45,male,731965421,line 12,76,public static void main ( String [ ] args ) {
45,male,732093415,line 12,60,public static void main ( String [ ] args ) {
45,male,732217426,line 12,120,public static void main ( String [ ] args ) {
45,male,732393412,line 12,60,public static void main ( String [ ] args ) {
45,male,732589382,line 12,192,public static void main ( String [ ] args ) {
45,male,732745324,line 11,100,public double area ( ) { return this.width ( ) * this.height ( ) ; }
45,male,732809283,line 12,60,public static void main ( String [ ] args ) {
45,male,732965272,line 12,104,public static void main ( String [ ] args ) {
45,male,733433341,line 14,76,System.out.println ( rect1.area ( ) ) ;
45,male,733641251,line 12,64,public static void main ( String [ ] args ) {
45,male,733705258,line 12,60,public static void main ( String [ ] args ) {
45,male,733797277,line 12,88,public static void main ( String [ ] args ) {
45,male,734652936,line 13,60,"Rectangle rect1 = new Rectangle ( 0 , 0 , 10 , 10 ) ;"
45,male,734813076,line 14,60,System.out.println ( rect1.area ( ) ) ;
45,male,734893139,line 14,76,System.out.println ( rect1.area ( ) ) ;
45,male,735053220,line 13,156,"Rectangle rect1 = new Rectangle ( 0 , 0 , 10 , 10 ) ;"
45,male,735653159,line 13,88,"Rectangle rect1 = new Rectangle ( 0 , 0 , 10 , 10 ) ;"
45,male,735789150,line 13,116,"Rectangle rect1 = new Rectangle ( 0 , 0 , 10 , 10 ) ;"
45,male,736376966,line 14,104,System.out.println ( rect1.area ( ) ) ;
45,male,736645018,line 14,168,System.out.println ( rect1.area ( ) ) ;
45,male,736777062,line 14,80,System.out.println ( rect1.area ( ) ) ;
45,male,736865080,line 14,84,System.out.println ( rect1.area ( ) ) ;
45,male,737001074,line 14,88,System.out.println ( rect1.area ( ) ) ;
45,male,737089063,line 13,84,"Rectangle rect1 = new Rectangle ( 0 , 0 , 10 , 10 ) ;"
45,male,737197046,line 16,64,System.out.println ( rect2.area ( ) ) ;
45,male,737525043,line 16,68,System.out.println ( rect2.area ( ) ) ;
45,male,737664982,line 16,136,System.out.println ( rect2.area ( ) ) ;
45,male,737897035,line 16,56,System.out.println ( rect2.area ( ) ) ;
45,male,738124971,line 16,92,System.out.println ( rect2.area ( ) ) ;
45,male,738996861,line 16,212,System.out.println ( rect2.area ( ) ) ;
45,male,739124862,line 16,100,System.out.println ( rect2.area ( ) ) ;
45,male,739368860,line 15,96,"Rectangle rect2 = new Rectangle ( 5 , 5 , 10 , 10 ) ;"
45,male,739732865,line 15,224,"Rectangle rect2 = new Rectangle ( 5 , 5 , 10 , 10 ) ;"
45,male,739908862,line 16,116,System.out.println ( rect2.area ( ) ) ;
45,male,740384875,line 16,80,System.out.println ( rect2.area ( ) ) ;
45,male,740456877,line 16,68,System.out.println ( rect2.area ( ) ) ;
45,male,740628797,line 15,84,"Rectangle rect2 = new Rectangle ( 5 , 5 , 10 , 10 ) ;"
45,male,740716778,line 15,84,"Rectangle rect2 = new Rectangle ( 5 , 5 , 10 , 10 ) ;"
45,male,740784778,line 15,64,"Rectangle rect2 = new Rectangle ( 5 , 5 , 10 , 10 ) ;"
45,male,740940802,line 15,152,"Rectangle rect2 = new Rectangle ( 5 , 5 , 10 , 10 ) ;"
45,male,741624753,line 16,116,System.out.println ( rect2.area ( ) ) ;
45,male,741704748,line 16,76,System.out.println ( rect2.area ( ) ) ;
45,male,741816703,line 16,96,System.out.println ( rect2.area ( ) ) ;
45,male,742060523,line 14,72,System.out.println ( rect1.area ( ) ) ;
45,male,742168600,line 15,60,"Rectangle rect2 = new Rectangle ( 5 , 5 , 10 , 10 ) ;"
45,male,742240661,line 14,68,System.out.println ( rect1.area ( ) ) ;
45,male,742304685,line 14,60,System.out.println ( rect1.area ( ) ) ;
45,male,742456700,line 10,76,public int height ( ) { return this.y2 - this.y1 ; }
45,male,742560680,line 9,72,public int width ( ) { return this.x2 - this.x1 ; }
45,male,743100676,line 14,112,System.out.println ( rect1.area ( ) ) ;
45,male,743376690,line 13,200,"Rectangle rect1 = new Rectangle ( 0 , 0 , 10 , 10 ) ;"
45,male,744340522,line 15,72,"Rectangle rect2 = new Rectangle ( 5 , 5 , 10 , 10 ) ;"
45,male,744556493,line 16,60,System.out.println ( rect2.area ( ) ) ;
45,male,744632471,line 16,72,System.out.println ( rect2.area ( ) ) ;
45,male,744764488,line 15,60,"Rectangle rect2 = new Rectangle ( 5 , 5 , 10 , 10 ) ;"
45,male,744848505,line 15,80,"Rectangle rect2 = new Rectangle ( 5 , 5 , 10 , 10 ) ;"
45,male,745008522,line 15,60,"Rectangle rect2 = new Rectangle ( 5 , 5 , 10 , 10 ) ;"
45,male,745100531,line 15,88,"Rectangle rect2 = new Rectangle ( 5 , 5 , 10 , 10 ) ;"
45,male,745296546,line 15,140,"Rectangle rect2 = new Rectangle ( 5 , 5 , 10 , 10 ) ;"
45,male,745472550,line 15,148,"Rectangle rect2 = new Rectangle ( 5 , 5 , 10 , 10 ) ;"
45,male,745664418,line 15,148,"Rectangle rect2 = new Rectangle ( 5 , 5 , 10 , 10 ) ;"
45,male,746008449,line 15,280,"Rectangle rect2 = new Rectangle ( 5 , 5 , 10 , 10 ) ;"
45,male,746376369,line 15,316,"Rectangle rect2 = new Rectangle ( 5 , 5 , 10 , 10 ) ;"
45,male,746592415,line 11,112,public double area ( ) { return this.width ( ) * this.height ( ) ; }
45,male,746740439,line 11,60,public double area ( ) { return this.width ( ) * this.height ( ) ; }
45,male,747200414,line 13,144,"Rectangle rect1 = new Rectangle ( 0 , 0 , 10 , 10 ) ;"
45,male,747288398,line 12,84,public static void main ( String [ ] args ) {
45,male,747352394,line 12,60,public static void main ( String [ ] args ) {
45,male,747596300,line 11,216,public double area ( ) { return this.width ( ) * this.height ( ) ; }
45,male,747852274,line 11,196,public double area ( ) { return this.width ( ) * this.height ( ) ; }
45,male,748472254,line 12,88,public static void main ( String [ ] args ) {
45,male,748612273,line 12,136,public static void main ( String [ ] args ) {
45,male,748844293,line 12,64,public static void main ( String [ ] args ) {
45,male,749132225,line 12,284,public static void main ( String [ ] args ) {
45,male,749572165,line 12,88,public static void main ( String [ ] args ) {
45,male,749644157,line 12,68,public static void main ( String [ ] args ) {
45,male,749900205,line 11,192,public double area ( ) { return this.width ( ) * this.height ( ) ; }
45,male,750280164,line 12,148,public static void main ( String [ ] args ) {
45,male,750396156,line 12,112,public static void main ( String [ ] args ) {
45,male,750536147,line 12,136,public static void main ( String [ ] args ) {
45,male,750764187,line 12,116,public static void main ( String [ ] args ) {
45,male,750856217,line 12,88,public static void main ( String [ ] args ) {
45,male,751860035,line 10,64,public int height ( ) { return this.y2 - this.y1 ; }
45,male,751944086,line 10,80,public int height ( ) { return this.y2 - this.y1 ; }
45,male,752576090,line 12,92,public static void main ( String [ ] args ) {
45,male,752712086,line 11,100,public double area ( ) { return this.width ( ) * this.height ( ) ; }
45,male,753071888,line 12,60,public static void main ( String [ ] args ) {
45,male,753171768,line 12,96,public static void main ( String [ ] args ) {
45,male,753335803,line 13,84,"Rectangle rect1 = new Rectangle ( 0 , 0 , 10 , 10 ) ;"
45,male,753539958,line 13,152,"Rectangle rect1 = new Rectangle ( 0 , 0 , 10 , 10 ) ;"
45,male,753639983,line 16,56,System.out.println ( rect2.area ( ) ) ;
45,male,753807976,line 16,128,System.out.println ( rect2.area ( ) ) ;
45,male,753915923,line 15,104,"Rectangle rect2 = new Rectangle ( 5 , 5 , 10 , 10 ) ;"
45,male,754139882,line 16,132,System.out.println ( rect2.area ( ) ) ;
45,male,754247893,line 16,56,System.out.println ( rect2.area ( ) ) ;
45,male,754387911,line 16,136,System.out.println ( rect2.area ( ) ) ;
45,male,754495903,line 16,104,System.out.println ( rect2.area ( ) ) ;
45,male,759015558,line 15,116,"Rectangle rect2 = new Rectangle ( 5 , 5 , 10 , 10 ) ;"
45,male,759187539,line 16,72,System.out.println ( rect2.area ( ) ) ;
45,male,759491547,line 15,116,"Rectangle rect2 = new Rectangle ( 5 , 5 , 10 , 10 ) ;"
45,male,759663569,line 15,112,"Rectangle rect2 = new Rectangle ( 5 , 5 , 10 , 10 ) ;"
45,male,759807582,line 15,112,"Rectangle rect2 = new Rectangle ( 5 , 5 , 10 , 10 ) ;"
45,male,760275545,line 15,100,"Rectangle rect2 = new Rectangle ( 5 , 5 , 10 , 10 ) ;"
45,male,760535368,line 15,256,"Rectangle rect2 = new Rectangle ( 5 , 5 , 10 , 10 ) ;"
45,male,760715332,line 14,92,System.out.println ( rect1.area ( ) ) ;
45,male,760847383,line 14,128,System.out.println ( rect1.area ( ) ) ;
45,male,761263354,line 15,152,"Rectangle rect2 = new Rectangle ( 5 , 5 , 10 , 10 ) ;"
45,male,761639425,line 15,72,"Rectangle rect2 = new Rectangle ( 5 , 5 , 10 , 10 ) ;"
45,male,761771445,line 15,128,"Rectangle rect2 = new Rectangle ( 5 , 5 , 10 , 10 ) ;"
45,male,761987433,line 15,56,"Rectangle rect2 = new Rectangle ( 5 , 5 , 10 , 10 ) ;"
45,male,762231390,line 3,172,"public Rectangle ( int x1 , int y1 , int x2 , int y2 ) {"
45,male,762691317,line 2,92,"private int x1 , y1 , x2 , y2 ;"
45,male,762799307,line 3,104,"public Rectangle ( int x1 , int y1 , int x2 , int y2 ) {"
45,male,763087308,line 3,56,"public Rectangle ( int x1 , int y1 , int x2 , int y2 ) {"
45,male,765623172,line 3,104,"public Rectangle ( int x1 , int y1 , int x2 , int y2 ) {"
45,male,765683164,line 3,56,"public Rectangle ( int x1 , int y1 , int x2 , int y2 ) {"
45,male,765871154,line 3,100,"public Rectangle ( int x1 , int y1 , int x2 , int y2 ) {"
45,male,765991183,line 3,116,"public Rectangle ( int x1 , int y1 , int x2 , int y2 ) {"
45,male,766139160,line 3,56,"public Rectangle ( int x1 , int y1 , int x2 , int y2 ) {"
45,male,766263087,line 3,120,"public Rectangle ( int x1 , int y1 , int x2 , int y2 ) {"
45,male,767899029,line 5,164,this.y1 = y1 ;
45,male,768130898,line 6,176,this.x2 = x2 ;
45,male,768474926,line 7,256,this.y2 = y2 ;
45,male,768614953,line 7,104,this.y2 = y2 ;
45,male,769034972,line 7,416,this.y2 = y2 ;
45,male,769774778,line 3,72,"public Rectangle ( int x1 , int y1 , int x2 , int y2 ) {"
45,male,769874756,line 3,96,"public Rectangle ( int x1 , int y1 , int x2 , int y2 ) {"
45,male,770286843,line 3,252,"public Rectangle ( int x1 , int y1 , int x2 , int y2 ) {"
45,male,774602589,line 9,88,public int width ( ) { return this.x2 - this.x1 ; }
45,male,774702598,line 9,96,public int width ( ) { return this.x2 - this.x1 ; }
45,male,774918590,line 10,184,public int height ( ) { return this.y2 - this.y1 ; }
45,male,775138602,line 10,188,public int height ( ) { return this.y2 - this.y1 ; }
45,male,775602512,line 10,96,public int height ( ) { return this.y2 - this.y1 ; }
45,male,775830405,line 11,160,public double area ( ) { return this.width ( ) * this.height ( ) ; }
45,male,776086476,line 11,120,public double area ( ) { return this.width ( ) * this.height ( ) ; }
45,male,776474454,line 11,92,public double area ( ) { return this.width ( ) * this.height ( ) ; }
45,male,777106452,line 11,204,public double area ( ) { return this.width ( ) * this.height ( ) ; }
45,male,777226267,line 11,72,public double area ( ) { return this.width ( ) * this.height ( ) ; }
45,male,777358210,line 11,128,public double area ( ) { return this.width ( ) * this.height ( ) ; }
45,male,777506327,line 11,144,public double area ( ) { return this.width ( ) * this.height ( ) ; }
45,male,777610306,line 11,100,public double area ( ) { return this.width ( ) * this.height ( ) ; }
45,male,777706293,line 11,72,public double area ( ) { return this.width ( ) * this.height ( ) ; }
45,male,778298300,line 11,96,public double area ( ) { return this.width ( ) * this.height ( ) ; }
45,male,778618400,line 11,124,public double area ( ) { return this.width ( ) * this.height ( ) ; }
45,male,778926320,line 11,304,public double area ( ) { return this.width ( ) * this.height ( ) ; }
45,male,779022173,line 11,92,public double area ( ) { return this.width ( ) * this.height ( ) ; }
45,male,779294150,line 10,144,public int height ( ) { return this.y2 - this.y1 ; }
45,male,779378177,line 10,80,public int height ( ) { return this.y2 - this.y1 ; }
45,male,779522178,line 11,140,public double area ( ) { return this.width ( ) * this.height ( ) ; }
45,male,779918189,line 12,96,public static void main ( String [ ] args ) {
45,male,780022174,line 11,100,public double area ( ) { return this.width ( ) * this.height ( ) ; }
45,male,780122197,line 11,88,public double area ( ) { return this.width ( ) * this.height ( ) ; }
45,male,780238248,line 11,112,public double area ( ) { return this.width ( ) * this.height ( ) ; }
45,male,781258052,line 11,136,public double area ( ) { return this.width ( ) * this.height ( ) ; }
45,male,781442065,line 11,180,public double area ( ) { return this.width ( ) * this.height ( ) ; }
45,male,782382134,line 13,76,"Rectangle rect1 = new Rectangle ( 0 , 0 , 10 , 10 ) ;"
45,male,782506187,line 13,120,"Rectangle rect1 = new Rectangle ( 0 , 0 , 10 , 10 ) ;"
45,male,782622121,line 13,112,"Rectangle rect1 = new Rectangle ( 0 , 0 , 10 , 10 ) ;"
45,male,782801841,line 12,176,public static void main ( String [ ] args ) {
45,male,782989728,line 11,88,public double area ( ) { return this.width ( ) * this.height ( ) ; }
45,male,783161877,line 11,168,public double area ( ) { return this.width ( ) * this.height ( ) ; }
45,male,783450018,line 11,252,public double area ( ) { return this.width ( ) * this.height ( ) ; }
45,male,783725983,line 11,272,public double area ( ) { return this.width ( ) * this.height ( ) ; }
45,male,783809984,line 11,80,public double area ( ) { return this.width ( ) * this.height ( ) ; }
45,male,784342138,line 12,88,public static void main ( String [ ] args ) {
45,male,784517888,line 11,172,public double area ( ) { return this.width ( ) * this.height ( ) ; }
45,male,784941807,line 11,84,public double area ( ) { return this.width ( ) * this.height ( ) ; }
45,male,785069851,line 11,124,public double area ( ) { return this.width ( ) * this.height ( ) ; }
45,male,785257816,line 11,116,public double area ( ) { return this.width ( ) * this.height ( ) ; }
45,male,785461886,line 11,156,public double area ( ) { return this.width ( ) * this.height ( ) ; }
45,male,785801856,line 11,192,public double area ( ) { return this.width ( ) * this.height ( ) ; }
45,male,785953844,line 11,80,public double area ( ) { return this.width ( ) * this.height ( ) ; }
45,male,786205937,line 11,128,public double area ( ) { return this.width ( ) * this.height ( ) ; }
45,male,786349883,line 12,88,public static void main ( String [ ] args ) {
45,male,786525598,line 12,172,public static void main ( String [ ] args ) {
45,male,786769630,line 12,188,public static void main ( String [ ] args ) {
45,male,786953640,line 12,136,public static void main ( String [ ] args ) {
45,male,787057728,line 12,100,public static void main ( String [ ] args ) {
45,male,787205762,line 12,144,public static void main ( String [ ] args ) {
45,male,787461734,line 14,232,System.out.println ( rect1.area ( ) ) ;
45,male,790049609,line 15,80,"Rectangle rect2 = new Rectangle ( 5 , 5 , 10 , 10 ) ;"
45,male,790161560,line 15,64,"Rectangle rect2 = new Rectangle ( 5 , 5 , 10 , 10 ) ;"
45,male,790265475,line 15,84,"Rectangle rect2 = new Rectangle ( 5 , 5 , 10 , 10 ) ;"
45,male,801724558,line 15,112,"Rectangle rect2 = new Rectangle ( 5 , 5 , 10 , 10 ) ;"
45,male,802034212,line 14,272,System.out.println ( rect1.area ( ) ) ;
45,male,802150780,line 15,76,"Rectangle rect2 = new Rectangle ( 5 , 5 , 10 , 10 ) ;"
45,male,802242983,line 15,88,"Rectangle rect2 = new Rectangle ( 5 , 5 , 10 , 10 ) ;"
45,male,802374892,line 16,60,System.out.println ( rect2.area ( ) ) ;
45,male,802498891,line 16,120,System.out.println ( rect2.area ( ) ) ;
45,male,802562908,line 16,60,System.out.println ( rect2.area ( ) ) ;
45,male,802734934,line 16,96,System.out.println ( rect2.area ( ) ) ;
45,male,802950950,line 16,132,System.out.println ( rect2.area ( ) ) ;
45,male,803170943,line 15,188,"Rectangle rect2 = new Rectangle ( 5 , 5 , 10 , 10 ) ;"
45,male,803386984,line 16,188,System.out.println ( rect2.area ( ) ) ;
45,male,803634702,line 16,200,System.out.println ( rect2.area ( ) ) ;
45,male,803970797,line 13,80,"Rectangle rect1 = new Rectangle ( 0 , 0 , 10 , 10 ) ;"
45,male,804334833,line 13,144,"Rectangle rect1 = new Rectangle ( 0 , 0 , 10 , 10 ) ;"
45,male,805030806,line 13,100,"Rectangle rect1 = new Rectangle ( 0 , 0 , 10 , 10 ) ;"
45,male,805222817,line 13,188,"Rectangle rect1 = new Rectangle ( 0 , 0 , 10 , 10 ) ;"
45,male,805474797,line 13,248,"Rectangle rect1 = new Rectangle ( 0 , 0 , 10 , 10 ) ;"
45,male,805950740,line 15,112,"Rectangle rect2 = new Rectangle ( 5 , 5 , 10 , 10 ) ;"
45,male,806158664,line 15,204,"Rectangle rect2 = new Rectangle ( 5 , 5 , 10 , 10 ) ;"
45,male,806322712,line 15,160,"Rectangle rect2 = new Rectangle ( 5 , 5 , 10 , 10 ) ;"
45,male,806690710,line 15,328,"Rectangle rect2 = new Rectangle ( 5 , 5 , 10 , 10 ) ;"
45,male,807470522,line 15,92,"Rectangle rect2 = new Rectangle ( 5 , 5 , 10 , 10 ) ;"
45,male,807550529,line 15,76,"Rectangle rect2 = new Rectangle ( 5 , 5 , 10 , 10 ) ;"
45,male,807890545,line 15,92,"Rectangle rect2 = new Rectangle ( 5 , 5 , 10 , 10 ) ;"
45,male,808218574,line 15,324,"Rectangle rect2 = new Rectangle ( 5 , 5 , 10 , 10 ) ;"
45,male,808382564,line 15,160,"Rectangle rect2 = new Rectangle ( 5 , 5 , 10 , 10 ) ;"
45,male,809026616,line 15,180,"Rectangle rect2 = new Rectangle ( 5 , 5 , 10 , 10 ) ;"
45,male,809170600,line 14,140,System.out.println ( rect1.area ( ) ) ;
45,male,811223058,line 10,108,public int height ( ) { return this.y2 - this.y1 ; }
53,male,3743713972,line 6,56,this.x2 = x2 ;
53,male,3744128227,line 3,352,"public Rectangle ( int x1 , int y1 , int x2 , int y2 ) {"
53,male,3744364217,line 5,192,this.y1 = y1 ;
53,male,3744548205,line 3,100,"public Rectangle ( int x1 , int y1 , int x2 , int y2 ) {"
53,male,3744616198,line 3,56,"public Rectangle ( int x1 , int y1 , int x2 , int y2 ) {"
53,male,3744752207,line 3,132,"public Rectangle ( int x1 , int y1 , int x2 , int y2 ) {"
53,male,3744840223,line 3,60,"public Rectangle ( int x1 , int y1 , int x2 , int y2 ) {"
53,male,3744992245,line 3,148,"public Rectangle ( int x1 , int y1 , int x2 , int y2 ) {"
53,male,3745152276,line 3,156,"public Rectangle ( int x1 , int y1 , int x2 , int y2 ) {"
53,male,3745260285,line 3,100,"public Rectangle ( int x1 , int y1 , int x2 , int y2 ) {"
53,male,3745428276,line 1,96,public class Rectangle {
53,male,3745560246,line 1,104,public class Rectangle {
53,male,3747276141,line 1,60,public class Rectangle {
53,male,3747352163,line 1,72,public class Rectangle {
53,male,3747683878,line 2,96,"private int x1 , y1 , x2 , y2 ;"
53,male,3747967991,line 2,64,"private int x1 , y1 , x2 , y2 ;"
53,male,3748204028,line 1,56,public class Rectangle {
53,male,3748391987,line 2,64,"private int x1 , y1 , x2 , y2 ;"
53,male,3748523930,line 2,68,"private int x1 , y1 , x2 , y2 ;"
53,male,3748676011,line 2,88,"private int x1 , y1 , x2 , y2 ;"
53,male,3748748012,line 2,68,"private int x1 , y1 , x2 , y2 ;"
53,male,3749056007,line 2,212,"private int x1 , y1 , x2 , y2 ;"
53,male,3749164025,line 1,64,public class Rectangle {
53,male,3749256047,line 1,56,public class Rectangle {
53,male,3749351989,line 2,92,"private int x1 , y1 , x2 , y2 ;"
53,male,3749479745,line 1,80,public class Rectangle {
53,male,3749603730,line 2,72,"private int x1 , y1 , x2 , y2 ;"
53,male,3749859831,line 1,80,public class Rectangle {
53,male,3750051886,line 1,56,public class Rectangle {
53,male,3750663914,line 2,76,"private int x1 , y1 , x2 , y2 ;"
53,male,3750751911,line 2,64,"private int x1 , y1 , x2 , y2 ;"
53,male,3750995876,line 1,60,public class Rectangle {
53,male,3751615692,line 2,72,"private int x1 , y1 , x2 , y2 ;"
53,male,3751751685,line 2,80,"private int x1 , y1 , x2 , y2 ;"
53,male,3752035688,line 3,84,"public Rectangle ( int x1 , int y1 , int x2 , int y2 ) {"
53,male,3752095674,line 3,56,"public Rectangle ( int x1 , int y1 , int x2 , int y2 ) {"
53,male,3752275721,line 3,128,"public Rectangle ( int x1 , int y1 , int x2 , int y2 ) {"
53,male,3752459738,line 2,72,"private int x1 , y1 , x2 , y2 ;"
53,male,3752523720,line 2,60,"private int x1 , y1 , x2 , y2 ;"
53,male,3752591690,line 2,64,"private int x1 , y1 , x2 , y2 ;"
53,male,3752675688,line 2,60,"private int x1 , y1 , x2 , y2 ;"
53,male,3752935752,line 3,80,"public Rectangle ( int x1 , int y1 , int x2 , int y2 ) {"
53,male,3753487594,line 3,72,"public Rectangle ( int x1 , int y1 , int x2 , int y2 ) {"
53,male,3753567614,line 4,76,this.x1 = x1 ;
53,male,3753723641,line 3,108,"public Rectangle ( int x1 , int y1 , int x2 , int y2 ) {"
53,male,3753867603,line 3,100,"public Rectangle ( int x1 , int y1 , int x2 , int y2 ) {"
53,male,3754427661,line 2,92,"private int x1 , y1 , x2 , y2 ;"
53,male,3754595629,line 1,80,public class Rectangle {
53,male,3754687607,line 1,60,public class Rectangle {
53,male,3754815660,line 1,84,public class Rectangle {
53,male,3754875686,line 1,56,public class Rectangle {
53,male,3755051523,line 1,120,public class Rectangle {
53,male,3755223481,line 3,84,"public Rectangle ( int x1 , int y1 , int x2 , int y2 ) {"
53,male,3755383470,line 3,68,"public Rectangle ( int x1 , int y1 , int x2 , int y2 ) {"
53,male,3755507457,line 4,56,this.x1 = x1 ;
53,male,3755775541,line 4,144,this.x1 = x1 ;
53,male,3755991535,line 7,96,this.y2 = y2 ;
53,male,3756051476,line 7,56,this.y2 = y2 ;
53,male,3757427351,line 9,76,public int width ( ) { return this.x2 - this.x1 ; }
53,male,3758099365,line 9,60,public int width ( ) { return this.x2 - this.x1 ; }
53,male,3758207362,line 9,104,public int width ( ) { return this.x2 - this.x1 ; }
53,male,3758779276,line 9,80,public int width ( ) { return this.x2 - this.x1 ; }
53,male,3758839251,line 9,56,public int width ( ) { return this.x2 - this.x1 ; }
53,male,3759063220,line 7,84,this.y2 = y2 ;
53,male,3760087248,line 7,64,this.y2 = y2 ;
53,male,3760215242,line 7,124,this.y2 = y2 ;
53,male,3760319223,line 7,64,this.y2 = y2 ;
53,male,3761307108,line 7,64,this.y2 = y2 ;
53,male,3762087063,line 10,60,public int height ( ) { return this.y2 - this.y1 ; }
53,male,3762159059,line 11,68,public double area ( ) { return this.width ( ) * this.height ( ) ; }
53,male,3762514943,line 9,124,public int width ( ) { return this.x2 - this.x1 ; }
53,male,3762582856,line 9,64,public int width ( ) { return this.x2 - this.x1 ; }
53,male,3762658843,line 9,60,public int width ( ) { return this.x2 - this.x1 ; }
53,male,3762874967,line 9,64,public int width ( ) { return this.x2 - this.x1 ; }
53,male,3764198943,line 9,60,public int width ( ) { return this.x2 - this.x1 ; }
53,male,3764486743,line 11,92,public double area ( ) { return this.width ( ) * this.height ( ) ; }
53,male,3764962843,line 9,64,public int width ( ) { return this.x2 - this.x1 ; }
53,male,3766254504,line 11,72,public double area ( ) { return this.width ( ) * this.height ( ) ; }
53,male,3766314495,line 11,56,public double area ( ) { return this.width ( ) * this.height ( ) ; }
53,male,3767082565,line 11,308,public double area ( ) { return this.width ( ) * this.height ( ) ; }
53,male,3767162599,line 10,56,public int height ( ) { return this.y2 - this.y1 ; }
53,male,3767258649,line 10,92,public int height ( ) { return this.y2 - this.y1 ; }
53,male,3767406639,line 4,68,this.x1 = x1 ;
53,male,3767494622,line 4,84,this.x1 = x1 ;
53,male,3767826669,line 2,64,"private int x1 , y1 , x2 , y2 ;"
53,male,3767918667,line 1,64,public class Rectangle {
53,male,3768046685,line 1,88,public class Rectangle {
53,male,3768554579,line 2,136,"private int x1 , y1 , x2 , y2 ;"
53,male,3769214587,line 9,104,public int width ( ) { return this.x2 - this.x1 ; }
53,male,3769502601,line 13,168,"Rectangle rect1 = new Rectangle ( 0 , 0 , 10 , 10 ) ;"
53,male,3769790512,line 13,280,"Rectangle rect1 = new Rectangle ( 0 , 0 , 10 , 10 ) ;"
53,male,3770118885,line 13,272,"Rectangle rect1 = new Rectangle ( 0 , 0 , 10 , 10 ) ;"
53,male,3770234853,line 13,112,"Rectangle rect1 = new Rectangle ( 0 , 0 , 10 , 10 ) ;"
53,male,3770390617,line 12,152,public static void main ( String [ ] args ) {
53,male,3770462495,line 12,68,public static void main ( String [ ] args ) {
53,male,3770650392,line 12,172,public static void main ( String [ ] args ) {
53,male,3770774411,line 12,80,public static void main ( String [ ] args ) {
53,male,3771054481,line 12,72,public static void main ( String [ ] args ) {
53,male,3771126436,line 12,68,public static void main ( String [ ] args ) {
53,male,3772294289,line 13,60,"Rectangle rect1 = new Rectangle ( 0 , 0 , 10 , 10 ) ;"
53,male,3773530281,line 12,60,public static void main ( String [ ] args ) {
53,male,3773598233,line 12,64,public static void main ( String [ ] args ) {
53,male,3774374252,line 13,60,"Rectangle rect1 = new Rectangle ( 0 , 0 , 10 , 10 ) ;"
53,male,3775374131,line 13,64,"Rectangle rect1 = new Rectangle ( 0 , 0 , 10 , 10 ) ;"
53,male,3776066148,line 14,60,System.out.println ( rect1.area ( ) ) ;
53,male,3776134159,line 14,64,System.out.println ( rect1.area ( ) ) ;
53,male,3776853951,line 15,68,"Rectangle rect2 = new Rectangle ( 5 , 5 , 10 , 10 ) ;"
53,male,3777841898,line 12,88,public static void main ( String [ ] args ) {
53,male,3778549876,line 4,56,this.x1 = x1 ;
53,male,3778825887,line 3,60,"public Rectangle ( int x1 , int y1 , int x2 , int y2 ) {"
53,male,3779237819,line 10,84,public int height ( ) { return this.y2 - this.y1 ; }
53,male,3780029761,line 6,60,this.x2 = x2 ;
53,male,3780545728,line 14,92,System.out.println ( rect1.area ( ) ) ;
53,male,3780805761,line 14,68,System.out.println ( rect1.area ( ) ) ;
53,male,3781325488,line 12,64,public static void main ( String [ ] args ) {
53,male,3781417548,line 12,88,public static void main ( String [ ] args ) {
53,male,3781569613,line 13,64,"Rectangle rect1 = new Rectangle ( 0 , 0 , 10 , 10 ) ;"
53,male,3781729620,line 13,80,"Rectangle rect1 = new Rectangle ( 0 , 0 , 10 , 10 ) ;"
53,male,3781793633,line 13,60,"Rectangle rect1 = new Rectangle ( 0 , 0 , 10 , 10 ) ;"
53,male,3782285629,line 13,72,"Rectangle rect1 = new Rectangle ( 0 , 0 , 10 , 10 ) ;"
53,male,3782345646,line 13,56,"Rectangle rect1 = new Rectangle ( 0 , 0 , 10 , 10 ) ;"
53,male,3782685663,line 13,124,"Rectangle rect1 = new Rectangle ( 0 , 0 , 10 , 10 ) ;"
53,male,3783545416,line 13,72,"Rectangle rect1 = new Rectangle ( 0 , 0 , 10 , 10 ) ;"
53,male,3784157510,line 15,308,"Rectangle rect2 = new Rectangle ( 5 , 5 , 10 , 10 ) ;"
53,male,3784289537,line 15,120,"Rectangle rect2 = new Rectangle ( 5 , 5 , 10 , 10 ) ;"
53,male,3784625514,line 15,276,"Rectangle rect2 = new Rectangle ( 5 , 5 , 10 , 10 ) ;"
53,male,3784917144,line 15,80,"Rectangle rect2 = new Rectangle ( 5 , 5 , 10 , 10 ) ;"
53,male,3785149386,line 15,228,"Rectangle rect2 = new Rectangle ( 5 , 5 , 10 , 10 ) ;"
53,male,3785365374,line 15,212,"Rectangle rect2 = new Rectangle ( 5 , 5 , 10 , 10 ) ;"
53,male,3785609391,line 15,232,"Rectangle rect2 = new Rectangle ( 5 , 5 , 10 , 10 ) ;"
53,male,3786313330,line 16,136,System.out.println ( rect2.area ( ) ) ;
53,male,3786541290,line 16,208,System.out.println ( rect2.area ( ) ) ;
53,male,3786625296,line 16,72,System.out.println ( rect2.area ( ) ) ;
53,male,3786753298,line 16,124,System.out.println ( rect2.area ( ) ) ;
53,male,3786965199,line 16,108,System.out.println ( rect2.area ( ) ) ;
53,male,3787545283,line 9,100,public int width ( ) { return this.x2 - this.x1 ; }
53,male,3787989274,line 3,132,"public Rectangle ( int x1 , int y1 , int x2 , int y2 ) {"
53,male,3788229206,line 3,60,"public Rectangle ( int x1 , int y1 , int x2 , int y2 ) {"
53,male,3788353204,line 3,84,"public Rectangle ( int x1 , int y1 , int x2 , int y2 ) {"
53,male,3788497243,line 3,140,"public Rectangle ( int x1 , int y1 , int x2 , int y2 ) {"
53,male,3788829134,line 1,80,public class Rectangle {
53,male,3788957141,line 1,124,public class Rectangle {
53,male,3789165164,line 2,92,"private int x1 , y1 , x2 , y2 ;"
53,male,3789597128,line 1,72,public class Rectangle {
53,male,3789777101,line 2,112,"private int x1 , y1 , x2 , y2 ;"
53,male,3790173080,line 2,64,"private int x1 , y1 , x2 , y2 ;"
53,male,3790365099,line 2,124,"private int x1 , y1 , x2 , y2 ;"
53,male,3790536961,line 2,80,"private int x1 , y1 , x2 , y2 ;"
53,male,3790624938,line 2,84,"private int x1 , y1 , x2 , y2 ;"
53,male,3790765000,line 2,92,"private int x1 , y1 , x2 , y2 ;"
53,male,3791021018,line 2,132,"private int x1 , y1 , x2 , y2 ;"
53,male,3791093033,line 2,68,"private int x1 , y1 , x2 , y2 ;"
53,male,3791213064,line 3,100,"public Rectangle ( int x1 , int y1 , int x2 , int y2 ) {"
53,male,3791464991,line 3,92,"public Rectangle ( int x1 , int y1 , int x2 , int y2 ) {"
53,male,3792113022,line 4,68,this.x1 = x1 ;
53,male,3792189029,line 4,72,this.x1 = x1 ;
53,male,3792316966,line 4,72,this.x1 = x1 ;
53,male,3792456795,line 4,80,this.x1 = x1 ;
53,male,3792612833,line 4,56,this.x1 = x1 ;
53,male,3792736926,line 4,120,this.x1 = x1 ;
53,male,3792844907,line 3,56,"public Rectangle ( int x1 , int y1 , int x2 , int y2 ) {"
53,male,3792940879,line 4,68,this.x1 = x1 ;
53,male,3793060859,line 4,80,this.x1 = x1 ;
53,male,3793360829,line 4,112,this.x1 = x1 ;
53,male,3793852877,line 4,64,this.x1 = x1 ;
53,male,3794000942,line 5,140,this.y1 = y1 ;
53,male,3794732726,line 9,148,public int width ( ) { return this.x2 - this.x1 ; }
53,male,3795116698,line 11,112,public double area ( ) { return this.width ( ) * this.height ( ) ; }
53,male,3795664741,line 9,56,public int width ( ) { return this.x2 - this.x1 ; }
53,male,3796072548,line 11,76,public double area ( ) { return this.width ( ) * this.height ( ) ; }
53,male,3796176458,line 13,64,"Rectangle rect1 = new Rectangle ( 0 , 0 , 10 , 10 ) ;"
53,male,3796320529,line 13,140,"Rectangle rect1 = new Rectangle ( 0 , 0 , 10 , 10 ) ;"
53,male,3796484595,line 13,124,"Rectangle rect1 = new Rectangle ( 0 , 0 , 10 , 10 ) ;"
53,male,3796784620,line 14,216,System.out.println ( rect1.area ( ) ) ;
53,male,3796844613,line 14,56,System.out.println ( rect1.area ( ) ) ;
53,male,3797088588,line 12,64,public static void main ( String [ ] args ) {
53,male,3797260590,line 12,164,public static void main ( String [ ] args ) {
53,male,3797340597,line 12,76,public static void main ( String [ ] args ) {
53,male,3797648594,line 11,64,public double area ( ) { return this.width ( ) * this.height ( ) ; }
53,male,3798540504,line 10,56,public int height ( ) { return this.y2 - this.y1 ; }
53,male,3798876483,line 13,96,"Rectangle rect1 = new Rectangle ( 0 , 0 , 10 , 10 ) ;"
53,male,3799016467,line 12,88,public static void main ( String [ ] args ) {
53,male,3799188558,line 12,112,public static void main ( String [ ] args ) {
53,male,3799336548,line 11,120,public double area ( ) { return this.width ( ) * this.height ( ) ; }
53,male,3799468493,line 11,76,public double area ( ) { return this.width ( ) * this.height ( ) ; }
53,male,3799532474,line 11,60,public double area ( ) { return this.width ( ) * this.height ( ) ; }
53,male,3799668457,line 11,80,public double area ( ) { return this.width ( ) * this.height ( ) ; }
53,male,3799804308,line 11,80,public double area ( ) { return this.width ( ) * this.height ( ) ; }
53,male,3800424381,line 10,84,public int height ( ) { return this.y2 - this.y1 ; }
53,male,3801440392,line 10,76,public int height ( ) { return this.y2 - this.y1 ; }
53,male,3801648330,line 11,56,public double area ( ) { return this.width ( ) * this.height ( ) ; }
53,male,3801976205,line 16,56,System.out.println ( rect2.area ( ) ) ;
53,male,3802100246,line 16,84,System.out.println ( rect2.area ( ) ) ;
54,male,4625752103,line 5,272,this.y1 = y1 ;
54,male,4625952238,line 2,144,"private int x1 , y1 , x2 , y2 ;"
54,male,4626499917,line 1,340,public class Rectangle {
54,male,4626651697,line 3,112,"public Rectangle ( int x1 , int y1 , int x2 , int y2 ) {"
54,male,4627247763,line 9,120,public int width ( ) { return this.x2 - this.x1 ; }
54,male,4627431440,line 10,156,public int height ( ) { return this.y2 - this.y1 ; }
54,male,4627607457,line 10,172,public int height ( ) { return this.y2 - this.y1 ; }
54,male,4627691704,line 10,80,public int height ( ) { return this.y2 - this.y1 ; }
54,male,4627987954,line 10,196,public int height ( ) { return this.y2 - this.y1 ; }
54,male,4628291868,line 4,260,this.x1 = x1 ;
54,male,4628507801,line 3,176,"public Rectangle ( int x1 , int y1 , int x2 , int y2 ) {"
54,male,4628703679,line 6,152,this.x2 = x2 ;
54,male,4628879688,line 5,140,this.y1 = y1 ;
54,male,4628955695,line 5,72,this.y1 = y1 ;
54,male,4629015675,line 5,56,this.y1 = y1 ;
54,male,4629367709,line 5,316,this.y1 = y1 ;
54,male,4629555208,line 5,184,this.y1 = y1 ;
54,male,4629639394,line 6,80,this.x2 = x2 ;
54,male,4629751590,line 6,108,this.x2 = x2 ;
54,male,4630195626,line 7,440,this.y2 = y2 ;
54,male,4630363571,line 4,80,this.x1 = x1 ;
54,male,4630643560,line 3,224,"public Rectangle ( int x1 , int y1 , int x2 , int y2 ) {"
54,male,4630747563,line 3,100,"public Rectangle ( int x1 , int y1 , int x2 , int y2 ) {"
54,male,4630831562,line 3,60,"public Rectangle ( int x1 , int y1 , int x2 , int y2 ) {"
54,male,4630971553,line 3,136,"public Rectangle ( int x1 , int y1 , int x2 , int y2 ) {"
54,male,4631179530,line 3,168,"public Rectangle ( int x1 , int y1 , int x2 , int y2 ) {"
54,male,4631335532,line 3,132,"public Rectangle ( int x1 , int y1 , int x2 , int y2 ) {"
54,male,4631423536,line 3,84,"public Rectangle ( int x1 , int y1 , int x2 , int y2 ) {"
54,male,4631615544,line 3,188,"public Rectangle ( int x1 , int y1 , int x2 , int y2 ) {"
54,male,4631831298,line 3,172,"public Rectangle ( int x1 , int y1 , int x2 , int y2 ) {"
54,male,4631927282,line 3,92,"public Rectangle ( int x1 , int y1 , int x2 , int y2 ) {"
54,male,4632131381,line 3,168,"public Rectangle ( int x1 , int y1 , int x2 , int y2 ) {"
54,male,4632223384,line 3,88,"public Rectangle ( int x1 , int y1 , int x2 , int y2 ) {"
54,male,4632407405,line 3,144,"public Rectangle ( int x1 , int y1 , int x2 , int y2 ) {"
54,male,4632679424,line 3,244,"public Rectangle ( int x1 , int y1 , int x2 , int y2 ) {"
54,male,4632899417,line 3,164,"public Rectangle ( int x1 , int y1 , int x2 , int y2 ) {"
54,male,4632963418,line 3,60,"public Rectangle ( int x1 , int y1 , int x2 , int y2 ) {"
54,male,4633171432,line 5,68,this.y1 = y1 ;
54,male,4633263434,line 3,72,"public Rectangle ( int x1 , int y1 , int x2 , int y2 ) {"
54,male,4633523309,line 3,256,"public Rectangle ( int x1 , int y1 , int x2 , int y2 ) {"
54,male,4633823306,line 10,164,public int height ( ) { return this.y2 - this.y1 ; }
54,male,4633987279,line 10,108,public int height ( ) { return this.y2 - this.y1 ; }
54,male,4634335282,line 9,304,public int width ( ) { return this.x2 - this.x1 ; }
54,male,4634551271,line 9,188,public int width ( ) { return this.x2 - this.x1 ; }
54,male,4634751248,line 9,152,public int width ( ) { return this.x2 - this.x1 ; }
54,male,4634819202,line 9,64,public int width ( ) { return this.x2 - this.x1 ; }
54,male,4634995169,line 9,136,public int width ( ) { return this.x2 - this.x1 ; }
54,male,4635071181,line 9,72,public int width ( ) { return this.x2 - this.x1 ; }
54,male,4635243177,line 9,148,public int width ( ) { return this.x2 - this.x1 ; }
54,male,4635327159,line 9,80,public int width ( ) { return this.x2 - this.x1 ; }
54,male,4635439125,line 9,108,public int width ( ) { return this.x2 - this.x1 ; }
54,male,4635611159,line 9,168,public int width ( ) { return this.x2 - this.x1 ; }
54,male,4635955080,line 10,304,public int height ( ) { return this.y2 - this.y1 ; }
54,male,4636606978,line 9,244,public int width ( ) { return this.x2 - this.x1 ; }
54,male,4636879025,line 9,192,public int width ( ) { return this.x2 - this.x1 ; }
54,male,4637199025,line 9,260,public int width ( ) { return this.x2 - this.x1 ; }
54,male,4637371062,line 9,96,public int width ( ) { return this.x2 - this.x1 ; }
54,male,4637623060,line 10,192,public int height ( ) { return this.y2 - this.y1 ; }
54,male,4637950982,line 10,324,public int height ( ) { return this.y2 - this.y1 ; }
54,male,4638170895,line 9,152,public int width ( ) { return this.x2 - this.x1 ; }
54,male,4638322916,line 10,120,public int height ( ) { return this.y2 - this.y1 ; }
54,male,4638534887,line 11,184,public double area ( ) { return this.width ( ) * this.height ( ) ; }
54,male,4638994907,line 12,252,public static void main ( String [ ] args ) {
54,male,4639354956,line 12,288,public static void main ( String [ ] args ) {
54,male,4639530884,line 13,144,"Rectangle rect1 = new Rectangle ( 0 , 0 , 10 , 10 ) ;"
54,male,4639774755,line 12,200,public static void main ( String [ ] args ) {
54,male,4639942731,line 12,164,public static void main ( String [ ] args ) {
54,male,4640162712,line 12,160,public static void main ( String [ ] args ) {
54,male,4640606795,line 13,112,"Rectangle rect1 = new Rectangle ( 0 , 0 , 10 , 10 ) ;"
54,male,4640890763,line 12,240,public static void main ( String [ ] args ) {
54,male,4641034699,line 12,112,public static void main ( String [ ] args ) {
54,male,4641274491,line 11,204,public double area ( ) { return this.width ( ) * this.height ( ) ; }
54,male,4641450526,line 11,136,public double area ( ) { return this.width ( ) * this.height ( ) ; }
54,male,4641706534,line 11,220,public double area ( ) { return this.width ( ) * this.height ( ) ; }
54,male,4641910656,line 11,176,public double area ( ) { return this.width ( ) * this.height ( ) ; }
54,male,4642066651,line 11,152,public double area ( ) { return this.width ( ) * this.height ( ) ; }
54,male,4642342648,line 11,244,public double area ( ) { return this.width ( ) * this.height ( ) ; }
54,male,4642430647,line 11,72,public double area ( ) { return this.width ( ) * this.height ( ) ; }
54,male,4642626551,line 11,192,public double area ( ) { return this.width ( ) * this.height ( ) ; }
54,male,4642758509,line 11,104,public double area ( ) { return this.width ( ) * this.height ( ) ; }
54,male,4642990531,line 14,120,System.out.println ( rect1.area ( ) ) ;
54,male,4643254501,line 13,240,"Rectangle rect1 = new Rectangle ( 0 , 0 , 10 , 10 ) ;"
54,male,4643462421,line 13,184,"Rectangle rect1 = new Rectangle ( 0 , 0 , 10 , 10 ) ;"
54,male,4643774499,line 12,288,public static void main ( String [ ] args ) {
54,male,4644194487,line 13,372,"Rectangle rect1 = new Rectangle ( 0 , 0 , 10 , 10 ) ;"
54,male,4644414350,line 13,216,"Rectangle rect1 = new Rectangle ( 0 , 0 , 10 , 10 ) ;"
54,male,4644902322,line 13,200,"Rectangle rect1 = new Rectangle ( 0 , 0 , 10 , 10 ) ;"
54,male,4645062316,line 13,116,"Rectangle rect1 = new Rectangle ( 0 , 0 , 10 , 10 ) ;"
54,male,4645254313,line 13,168,"Rectangle rect1 = new Rectangle ( 0 , 0 , 10 , 10 ) ;"
54,male,4645390337,line 13,120,"Rectangle rect1 = new Rectangle ( 0 , 0 , 10 , 10 ) ;"
54,male,4645710249,line 14,272,System.out.println ( rect1.area ( ) ) ;
54,male,4646086191,line 14,364,System.out.println ( rect1.area ( ) ) ;
54,male,4646150217,line 14,60,System.out.println ( rect1.area ( ) ) ;
54,male,4646382225,line 14,108,System.out.println ( rect1.area ( ) ) ;
54,male,4646538253,line 14,152,System.out.println ( rect1.area ( ) ) ;
54,male,4646874540,line 15,264,"Rectangle rect2 = new Rectangle ( 5 , 5 , 10 , 10 ) ;"
54,male,4646994479,line 15,100,"Rectangle rect2 = new Rectangle ( 5 , 5 , 10 , 10 ) ;"
54,male,4647118258,line 15,120,"Rectangle rect2 = new Rectangle ( 5 , 5 , 10 , 10 ) ;"
54,male,4647390177,line 15,256,"Rectangle rect2 = new Rectangle ( 5 , 5 , 10 , 10 ) ;"
54,male,4647654044,line 15,176,"Rectangle rect2 = new Rectangle ( 5 , 5 , 10 , 10 ) ;"
54,male,4647798112,line 15,108,"Rectangle rect2 = new Rectangle ( 5 , 5 , 10 , 10 ) ;"
54,male,4647966124,line 15,108,"Rectangle rect2 = new Rectangle ( 5 , 5 , 10 , 10 ) ;"
54,male,4648262093,line 16,168,System.out.println ( rect2.area ( ) ) ;
54,male,4648394086,line 16,92,System.out.println ( rect2.area ( ) ) ;
54,male,4648594072,line 16,188,System.out.println ( rect2.area ( ) ) ;
54,male,4648678074,line 16,68,System.out.println ( rect2.area ( ) ) ;
54,male,4649094007,line 16,412,System.out.println ( rect2.area ( ) ) ;
54,male,4649878002,line 9,152,public int width ( ) { return this.x2 - this.x1 ; }
54,male,4649938012,line 9,56,public int width ( ) { return this.x2 - this.x1 ; }
54,male,4650069983,line 9,128,public int width ( ) { return this.x2 - this.x1 ; }
54,male,4650301940,line 9,56,public int width ( ) { return this.x2 - this.x1 ; }
54,male,4650657750,line 9,352,public int width ( ) { return this.x2 - this.x1 ; }
54,male,4650953824,line 13,228,"Rectangle rect1 = new Rectangle ( 0 , 0 , 10 , 10 ) ;"
54,male,4651161818,line 13,168,"Rectangle rect1 = new Rectangle ( 0 , 0 , 10 , 10 ) ;"
54,male,4651345838,line 13,128,"Rectangle rect1 = new Rectangle ( 0 , 0 , 10 , 10 ) ;"
54,male,4651505820,line 13,156,"Rectangle rect1 = new Rectangle ( 0 , 0 , 10 , 10 ) ;"
54,male,4651805830,line 13,236,"Rectangle rect1 = new Rectangle ( 0 , 0 , 10 , 10 ) ;"
54,male,4651965775,line 13,152,"Rectangle rect1 = new Rectangle ( 0 , 0 , 10 , 10 ) ;"
54,male,4652273539,line 13,256,"Rectangle rect1 = new Rectangle ( 0 , 0 , 10 , 10 ) ;"
54,male,4652449633,line 13,160,"Rectangle rect1 = new Rectangle ( 0 , 0 , 10 , 10 ) ;"
54,male,4652681700,line 15,172,"Rectangle rect2 = new Rectangle ( 5 , 5 , 10 , 10 ) ;"
54,male,4653113687,line 10,224,public int height ( ) { return this.y2 - this.y1 ; }
54,male,4653373700,line 14,208,System.out.println ( rect1.area ( ) ) ;
54,male,4653457711,line 14,80,System.out.println ( rect1.area ( ) ) ;
54,male,4653525705,line 14,64,System.out.println ( rect1.area ( ) ) ;
54,male,4653773588,line 13,224,"Rectangle rect1 = new Rectangle ( 0 , 0 , 10 , 10 ) ;"
54,male,4654081566,line 13,236,"Rectangle rect1 = new Rectangle ( 0 , 0 , 10 , 10 ) ;"
54,male,4654201575,line 13,80,"Rectangle rect1 = new Rectangle ( 0 , 0 , 10 , 10 ) ;"
54,male,4654453557,line 13,224,"Rectangle rect1 = new Rectangle ( 0 , 0 , 10 , 10 ) ;"
54,male,4654557568,line 13,88,"Rectangle rect1 = new Rectangle ( 0 , 0 , 10 , 10 ) ;"
54,male,4654645587,line 13,84,"Rectangle rect1 = new Rectangle ( 0 , 0 , 10 , 10 ) ;"
54,male,4654833549,line 13,172,"Rectangle rect1 = new Rectangle ( 0 , 0 , 10 , 10 ) ;"
54,male,4655129511,line 14,248,System.out.println ( rect1.area ( ) ) ;
54,male,4655453425,line 14,292,System.out.println ( rect1.area ( ) ) ;
54,male,4655733391,line 15,240,"Rectangle rect2 = new Rectangle ( 5 , 5 , 10 , 10 ) ;"
54,male,4655925460,line 15,164,"Rectangle rect2 = new Rectangle ( 5 , 5 , 10 , 10 ) ;"
54,male,4656153414,line 15,160,"Rectangle rect2 = new Rectangle ( 5 , 5 , 10 , 10 ) ;"
54,male,4656329383,line 15,140,"Rectangle rect2 = new Rectangle ( 5 , 5 , 10 , 10 ) ;"
54,male,4656641423,line 15,272,"Rectangle rect2 = new Rectangle ( 5 , 5 , 10 , 10 ) ;"
54,male,4656849537,line 15,160,"Rectangle rect2 = new Rectangle ( 5 , 5 , 10 , 10 ) ;"
54,male,4657105359,line 15,192,"Rectangle rect2 = new Rectangle ( 5 , 5 , 10 , 10 ) ;"
54,male,4657349380,line 15,240,"Rectangle rect2 = new Rectangle ( 5 , 5 , 10 , 10 ) ;"
54,male,4657525285,line 15,132,"Rectangle rect2 = new Rectangle ( 5 , 5 , 10 , 10 ) ;"
54,male,4657893246,line 15,64,"Rectangle rect2 = new Rectangle ( 5 , 5 , 10 , 10 ) ;"
54,male,4658045314,line 16,64,System.out.println ( rect2.area ( ) ) ;
54,male,4658201370,line 16,152,System.out.println ( rect2.area ( ) ) ;
54,male,4658501229,line 16,256,System.out.println ( rect2.area ( ) ) ;
54,male,4658749189,line 16,196,System.out.println ( rect2.area ( ) ) ;
54,male,4659196944,line 16,404,System.out.println ( rect2.area ( ) ) ;
54,male,4659553077,line 16,324,System.out.println ( rect2.area ( ) ) ;
54,male,4659765117,line 14,196,System.out.println ( rect1.area ( ) ) ;
54,male,4659849063,line 14,80,System.out.println ( rect1.area ( ) ) ;
54,male,4659976939,line 14,124,System.out.println ( rect1.area ( ) ) ;
54,male,4660405155,line 15,232,"Rectangle rect2 = new Rectangle ( 5 , 5 , 10 , 10 ) ;"
54,male,4660597242,line 15,148,"Rectangle rect2 = new Rectangle ( 5 , 5 , 10 , 10 ) ;"
54,male,4660729071,line 14,128,System.out.println ( rect1.area ( ) ) ;
54,male,4661009046,line 14,204,System.out.println ( rect1.area ( ) ) ;
54,male,4661476876,line 16,432,System.out.println ( rect2.area ( ) ) ;
54,male,4661792842,line 16,300,System.out.println ( rect2.area ( ) ) ;
54,male,4661944924,line 11,80,public double area ( ) { return this.width ( ) * this.height ( ) ; }
54,male,4662060935,line 11,112,public double area ( ) { return this.width ( ) * this.height ( ) ; }
54,male,4662336913,line 12,224,public static void main ( String [ ] args ) {
54,male,4662416911,line 13,56,"Rectangle rect1 = new Rectangle ( 0 , 0 , 10 , 10 ) ;"
54,male,4662660906,line 13,240,"Rectangle rect1 = new Rectangle ( 0 , 0 , 10 , 10 ) ;"
54,male,4662840912,line 12,140,public static void main ( String [ ] args ) {
54,male,4662992806,line 12,136,public static void main ( String [ ] args ) {
54,male,4663056748,line 12,60,public static void main ( String [ ] args ) {
54,male,4663336596,line 11,128,public double area ( ) { return this.width ( ) * this.height ( ) ; }
54,male,4663700754,line 11,164,public double area ( ) { return this.width ( ) * this.height ( ) ; }
54,male,4663968770,line 11,192,public double area ( ) { return this.width ( ) * this.height ( ) ; }
54,male,4664040773,line 11,68,public double area ( ) { return this.width ( ) * this.height ( ) ; }
54,male,4664244801,line 11,200,public double area ( ) { return this.width ( ) * this.height ( ) ; }
54,male,4664508768,line 11,244,public double area ( ) { return this.width ( ) * this.height ( ) ; }
54,male,4664652512,line 11,92,public double area ( ) { return this.width ( ) * this.height ( ) ; }
54,male,4665036656,line 11,292,public double area ( ) { return this.width ( ) * this.height ( ) ; }
54,male,4665248800,line 11,180,public double area ( ) { return this.width ( ) * this.height ( ) ; }
54,male,4665428724,line 11,140,public double area ( ) { return this.width ( ) * this.height ( ) ; }
54,male,4665544661,line 11,100,public double area ( ) { return this.width ( ) * this.height ( ) ; }
54,male,4665696765,line 11,148,public double area ( ) { return this.width ( ) * this.height ( ) ; }
54,male,4665844681,line 11,132,public double area ( ) { return this.width ( ) * this.height ( ) ; }
54,male,4666064609,line 11,148,public double area ( ) { return this.width ( ) * this.height ( ) ; }
54,male,4666316331,line 11,236,public double area ( ) { return this.width ( ) * this.height ( ) ; }
54,male,4666548521,line 14,100,System.out.println ( rect1.area ( ) ) ;
54,male,4666712468,line 14,80,System.out.println ( rect1.area ( ) ) ;
54,male,4666992486,line 14,276,System.out.println ( rect1.area ( ) ) ;
54,male,4667260424,line 15,236,"Rectangle rect2 = new Rectangle ( 5 , 5 , 10 , 10 ) ;"
54,male,4667520427,line 15,184,"Rectangle rect2 = new Rectangle ( 5 , 5 , 10 , 10 ) ;"
54,male,4667700453,line 15,132,"Rectangle rect2 = new Rectangle ( 5 , 5 , 10 , 10 ) ;"
54,male,4667964432,line 15,244,"Rectangle rect2 = new Rectangle ( 5 , 5 , 10 , 10 ) ;"
54,male,4668544781,line 15,132,"Rectangle rect2 = new Rectangle ( 5 , 5 , 10 , 10 ) ;"
54,male,4668708462,line 15,116,"Rectangle rect2 = new Rectangle ( 5 , 5 , 10 , 10 ) ;"
54,male,4668868394,line 15,140,"Rectangle rect2 = new Rectangle ( 5 , 5 , 10 , 10 ) ;"
54,male,4668968374,line 15,72,"Rectangle rect2 = new Rectangle ( 5 , 5 , 10 , 10 ) ;"
54,male,4669152379,line 15,180,"Rectangle rect2 = new Rectangle ( 5 , 5 , 10 , 10 ) ;"
54,male,4669268270,line 16,104,System.out.println ( rect2.area ( ) ) ;
54,male,4669420173,line 16,148,System.out.println ( rect2.area ( ) ) ;
54,male,4669848207,line 13,136,"Rectangle rect1 = new Rectangle ( 0 , 0 , 10 , 10 ) ;"
54,male,4669944202,line 13,92,"Rectangle rect1 = new Rectangle ( 0 , 0 , 10 , 10 ) ;"
54,male,4670228244,line 13,156,"Rectangle rect1 = new Rectangle ( 0 , 0 , 10 , 10 ) ;"
54,male,4670424282,line 13,152,"Rectangle rect1 = new Rectangle ( 0 , 0 , 10 , 10 ) ;"
54,male,4670648240,line 14,208,System.out.println ( rect1.area ( ) ) ;
54,male,4671072038,line 13,136,"Rectangle rect1 = new Rectangle ( 0 , 0 , 10 , 10 ) ;"
54,male,4671376109,line 13,280,"Rectangle rect1 = new Rectangle ( 0 , 0 , 10 , 10 ) ;"
54,male,4671544135,line 13,164,"Rectangle rect1 = new Rectangle ( 0 , 0 , 10 , 10 ) ;"
54,male,4671800097,line 12,208,public static void main ( String [ ] args ) {
54,male,4672036054,line 11,216,public double area ( ) { return this.width ( ) * this.height ( ) ; }
54,male,4672140120,line 10,72,public int height ( ) { return this.y2 - this.y1 ; }
54,male,4672304134,line 10,160,public int height ( ) { return this.y2 - this.y1 ; }
54,male,4672599964,line 10,292,public int height ( ) { return this.y2 - this.y1 ; }
54,male,4672711972,line 10,84,public int height ( ) { return this.y2 - this.y1 ; }
54,male,4672867967,line 9,152,public int width ( ) { return this.x2 - this.x1 ; }
54,male,4672979991,line 9,108,public int width ( ) { return this.x2 - this.x1 ; }
54,male,4673451923,line 13,324,"Rectangle rect1 = new Rectangle ( 0 , 0 , 10 , 10 ) ;"
54,male,4673631938,line 13,176,"Rectangle rect1 = new Rectangle ( 0 , 0 , 10 , 10 ) ;"
54,male,4673824013,line 9,132,public int width ( ) { return this.x2 - this.x1 ; }
54,male,4674015780,line 9,168,public int width ( ) { return this.x2 - this.x1 ; }
54,male,4674207736,line 10,160,public int height ( ) { return this.y2 - this.y1 ; }
54,male,4674399829,line 9,88,public int width ( ) { return this.x2 - this.x1 ; }
54,male,4674731823,line 9,248,public int width ( ) { return this.x2 - this.x1 ; }
54,male,4674883758,line 9,116,public int width ( ) { return this.x2 - this.x1 ; }
54,male,4675035761,line 9,104,public int width ( ) { return this.x2 - this.x1 ; }
54,male,4675219818,line 9,180,public int width ( ) { return this.x2 - this.x1 ; }
54,male,4676047852,line 10,196,public int height ( ) { return this.y2 - this.y1 ; }
54,male,4676311721,line 10,260,public int height ( ) { return this.y2 - this.y1 ; }
54,male,4676595464,line 12,236,public static void main ( String [ ] args ) {
54,male,4677015703,line 13,208,"Rectangle rect1 = new Rectangle ( 0 , 0 , 10 , 10 ) ;"
54,male,4677219667,line 13,176,"Rectangle rect1 = new Rectangle ( 0 , 0 , 10 , 10 ) ;"
54,male,4677399584,line 15,76,"Rectangle rect2 = new Rectangle ( 5 , 5 , 10 , 10 ) ;"
54,male,4677539521,line 15,136,"Rectangle rect2 = new Rectangle ( 5 , 5 , 10 , 10 ) ;"
54,male,4677739543,line 15,196,"Rectangle rect2 = new Rectangle ( 5 , 5 , 10 , 10 ) ;"
54,male,4677911541,line 15,168,"Rectangle rect2 = new Rectangle ( 5 , 5 , 10 , 10 ) ;"
54,male,4677995556,line 15,80,"Rectangle rect2 = new Rectangle ( 5 , 5 , 10 , 10 ) ;"
54,male,4678371547,line 13,200,"Rectangle rect1 = new Rectangle ( 0 , 0 , 10 , 10 ) ;"
54,male,4678787209,line 15,356,"Rectangle rect2 = new Rectangle ( 5 , 5 , 10 , 10 ) ;"
54,male,4678991444,line 15,200,"Rectangle rect2 = new Rectangle ( 5 , 5 , 10 , 10 ) ;"
54,male,4679171475,line 15,152,"Rectangle rect2 = new Rectangle ( 5 , 5 , 10 , 10 ) ;"
54,male,4679259454,line 13,72,"Rectangle rect1 = new Rectangle ( 0 , 0 , 10 , 10 ) ;"
54,male,4679343437,line 12,56,public static void main ( String [ ] args ) {
54,male,4679547443,line 11,100,public double area ( ) { return this.width ( ) * this.height ( ) ; }
54,male,4679607450,line 11,56,public double area ( ) { return this.width ( ) * this.height ( ) ; }
54,male,4679899438,line 11,140,public double area ( ) { return this.width ( ) * this.height ( ) ; }
54,male,4680051383,line 11,132,public double area ( ) { return this.width ( ) * this.height ( ) ; }
54,male,4680247242,line 10,164,public int height ( ) { return this.y2 - this.y1 ; }
54,male,4680595299,line 10,312,public int height ( ) { return this.y2 - this.y1 ; }
54,male,4680775339,line 9,148,public int width ( ) { return this.x2 - this.x1 ; }
54,male,4680899333,line 9,108,public int width ( ) { return this.x2 - this.x1 ; }
54,male,4681171341,line 9,248,public int width ( ) { return this.x2 - this.x1 ; }
54,male,4681367304,line 15,148,"Rectangle rect2 = new Rectangle ( 5 , 5 , 10 , 10 ) ;"
54,male,4681527293,line 12,136,public static void main ( String [ ] args ) {
54,male,4681731299,line 9,188,public int width ( ) { return this.x2 - this.x1 ; }
54,male,4681883200,line 9,120,public int width ( ) { return this.x2 - this.x1 ; }
54,male,4682139179,line 9,252,public int width ( ) { return this.x2 - this.x1 ; }
54,male,4682259295,line 9,84,public int width ( ) { return this.x2 - this.x1 ; }
54,male,4682731147,line 13,208,"Rectangle rect1 = new Rectangle ( 0 , 0 , 10 , 10 ) ;"
54,male,4682791164,line 13,56,"Rectangle rect1 = new Rectangle ( 0 , 0 , 10 , 10 ) ;"
54,male,4682915195,line 13,108,"Rectangle rect1 = new Rectangle ( 0 , 0 , 10 , 10 ) ;"
54,male,4683007196,line 13,88,"Rectangle rect1 = new Rectangle ( 0 , 0 , 10 , 10 ) ;"
54,male,4683099202,line 13,88,"Rectangle rect1 = new Rectangle ( 0 , 0 , 10 , 10 ) ;"
54,male,4683351166,line 12,56,public static void main ( String [ ] args ) {
54,male,4683495053,line 13,92,"Rectangle rect1 = new Rectangle ( 0 , 0 , 10 , 10 ) ;"
54,male,4683611071,line 13,112,"Rectangle rect1 = new Rectangle ( 0 , 0 , 10 , 10 ) ;"
54,male,4683779098,line 9,152,public int width ( ) { return this.x2 - this.x1 ; }
54,male,4683967063,line 9,184,public int width ( ) { return this.x2 - this.x1 ; }
54,male,4684247077,line 9,240,public int width ( ) { return this.x2 - this.x1 ; }
54,male,4684351068,line 10,76,public int height ( ) { return this.y2 - this.y1 ; }
54,male,4684535095,line 14,128,System.out.println ( rect1.area ( ) ) ;
54,male,4684719193,line 13,148,"Rectangle rect1 = new Rectangle ( 0 , 0 , 10 , 10 ) ;"
54,male,4684811135,line 13,80,"Rectangle rect1 = new Rectangle ( 0 , 0 , 10 , 10 ) ;"
54,male,4684950946,line 13,136,"Rectangle rect1 = new Rectangle ( 0 , 0 , 10 , 10 ) ;"
54,male,4685214791,line 13,260,"Rectangle rect1 = new Rectangle ( 0 , 0 , 10 , 10 ) ;"
54,male,4685462860,line 9,184,public int width ( ) { return this.x2 - this.x1 ; }
54,male,4685774904,line 13,256,"Rectangle rect1 = new Rectangle ( 0 , 0 , 10 , 10 ) ;"
54,male,4685906914,line 10,108,public int height ( ) { return this.y2 - this.y1 ; }
54,male,4686066972,line 10,156,public int height ( ) { return this.y2 - this.y1 ; }
54,male,4686530878,line 4,168,this.x1 = x1 ;
54,male,4686998809,line 3,380,"public Rectangle ( int x1 , int y1 , int x2 , int y2 ) {"
54,male,4687270824,line 3,268,"public Rectangle ( int x1 , int y1 , int x2 , int y2 ) {"
54,male,4688118606,line 3,204,"public Rectangle ( int x1 , int y1 , int x2 , int y2 ) {"
54,male,4688286666,line 3,112,"public Rectangle ( int x1 , int y1 , int x2 , int y2 ) {"
54,male,4688482651,line 3,144,"public Rectangle ( int x1 , int y1 , int x2 , int y2 ) {"
54,male,4688598643,line 3,112,"public Rectangle ( int x1 , int y1 , int x2 , int y2 ) {"
54,male,4688686642,line 10,56,public int height ( ) { return this.y2 - this.y1 ; }
54,male,4688798637,line 10,108,public int height ( ) { return this.y2 - this.y1 ; }
54,male,4689130644,line 14,228,System.out.println ( rect1.area ( ) ) ;
54,male,4689210756,line 13,76,"Rectangle rect1 = new Rectangle ( 0 , 0 , 10 , 10 ) ;"
54,male,4689278916,line 13,56,"Rectangle rect1 = new Rectangle ( 0 , 0 , 10 , 10 ) ;"
54,male,4689482807,line 13,200,"Rectangle rect1 = new Rectangle ( 0 , 0 , 10 , 10 ) ;"
54,male,4689594620,line 13,92,"Rectangle rect1 = new Rectangle ( 0 , 0 , 10 , 10 ) ;"
54,male,4689798374,line 10,160,public int height ( ) { return this.y2 - this.y1 ; }
54,male,4689974560,line 10,152,public int height ( ) { return this.y2 - this.y1 ; }
54,male,4690386563,line 9,80,public int width ( ) { return this.x2 - this.x1 ; }
54,male,4690574620,line 9,184,public int width ( ) { return this.x2 - this.x1 ; }
54,male,4690678573,line 9,100,public int width ( ) { return this.x2 - this.x1 ; }
54,male,4691154469,line 13,160,"Rectangle rect1 = new Rectangle ( 0 , 0 , 10 , 10 ) ;"
54,male,4691234418,line 13,76,"Rectangle rect1 = new Rectangle ( 0 , 0 , 10 , 10 ) ;"
54,male,4691446376,line 13,68,"Rectangle rect1 = new Rectangle ( 0 , 0 , 10 , 10 ) ;"
54,male,4691542335,line 13,92,"Rectangle rect1 = new Rectangle ( 0 , 0 , 10 , 10 ) ;"
54,male,4692534550,line 13,72,"Rectangle rect1 = new Rectangle ( 0 , 0 , 10 , 10 ) ;"
54,male,4693150262,line 13,320,"Rectangle rect1 = new Rectangle ( 0 , 0 , 10 , 10 ) ;"
54,male,4693826293,line 14,160,System.out.println ( rect1.area ( ) ) ;
54,male,4694094190,line 14,192,System.out.println ( rect1.area ( ) ) ;
54,male,4694170202,line 14,72,System.out.println ( rect1.area ( ) ) ;
54,male,4694390082,line 14,76,System.out.println ( rect1.area ( ) ) ;
54,male,4694598029,line 14,204,System.out.println ( rect1.area ( ) ) ;
54,male,4694834161,line 11,168,public double area ( ) { return this.width ( ) * this.height ( ) ; }
54,male,4695521564,line 15,224,"Rectangle rect2 = new Rectangle ( 5 , 5 , 10 , 10 ) ;"
54,male,4695605820,line 15,56,"Rectangle rect2 = new Rectangle ( 5 , 5 , 10 , 10 ) ;"
54,male,4695890403,line 14,64,System.out.println ( rect1.area ( ) ) ;
54,male,4696178037,line 14,284,System.out.println ( rect1.area ( ) ) ;
54,male,4696402007,line 16,200,System.out.println ( rect2.area ( ) ) ;
54,male,4697177992,line 16,72,System.out.println ( rect2.area ( ) ) ;
54,male,4697277996,line 16,96,System.out.println ( rect2.area ( ) ) ;
54,male,4697538009,line 15,232,"Rectangle rect2 = new Rectangle ( 5 , 5 , 10 , 10 ) ;"
54,male,4697637911,line 15,96,"Rectangle rect2 = new Rectangle ( 5 , 5 , 10 , 10 ) ;"
54,male,4697901813,line 15,80,"Rectangle rect2 = new Rectangle ( 5 , 5 , 10 , 10 ) ;"
54,male,4698265820,line 15,304,"Rectangle rect2 = new Rectangle ( 5 , 5 , 10 , 10 ) ;"
54,male,4698805865,line 15,164,"Rectangle rect2 = new Rectangle ( 5 , 5 , 10 , 10 ) ;"
54,male,4699221703,line 15,368,"Rectangle rect2 = new Rectangle ( 5 , 5 , 10 , 10 ) ;"
54,male,4699593702,line 15,300,"Rectangle rect2 = new Rectangle ( 5 , 5 , 10 , 10 ) ;"
54,male,4699673729,line 15,76,"Rectangle rect2 = new Rectangle ( 5 , 5 , 10 , 10 ) ;"
54,male,4700385684,line 13,152,"Rectangle rect1 = new Rectangle ( 0 , 0 , 10 , 10 ) ;"
54,male,4700661595,line 10,248,public int height ( ) { return this.y2 - this.y1 ; }
54,male,4700745496,line 10,80,public int height ( ) { return this.y2 - this.y1 ; }
54,male,4701033613,line 13,236,"Rectangle rect1 = new Rectangle ( 0 , 0 , 10 , 10 ) ;"
54,male,4701313586,line 13,244,"Rectangle rect1 = new Rectangle ( 0 , 0 , 10 , 10 ) ;"
54,male,4701689511,line 15,168,"Rectangle rect2 = new Rectangle ( 5 , 5 , 10 , 10 ) ;"
54,male,4701837485,line 15,144,"Rectangle rect2 = new Rectangle ( 5 , 5 , 10 , 10 ) ;"
54,male,4702089525,line 16,212,System.out.println ( rect2.area ( ) ) ;
54,male,4702493751,line 16,388,System.out.println ( rect2.area ( ) ) ;
54,male,4702925439,line 12,352,public static void main ( String [ ] args ) {
54,male,4703005512,line 11,64,public double area ( ) { return this.width ( ) * this.height ( ) ; }
54,male,4703209717,line 11,200,public double area ( ) { return this.width ( ) * this.height ( ) ; }
54,male,4703525439,line 15,252,"Rectangle rect2 = new Rectangle ( 5 , 5 , 10 , 10 ) ;"
54,male,4704025287,line 15,476,"Rectangle rect2 = new Rectangle ( 5 , 5 , 10 , 10 ) ;"
54,male,4704101337,line 15,72,"Rectangle rect2 = new Rectangle ( 5 , 5 , 10 , 10 ) ;"
54,male,4704365333,line 15,232,"Rectangle rect2 = new Rectangle ( 5 , 5 , 10 , 10 ) ;"
54,male,4704445344,line 15,76,"Rectangle rect2 = new Rectangle ( 5 , 5 , 10 , 10 ) ;"
54,male,4704593520,line 15,144,"Rectangle rect2 = new Rectangle ( 5 , 5 , 10 , 10 ) ;"
54,male,4704841446,line 14,196,System.out.println ( rect1.area ( ) ) ;
54,male,4705125385,line 14,280,System.out.println ( rect1.area ( ) ) ;
54,male,4705321424,line 13,124,"Rectangle rect1 = new Rectangle ( 0 , 0 , 10 , 10 ) ;"
54,male,4705585055,line 13,72,"Rectangle rect1 = new Rectangle ( 0 , 0 , 10 , 10 ) ;"
54,male,4705873197,line 14,256,System.out.println ( rect1.area ( ) ) ;
54,male,4706609167,line 10,184,public int height ( ) { return this.y2 - this.y1 ; }
54,male,4706725178,line 10,68,public int height ( ) { return this.y2 - this.y1 ; }
54,male,4707168902,line 13,168,"Rectangle rect1 = new Rectangle ( 0 , 0 , 10 , 10 ) ;"
54,male,4707261018,line 13,88,"Rectangle rect1 = new Rectangle ( 0 , 0 , 10 , 10 ) ;"
54,male,4707376980,line 13,112,"Rectangle rect1 = new Rectangle ( 0 , 0 , 10 , 10 ) ;"
54,male,4707721035,line 13,200,"Rectangle rect1 = new Rectangle ( 0 , 0 , 10 , 10 ) ;"
54,male,4708293023,line 13,180,"Rectangle rect1 = new Rectangle ( 0 , 0 , 10 , 10 ) ;"
54,male,4708376955,line 13,80,"Rectangle rect1 = new Rectangle ( 0 , 0 , 10 , 10 ) ;"
54,male,4708676843,line 13,260,"Rectangle rect1 = new Rectangle ( 0 , 0 , 10 , 10 ) ;"
54,male,4709168958,line 13,488,"Rectangle rect1 = new Rectangle ( 0 , 0 , 10 , 10 ) ;"
54,male,4709468956,line 6,248,this.x2 = x2 ;
59,female,548730757,line 1,64,public class Rectangle {
59,female,548930798,line 1,196,public class Rectangle {
59,female,549126850,line 1,176,public class Rectangle {
59,female,549542585,line 1,56,public class Rectangle {
59,female,549710706,line 1,164,public class Rectangle {
59,female,549910692,line 1,164,public class Rectangle {
59,female,550238734,line 1,220,public class Rectangle {
59,female,550366761,line 3,76,"public Rectangle ( int x1 , int y1 , int x2 , int y2 ) {"
59,female,550458751,line 3,88,"public Rectangle ( int x1 , int y1 , int x2 , int y2 ) {"
59,female,550594725,line 2,84,"private int x1 , y1 , x2 , y2 ;"
59,female,550846724,line 1,68,public class Rectangle {
59,female,551250439,line 1,72,public class Rectangle {
59,female,551522615,line 1,64,public class Rectangle {
59,female,552006577,line 1,56,public class Rectangle {
59,female,552970415,line 2,140,"private int x1 , y1 , x2 , y2 ;"
59,female,553134292,line 2,64,"private int x1 , y1 , x2 , y2 ;"
59,female,553254348,line 2,116,"private int x1 , y1 , x2 , y2 ;"
59,female,553486394,line 1,116,public class Rectangle {
59,female,553566402,line 1,76,public class Rectangle {
59,female,553870490,line 1,96,public class Rectangle {
59,female,554078429,line 2,96,"private int x1 , y1 , x2 , y2 ;"
59,female,554274425,line 2,88,"private int x1 , y1 , x2 , y2 ;"
59,female,554482393,line 2,148,"private int x1 , y1 , x2 , y2 ;"
59,female,554546396,line 2,60,"private int x1 , y1 , x2 , y2 ;"
59,female,554750368,line 2,144,"private int x1 , y1 , x2 , y2 ;"
59,female,554838200,line 2,84,"private int x1 , y1 , x2 , y2 ;"
59,female,555066271,line 1,64,public class Rectangle {
59,female,555186348,line 1,64,public class Rectangle {
59,female,555422357,line 1,64,public class Rectangle {
59,female,555674301,line 2,68,"private int x1 , y1 , x2 , y2 ;"
59,female,556494231,line 3,64,"public Rectangle ( int x1 , int y1 , int x2 , int y2 ) {"
59,female,556586229,line 3,88,"public Rectangle ( int x1 , int y1 , int x2 , int y2 ) {"
59,female,557350209,line 4,76,this.x1 = x1 ;
59,female,557690162,line 3,64,"public Rectangle ( int x1 , int y1 , int x2 , int y2 ) {"
59,female,557902181,line 3,124,"public Rectangle ( int x1 , int y1 , int x2 , int y2 ) {"
59,female,558718046,line 4,60,this.x1 = x1 ;
59,female,561317931,line 10,60,public int height ( ) { return this.y2 - this.y1 ; }
59,female,562625723,line 9,56,public int width ( ) { return this.x2 - this.x1 ; }
59,female,563405806,line 9,96,public int width ( ) { return this.x2 - this.x1 ; }
59,female,563613759,line 9,80,public int width ( ) { return this.x2 - this.x1 ; }
59,female,563953780,line 10,100,public int height ( ) { return this.y2 - this.y1 ; }
59,female,565405567,line 9,72,public int width ( ) { return this.x2 - this.x1 ; }
59,female,565829620,line 11,88,public double area ( ) { return this.width ( ) * this.height ( ) ; }
59,female,566453512,line 10,56,public int height ( ) { return this.y2 - this.y1 ; }
59,female,566717512,line 9,68,public int width ( ) { return this.x2 - this.x1 ; }
59,female,567597476,line 9,100,public int width ( ) { return this.x2 - this.x1 ; }
59,female,567673479,line 9,64,public int width ( ) { return this.x2 - this.x1 ; }
59,female,567845432,line 9,80,public int width ( ) { return this.x2 - this.x1 ; }
59,female,568701384,line 9,64,public int width ( ) { return this.x2 - this.x1 ; }
59,female,571977125,line 9,56,public int width ( ) { return this.x2 - this.x1 ; }
59,female,572121121,line 10,60,public int height ( ) { return this.y2 - this.y1 ; }
59,female,572825064,line 11,84,public double area ( ) { return this.width ( ) * this.height ( ) ; }
59,female,573117146,line 11,84,public double area ( ) { return this.width ( ) * this.height ( ) ; }
59,female,573293105,line 11,56,public double area ( ) { return this.width ( ) * this.height ( ) ; }
59,female,573728977,line 10,68,public int height ( ) { return this.y2 - this.y1 ; }
59,female,574072945,line 10,56,public int height ( ) { return this.y2 - this.y1 ; }
59,female,578304724,line 3,72,"public Rectangle ( int x1 , int y1 , int x2 , int y2 ) {"
59,female,578664689,line 3,56,"public Rectangle ( int x1 , int y1 , int x2 , int y2 ) {"
59,female,579568553,line 10,68,public int height ( ) { return this.y2 - this.y1 ; }
59,female,579856587,line 10,72,public int height ( ) { return this.y2 - this.y1 ; }
59,female,581576459,line 9,76,public int width ( ) { return this.x2 - this.x1 ; }
59,female,581640456,line 9,60,public int width ( ) { return this.x2 - this.x1 ; }
59,female,582084390,line 9,80,public int width ( ) { return this.x2 - this.x1 ; }
59,female,585740180,line 10,64,public int height ( ) { return this.y2 - this.y1 ; }
59,female,585804176,line 10,56,public int height ( ) { return this.y2 - this.y1 ; }
59,female,587147987,line 10,72,public int height ( ) { return this.y2 - this.y1 ; }
59,female,587215996,line 10,60,public int height ( ) { return this.y2 - this.y1 ; }
59,female,589171858,line 9,128,public int width ( ) { return this.x2 - this.x1 ; }
59,female,592851639,line 10,84,public int height ( ) { return this.y2 - this.y1 ; }
59,female,595067469,line 11,84,public double area ( ) { return this.width ( ) * this.height ( ) ; }
59,female,595179484,line 11,72,public double area ( ) { return this.width ( ) * this.height ( ) ; }
59,female,598079207,line 11,72,public double area ( ) { return this.width ( ) * this.height ( ) ; }
59,female,604554755,line 3,80,"public Rectangle ( int x1 , int y1 , int x2 , int y2 ) {"
59,female,605334672,line 11,60,public double area ( ) { return this.width ( ) * this.height ( ) ; }
59,female,605414660,line 11,68,public double area ( ) { return this.width ( ) * this.height ( ) ; }
59,female,607098539,line 2,56,"private int x1 , y1 , x2 , y2 ;"
59,female,607578525,line 11,64,public double area ( ) { return this.width ( ) * this.height ( ) ; }
59,female,612538116,line 13,60,"Rectangle rect1 = new Rectangle ( 0 , 0 , 10 , 10 ) ;"
59,female,612626298,line 13,80,"Rectangle rect1 = new Rectangle ( 0 , 0 , 10 , 10 ) ;"
59,female,612815624,line 13,180,"Rectangle rect1 = new Rectangle ( 0 , 0 , 10 , 10 ) ;"
59,female,619653690,line 11,56,public double area ( ) { return this.width ( ) * this.height ( ) ; }
59,female,621025520,line 1,60,public class Rectangle {
59,female,621949423,line 10,64,public int height ( ) { return this.y2 - this.y1 ; }
59,female,623173490,line 12,84,public static void main ( String [ ] args ) {
59,female,625797153,line 14,80,System.out.println ( rect1.area ( ) ) ;
59,female,625977177,line 14,88,System.out.println ( rect1.area ( ) ) ;
59,female,628209035,line 14,84,System.out.println ( rect1.area ( ) ) ;
59,female,628573018,line 13,56,"Rectangle rect1 = new Rectangle ( 0 , 0 , 10 , 10 ) ;"
59,female,629376903,line 16,68,System.out.println ( rect2.area ( ) ) ;
59,female,634144596,line 11,68,public double area ( ) { return this.width ( ) * this.height ( ) ; }
59,female,638240238,line 15,100,"Rectangle rect2 = new Rectangle ( 5 , 5 , 10 , 10 ) ;"
59,female,638300236,line 15,56,"Rectangle rect2 = new Rectangle ( 5 , 5 , 10 , 10 ) ;"
59,female,638560235,line 15,80,"Rectangle rect2 = new Rectangle ( 5 , 5 , 10 , 10 ) ;"
59,female,638988225,line 15,56,"Rectangle rect2 = new Rectangle ( 5 , 5 , 10 , 10 ) ;"
59,female,639152175,line 15,68,"Rectangle rect2 = new Rectangle ( 5 , 5 , 10 , 10 ) ;"
59,female,639588207,line 12,64,public static void main ( String [ ] args ) {
59,female,642146142,line 4,60,this.x1 = x1 ;
62,male,3718855445,line 3,220,"public Rectangle ( int x1 , int y1 , int x2 , int y2 ) {"
62,male,3719311459,line 1,132,public class Rectangle {
62,male,3719447478,line 1,132,public class Rectangle {
62,male,3719851348,line 1,268,public class Rectangle {
62,male,3720091370,line 2,236,"private int x1 , y1 , x2 , y2 ;"
62,male,3720227374,line 2,132,"private int x1 , y1 , x2 , y2 ;"
62,male,3720295353,line 2,64,"private int x1 , y1 , x2 , y2 ;"
62,male,3720375331,line 2,76,"private int x1 , y1 , x2 , y2 ;"
62,male,3720619313,line 2,240,"private int x1 , y1 , x2 , y2 ;"
62,male,3720871370,line 2,168,"private int x1 , y1 , x2 , y2 ;"
62,male,3720991361,line 2,116,"private int x1 , y1 , x2 , y2 ;"
62,male,3721179363,line 2,156,"private int x1 , y1 , x2 , y2 ;"
62,male,3721359052,line 2,176,"private int x1 , y1 , x2 , y2 ;"
62,male,3721479057,line 2,84,"private int x1 , y1 , x2 , y2 ;"
62,male,3721571170,line 2,88,"private int x1 , y1 , x2 , y2 ;"
62,male,3721703208,line 2,128,"private int x1 , y1 , x2 , y2 ;"
62,male,3722091206,line 3,64,"public Rectangle ( int x1 , int y1 , int x2 , int y2 ) {"
62,male,3722275193,line 2,180,"private int x1 , y1 , x2 , y2 ;"
62,male,3722531199,line 3,220,"public Rectangle ( int x1 , int y1 , int x2 , int y2 ) {"
62,male,3722807168,line 2,68,"private int x1 , y1 , x2 , y2 ;"
62,male,3723166987,line 3,64,"public Rectangle ( int x1 , int y1 , int x2 , int y2 ) {"
62,male,3723251037,line 3,80,"public Rectangle ( int x1 , int y1 , int x2 , int y2 ) {"
62,male,3723395073,line 3,128,"public Rectangle ( int x1 , int y1 , int x2 , int y2 ) {"
62,male,3723475071,line 3,76,"public Rectangle ( int x1 , int y1 , int x2 , int y2 ) {"
62,male,3724051038,line 3,92,"public Rectangle ( int x1 , int y1 , int x2 , int y2 ) {"
62,male,3725394912,line 3,56,"public Rectangle ( int x1 , int y1 , int x2 , int y2 ) {"
62,male,3725454911,line 3,56,"public Rectangle ( int x1 , int y1 , int x2 , int y2 ) {"
62,male,3725814907,line 3,76,"public Rectangle ( int x1 , int y1 , int x2 , int y2 ) {"
62,male,3726006722,line 5,64,this.y1 = y1 ;
62,male,3727514750,line 5,172,this.y1 = y1 ;
62,male,3727690496,line 5,172,this.y1 = y1 ;
62,male,3727942618,line 6,88,this.x2 = x2 ;
62,male,3728054657,line 6,108,this.x2 = x2 ;
62,male,3728282690,line 5,176,this.y1 = y1 ;
62,male,3728374690,line 5,88,this.y1 = y1 ;
62,male,3728462721,line 5,84,this.y1 = y1 ;
62,male,3728730797,line 5,120,this.y1 = y1 ;
62,male,3728794716,line 5,60,this.y1 = y1 ;
62,male,3728878668,line 5,80,this.y1 = y1 ;
62,male,3729622545,line 9,128,public int width ( ) { return this.x2 - this.x1 ; }
62,male,3729838521,line 11,136,public double area ( ) { return this.width ( ) * this.height ( ) ; }
62,male,3729974524,line 10,76,public int height ( ) { return this.y2 - this.y1 ; }
62,male,3730054538,line 11,76,public double area ( ) { return this.width ( ) * this.height ( ) ; }
62,male,3730146549,line 11,88,public double area ( ) { return this.width ( ) * this.height ( ) ; }
62,male,3730230553,line 11,80,public double area ( ) { return this.width ( ) * this.height ( ) ; }
62,male,3731166401,line 11,68,public double area ( ) { return this.width ( ) * this.height ( ) ; }
62,male,3731374397,line 12,128,public static void main ( String [ ] args ) {
62,male,3731666390,line 12,88,public static void main ( String [ ] args ) {
62,male,3731806396,line 11,92,public double area ( ) { return this.width ( ) * this.height ( ) ; }
62,male,3732106419,line 11,260,public double area ( ) { return this.width ( ) * this.height ( ) ; }
62,male,3732354157,line 11,144,public double area ( ) { return this.width ( ) * this.height ( ) ; }
62,male,3732414081,line 11,56,public double area ( ) { return this.width ( ) * this.height ( ) ; }
62,male,3732602182,line 12,64,public static void main ( String [ ] args ) {
62,male,3732682224,line 12,76,public static void main ( String [ ] args ) {
62,male,3732830276,line 11,60,public double area ( ) { return this.width ( ) * this.height ( ) ; }
62,male,3732942263,line 11,108,public double area ( ) { return this.width ( ) * this.height ( ) ; }
62,male,3733274260,line 13,68,"Rectangle rect1 = new Rectangle ( 0 , 0 , 10 , 10 ) ;"
62,male,3733458287,line 13,72,"Rectangle rect1 = new Rectangle ( 0 , 0 , 10 , 10 ) ;"
62,male,3733614251,line 13,152,"Rectangle rect1 = new Rectangle ( 0 , 0 , 10 , 10 ) ;"
62,male,3733790263,line 13,120,"Rectangle rect1 = new Rectangle ( 0 , 0 , 10 , 10 ) ;"
62,male,3734042131,line 13,92,"Rectangle rect1 = new Rectangle ( 0 , 0 , 10 , 10 ) ;"
62,male,3734110137,line 13,64,"Rectangle rect1 = new Rectangle ( 0 , 0 , 10 , 10 ) ;"
62,male,3734330154,line 13,144,"Rectangle rect1 = new Rectangle ( 0 , 0 , 10 , 10 ) ;"
62,male,3734438161,line 13,104,"Rectangle rect1 = new Rectangle ( 0 , 0 , 10 , 10 ) ;"
62,male,3734546138,line 14,84,System.out.println ( rect1.area ( ) ) ;
62,male,3734674121,line 13,92,"Rectangle rect1 = new Rectangle ( 0 , 0 , 10 , 10 ) ;"
62,male,3734794123,line 14,76,System.out.println ( rect1.area ( ) ) ;
62,male,3734854155,line 14,56,System.out.println ( rect1.area ( ) ) ;
62,male,3734966559,line 14,56,System.out.println ( rect1.area ( ) ) ;
62,male,3735098624,line 14,128,System.out.println ( rect1.area ( ) ) ;
62,male,3735449822,line 12,76,public static void main ( String [ ] args ) {
62,male,3735509870,line 12,56,public static void main ( String [ ] args ) {
62,male,3736002018,line 14,236,System.out.println ( rect1.area ( ) ) ;
62,male,3736146004,line 15,104,"Rectangle rect2 = new Rectangle ( 5 , 5 , 10 , 10 ) ;"
62,male,3736281997,line 14,80,System.out.println ( rect1.area ( ) ) ;
62,male,3736645978,line 15,60,"Rectangle rect2 = new Rectangle ( 5 , 5 , 10 , 10 ) ;"
62,male,3737009748,line 15,112,"Rectangle rect2 = new Rectangle ( 5 , 5 , 10 , 10 ) ;"
62,male,3737129718,line 15,116,"Rectangle rect2 = new Rectangle ( 5 , 5 , 10 , 10 ) ;"
62,male,3737317729,line 15,100,"Rectangle rect2 = new Rectangle ( 5 , 5 , 10 , 10 ) ;"
62,male,3737485503,line 15,92,"Rectangle rect2 = new Rectangle ( 5 , 5 , 10 , 10 ) ;"
62,male,3737609685,line 15,64,"Rectangle rect2 = new Rectangle ( 5 , 5 , 10 , 10 ) ;"
62,male,3737705775,line 15,68,"Rectangle rect2 = new Rectangle ( 5 , 5 , 10 , 10 ) ;"
62,male,3737885898,line 15,176,"Rectangle rect2 = new Rectangle ( 5 , 5 , 10 , 10 ) ;"
62,male,3738089857,line 15,136,"Rectangle rect2 = new Rectangle ( 5 , 5 , 10 , 10 ) ;"
62,male,3738233854,line 15,112,"Rectangle rect2 = new Rectangle ( 5 , 5 , 10 , 10 ) ;"
62,male,3738869773,line 16,332,System.out.println ( rect2.area ( ) ) ;
62,male,3739089722,line 16,152,System.out.println ( rect2.area ( ) ) ;
62,male,3739221724,line 16,104,System.out.println ( rect2.area ( ) ) ;
62,male,3739317724,line 16,92,System.out.println ( rect2.area ( ) ) ;
62,male,3739445741,line 16,80,System.out.println ( rect2.area ( ) ) ;
62,male,3741753415,line 3,92,"public Rectangle ( int x1 , int y1 , int x2 , int y2 ) {"
62,male,3741873403,line 3,116,"public Rectangle ( int x1 , int y1 , int x2 , int y2 ) {"
62,male,3742049466,line 3,72,"public Rectangle ( int x1 , int y1 , int x2 , int y2 ) {"
62,male,3752024678,line 16,92,System.out.println ( rect2.area ( ) ) ;
62,male,3752592684,line 12,100,public static void main ( String [ ] args ) {
62,male,3752656665,line 12,60,public static void main ( String [ ] args ) {
62,male,3752824543,line 13,128,"Rectangle rect1 = new Rectangle ( 0 , 0 , 10 , 10 ) ;"
62,male,3752896543,line 13,68,"Rectangle rect1 = new Rectangle ( 0 , 0 , 10 , 10 ) ;"
62,male,3752984544,line 13,76,"Rectangle rect1 = new Rectangle ( 0 , 0 , 10 , 10 ) ;"
62,male,3753124537,line 13,116,"Rectangle rect1 = new Rectangle ( 0 , 0 , 10 , 10 ) ;"
62,male,3753260530,line 13,132,"Rectangle rect1 = new Rectangle ( 0 , 0 , 10 , 10 ) ;"
62,male,3753492532,line 14,192,System.out.println ( rect1.area ( ) ) ;
62,male,3753760552,line 15,208,"Rectangle rect2 = new Rectangle ( 5 , 5 , 10 , 10 ) ;"
62,male,3754008583,line 15,196,"Rectangle rect2 = new Rectangle ( 5 , 5 , 10 , 10 ) ;"
62,male,3754200200,line 15,72,"Rectangle rect2 = new Rectangle ( 5 , 5 , 10 , 10 ) ;"
62,male,3754408417,line 15,100,"Rectangle rect2 = new Rectangle ( 5 , 5 , 10 , 10 ) ;"
63,male,11818707868,line 1,140,public class Rectangle {
63,male,11818871681,line 1,96,public class Rectangle {
63,male,11819131689,line 1,228,public class Rectangle {
63,male,11820047713,line 1,72,public class Rectangle {
63,male,11820291789,line 2,176,"private int x1 , y1 , x2 , y2 ;"
63,male,11820371784,line 2,56,"private int x1 , y1 , x2 , y2 ;"
63,male,11820959565,line 2,228,"private int x1 , y1 , x2 , y2 ;"
63,male,11821299632,line 2,228,"private int x1 , y1 , x2 , y2 ;"
63,male,11821483623,line 2,160,"private int x1 , y1 , x2 , y2 ;"
63,male,11821991647,line 3,224,"public Rectangle ( int x1 , int y1 , int x2 , int y2 ) {"
63,male,11822183636,line 3,164,"public Rectangle ( int x1 , int y1 , int x2 , int y2 ) {"
63,male,11822495588,line 3,308,"public Rectangle ( int x1 , int y1 , int x2 , int y2 ) {"
63,male,11822859386,line 3,312,"public Rectangle ( int x1 , int y1 , int x2 , int y2 ) {"
63,male,11822943386,line 3,80,"public Rectangle ( int x1 , int y1 , int x2 , int y2 ) {"
63,male,11823175490,line 3,196,"public Rectangle ( int x1 , int y1 , int x2 , int y2 ) {"
63,male,11823367504,line 3,64,"public Rectangle ( int x1 , int y1 , int x2 , int y2 ) {"
63,male,11823567535,line 3,196,"public Rectangle ( int x1 , int y1 , int x2 , int y2 ) {"
63,male,11823659560,line 3,88,"public Rectangle ( int x1 , int y1 , int x2 , int y2 ) {"
63,male,11823879494,line 3,64,"public Rectangle ( int x1 , int y1 , int x2 , int y2 ) {"
63,male,11824059478,line 3,56,"public Rectangle ( int x1 , int y1 , int x2 , int y2 ) {"
63,male,11824519478,line 3,84,"public Rectangle ( int x1 , int y1 , int x2 , int y2 ) {"
63,male,11825759332,line 5,92,this.y1 = y1 ;
63,male,11825955342,line 4,144,this.x1 = x1 ;
63,male,11826315329,line 4,156,this.x1 = x1 ;
63,male,11826467131,line 3,96,"public Rectangle ( int x1 , int y1 , int x2 , int y2 ) {"
63,male,11826611033,line 2,76,"private int x1 , y1 , x2 , y2 ;"
63,male,11826711118,line 2,96,"private int x1 , y1 , x2 , y2 ;"
63,male,11826839236,line 2,108,"private int x1 , y1 , x2 , y2 ;"
63,male,11827219234,line 1,224,public class Rectangle {
63,male,11827323212,line 2,100,"private int x1 , y1 , x2 , y2 ;"
63,male,11827399210,line 2,72,"private int x1 , y1 , x2 , y2 ;"
63,male,11827619262,line 2,140,"private int x1 , y1 , x2 , y2 ;"
63,male,11827939236,line 3,252,"public Rectangle ( int x1 , int y1 , int x2 , int y2 ) {"
63,male,11828211138,line 2,96,"private int x1 , y1 , x2 , y2 ;"
63,male,11828430900,line 2,60,"private int x1 , y1 , x2 , y2 ;"
63,male,11828667108,line 2,232,"private int x1 , y1 , x2 , y2 ;"
63,male,11828763132,line 2,92,"private int x1 , y1 , x2 , y2 ;"
63,male,11828887097,line 2,84,"private int x1 , y1 , x2 , y2 ;"
63,male,11829083092,line 2,80,"private int x1 , y1 , x2 , y2 ;"
63,male,11829147109,line 3,60,"public Rectangle ( int x1 , int y1 , int x2 , int y2 ) {"
63,male,11829331077,line 3,120,"public Rectangle ( int x1 , int y1 , int x2 , int y2 ) {"
63,male,11829463040,line 2,60,"private int x1 , y1 , x2 , y2 ;"
63,male,11829955116,line 3,56,"public Rectangle ( int x1 , int y1 , int x2 , int y2 ) {"
63,male,11830123117,line 3,164,"public Rectangle ( int x1 , int y1 , int x2 , int y2 ) {"
63,male,11830195104,line 3,68,"public Rectangle ( int x1 , int y1 , int x2 , int y2 ) {"
63,male,11830295080,line 3,96,"public Rectangle ( int x1 , int y1 , int x2 , int y2 ) {"
63,male,11830411065,line 3,84,"public Rectangle ( int x1 , int y1 , int x2 , int y2 ) {"
63,male,11830519015,line 5,84,this.y1 = y1 ;
63,male,11830762987,line 4,96,this.x1 = x1 ;
63,male,11830927000,line 5,100,this.y1 = y1 ;
63,male,11831151037,line 10,116,public int height ( ) { return this.y2 - this.y1 ; }
63,male,11831314957,line 9,160,public int width ( ) { return this.x2 - this.x1 ; }
63,male,11831446881,line 9,80,public int width ( ) { return this.x2 - this.x1 ; }
63,male,11831931022,line 9,88,public int width ( ) { return this.x2 - this.x1 ; }
63,male,11832418854,line 10,112,public int height ( ) { return this.y2 - this.y1 ; }
63,male,11832602848,line 10,128,public int height ( ) { return this.y2 - this.y1 ; }
63,male,11832674844,line 9,68,public int width ( ) { return this.x2 - this.x1 ; }
63,male,11832790834,line 9,84,public int width ( ) { return this.x2 - this.x1 ; }
63,male,11832930820,line 9,72,public int width ( ) { return this.x2 - this.x1 ; }
63,male,11833170801,line 10,236,public int height ( ) { return this.y2 - this.y1 ; }
63,male,11833918773,line 9,60,public int width ( ) { return this.x2 - this.x1 ; }
63,male,11834118569,line 9,196,public int width ( ) { return this.x2 - this.x1 ; }
63,male,11834298629,line 10,140,public int height ( ) { return this.y2 - this.y1 ; }
63,male,11834438693,line 10,136,public int height ( ) { return this.y2 - this.y1 ; }
63,male,11834514685,line 10,72,public int height ( ) { return this.y2 - this.y1 ; }
63,male,11834678598,line 10,64,public int height ( ) { return this.y2 - this.y1 ; }
63,male,11834738600,line 10,56,public int height ( ) { return this.y2 - this.y1 ; }
63,male,11834802619,line 10,60,public int height ( ) { return this.y2 - this.y1 ; }
63,male,11834914668,line 10,108,public int height ( ) { return this.y2 - this.y1 ; }
63,male,11835010705,line 10,92,public int height ( ) { return this.y2 - this.y1 ; }
63,male,11835070709,line 10,56,public int height ( ) { return this.y2 - this.y1 ; }
63,male,11835258718,line 10,80,public int height ( ) { return this.y2 - this.y1 ; }
63,male,11835422756,line 11,92,public double area ( ) { return this.width ( ) * this.height ( ) ; }
63,male,11835482771,line 11,56,public double area ( ) { return this.width ( ) * this.height ( ) ; }
63,male,11835550772,line 11,64,public double area ( ) { return this.width ( ) * this.height ( ) ; }
63,male,11835686750,line 11,132,public double area ( ) { return this.width ( ) * this.height ( ) ; }
63,male,11835970409,line 11,208,public double area ( ) { return this.width ( ) * this.height ( ) ; }
63,male,11836174581,line 11,116,public double area ( ) { return this.width ( ) * this.height ( ) ; }
63,male,11836390575,line 11,212,public double area ( ) { return this.width ( ) * this.height ( ) ; }
63,male,11836806541,line 12,80,public static void main ( String [ ] args ) {
63,male,11837434588,line 12,176,public static void main ( String [ ] args ) {
63,male,11837494589,line 12,56,public static void main ( String [ ] args ) {
63,male,11837710481,line 11,188,public double area ( ) { return this.width ( ) * this.height ( ) ; }
63,male,11837886427,line 11,144,public double area ( ) { return this.width ( ) * this.height ( ) ; }
63,male,11837990428,line 11,68,public double area ( ) { return this.width ( ) * this.height ( ) ; }
63,male,11838086440,line 12,92,public static void main ( String [ ] args ) {
63,male,11838154449,line 11,64,public double area ( ) { return this.width ( ) * this.height ( ) ; }
63,male,11838286417,line 11,96,public double area ( ) { return this.width ( ) * this.height ( ) ; }
63,male,11838510367,line 11,72,public double area ( ) { return this.width ( ) * this.height ( ) ; }
63,male,11838630412,line 12,88,public static void main ( String [ ] args ) {
63,male,11838866486,line 12,144,public static void main ( String [ ] args ) {
63,male,11838982415,line 11,56,public double area ( ) { return this.width ( ) * this.height ( ) ; }
63,male,11839206404,line 7,104,this.y2 = y2 ;
63,male,11839398480,line 10,112,public int height ( ) { return this.y2 - this.y1 ; }
63,male,11839646388,line 9,68,public int width ( ) { return this.x2 - this.x1 ; }
63,male,11839982355,line 9,156,public int width ( ) { return this.x2 - this.x1 ; }
63,male,11840222287,line 9,80,public int width ( ) { return this.x2 - this.x1 ; }
63,male,11840338305,line 9,112,public int width ( ) { return this.x2 - this.x1 ; }
63,male,11840406311,line 9,56,public int width ( ) { return this.x2 - this.x1 ; }
63,male,11840506316,line 9,96,public int width ( ) { return this.x2 - this.x1 ; }
63,male,11840994320,line 9,104,public int width ( ) { return this.x2 - this.x1 ; }
63,male,11841198311,line 9,96,public int width ( ) { return this.x2 - this.x1 ; }
63,male,11841278298,line 9,76,public int width ( ) { return this.x2 - this.x1 ; }
63,male,11841582006,line 10,124,public int height ( ) { return this.y2 - this.y1 ; }
63,male,11841906125,line 10,300,public int height ( ) { return this.y2 - this.y1 ; }
63,male,11842446195,line 13,220,"Rectangle rect1 = new Rectangle ( 0 , 0 , 10 , 10 ) ;"
63,male,11842694162,line 14,96,System.out.println ( rect1.area ( ) ) ;
63,male,11842798164,line 14,100,System.out.println ( rect1.area ( ) ) ;
63,male,11842886175,line 14,76,System.out.println ( rect1.area ( ) ) ;
63,male,11843194169,line 10,76,public int height ( ) { return this.y2 - this.y1 ; }
63,male,11843342080,line 10,80,public int height ( ) { return this.y2 - this.y1 ; }
63,male,11843577993,line 10,232,public int height ( ) { return this.y2 - this.y1 ; }
63,male,11843966049,line 6,360,this.x2 = x2 ;
63,male,11844438003,line 13,104,"Rectangle rect1 = new Rectangle ( 0 , 0 , 10 , 10 ) ;"
63,male,11845133952,line 12,68,public static void main ( String [ ] args ) {
63,male,11845297767,line 12,80,public static void main ( String [ ] args ) {
63,male,11845369701,line 12,68,public static void main ( String [ ] args ) {
63,male,11845529833,line 12,100,public static void main ( String [ ] args ) {
63,male,11845621915,line 12,84,public static void main ( String [ ] args ) {
63,male,11845753876,line 12,120,public static void main ( String [ ] args ) {
63,male,11845813858,line 12,56,public static void main ( String [ ] args ) {
63,male,11845997858,line 12,168,public static void main ( String [ ] args ) {
63,male,11846177910,line 13,112,"Rectangle rect1 = new Rectangle ( 0 , 0 , 10 , 10 ) ;"
63,male,11846253910,line 13,68,"Rectangle rect1 = new Rectangle ( 0 , 0 , 10 , 10 ) ;"
63,male,11846461882,line 13,160,"Rectangle rect1 = new Rectangle ( 0 , 0 , 10 , 10 ) ;"
63,male,11846577889,line 14,76,System.out.println ( rect1.area ( ) ) ;
63,male,11846953926,line 13,100,"Rectangle rect1 = new Rectangle ( 0 , 0 , 10 , 10 ) ;"
63,male,11847117820,line 13,156,"Rectangle rect1 = new Rectangle ( 0 , 0 , 10 , 10 ) ;"
63,male,11847357765,line 13,184,"Rectangle rect1 = new Rectangle ( 0 , 0 , 10 , 10 ) ;"
63,male,11847449922,line 13,88,"Rectangle rect1 = new Rectangle ( 0 , 0 , 10 , 10 ) ;"
63,male,11848153769,line 13,72,"Rectangle rect1 = new Rectangle ( 0 , 0 , 10 , 10 ) ;"
63,male,11848285728,line 5,60,this.y1 = y1 ;
63,male,11848369716,line 5,80,this.y1 = y1 ;
63,male,11848557741,line 4,160,this.x1 = x1 ;
63,male,11848741803,line 5,152,this.y1 = y1 ;
63,male,11849013647,line 5,268,this.y1 = y1 ;
63,male,11849173569,line 4,156,this.x1 = x1 ;
63,male,11849241595,line 4,64,this.x1 = x1 ;
63,male,11849361641,line 5,116,this.y1 = y1 ;
63,male,11849517645,line 5,152,this.y1 = y1 ;
63,male,11849797580,line 5,112,this.y1 = y1 ;
63,male,11849973614,line 15,112,"Rectangle rect2 = new Rectangle ( 5 , 5 , 10 , 10 ) ;"
63,male,11850729644,line 13,212,"Rectangle rect1 = new Rectangle ( 0 , 0 , 10 , 10 ) ;"
63,male,11850925595,line 13,192,"Rectangle rect1 = new Rectangle ( 0 , 0 , 10 , 10 ) ;"
63,male,11851225506,line 13,100,"Rectangle rect1 = new Rectangle ( 0 , 0 , 10 , 10 ) ;"
63,male,11851441541,line 13,112,"Rectangle rect1 = new Rectangle ( 0 , 0 , 10 , 10 ) ;"
63,male,11851625526,line 5,84,this.y1 = y1 ;
63,male,11851909465,line 6,204,this.x2 = x2 ;
63,male,11851981482,line 6,68,this.x2 = x2 ;
63,male,11852145499,line 5,80,this.y1 = y1 ;
63,male,11852205500,line 6,56,this.x2 = x2 ;
63,male,11852329509,line 6,120,this.x2 = x2 ;
63,male,11852417536,line 6,84,this.x2 = x2 ;
63,male,11852973428,line 4,208,this.x1 = x1 ;
63,male,11853109363,line 4,132,this.x1 = x1 ;
63,male,11853745438,line 4,140,this.x1 = x1 ;
63,male,11853917363,line 4,168,this.x1 = x1 ;
63,male,11854057367,line 4,84,this.x1 = x1 ;
63,male,11854201391,line 4,140,this.x1 = x1 ;
63,male,11854429373,line 4,224,this.x1 = x1 ;
63,male,11854593342,line 4,124,this.x1 = x1 ;
63,male,11854809276,line 5,120,this.y1 = y1 ;
63,male,11855045226,line 5,68,this.y1 = y1 ;
63,male,11855181315,line 5,88,this.y1 = y1 ;
63,male,11855369278,line 5,184,this.y1 = y1 ;
63,male,11855449218,line 5,76,this.y1 = y1 ;
63,male,11855645229,line 5,192,this.y1 = y1 ;
63,male,11855789216,line 5,96,this.y1 = y1 ;
63,male,11855849211,line 5,56,this.y1 = y1 ;
63,male,11856069223,line 6,216,this.x2 = x2 ;
63,male,11856401343,line 5,64,this.y1 = y1 ;
63,male,11856461361,line 5,56,this.y1 = y1 ;
63,male,11856668993,line 7,124,this.y2 = y2 ;
63,male,11856833080,line 6,64,this.x2 = x2 ;
63,male,11857065066,line 7,228,this.y2 = y2 ;
63,male,11857161089,line 7,92,this.y2 = y2 ;
63,male,11857281113,line 7,116,this.y2 = y2 ;
63,male,11857409090,line 7,124,this.y2 = y2 ;
63,male,11857701115,line 13,60,"Rectangle rect1 = new Rectangle ( 0 , 0 , 10 , 10 ) ;"
63,male,11857777116,line 13,72,"Rectangle rect1 = new Rectangle ( 0 , 0 , 10 , 10 ) ;"
63,male,11857885116,line 13,84,"Rectangle rect1 = new Rectangle ( 0 , 0 , 10 , 10 ) ;"
63,male,11858101159,line 7,88,this.y2 = y2 ;
63,male,11858325068,line 6,96,this.x2 = x2 ;
63,male,11858516853,line 6,76,this.x2 = x2 ;
63,male,11858812938,line 6,72,this.x2 = x2 ;
63,male,11858872955,line 6,56,this.x2 = x2 ;
63,male,11859056947,line 6,180,this.x2 = x2 ;
63,male,11859192971,line 7,132,this.y2 = y2 ;
63,male,11859297001,line 4,84,this.x1 = x1 ;
63,male,11859608957,line 4,308,this.x1 = x1 ;
63,male,11859704984,line 5,92,this.y1 = y1 ;
63,male,11859832980,line 6,80,this.x2 = x2 ;
63,male,11860024961,line 7,80,this.y2 = y2 ;
63,male,11861868899,line 15,156,"Rectangle rect2 = new Rectangle ( 5 , 5 , 10 , 10 ) ;"
63,male,11862004887,line 14,104,System.out.println ( rect1.area ( ) ) ;
63,male,11862088874,line 14,80,System.out.println ( rect1.area ( ) ) ;
63,male,11862300710,line 15,180,"Rectangle rect2 = new Rectangle ( 5 , 5 , 10 , 10 ) ;"
63,male,11862540566,line 10,136,public int height ( ) { return this.y2 - this.y1 ; }
63,male,11862628624,line 10,84,public int height ( ) { return this.y2 - this.y1 ; }
63,male,11862732677,line 10,100,public int height ( ) { return this.y2 - this.y1 ; }
63,male,11862872715,line 9,104,public int width ( ) { return this.x2 - this.x1 ; }
63,male,11863332724,line 10,80,public int height ( ) { return this.y2 - this.y1 ; }
63,male,11863436665,line 9,100,public int width ( ) { return this.x2 - this.x1 ; }
63,male,11863544678,line 10,80,public int height ( ) { return this.y2 - this.y1 ; }
63,male,11863672715,line 10,124,public int height ( ) { return this.y2 - this.y1 ; }
63,male,11863876758,line 11,100,public double area ( ) { return this.width ( ) * this.height ( ) ; }
63,male,11863976749,line 11,72,public double area ( ) { return this.width ( ) * this.height ( ) ; }
63,male,11865096574,line 12,76,public static void main ( String [ ] args ) {
63,male,11865208586,line 12,108,public static void main ( String [ ] args ) {
63,male,11865536597,line 12,204,public static void main ( String [ ] args ) {
63,male,11865644564,line 12,104,public static void main ( String [ ] args ) {
63,male,11865772597,line 12,100,public static void main ( String [ ] args ) {
63,male,11865840617,line 12,64,public static void main ( String [ ] args ) {
63,male,11866048345,line 10,156,public int height ( ) { return this.y2 - this.y1 ; }
63,male,11866148362,line 10,76,public int height ( ) { return this.y2 - this.y1 ; }
63,male,11866300408,line 10,96,public int height ( ) { return this.y2 - this.y1 ; }
63,male,11866480436,line 10,148,public int height ( ) { return this.y2 - this.y1 ; }
63,male,11866956455,line 9,420,public int width ( ) { return this.x2 - this.x1 ; }
63,male,11867096446,line 9,56,public int width ( ) { return this.x2 - this.x1 ; }
63,male,11867320396,line 9,104,public int width ( ) { return this.x2 - this.x1 ; }
63,male,11867468419,line 10,144,public int height ( ) { return this.y2 - this.y1 ; }
63,male,11867748466,line 10,244,public int height ( ) { return this.y2 - this.y1 ; }
63,male,11868024395,line 6,92,this.x2 = x2 ;
63,male,11868148358,line 6,120,this.x2 = x2 ;
63,male,11868236326,line 6,84,this.x2 = x2 ;
63,male,11868432291,line 10,116,public int height ( ) { return this.y2 - this.y1 ; }
63,male,11868580306,line 10,144,public int height ( ) { return this.y2 - this.y1 ; }
63,male,11868680332,line 10,96,public int height ( ) { return this.y2 - this.y1 ; }
63,male,11868764334,line 10,80,public int height ( ) { return this.y2 - this.y1 ; }
63,male,11868840329,line 10,72,public int height ( ) { return this.y2 - this.y1 ; }
63,male,11869704317,line 10,148,public int height ( ) { return this.y2 - this.y1 ; }
63,male,11870124216,line 10,204,public int height ( ) { return this.y2 - this.y1 ; }
63,male,11870232238,line 10,104,public int height ( ) { return this.y2 - this.y1 ; }
63,male,11870436166,line 11,168,public double area ( ) { return this.width ( ) * this.height ( ) ; }
63,male,11870696185,line 10,216,public int height ( ) { return this.y2 - this.y1 ; }
63,male,11870816215,line 11,88,public double area ( ) { return this.width ( ) * this.height ( ) ; }
63,male,11870984269,line 11,164,public double area ( ) { return this.width ( ) * this.height ( ) ; }
63,male,11871644113,line 11,184,public double area ( ) { return this.width ( ) * this.height ( ) ; }
63,male,11871720026,line 11,72,public double area ( ) { return this.width ( ) * this.height ( ) ; }
63,male,11871911915,line 11,188,public double area ( ) { return this.width ( ) * this.height ( ) ; }
63,male,11872143945,line 11,180,public double area ( ) { return this.width ( ) * this.height ( ) ; }
63,male,11872215938,line 11,68,public double area ( ) { return this.width ( ) * this.height ( ) ; }
63,male,11872676049,line 11,100,public double area ( ) { return this.width ( ) * this.height ( ) ; }
63,male,11872832017,line 11,152,public double area ( ) { return this.width ( ) * this.height ( ) ; }
63,male,11872928077,line 11,92,public double area ( ) { return this.width ( ) * this.height ( ) ; }
63,male,11873288067,line 12,76,public static void main ( String [ ] args ) {
63,male,11873424034,line 12,132,public static void main ( String [ ] args ) {
63,male,11873655712,line 13,148,"Rectangle rect1 = new Rectangle ( 0 , 0 , 10 , 10 ) ;"
63,male,11873927920,line 12,240,public static void main ( String [ ] args ) {
63,male,11874619923,line 11,240,public double area ( ) { return this.width ( ) * this.height ( ) ; }
63,male,11874731953,line 11,108,public double area ( ) { return this.width ( ) * this.height ( ) ; }
63,male,11874795972,line 11,60,public double area ( ) { return this.width ( ) * this.height ( ) ; }
63,male,11875083907,line 12,164,public static void main ( String [ ] args ) {
63,male,11875243907,line 12,156,public static void main ( String [ ] args ) {
63,male,11875631814,line 15,100,"Rectangle rect2 = new Rectangle ( 5 , 5 , 10 , 10 ) ;"
63,male,11875719759,line 15,84,"Rectangle rect2 = new Rectangle ( 5 , 5 , 10 , 10 ) ;"
63,male,11875851666,line 14,76,System.out.println ( rect1.area ( ) ) ;
63,male,11876043686,line 14,168,System.out.println ( rect1.area ( ) ) ;
63,male,11876399840,line 14,84,System.out.println ( rect1.area ( ) ) ;
63,male,11876471870,line 14,68,System.out.println ( rect1.area ( ) ) ;
63,male,11876695803,line 14,160,System.out.println ( rect1.area ( ) ) ;
63,male,11877107829,line 14,120,System.out.println ( rect1.area ( ) ) ;
63,male,11877211858,line 14,100,System.out.println ( rect1.area ( ) ) ;
63,male,11877379769,line 14,164,System.out.println ( rect1.area ( ) ) ;
63,male,11877507692,line 14,84,System.out.println ( rect1.area ( ) ) ;
63,male,11877583677,line 14,72,System.out.println ( rect1.area ( ) ) ;
63,male,11877683665,line 14,72,System.out.println ( rect1.area ( ) ) ;
63,male,11877899705,line 13,156,"Rectangle rect1 = new Rectangle ( 0 , 0 , 10 , 10 ) ;"
63,male,11878091723,line 13,176,"Rectangle rect1 = new Rectangle ( 0 , 0 , 10 , 10 ) ;"
63,male,11878259735,line 13,164,"Rectangle rect1 = new Rectangle ( 0 , 0 , 10 , 10 ) ;"
63,male,11878343713,line 13,60,"Rectangle rect1 = new Rectangle ( 0 , 0 , 10 , 10 ) ;"
63,male,11878503685,line 13,156,"Rectangle rect1 = new Rectangle ( 0 , 0 , 10 , 10 ) ;"
63,male,11878671672,line 13,164,"Rectangle rect1 = new Rectangle ( 0 , 0 , 10 , 10 ) ;"
63,male,11878891627,line 14,160,System.out.println ( rect1.area ( ) ) ;
63,male,11879159541,line 14,172,System.out.println ( rect1.area ( ) ) ;
63,male,11879247391,line 14,84,System.out.println ( rect1.area ( ) ) ;
63,male,11879483538,line 13,192,"Rectangle rect1 = new Rectangle ( 0 , 0 , 10 , 10 ) ;"
63,male,11879639552,line 14,116,System.out.println ( rect1.area ( ) ) ;
63,male,11879811500,line 14,168,System.out.println ( rect1.area ( ) ) ;
63,male,11879895481,line 14,60,System.out.println ( rect1.area ( ) ) ;
63,male,11880043501,line 14,144,System.out.println ( rect1.area ( ) ) ;
63,male,11880319520,line 11,128,public double area ( ) { return this.width ( ) * this.height ( ) ; }
63,male,11880379519,line 12,56,public static void main ( String [ ] args ) {
63,male,11880515521,line 11,96,public double area ( ) { return this.width ( ) * this.height ( ) ; }
63,male,11880603529,line 11,84,public double area ( ) { return this.width ( ) * this.height ( ) ; }
63,male,11880771555,line 11,100,public double area ( ) { return this.width ( ) * this.height ( ) ; }
63,male,11880863572,line 11,88,public double area ( ) { return this.width ( ) * this.height ( ) ; }
63,male,11881027523,line 11,108,public double area ( ) { return this.width ( ) * this.height ( ) ; }
63,male,11881115419,line 11,84,public double area ( ) { return this.width ( ) * this.height ( ) ; }
63,male,11881311340,line 11,120,public double area ( ) { return this.width ( ) * this.height ( ) ; }
63,male,11881467388,line 11,104,public double area ( ) { return this.width ( ) * this.height ( ) ; }
63,male,11881747420,line 11,180,public double area ( ) { return this.width ( ) * this.height ( ) ; }
63,male,11881959418,line 11,172,public double area ( ) { return this.width ( ) * this.height ( ) ; }
63,male,11882255419,line 11,220,public double area ( ) { return this.width ( ) * this.height ( ) ; }
63,male,11882555380,line 11,172,public double area ( ) { return this.width ( ) * this.height ( ) ; }
63,male,11882839360,line 14,156,System.out.println ( rect1.area ( ) ) ;
63,male,11883079281,line 14,116,System.out.println ( rect1.area ( ) ) ;
63,male,11883687269,line 13,344,"Rectangle rect1 = new Rectangle ( 0 , 0 , 10 , 10 ) ;"
63,male,11883827271,line 13,72,"Rectangle rect1 = new Rectangle ( 0 , 0 , 10 , 10 ) ;"
63,male,11883899283,line 13,68,"Rectangle rect1 = new Rectangle ( 0 , 0 , 10 , 10 ) ;"
63,male,11884071299,line 13,132,"Rectangle rect1 = new Rectangle ( 0 , 0 , 10 , 10 ) ;"
63,male,11884179251,line 13,104,"Rectangle rect1 = new Rectangle ( 0 , 0 , 10 , 10 ) ;"
63,male,11884379278,line 13,168,"Rectangle rect1 = new Rectangle ( 0 , 0 , 10 , 10 ) ;"
63,male,11884563270,line 13,156,"Rectangle rect1 = new Rectangle ( 0 , 0 , 10 , 10 ) ;"
63,male,11884623246,line 13,56,"Rectangle rect1 = new Rectangle ( 0 , 0 , 10 , 10 ) ;"
63,male,11884859338,line 14,200,System.out.println ( rect1.area ( ) ) ;
63,male,11885043376,line 14,160,System.out.println ( rect1.area ( ) ) ;
63,male,11885127310,line 14,80,System.out.println ( rect1.area ( ) ) ;
63,male,11885263210,line 14,124,System.out.println ( rect1.area ( ) ) ;
63,male,11885367217,line 14,100,System.out.println ( rect1.area ( ) ) ;
63,male,11885459222,line 14,88,System.out.println ( rect1.area ( ) ) ;
63,male,11885595190,line 14,132,System.out.println ( rect1.area ( ) ) ;
63,male,11885987124,line 14,176,System.out.println ( rect1.area ( ) ) ;
63,male,11886067104,line 14,76,System.out.println ( rect1.area ( ) ) ;
63,male,11886219132,line 14,132,System.out.println ( rect1.area ( ) ) ;
63,male,11886355118,line 14,132,System.out.println ( rect1.area ( ) ) ;
63,male,11886539107,line 11,96,public double area ( ) { return this.width ( ) * this.height ( ) ; }
63,male,11886651139,line 11,84,public double area ( ) { return this.width ( ) * this.height ( ) ; }
63,male,11886910857,line 11,136,public double area ( ) { return this.width ( ) * this.height ( ) ; }
63,male,11887246989,line 12,248,public static void main ( String [ ] args ) {
63,male,11887415046,line 11,144,public double area ( ) { return this.width ( ) * this.height ( ) ; }
63,male,11887626961,line 11,208,public double area ( ) { return this.width ( ) * this.height ( ) ; }
63,male,11887782952,line 11,152,public double area ( ) { return this.width ( ) * this.height ( ) ; }
63,male,11888614923,line 11,88,public double area ( ) { return this.width ( ) * this.height ( ) ; }
63,male,11888714828,line 11,96,public double area ( ) { return this.width ( ) * this.height ( ) ; }
63,male,11888850832,line 11,84,public double area ( ) { return this.width ( ) * this.height ( ) ; }
63,male,11890150762,line 5,280,this.y1 = y1 ;
63,male,11890334835,line 5,128,this.y1 = y1 ;
63,male,11890930728,line 15,148,"Rectangle rect2 = new Rectangle ( 5 , 5 , 10 , 10 ) ;"
63,male,11891038737,line 15,104,"Rectangle rect2 = new Rectangle ( 5 , 5 , 10 , 10 ) ;"
63,male,11891390810,line 16,188,System.out.println ( rect2.area ( ) ) ;
63,male,11891570772,line 16,148,System.out.println ( rect2.area ( ) ) ;
63,male,11891734745,line 16,112,System.out.println ( rect2.area ( ) ) ;
63,male,11891846750,line 16,108,System.out.println ( rect2.area ( ) ) ;
63,male,11891970779,line 16,120,System.out.println ( rect2.area ( ) ) ;
63,male,11892202780,line 15,172,"Rectangle rect2 = new Rectangle ( 5 , 5 , 10 , 10 ) ;"
63,male,11892298776,line 15,76,"Rectangle rect2 = new Rectangle ( 5 , 5 , 10 , 10 ) ;"
63,male,11892546683,line 15,244,"Rectangle rect2 = new Rectangle ( 5 , 5 , 10 , 10 ) ;"
63,male,11892654603,line 15,104,"Rectangle rect2 = new Rectangle ( 5 , 5 , 10 , 10 ) ;"
63,male,11893342648,line 15,160,"Rectangle rect2 = new Rectangle ( 5 , 5 , 10 , 10 ) ;"
63,male,11893410641,line 15,64,"Rectangle rect2 = new Rectangle ( 5 , 5 , 10 , 10 ) ;"
63,male,11893530629,line 15,76,"Rectangle rect2 = new Rectangle ( 5 , 5 , 10 , 10 ) ;"
63,male,11894278508,line 15,64,"Rectangle rect2 = new Rectangle ( 5 , 5 , 10 , 10 ) ;"
63,male,11894458289,line 15,152,"Rectangle rect2 = new Rectangle ( 5 , 5 , 10 , 10 ) ;"
63,male,11894570354,line 16,76,System.out.println ( rect2.area ( ) ) ;
63,male,11894750441,line 16,176,System.out.println ( rect2.area ( ) ) ;
63,male,11894822463,line 16,68,System.out.println ( rect2.area ( ) ) ;
63,male,11894990540,line 16,128,System.out.println ( rect2.area ( ) ) ;
63,male,11895110557,line 16,116,System.out.println ( rect2.area ( ) ) ;
63,male,11895202541,line 16,88,System.out.println ( rect2.area ( ) ) ;
63,male,11895306540,line 16,76,System.out.println ( rect2.area ( ) ) ;
63,male,11895454558,line 16,64,System.out.println ( rect2.area ( ) ) ;
63,male,11895802478,line 16,228,System.out.println ( rect2.area ( ) ) ;
63,male,11897318595,line 9,56,public int width ( ) { return this.x2 - this.x1 ; }
63,male,11897423287,line 9,100,public int width ( ) { return this.x2 - this.x1 ; }
63,male,11898120889,line 6,68,this.x2 = x2 ;
63,male,11898264892,line 6,140,this.x2 = x2 ;
65,female,3957712911,line 10,88,public int height ( ) { return this.y2 - this.y1 ; }
65,female,3958656911,line 2,340,"private int x1 , y1 , x2 , y2 ;"
65,female,3958944632,line 3,100,"public Rectangle ( int x1 , int y1 , int x2 , int y2 ) {"
65,female,3959041027,line 3,92,"public Rectangle ( int x1 , int y1 , int x2 , int y2 ) {"
65,female,3959356817,line 2,164,"private int x1 , y1 , x2 , y2 ;"
65,female,3959532796,line 3,172,"public Rectangle ( int x1 , int y1 , int x2 , int y2 ) {"
65,female,3959916732,line 3,80,"public Rectangle ( int x1 , int y1 , int x2 , int y2 ) {"
65,female,3960060744,line 3,60,"public Rectangle ( int x1 , int y1 , int x2 , int y2 ) {"
65,female,3960240780,line 3,100,"public Rectangle ( int x1 , int y1 , int x2 , int y2 ) {"
65,female,3960420743,line 4,84,this.x1 = x1 ;
65,female,3960708649,line 4,56,this.x1 = x1 ;
65,female,3960920663,line 4,64,this.x1 = x1 ;
65,female,3961032628,line 4,68,this.x1 = x1 ;
65,female,3961604597,line 5,64,this.y1 = y1 ;
65,female,3962708465,line 5,76,this.y1 = y1 ;
65,female,3963612566,line 4,56,this.x1 = x1 ;
65,female,3963776457,line 5,72,this.y1 = y1 ;
65,female,3964684421,line 3,96,"public Rectangle ( int x1 , int y1 , int x2 , int y2 ) {"
65,female,3966868032,line 9,76,public int width ( ) { return this.x2 - this.x1 ; }
65,female,3967192136,line 9,68,public int width ( ) { return this.x2 - this.x1 ; }
65,female,3968019812,line 9,56,public int width ( ) { return this.x2 - this.x1 ; }
65,female,3968115652,line 9,68,public int width ( ) { return this.x2 - this.x1 ; }
65,female,3969276012,line 3,64,"public Rectangle ( int x1 , int y1 , int x2 , int y2 ) {"
65,female,3971055891,line 3,64,"public Rectangle ( int x1 , int y1 , int x2 , int y2 ) {"
65,female,3971623675,line 2,60,"private int x1 , y1 , x2 , y2 ;"
65,female,3972499643,line 3,148,"public Rectangle ( int x1 , int y1 , int x2 , int y2 ) {"
65,female,3972603653,line 3,100,"public Rectangle ( int x1 , int y1 , int x2 , int y2 ) {"
65,female,3972891574,line 3,152,"public Rectangle ( int x1 , int y1 , int x2 , int y2 ) {"
65,female,3972987434,line 3,84,"public Rectangle ( int x1 , int y1 , int x2 , int y2 ) {"
65,female,3973583787,line 3,88,"public Rectangle ( int x1 , int y1 , int x2 , int y2 ) {"
65,female,3975167412,line 3,104,"public Rectangle ( int x1 , int y1 , int x2 , int y2 ) {"
65,female,3975315421,line 3,96,"public Rectangle ( int x1 , int y1 , int x2 , int y2 ) {"
65,female,3975567392,line 4,56,this.x1 = x1 ;
65,female,3975691421,line 4,84,this.x1 = x1 ;
65,female,3976243247,line 6,80,this.x2 = x2 ;
65,female,3976359288,line 6,112,this.x2 = x2 ;
65,female,3977131439,line 5,80,this.y1 = y1 ;
65,female,3977347359,line 6,68,this.x2 = x2 ;
65,female,3977479385,line 5,56,this.y1 = y1 ;
65,female,3977778909,line 4,76,this.x1 = x1 ;
65,female,3978695204,line 6,84,this.x2 = x2 ;
65,female,3978815208,line 5,60,this.y1 = y1 ;
65,female,3979223130,line 6,60,this.x2 = x2 ;
65,female,3980042986,line 6,72,this.x2 = x2 ;
65,female,3980407032,line 6,68,this.x2 = x2 ;
65,female,3980531041,line 7,64,this.y2 = y2 ;
65,female,3980802939,line 7,76,this.y2 = y2 ;
65,female,3980946906,line 7,60,this.y2 = y2 ;
65,female,3987438401,line 10,104,public int height ( ) { return this.y2 - this.y1 ; }
65,female,3990102200,line 9,68,public int width ( ) { return this.x2 - this.x1 ; }
65,female,3990534245,line 10,80,public int height ( ) { return this.y2 - this.y1 ; }
65,female,3990658214,line 11,72,public double area ( ) { return this.width ( ) * this.height ( ) ; }
65,female,3990734142,line 11,68,public double area ( ) { return this.width ( ) * this.height ( ) ; }
65,female,3990894086,line 13,60,"Rectangle rect1 = new Rectangle ( 0 , 0 , 10 , 10 ) ;"
65,female,3990970073,line 13,68,"Rectangle rect1 = new Rectangle ( 0 , 0 , 10 , 10 ) ;"
65,female,3991398144,line 13,84,"Rectangle rect1 = new Rectangle ( 0 , 0 , 10 , 10 ) ;"
65,female,3993661877,line 13,300,"Rectangle rect1 = new Rectangle ( 0 , 0 , 10 , 10 ) ;"
65,female,3993793883,line 13,124,"Rectangle rect1 = new Rectangle ( 0 , 0 , 10 , 10 ) ;"
65,female,3994721854,line 11,80,public double area ( ) { return this.width ( ) * this.height ( ) ; }
65,female,4002293281,line 14,56,System.out.println ( rect1.area ( ) ) ;
65,female,4005980758,line 15,68,"Rectangle rect2 = new Rectangle ( 5 , 5 , 10 , 10 ) ;"
65,female,4008584646,line 6,56,this.x2 = x2 ;
71,male,13917733055,line 2,68,"private int x1 , y1 , x2 , y2 ;"
71,male,13918133041,line 4,84,this.x1 = x1 ;
71,male,13918408995,line 2,60,"private int x1 , y1 , x2 , y2 ;"
71,male,13920564784,line 1,64,public class Rectangle {
71,male,13921232710,line 7,60,this.y2 = y2 ;
71,male,13921488724,line 6,80,this.x2 = x2 ;
71,male,13922744636,line 6,68,this.x2 = x2 ;
71,male,13924048544,line 3,64,"public Rectangle ( int x1 , int y1 , int x2 , int y2 ) {"
71,male,13924108520,line 3,56,"public Rectangle ( int x1 , int y1 , int x2 , int y2 ) {"
71,male,13924184493,line 3,72,"public Rectangle ( int x1 , int y1 , int x2 , int y2 ) {"
71,male,13925492356,line 2,124,"private int x1 , y1 , x2 , y2 ;"
71,male,13925840406,line 4,56,this.x1 = x1 ;
71,male,13931195875,line 7,60,this.y2 = y2 ;
71,male,13932003875,line 9,68,public int width ( ) { return this.x2 - this.x1 ; }
71,male,13933311727,line 9,84,public int width ( ) { return this.x2 - this.x1 ; }
71,male,13933415750,line 9,100,public int width ( ) { return this.x2 - this.x1 ; }
71,male,13939131309,line 10,68,public int height ( ) { return this.y2 - this.y1 ; }
71,male,13939495201,line 11,68,public double area ( ) { return this.width ( ) * this.height ( ) ; }
71,male,13940891069,line 2,64,"private int x1 , y1 , x2 , y2 ;"
71,male,13941855035,line 1,56,public class Rectangle {
71,male,13941975057,line 1,116,public class Rectangle {
71,male,13942167047,line 1,116,public class Rectangle {
71,male,13942278902,line 1,60,public class Rectangle {
71,male,13942358791,line 1,76,public class Rectangle {
71,male,13943906813,line 10,60,public int height ( ) { return this.y2 - this.y1 ; }
71,male,13946302741,line 11,60,public double area ( ) { return this.width ( ) * this.height ( ) ; }
71,male,13946470613,line 11,72,public double area ( ) { return this.width ( ) * this.height ( ) ; }
71,male,13946782724,line 11,64,public double area ( ) { return this.width ( ) * this.height ( ) ; }
71,male,13947186402,line 11,56,public double area ( ) { return this.width ( ) * this.height ( ) ; }
71,male,13947362455,line 10,64,public int height ( ) { return this.y2 - this.y1 ; }
71,male,13947534487,line 10,72,public int height ( ) { return this.y2 - this.y1 ; }
71,male,13947610511,line 10,72,public int height ( ) { return this.y2 - this.y1 ; }
71,male,13947962483,line 10,56,public int height ( ) { return this.y2 - this.y1 ; }
71,male,13949102426,line 11,80,public double area ( ) { return this.width ( ) * this.height ( ) ; }
71,male,13953317892,line 11,60,public double area ( ) { return this.width ( ) * this.height ( ) ; }
71,male,13954094032,line 11,68,public double area ( ) { return this.width ( ) * this.height ( ) ; }
71,male,13954258021,line 10,76,public int height ( ) { return this.y2 - this.y1 ; }
71,male,13954453964,line 11,68,public double area ( ) { return this.width ( ) * this.height ( ) ; }
71,male,13956317825,line 3,56,"public Rectangle ( int x1 , int y1 , int x2 , int y2 ) {"
71,male,13956685729,line 13,64,"Rectangle rect1 = new Rectangle ( 0 , 0 , 10 , 10 ) ;"
71,male,13957197704,line 2,120,"private int x1 , y1 , x2 , y2 ;"
71,male,13957337713,line 2,100,"private int x1 , y1 , x2 , y2 ;"
71,male,13957705753,line 1,80,public class Rectangle {
71,male,13957893711,line 1,92,public class Rectangle {
71,male,13958097463,line 2,92,"private int x1 , y1 , x2 , y2 ;"
71,male,13958157466,line 2,56,"private int x1 , y1 , x2 , y2 ;"
71,male,13958453574,line 13,60,"Rectangle rect1 = new Rectangle ( 0 , 0 , 10 , 10 ) ;"
71,male,13958697561,line 11,80,public double area ( ) { return this.width ( ) * this.height ( ) ; }
71,male,13958965610,line 13,60,"Rectangle rect1 = new Rectangle ( 0 , 0 , 10 , 10 ) ;"
71,male,13959693371,line 13,56,"Rectangle rect1 = new Rectangle ( 0 , 0 , 10 , 10 ) ;"
71,male,13959813114,line 13,64,"Rectangle rect1 = new Rectangle ( 0 , 0 , 10 , 10 ) ;"
71,male,13959989096,line 14,76,System.out.println ( rect1.area ( ) ) ;
71,male,13960233450,line 14,76,System.out.println ( rect1.area ( ) ) ;
71,male,13960469485,line 14,64,System.out.println ( rect1.area ( ) ) ;
71,male,13960929451,line 14,76,System.out.println ( rect1.area ( ) ) ;
71,male,13961009423,line 14,76,System.out.println ( rect1.area ( ) ) ;
71,male,13961273649,line 14,68,System.out.println ( rect1.area ( ) ) ;
71,male,13961505481,line 14,60,System.out.println ( rect1.area ( ) ) ;
71,male,13963297165,line 10,100,public int height ( ) { return this.y2 - this.y1 ; }
71,male,13963485182,line 13,112,"Rectangle rect1 = new Rectangle ( 0 , 0 , 10 , 10 ) ;"
71,male,13964065236,line 2,116,"private int x1 , y1 , x2 , y2 ;"
71,male,13964149203,line 2,80,"private int x1 , y1 , x2 , y2 ;"
71,male,13964520975,line 9,84,public int width ( ) { return this.x2 - this.x1 ; }
71,male,13964817088,line 9,108,public int width ( ) { return this.x2 - this.x1 ; }
71,male,13965241047,line 9,56,public int width ( ) { return this.x2 - this.x1 ; }
71,male,13965520804,line 9,112,public int width ( ) { return this.x2 - this.x1 ; }
71,male,13965828998,line 9,88,public int width ( ) { return this.x2 - this.x1 ; }
71,male,13965928836,line 9,56,public int width ( ) { return this.x2 - this.x1 ; }
71,male,13966360893,line 9,64,public int width ( ) { return this.x2 - this.x1 ; }
71,male,13966648858,line 9,148,public int width ( ) { return this.x2 - this.x1 ; }
71,male,13966944850,line 9,140,public int width ( ) { return this.x2 - this.x1 ; }
71,male,13967052856,line 9,80,public int width ( ) { return this.x2 - this.x1 ; }
71,male,13967164897,line 9,108,public int width ( ) { return this.x2 - this.x1 ; }
71,male,13967624832,line 7,68,this.y2 = y2 ;
71,male,13969284634,line 15,88,"Rectangle rect2 = new Rectangle ( 5 , 5 , 10 , 10 ) ;"
71,male,13969400689,line 15,72,"Rectangle rect2 = new Rectangle ( 5 , 5 , 10 , 10 ) ;"
71,male,13969532676,line 15,60,"Rectangle rect2 = new Rectangle ( 5 , 5 , 10 , 10 ) ;"
71,male,13969680639,line 15,56,"Rectangle rect2 = new Rectangle ( 5 , 5 , 10 , 10 ) ;"
71,male,13970580677,line 16,56,System.out.println ( rect2.area ( ) ) ;
75,male,496509950,line 6,192,this.x2 = x2 ;
75,male,496693877,line 2,160,"private int x1 , y1 , x2 , y2 ;"
75,male,497093933,line 2,208,"private int x1 , y1 , x2 , y2 ;"
75,male,497317867,line 2,200,"private int x1 , y1 , x2 , y2 ;"
75,male,497817779,line 3,144,"public Rectangle ( int x1 , int y1 , int x2 , int y2 ) {"
75,male,497973765,line 3,152,"public Rectangle ( int x1 , int y1 , int x2 , int y2 ) {"
75,male,498057767,line 3,80,"public Rectangle ( int x1 , int y1 , int x2 , int y2 ) {"
75,male,498853815,line 3,164,"public Rectangle ( int x1 , int y1 , int x2 , int y2 ) {"
75,male,499269729,line 5,116,this.y1 = y1 ;
75,male,499421604,line 5,148,this.y1 = y1 ;
75,male,499497596,line 6,56,this.x2 = x2 ;
75,male,499701653,line 7,200,this.y2 = y2 ;
75,male,499945638,line 10,188,public int height ( ) { return this.y2 - this.y1 ; }
75,male,500149662,line 10,144,public int height ( ) { return this.y2 - this.y1 ; }
75,male,500601681,line 9,136,public int width ( ) { return this.x2 - this.x1 ; }
75,male,500709693,line 5,84,this.y1 = y1 ;
75,male,501001660,line 4,96,this.x1 = x1 ;
75,male,501105657,line 3,68,"public Rectangle ( int x1 , int y1 , int x2 , int y2 ) {"
75,male,501237584,line 3,128,"public Rectangle ( int x1 , int y1 , int x2 , int y2 ) {"
75,male,501453517,line 2,152,"private int x1 , y1 , x2 , y2 ;"
75,male,501737518,line 2,204,"private int x1 , y1 , x2 , y2 ;"
75,male,501833521,line 2,80,"private int x1 , y1 , x2 , y2 ;"
75,male,502009579,line 2,116,"private int x1 , y1 , x2 , y2 ;"
75,male,502241538,line 2,228,"private int x1 , y1 , x2 , y2 ;"
75,male,502321536,line 4,64,this.x1 = x1 ;
75,male,502413545,line 4,88,this.x1 = x1 ;
75,male,502557537,line 5,112,this.y1 = y1 ;
75,male,502817555,line 7,80,this.y2 = y2 ;
75,male,503153441,line 7,304,this.y2 = y2 ;
75,male,503417372,line 7,212,this.y2 = y2 ;
75,male,503557442,line 10,104,public int height ( ) { return this.y2 - this.y1 ; }
75,male,503629443,line 10,68,public int height ( ) { return this.y2 - this.y1 ; }
75,male,503845494,line 10,192,public int height ( ) { return this.y2 - this.y1 ; }
75,male,504029471,line 10,160,public int height ( ) { return this.y2 - this.y1 ; }
75,male,504205412,line 9,136,public int width ( ) { return this.x2 - this.x1 ; }
75,male,504593438,line 9,168,public int width ( ) { return this.x2 - this.x1 ; }
75,male,504669444,line 9,60,public int width ( ) { return this.x2 - this.x1 ; }
75,male,504757417,line 9,84,public int width ( ) { return this.x2 - this.x1 ; }
75,male,504957261,line 9,196,public int width ( ) { return this.x2 - this.x1 ; }
75,male,505141101,line 9,156,public int width ( ) { return this.x2 - this.x1 ; }
75,male,505517316,line 9,336,public int width ( ) { return this.x2 - this.x1 ; }
75,male,505677297,line 9,156,public int width ( ) { return this.x2 - this.x1 ; }
75,male,506353255,line 9,116,public int width ( ) { return this.x2 - this.x1 ; }
75,male,506661141,line 9,164,public int width ( ) { return this.x2 - this.x1 ; }
75,male,506741156,line 9,60,public int width ( ) { return this.x2 - this.x1 ; }
75,male,506869236,line 9,124,public int width ( ) { return this.x2 - this.x1 ; }
75,male,507093234,line 9,188,public int width ( ) { return this.x2 - this.x1 ; }
75,male,507345202,line 10,208,public int height ( ) { return this.y2 - this.y1 ; }
75,male,507529129,line 10,172,public int height ( ) { return this.y2 - this.y1 ; }
75,male,507681142,line 10,120,public int height ( ) { return this.y2 - this.y1 ; }
75,male,507829115,line 10,136,public int height ( ) { return this.y2 - this.y1 ; }
75,male,507933084,line 10,100,public int height ( ) { return this.y2 - this.y1 ; }
75,male,508113079,line 10,152,public int height ( ) { return this.y2 - this.y1 ; }
75,male,508301084,line 10,172,public int height ( ) { return this.y2 - this.y1 ; }
75,male,508549138,line 10,204,public int height ( ) { return this.y2 - this.y1 ; }
75,male,508872895,line 10,148,public int height ( ) { return this.y2 - this.y1 ; }
75,male,509124938,line 11,192,public double area ( ) { return this.width ( ) * this.height ( ) ; }
75,male,509317015,line 11,148,public double area ( ) { return this.width ( ) * this.height ( ) ; }
75,male,509409029,line 11,80,public double area ( ) { return this.width ( ) * this.height ( ) ; }
75,male,509665086,line 11,252,public double area ( ) { return this.width ( ) * this.height ( ) ; }
75,male,509925001,line 11,256,public double area ( ) { return this.width ( ) * this.height ( ) ; }
75,male,510189068,line 11,188,public double area ( ) { return this.width ( ) * this.height ( ) ; }
75,male,510281034,line 11,56,public double area ( ) { return this.width ( ) * this.height ( ) ; }
75,male,510496965,line 11,212,public double area ( ) { return this.width ( ) * this.height ( ) ; }
75,male,510640894,line 11,60,public double area ( ) { return this.width ( ) * this.height ( ) ; }
75,male,510784691,line 11,96,public double area ( ) { return this.width ( ) * this.height ( ) ; }
75,male,510900711,line 11,112,public double area ( ) { return this.width ( ) * this.height ( ) ; }
75,male,511268799,line 11,64,public double area ( ) { return this.width ( ) * this.height ( ) ; }
75,male,511640810,line 12,64,public static void main ( String [ ] args ) {
75,male,511748827,line 12,104,public static void main ( String [ ] args ) {
75,male,511932869,line 12,160,public static void main ( String [ ] args ) {
75,male,512228893,line 12,208,public static void main ( String [ ] args ) {
75,male,512312902,line 13,60,"Rectangle rect1 = new Rectangle ( 0 , 0 , 10 , 10 ) ;"
75,male,512492893,line 13,176,"Rectangle rect1 = new Rectangle ( 0 , 0 , 10 , 10 ) ;"
75,male,512680720,line 12,132,public static void main ( String [ ] args ) {
75,male,512860683,line 12,124,public static void main ( String [ ] args ) {
75,male,513032711,line 12,160,public static void main ( String [ ] args ) {
75,male,513200730,line 12,152,public static void main ( String [ ] args ) {
75,male,513344735,line 12,140,public static void main ( String [ ] args ) {
75,male,513576759,line 13,208,"Rectangle rect1 = new Rectangle ( 0 , 0 , 10 , 10 ) ;"
75,male,513732812,line 13,120,"Rectangle rect1 = new Rectangle ( 0 , 0 , 10 , 10 ) ;"
75,male,513920826,line 13,148,"Rectangle rect1 = new Rectangle ( 0 , 0 , 10 , 10 ) ;"
75,male,514080772,line 13,156,"Rectangle rect1 = new Rectangle ( 0 , 0 , 10 , 10 ) ;"
75,male,514300749,line 13,160,"Rectangle rect1 = new Rectangle ( 0 , 0 , 10 , 10 ) ;"
75,male,514464730,line 13,160,"Rectangle rect1 = new Rectangle ( 0 , 0 , 10 , 10 ) ;"
75,male,514796567,line 9,76,public int width ( ) { return this.x2 - this.x1 ; }
75,male,515040544,line 9,240,public int width ( ) { return this.x2 - this.x1 ; }
75,male,515272595,line 13,136,"Rectangle rect1 = new Rectangle ( 0 , 0 , 10 , 10 ) ;"
75,male,515496617,line 14,180,System.out.println ( rect1.area ( ) ) ;
75,male,515764603,line 13,192,"Rectangle rect1 = new Rectangle ( 0 , 0 , 10 , 10 ) ;"
75,male,516088618,line 13,228,"Rectangle rect1 = new Rectangle ( 0 , 0 , 10 , 10 ) ;"
75,male,516384457,line 13,96,"Rectangle rect1 = new Rectangle ( 0 , 0 , 10 , 10 ) ;"
75,male,516688425,line 13,180,"Rectangle rect1 = new Rectangle ( 0 , 0 , 10 , 10 ) ;"
75,male,516876479,line 13,140,"Rectangle rect1 = new Rectangle ( 0 , 0 , 10 , 10 ) ;"
75,male,516964491,line 13,72,"Rectangle rect1 = new Rectangle ( 0 , 0 , 10 , 10 ) ;"
75,male,517040496,line 13,72,"Rectangle rect1 = new Rectangle ( 0 , 0 , 10 , 10 ) ;"
75,male,517196499,line 4,76,this.x1 = x1 ;
75,male,517388492,line 2,144,"private int x1 , y1 , x2 , y2 ;"
75,male,517556480,line 2,144,"private int x1 , y1 , x2 , y2 ;"
75,male,517632497,line 2,72,"private int x1 , y1 , x2 , y2 ;"
75,male,517928394,line 3,256,"public Rectangle ( int x1 , int y1 , int x2 , int y2 ) {"
75,male,518148370,line 3,172,"public Rectangle ( int x1 , int y1 , int x2 , int y2 ) {"
75,male,518352340,line 5,172,this.y1 = y1 ;
75,male,518464329,line 5,108,this.y1 = y1 ;
75,male,518812397,line 3,260,"public Rectangle ( int x1 , int y1 , int x2 , int y2 ) {"
75,male,519004358,line 3,144,"public Rectangle ( int x1 , int y1 , int x2 , int y2 ) {"
75,male,519132320,line 5,88,this.y1 = y1 ;
75,male,519236316,line 5,100,this.y1 = y1 ;
75,male,519312315,line 6,72,this.x2 = x2 ;
75,male,519772340,line 6,456,this.x2 = x2 ;
75,male,519932332,line 6,128,this.x2 = x2 ;
75,male,520696233,line 13,112,"Rectangle rect1 = new Rectangle ( 0 , 0 , 10 , 10 ) ;"
75,male,520868197,line 7,116,this.y2 = y2 ;
75,male,521260235,line 13,100,"Rectangle rect1 = new Rectangle ( 0 , 0 , 10 , 10 ) ;"
75,male,521476223,line 6,180,this.x2 = x2 ;
75,male,521728229,line 6,196,this.x2 = x2 ;
75,male,521844258,line 7,112,this.y2 = y2 ;
75,male,521948257,line 7,100,this.y2 = y2 ;
75,male,522008244,line 7,56,this.y2 = y2 ;
75,male,522368016,line 10,228,public int height ( ) { return this.y2 - this.y1 ; }
75,male,522796050,line 10,396,public int height ( ) { return this.y2 - this.y1 ; }
75,male,522952049,line 13,120,"Rectangle rect1 = new Rectangle ( 0 , 0 , 10 , 10 ) ;"
75,male,523084071,line 9,84,public int width ( ) { return this.x2 - this.x1 ; }
75,male,523264084,line 9,176,public int width ( ) { return this.x2 - this.x1 ; }
75,male,523552081,line 6,232,this.x2 = x2 ;
75,male,523748027,line 6,192,this.x2 = x2 ;
75,male,523948039,line 6,168,this.x2 = x2 ;
75,male,524119845,line 6,168,this.x2 = x2 ;
75,male,524187878,line 6,64,this.x2 = x2 ;
75,male,524295928,line 7,104,this.y2 = y2 ;
75,male,524455917,line 7,88,this.y2 = y2 ;
75,male,524579932,line 15,88,"Rectangle rect2 = new Rectangle ( 5 , 5 , 10 , 10 ) ;"
75,male,524639946,line 15,56,"Rectangle rect2 = new Rectangle ( 5 , 5 , 10 , 10 ) ;"
75,male,525339999,line 13,72,"Rectangle rect1 = new Rectangle ( 0 , 0 , 10 , 10 ) ;"
75,male,525703942,line 2,148,"private int x1 , y1 , x2 , y2 ;"
75,male,525971888,line 3,200,"public Rectangle ( int x1 , int y1 , int x2 , int y2 ) {"
75,male,526199847,line 3,208,"public Rectangle ( int x1 , int y1 , int x2 , int y2 ) {"
75,male,526587823,line 7,88,this.y2 = y2 ;
75,male,526675837,line 7,84,this.y2 = y2 ;
75,male,526755846,line 7,76,this.y2 = y2 ;
75,male,526915870,line 7,156,this.y2 = y2 ;
75,male,527515802,line 13,136,"Rectangle rect1 = new Rectangle ( 0 , 0 , 10 , 10 ) ;"
75,male,527623821,line 9,56,public int width ( ) { return this.x2 - this.x1 ; }
75,male,527715834,line 10,64,public int height ( ) { return this.y2 - this.y1 ; }
75,male,527887493,line 11,76,public double area ( ) { return this.width ( ) * this.height ( ) ; }
75,male,528043513,line 10,152,public int height ( ) { return this.y2 - this.y1 ; }
75,male,528487621,line 6,120,this.x2 = x2 ;
75,male,528779689,line 6,288,this.x2 = x2 ;
75,male,528847681,line 6,64,this.x2 = x2 ;
75,male,529271655,line 13,120,"Rectangle rect1 = new Rectangle ( 0 , 0 , 10 , 10 ) ;"
75,male,529391639,line 6,76,this.x2 = x2 ;
75,male,529491563,line 6,96,this.x2 = x2 ;
75,male,529619511,line 6,124,this.x2 = x2 ;
75,male,529827450,line 11,116,public double area ( ) { return this.width ( ) * this.height ( ) ; }
75,male,530171546,line 10,268,public int height ( ) { return this.y2 - this.y1 ; }
75,male,530287557,line 10,76,public int height ( ) { return this.y2 - this.y1 ; }
75,male,530431572,line 10,140,public int height ( ) { return this.y2 - this.y1 ; }
75,male,530499548,line 10,64,public int height ( ) { return this.y2 - this.y1 ; }
75,male,530671477,line 9,168,public int width ( ) { return this.x2 - this.x1 ; }
75,male,531971445,line 9,80,public int width ( ) { return this.x2 - this.x1 ; }
75,male,532051433,line 9,76,public int width ( ) { return this.x2 - this.x1 ; }
75,male,532231438,line 10,148,public int height ( ) { return this.y2 - this.y1 ; }
75,male,532327442,line 10,72,public int height ( ) { return this.y2 - this.y1 ; }
75,male,532387436,line 10,56,public int height ( ) { return this.y2 - this.y1 ; }
75,male,532591439,line 10,96,public int height ( ) { return this.y2 - this.y1 ; }
75,male,532707437,line 10,80,public int height ( ) { return this.y2 - this.y1 ; }
75,male,532895398,line 10,128,public int height ( ) { return this.y2 - this.y1 ; }
75,male,532971391,line 10,72,public int height ( ) { return this.y2 - this.y1 ; }
75,male,533087384,line 11,88,public double area ( ) { return this.width ( ) * this.height ( ) ; }
75,male,533247389,line 11,156,public double area ( ) { return this.width ( ) * this.height ( ) ; }
75,male,533439486,line 12,116,public static void main ( String [ ] args ) {
75,male,533695127,line 12,140,public static void main ( String [ ] args ) {
75,male,533911273,line 11,76,public double area ( ) { return this.width ( ) * this.height ( ) ; }
75,male,534547257,line 11,140,public double area ( ) { return this.width ( ) * this.height ( ) ; }
75,male,534775269,line 11,128,public double area ( ) { return this.width ( ) * this.height ( ) ; }
75,male,535327246,line 11,136,public double area ( ) { return this.width ( ) * this.height ( ) ; }
75,male,535531165,line 11,160,public double area ( ) { return this.width ( ) * this.height ( ) ; }
75,male,535631176,line 11,96,public double area ( ) { return this.width ( ) * this.height ( ) ; }
75,male,535827145,line 14,128,System.out.println ( rect1.area ( ) ) ;
75,male,535995157,line 14,64,System.out.println ( rect1.area ( ) ) ;
75,male,536359129,line 14,156,System.out.println ( rect1.area ( ) ) ;
75,male,536587164,line 14,192,System.out.println ( rect1.area ( ) ) ;
75,male,536839196,line 11,156,public double area ( ) { return this.width ( ) * this.height ( ) ; }
75,male,536971213,line 11,128,public double area ( ) { return this.width ( ) * this.height ( ) ; }
75,male,537071170,line 11,96,public double area ( ) { return this.width ( ) * this.height ( ) ; }
75,male,537179154,line 11,76,public double area ( ) { return this.width ( ) * this.height ( ) ; }
75,male,537339143,line 14,128,System.out.println ( rect1.area ( ) ) ;
75,male,537535058,line 14,60,System.out.println ( rect1.area ( ) ) ;
75,male,537994973,line 13,344,"Rectangle rect1 = new Rectangle ( 0 , 0 , 10 , 10 ) ;"
75,male,538258969,line 11,200,public double area ( ) { return this.width ( ) * this.height ( ) ; }
75,male,538470988,line 13,168,"Rectangle rect1 = new Rectangle ( 0 , 0 , 10 , 10 ) ;"
75,male,538542995,line 13,68,"Rectangle rect1 = new Rectangle ( 0 , 0 , 10 , 10 ) ;"
75,male,538642994,line 13,96,"Rectangle rect1 = new Rectangle ( 0 , 0 , 10 , 10 ) ;"
75,male,538874975,line 11,148,public double area ( ) { return this.width ( ) * this.height ( ) ; }
75,male,539206932,line 11,128,public double area ( ) { return this.width ( ) * this.height ( ) ; }
75,male,539362763,line 11,152,public double area ( ) { return this.width ( ) * this.height ( ) ; }
75,male,539514793,line 11,148,public double area ( ) { return this.width ( ) * this.height ( ) ; }
75,male,539666868,line 11,64,public double area ( ) { return this.width ( ) * this.height ( ) ; }
75,male,540234841,line 10,84,public int height ( ) { return this.y2 - this.y1 ; }
75,male,540686908,line 5,168,this.y1 = y1 ;
75,male,541538756,line 15,88,"Rectangle rect2 = new Rectangle ( 5 , 5 , 10 , 10 ) ;"
75,male,541682730,line 15,56,"Rectangle rect2 = new Rectangle ( 5 , 5 , 10 , 10 ) ;"
75,male,541910770,line 15,56,"Rectangle rect2 = new Rectangle ( 5 , 5 , 10 , 10 ) ;"
75,male,542030761,line 15,116,"Rectangle rect2 = new Rectangle ( 5 , 5 , 10 , 10 ) ;"
75,male,542422752,line 16,96,System.out.println ( rect2.area ( ) ) ;
75,male,542482755,line 15,56,"Rectangle rect2 = new Rectangle ( 5 , 5 , 10 , 10 ) ;"
75,male,542742755,line 15,84,"Rectangle rect2 = new Rectangle ( 5 , 5 , 10 , 10 ) ;"
75,male,543062616,line 15,104,"Rectangle rect2 = new Rectangle ( 5 , 5 , 10 , 10 ) ;"
75,male,543346610,line 14,208,System.out.println ( rect1.area ( ) ) ;
75,male,543498593,line 14,148,System.out.println ( rect1.area ( ) ) ;
75,male,543574569,line 14,72,System.out.println ( rect1.area ( ) ) ;
75,male,543674543,line 14,96,System.out.println ( rect1.area ( ) ) ;
75,male,543882633,line 14,148,System.out.println ( rect1.area ( ) ) ;
75,male,543978631,line 15,68,"Rectangle rect2 = new Rectangle ( 5 , 5 , 10 , 10 ) ;"
75,male,544482645,line 15,244,"Rectangle rect2 = new Rectangle ( 5 , 5 , 10 , 10 ) ;"
75,male,544618584,line 15,132,"Rectangle rect2 = new Rectangle ( 5 , 5 , 10 , 10 ) ;"
75,male,544686553,line 15,64,"Rectangle rect2 = new Rectangle ( 5 , 5 , 10 , 10 ) ;"
75,male,544814566,line 15,88,"Rectangle rect2 = new Rectangle ( 5 , 5 , 10 , 10 ) ;"
75,male,545130338,line 15,108,"Rectangle rect2 = new Rectangle ( 5 , 5 , 10 , 10 ) ;"
75,male,545754504,line 3,116,"public Rectangle ( int x1 , int y1 , int x2 , int y2 ) {"
75,male,546170483,line 3,356,"public Rectangle ( int x1 , int y1 , int x2 , int y2 ) {"
75,male,546754437,line 5,100,this.y1 = y1 ;
75,male,546982251,line 9,124,public int width ( ) { return this.x2 - this.x1 ; }
75,male,547130406,line 9,108,public int width ( ) { return this.x2 - this.x1 ; }
75,male,547474414,line 10,312,public int height ( ) { return this.y2 - this.y1 ; }
75,male,547574414,line 9,96,public int width ( ) { return this.x2 - this.x1 ; }
75,male,547674401,line 9,68,public int width ( ) { return this.x2 - this.x1 ; }
75,male,548038347,line 10,140,public int height ( ) { return this.y2 - this.y1 ; }
75,male,549130193,line 16,112,System.out.println ( rect2.area ( ) ) ;
75,male,549302203,line 16,148,System.out.println ( rect2.area ( ) ) ;
75,male,549878201,line 15,80,"Rectangle rect2 = new Rectangle ( 5 , 5 , 10 , 10 ) ;"
75,male,550070240,line 15,136,"Rectangle rect2 = new Rectangle ( 5 , 5 , 10 , 10 ) ;"
75,male,550438196,line 15,72,"Rectangle rect2 = new Rectangle ( 5 , 5 , 10 , 10 ) ;"
75,male,550686022,line 16,208,System.out.println ( rect2.area ( ) ) ;
75,male,550986012,line 15,220,"Rectangle rect2 = new Rectangle ( 5 , 5 , 10 , 10 ) ;"
75,male,551050055,line 15,60,"Rectangle rect2 = new Rectangle ( 5 , 5 , 10 , 10 ) ;"
75,male,551206106,line 15,152,"Rectangle rect2 = new Rectangle ( 5 , 5 , 10 , 10 ) ;"
75,male,551618042,line 15,312,"Rectangle rect2 = new Rectangle ( 5 , 5 , 10 , 10 ) ;"
75,male,551806077,line 15,116,"Rectangle rect2 = new Rectangle ( 5 , 5 , 10 , 10 ) ;"
76,female,192494280,line 3,72,"public Rectangle ( int x1 , int y1 , int x2 , int y2 ) {"
76,female,192570327,line 3,72,"public Rectangle ( int x1 , int y1 , int x2 , int y2 ) {"
76,female,192670334,line 3,68,"public Rectangle ( int x1 , int y1 , int x2 , int y2 ) {"
76,female,193442393,line 1,60,public class Rectangle {
76,female,193550407,line 1,60,public class Rectangle {
76,female,194378122,line 3,64,"public Rectangle ( int x1 , int y1 , int x2 , int y2 ) {"
76,female,194686209,line 3,68,"public Rectangle ( int x1 , int y1 , int x2 , int y2 ) {"
76,female,195029790,line 3,88,"public Rectangle ( int x1 , int y1 , int x2 , int y2 ) {"
76,female,195350191,line 2,76,"private int x1 , y1 , x2 , y2 ;"
76,female,195742087,line 3,72,"public Rectangle ( int x1 , int y1 , int x2 , int y2 ) {"
76,female,196802076,line 2,60,"private int x1 , y1 , x2 , y2 ;"
76,female,196970171,line 2,60,"private int x1 , y1 , x2 , y2 ;"
76,female,197074109,line 2,100,"private int x1 , y1 , x2 , y2 ;"
76,female,197350024,line 3,56,"public Rectangle ( int x1 , int y1 , int x2 , int y2 ) {"
76,female,197510165,line 2,56,"private int x1 , y1 , x2 , y2 ;"
76,female,197714033,line 2,88,"private int x1 , y1 , x2 , y2 ;"
76,female,197813975,line 2,76,"private int x1 , y1 , x2 , y2 ;"
76,female,199145974,line 3,56,"public Rectangle ( int x1 , int y1 , int x2 , int y2 ) {"
76,female,199555067,line 2,56,"private int x1 , y1 , x2 , y2 ;"
76,female,200836817,line 2,72,"private int x1 , y1 , x2 , y2 ;"
76,female,201088805,line 2,68,"private int x1 , y1 , x2 , y2 ;"
76,female,201560671,line 2,56,"private int x1 , y1 , x2 , y2 ;"
76,female,208988159,line 2,56,"private int x1 , y1 , x2 , y2 ;"
76,female,209096167,line 2,64,"private int x1 , y1 , x2 , y2 ;"
76,female,209220103,line 3,60,"public Rectangle ( int x1 , int y1 , int x2 , int y2 ) {"
76,female,209419808,line 3,68,"public Rectangle ( int x1 , int y1 , int x2 , int y2 ) {"
76,female,209643653,line 3,80,"public Rectangle ( int x1 , int y1 , int x2 , int y2 ) {"
76,female,209915969,line 2,56,"private int x1 , y1 , x2 , y2 ;"
76,female,210084009,line 2,56,"private int x1 , y1 , x2 , y2 ;"
76,female,210835957,line 2,56,"private int x1 , y1 , x2 , y2 ;"
76,female,210931919,line 4,60,this.x1 = x1 ;
76,female,212939772,line 6,76,this.x2 = x2 ;
76,female,218395352,line 9,56,public int width ( ) { return this.x2 - this.x1 ; }
76,female,218927211,line 6,60,this.x2 = x2 ;
76,female,220591086,line 7,60,this.y2 = y2 ;
76,female,225298698,line 7,68,this.y2 = y2 ;
76,female,228646400,line 9,64,public int width ( ) { return this.x2 - this.x1 ; }
76,female,229730284,line 9,80,public int width ( ) { return this.x2 - this.x1 ; }
76,female,236497757,line 3,60,"public Rectangle ( int x1 , int y1 , int x2 , int y2 ) {"
76,female,239533414,line 3,76,"public Rectangle ( int x1 , int y1 , int x2 , int y2 ) {"
76,female,239769503,line 5,60,this.y1 = y1 ;
76,female,242937268,line 9,56,public int width ( ) { return this.x2 - this.x1 ; }
76,female,252776429,line 9,68,public int width ( ) { return this.x2 - this.x1 ; }
80,male,442742940,line 1,64,public class Rectangle {
80,male,442834968,line 1,72,public class Rectangle {
80,male,443094834,line 2,76,"private int x1 , y1 , x2 , y2 ;"
80,male,443994757,line 4,156,this.x1 = x1 ;
80,male,444090690,line 4,92,this.x1 = x1 ;
80,male,444330817,line 5,84,this.y1 = y1 ;
80,male,444538802,line 4,60,this.x1 = x1 ;
80,male,444678712,line 3,116,"public Rectangle ( int x1 , int y1 , int x2 , int y2 ) {"
80,male,444774724,line 3,92,"public Rectangle ( int x1 , int y1 , int x2 , int y2 ) {"
80,male,444974768,line 3,80,"public Rectangle ( int x1 , int y1 , int x2 , int y2 ) {"
80,male,445134753,line 3,92,"public Rectangle ( int x1 , int y1 , int x2 , int y2 ) {"
80,male,445258742,line 2,76,"private int x1 , y1 , x2 , y2 ;"
80,male,445318739,line 2,56,"private int x1 , y1 , x2 , y2 ;"
80,male,445534660,line 2,92,"private int x1 , y1 , x2 , y2 ;"
80,male,445702618,line 7,100,this.y2 = y2 ;
80,male,445826614,line 6,68,this.x2 = x2 ;
80,male,446382657,line 6,84,this.x2 = x2 ;
80,male,446442672,line 6,56,this.x2 = x2 ;
80,male,447622547,line 9,68,public int width ( ) { return this.x2 - this.x1 ; }
80,male,447870523,line 10,88,public int height ( ) { return this.y2 - this.y1 ; }
80,male,448266460,line 10,56,public int height ( ) { return this.y2 - this.y1 ; }
80,male,448326474,line 10,56,public int height ( ) { return this.y2 - this.y1 ; }
80,male,448490516,line 9,56,public int width ( ) { return this.x2 - this.x1 ; }
80,male,448574517,line 9,80,public int width ( ) { return this.x2 - this.x1 ; }
80,male,448650510,line 9,72,public int width ( ) { return this.x2 - this.x1 ; }
80,male,448906407,line 11,60,public double area ( ) { return this.width ( ) * this.height ( ) ; }
80,male,448978410,line 11,68,public double area ( ) { return this.width ( ) * this.height ( ) ; }
80,male,449226399,line 10,84,public int height ( ) { return this.y2 - this.y1 ; }
80,male,449298409,line 10,68,public int height ( ) { return this.y2 - this.y1 ; }
80,male,449554441,line 10,88,public int height ( ) { return this.y2 - this.y1 ; }
80,male,450062407,line 9,96,public int width ( ) { return this.x2 - this.x1 ; }
80,male,450150416,line 9,84,public int width ( ) { return this.x2 - this.x1 ; }
80,male,450234416,line 9,80,public int width ( ) { return this.x2 - this.x1 ; }
80,male,450658421,line 12,72,public static void main ( String [ ] args ) {
80,male,450806331,line 11,116,public double area ( ) { return this.width ( ) * this.height ( ) ; }
80,male,450966307,line 10,60,public int height ( ) { return this.y2 - this.y1 ; }
80,male,451710228,line 10,72,public int height ( ) { return this.y2 - this.y1 ; }
80,male,451946189,line 12,148,public static void main ( String [ ] args ) {
80,male,452086179,line 10,88,public int height ( ) { return this.y2 - this.y1 ; }
80,male,452146227,line 10,56,public int height ( ) { return this.y2 - this.y1 ; }
80,male,452702004,line 9,60,public int width ( ) { return this.x2 - this.x1 ; }
80,male,452850135,line 10,72,public int height ( ) { return this.y2 - this.y1 ; }
80,male,452970168,line 10,64,public int height ( ) { return this.y2 - this.y1 ; }
80,male,453154119,line 11,68,public double area ( ) { return this.width ( ) * this.height ( ) ; }
80,male,453262073,line 11,104,public double area ( ) { return this.width ( ) * this.height ( ) ; }
80,male,453402112,line 9,68,public int width ( ) { return this.x2 - this.x1 ; }
80,male,453490149,line 9,84,public int width ( ) { return this.x2 - this.x1 ; }
80,male,453734129,line 11,60,public double area ( ) { return this.width ( ) * this.height ( ) ; }
80,male,453926182,line 10,56,public int height ( ) { return this.y2 - this.y1 ; }
80,male,454198131,line 3,136,"public Rectangle ( int x1 , int y1 , int x2 , int y2 ) {"
80,male,454421910,line 3,88,"public Rectangle ( int x1 , int y1 , int x2 , int y2 ) {"
80,male,454485805,line 2,60,"private int x1 , y1 , x2 , y2 ;"
80,male,454653968,line 2,128,"private int x1 , y1 , x2 , y2 ;"
80,male,455053831,line 11,64,public double area ( ) { return this.width ( ) * this.height ( ) ; }
80,male,455265961,line 11,80,public double area ( ) { return this.width ( ) * this.height ( ) ; }
80,male,455337988,line 11,68,public double area ( ) { return this.width ( ) * this.height ( ) ; }
80,male,455409964,line 11,68,public double area ( ) { return this.width ( ) * this.height ( ) ; }
80,male,455505936,line 11,92,public double area ( ) { return this.width ( ) * this.height ( ) ; }
80,male,455661985,line 11,108,public double area ( ) { return this.width ( ) * this.height ( ) ; }
80,male,455845995,line 10,60,public int height ( ) { return this.y2 - this.y1 ; }
80,male,456057989,line 9,72,public int width ( ) { return this.x2 - this.x1 ; }
80,male,456233999,line 11,72,public double area ( ) { return this.width ( ) * this.height ( ) ; }
80,male,456369942,line 11,72,public double area ( ) { return this.width ( ) * this.height ( ) ; }
80,male,456565826,line 11,60,public double area ( ) { return this.width ( ) * this.height ( ) ; }
80,male,457265886,line 11,68,public double area ( ) { return this.width ( ) * this.height ( ) ; }
80,male,457413865,line 10,104,public int height ( ) { return this.y2 - this.y1 ; }
80,male,457513843,line 11,64,public double area ( ) { return this.width ( ) * this.height ( ) ; }
80,male,457813957,line 12,108,public static void main ( String [ ] args ) {
80,male,457997871,line 12,68,public static void main ( String [ ] args ) {
80,male,458097755,line 12,64,public static void main ( String [ ] args ) {
80,male,458157705,line 12,56,public static void main ( String [ ] args ) {
80,male,458461706,line 13,72,"Rectangle rect1 = new Rectangle ( 0 , 0 , 10 , 10 ) ;"
80,male,458661697,line 13,80,"Rectangle rect1 = new Rectangle ( 0 , 0 , 10 , 10 ) ;"
80,male,458781683,line 13,116,"Rectangle rect1 = new Rectangle ( 0 , 0 , 10 , 10 ) ;"
80,male,459049715,line 13,80,"Rectangle rect1 = new Rectangle ( 0 , 0 , 10 , 10 ) ;"
80,male,459185723,line 14,92,System.out.println ( rect1.area ( ) ) ;
80,male,459301707,line 14,56,System.out.println ( rect1.area ( ) ) ;
80,male,459469687,line 14,72,System.out.println ( rect1.area ( ) ) ;
80,male,459829703,line 15,72,"Rectangle rect2 = new Rectangle ( 5 , 5 , 10 , 10 ) ;"
80,male,460001686,line 15,68,"Rectangle rect2 = new Rectangle ( 5 , 5 , 10 , 10 ) ;"
80,male,460333485,line 14,72,System.out.println ( rect1.area ( ) ) ;
80,male,460465607,line 14,84,System.out.println ( rect1.area ( ) ) ;
80,male,460765661,line 15,60,"Rectangle rect2 = new Rectangle ( 5 , 5 , 10 , 10 ) ;"
80,male,460929701,line 16,88,System.out.println ( rect2.area ( ) ) ;
80,male,461089711,line 15,68,"Rectangle rect2 = new Rectangle ( 5 , 5 , 10 , 10 ) ;"
80,male,461177671,line 16,84,System.out.println ( rect2.area ( ) ) ;
80,male,461357573,line 10,68,public int height ( ) { return this.y2 - this.y1 ; }
80,male,461417555,line 10,56,public int height ( ) { return this.y2 - this.y1 ; }
80,male,461549530,line 11,76,public double area ( ) { return this.width ( ) * this.height ( ) ; }
80,male,462013317,line 15,56,"Rectangle rect2 = new Rectangle ( 5 , 5 , 10 , 10 ) ;"
80,male,462077264,line 15,60,"Rectangle rect2 = new Rectangle ( 5 , 5 , 10 , 10 ) ;"
80,male,462597430,line 15,184,"Rectangle rect2 = new Rectangle ( 5 , 5 , 10 , 10 ) ;"
80,male,462773440,line 15,128,"Rectangle rect2 = new Rectangle ( 5 , 5 , 10 , 10 ) ;"
80,male,462873472,line 15,56,"Rectangle rect2 = new Rectangle ( 5 , 5 , 10 , 10 ) ;"
80,male,463001473,line 16,80,System.out.println ( rect2.area ( ) ) ;
80,male,463129467,line 16,124,System.out.println ( rect2.area ( ) ) ;
80,male,463241457,line 16,108,System.out.println ( rect2.area ( ) ) ;
80,male,463457464,line 16,156,System.out.println ( rect2.area ( ) ) ;
80,male,463777340,line 16,108,System.out.println ( rect2.area ( ) ) ;
80,male,463845243,line 16,64,System.out.println ( rect2.area ( ) ) ;
80,male,464377331,line 11,80,public double area ( ) { return this.width ( ) * this.height ( ) ; }
80,male,464657303,line 11,96,public double area ( ) { return this.width ( ) * this.height ( ) ; }
80,male,464757294,line 6,56,this.x2 = x2 ;
80,male,464873284,line 6,112,this.x2 = x2 ;
80,male,464941288,line 6,64,this.x2 = x2 ;
80,male,465337256,line 12,60,public static void main ( String [ ] args ) {
80,male,465805268,line 12,116,public static void main ( String [ ] args ) {
80,male,465913207,line 13,80,"Rectangle rect1 = new Rectangle ( 0 , 0 , 10 , 10 ) ;"
80,male,465981205,line 13,64,"Rectangle rect1 = new Rectangle ( 0 , 0 , 10 , 10 ) ;"
80,male,466457174,line 13,120,"Rectangle rect1 = new Rectangle ( 0 , 0 , 10 , 10 ) ;"
80,male,466541161,line 13,80,"Rectangle rect1 = new Rectangle ( 0 , 0 , 10 , 10 ) ;"
80,male,466729147,line 13,84,"Rectangle rect1 = new Rectangle ( 0 , 0 , 10 , 10 ) ;"
80,male,467193222,line 10,80,public int height ( ) { return this.y2 - this.y1 ; }
80,male,467353203,line 10,92,public int height ( ) { return this.y2 - this.y1 ; }
80,male,467457213,line 11,60,public double area ( ) { return this.width ( ) * this.height ( ) ; }
80,male,467565175,line 11,60,public double area ( ) { return this.width ( ) * this.height ( ) ; }
80,male,467845050,line 11,72,public double area ( ) { return this.width ( ) * this.height ( ) ; }
80,male,467917046,line 11,68,public double area ( ) { return this.width ( ) * this.height ( ) ; }
80,male,467981040,line 11,60,public double area ( ) { return this.width ( ) * this.height ( ) ; }
80,male,468393050,line 11,132,public double area ( ) { return this.width ( ) * this.height ( ) ; }
80,male,468633025,line 16,72,System.out.println ( rect2.area ( ) ) ;
80,male,469688961,line 16,64,System.out.println ( rect2.area ( ) ) ;
80,male,469960917,line 16,124,System.out.println ( rect2.area ( ) ) ;
80,male,470036905,line 16,72,System.out.println ( rect2.area ( ) ) ;
80,male,471724759,line 16,56,System.out.println ( rect2.area ( ) ) ;
80,male,471900741,line 16,116,System.out.println ( rect2.area ( ) ) ;
80,male,472036751,line 16,64,System.out.println ( rect2.area ( ) ) ;
80,male,472120771,line 16,80,System.out.println ( rect2.area ( ) ) ;
80,male,472324807,line 14,56,System.out.println ( rect1.area ( ) ) ;
80,male,473016560,line 12,56,public static void main ( String [ ] args ) {
80,male,473864590,line 4,68,this.x1 = x1 ;
80,male,473980629,line 1,76,public class Rectangle {
80,male,474096680,line 1,112,public class Rectangle {
81,male,1957625739,line 6,72,this.x2 = x2 ;
81,male,1957721770,line 6,92,this.x2 = x2 ;
81,male,1957961819,line 1,160,public class Rectangle {
81,male,1958253784,line 1,80,public class Rectangle {
81,male,1958353693,line 1,96,public class Rectangle {
81,male,1958601624,line 1,196,public class Rectangle {
81,male,1958837668,line 1,184,public class Rectangle {
81,male,1959057660,line 2,80,"private int x1 , y1 , x2 , y2 ;"
81,male,1959461672,line 1,64,public class Rectangle {
81,male,1959553635,line 1,88,public class Rectangle {
81,male,1959997611,line 1,168,public class Rectangle {
81,male,1960217584,line 1,108,public class Rectangle {
81,male,1960553541,line 1,100,public class Rectangle {
81,male,1960677478,line 1,56,public class Rectangle {
81,male,1960809526,line 1,128,public class Rectangle {
81,male,1961277556,line 2,176,"private int x1 , y1 , x2 , y2 ;"
81,male,1961729398,line 2,68,"private int x1 , y1 , x2 , y2 ;"
81,male,1961849432,line 2,116,"private int x1 , y1 , x2 , y2 ;"
81,male,1962181357,line 2,116,"private int x1 , y1 , x2 , y2 ;"
81,male,1962357302,line 2,136,"private int x1 , y1 , x2 , y2 ;"
81,male,1962461335,line 2,88,"private int x1 , y1 , x2 , y2 ;"
81,male,1962669394,line 2,132,"private int x1 , y1 , x2 , y2 ;"
81,male,1962809482,line 2,136,"private int x1 , y1 , x2 , y2 ;"
81,male,1962937547,line 2,88,"private int x1 , y1 , x2 , y2 ;"
81,male,1963637271,line 2,176,"private int x1 , y1 , x2 , y2 ;"
81,male,1963753269,line 4,76,this.x1 = x1 ;
81,male,1963941271,line 3,184,"public Rectangle ( int x1 , int y1 , int x2 , int y2 ) {"
81,male,1964097252,line 3,64,"public Rectangle ( int x1 , int y1 , int x2 , int y2 ) {"
81,male,1964161255,line 3,60,"public Rectangle ( int x1 , int y1 , int x2 , int y2 ) {"
81,male,1964333284,line 3,144,"public Rectangle ( int x1 , int y1 , int x2 , int y2 ) {"
81,male,1964441237,line 3,104,"public Rectangle ( int x1 , int y1 , int x2 , int y2 ) {"
81,male,1964581045,line 5,88,this.y1 = y1 ;
81,male,1965021230,line 2,108,"private int x1 , y1 , x2 , y2 ;"
81,male,1965161209,line 2,136,"private int x1 , y1 , x2 , y2 ;"
81,male,1965245187,line 2,80,"private int x1 , y1 , x2 , y2 ;"
81,male,1965485138,line 7,120,this.y2 = y2 ;
81,male,1970312819,line 9,80,public int width ( ) { return this.x2 - this.x1 ; }
81,male,1970432763,line 9,116,public int width ( ) { return this.x2 - this.x1 ; }
81,male,1971080465,line 9,104,public int width ( ) { return this.x2 - this.x1 ; }
81,male,1971232655,line 9,116,public int width ( ) { return this.x2 - this.x1 ; }
81,male,1971480650,line 9,60,public int width ( ) { return this.x2 - this.x1 ; }
81,male,1971768629,line 9,80,public int width ( ) { return this.x2 - this.x1 ; }
81,male,1971996663,line 9,100,public int width ( ) { return this.x2 - this.x1 ; }
81,male,1972128713,line 9,92,public int width ( ) { return this.x2 - this.x1 ; }
81,male,1972252687,line 9,120,public int width ( ) { return this.x2 - this.x1 ; }
81,male,1972320609,line 9,64,public int width ( ) { return this.x2 - this.x1 ; }
81,male,1972512482,line 9,148,public int width ( ) { return this.x2 - this.x1 ; }
81,male,1972652507,line 9,136,public int width ( ) { return this.x2 - this.x1 ; }
81,male,1972820547,line 10,88,public int height ( ) { return this.y2 - this.y1 ; }
81,male,1972948586,line 10,124,public int height ( ) { return this.y2 - this.y1 ; }
81,male,1973028594,line 10,76,public int height ( ) { return this.y2 - this.y1 ; }
81,male,1973128654,line 10,96,public int height ( ) { return this.y2 - this.y1 ; }
81,male,1973204808,line 10,64,public int height ( ) { return this.y2 - this.y1 ; }
81,male,1973349100,line 11,140,public double area ( ) { return this.width ( ) * this.height ( ) ; }
81,male,1973532785,line 11,116,public double area ( ) { return this.width ( ) * this.height ( ) ; }
81,male,1973708488,line 11,160,public double area ( ) { return this.width ( ) * this.height ( ) ; }
81,male,1973796480,line 10,84,public int height ( ) { return this.y2 - this.y1 ; }
81,male,1973988407,line 10,72,public int height ( ) { return this.y2 - this.y1 ; }
81,male,1974064353,line 10,72,public int height ( ) { return this.y2 - this.y1 ; }
81,male,1974224325,line 10,76,public int height ( ) { return this.y2 - this.y1 ; }
81,male,1974344400,line 10,92,public int height ( ) { return this.y2 - this.y1 ; }
81,male,1974504211,line 10,120,public int height ( ) { return this.y2 - this.y1 ; }
81,male,1974952324,line 10,92,public int height ( ) { return this.y2 - this.y1 ; }
81,male,1975092337,line 10,136,public int height ( ) { return this.y2 - this.y1 ; }
81,male,1975192342,line 11,76,public double area ( ) { return this.width ( ) * this.height ( ) ; }
81,male,1975324373,line 10,128,public int height ( ) { return this.y2 - this.y1 ; }
81,male,1975392386,line 10,64,public int height ( ) { return this.y2 - this.y1 ; }
81,male,1975476309,line 10,72,public int height ( ) { return this.y2 - this.y1 ; }
81,male,1975600102,line 10,120,public int height ( ) { return this.y2 - this.y1 ; }
81,male,1975724118,line 10,60,public int height ( ) { return this.y2 - this.y1 ; }
81,male,1976040224,line 10,72,public int height ( ) { return this.y2 - this.y1 ; }
81,male,1976356259,line 10,136,public int height ( ) { return this.y2 - this.y1 ; }
81,male,1976432246,line 10,72,public int height ( ) { return this.y2 - this.y1 ; }
81,male,1976524239,line 10,80,public int height ( ) { return this.y2 - this.y1 ; }
81,male,1976696236,line 10,168,public int height ( ) { return this.y2 - this.y1 ; }
81,male,1976768240,line 10,68,public int height ( ) { return this.y2 - this.y1 ; }
81,male,1977004253,line 9,140,public int width ( ) { return this.x2 - this.x1 ; }
81,male,1977252112,line 9,88,public int width ( ) { return this.x2 - this.x1 ; }
81,male,1977368077,line 9,60,public int width ( ) { return this.x2 - this.x1 ; }
81,male,1977460054,line 10,60,public int height ( ) { return this.y2 - this.y1 ; }
81,male,1977588064,line 10,60,public int height ( ) { return this.y2 - this.y1 ; }
81,male,1978276118,line 13,68,"Rectangle rect1 = new Rectangle ( 0 , 0 , 10 , 10 ) ;"
81,male,1978476120,line 12,92,public static void main ( String [ ] args ) {
81,male,1978875697,line 10,92,public int height ( ) { return this.y2 - this.y1 ; }
81,male,1979456113,line 10,60,public int height ( ) { return this.y2 - this.y1 ; }
81,male,1979624012,line 10,164,public int height ( ) { return this.y2 - this.y1 ; }
81,male,1979919995,line 12,260,public static void main ( String [ ] args ) {
81,male,1980087987,line 12,164,public static void main ( String [ ] args ) {
81,male,1980235890,line 12,84,public static void main ( String [ ] args ) {
81,male,1980339808,line 12,80,public static void main ( String [ ] args ) {
81,male,1980535788,line 12,128,public static void main ( String [ ] args ) {
81,male,1980663820,line 12,60,public static void main ( String [ ] args ) {
81,male,1980907848,line 11,120,public double area ( ) { return this.width ( ) * this.height ( ) ; }
81,male,1980967854,line 11,56,public double area ( ) { return this.width ( ) * this.height ( ) ; }
81,male,1981115855,line 11,92,public double area ( ) { return this.width ( ) * this.height ( ) ; }
81,male,1981247889,line 11,128,public double area ( ) { return this.width ( ) * this.height ( ) ; }
81,male,1981831671,line 12,112,public static void main ( String [ ] args ) {
81,male,1982343680,line 12,152,public static void main ( String [ ] args ) {
81,male,1982419507,line 12,60,public static void main ( String [ ] args ) {
81,male,1982607358,line 12,184,public static void main ( String [ ] args ) {
81,male,1982687473,line 12,76,public static void main ( String [ ] args ) {
81,male,1983063798,line 12,72,public static void main ( String [ ] args ) {
81,male,1983203897,line 12,136,public static void main ( String [ ] args ) {
81,male,1983407701,line 12,164,public static void main ( String [ ] args ) {
81,male,1983583549,line 12,84,public static void main ( String [ ] args ) {
81,male,1983887550,line 13,224,"Rectangle rect1 = new Rectangle ( 0 , 0 , 10 , 10 ) ;"
81,male,1983947531,line 13,56,"Rectangle rect1 = new Rectangle ( 0 , 0 , 10 , 10 ) ;"
81,male,1984055534,line 13,72,"Rectangle rect1 = new Rectangle ( 0 , 0 , 10 , 10 ) ;"
81,male,1984187586,line 13,60,"Rectangle rect1 = new Rectangle ( 0 , 0 , 10 , 10 ) ;"
81,male,1984447539,line 13,256,"Rectangle rect1 = new Rectangle ( 0 , 0 , 10 , 10 ) ;"
81,male,1984579513,line 13,84,"Rectangle rect1 = new Rectangle ( 0 , 0 , 10 , 10 ) ;"
81,male,1984775704,line 13,192,"Rectangle rect1 = new Rectangle ( 0 , 0 , 10 , 10 ) ;"
81,male,1984859657,line 13,56,"Rectangle rect1 = new Rectangle ( 0 , 0 , 10 , 10 ) ;"
81,male,1985063291,line 13,76,"Rectangle rect1 = new Rectangle ( 0 , 0 , 10 , 10 ) ;"
81,male,1985159355,line 13,92,"Rectangle rect1 = new Rectangle ( 0 , 0 , 10 , 10 ) ;"
81,male,1985271415,line 13,108,"Rectangle rect1 = new Rectangle ( 0 , 0 , 10 , 10 ) ;"
81,male,1985339420,line 13,64,"Rectangle rect1 = new Rectangle ( 0 , 0 , 10 , 10 ) ;"
81,male,1985459431,line 13,116,"Rectangle rect1 = new Rectangle ( 0 , 0 , 10 , 10 ) ;"
81,male,1985795360,line 14,112,System.out.println ( rect1.area ( ) ) ;
81,male,1985979389,line 15,156,"Rectangle rect2 = new Rectangle ( 5 , 5 , 10 , 10 ) ;"
81,male,1986079583,line 15,96,"Rectangle rect2 = new Rectangle ( 5 , 5 , 10 , 10 ) ;"
81,male,1986267943,line 15,140,"Rectangle rect2 = new Rectangle ( 5 , 5 , 10 , 10 ) ;"
81,male,1986639321,line 4,152,this.x1 = x1 ;
81,male,1986887311,line 4,244,this.x1 = x1 ;
81,male,1987019321,line 3,92,"public Rectangle ( int x1 , int y1 , int x2 , int y2 ) {"
81,male,1987243374,line 3,128,"public Rectangle ( int x1 , int y1 , int x2 , int y2 ) {"
81,male,1987331379,line 3,84,"public Rectangle ( int x1 , int y1 , int x2 , int y2 ) {"
81,male,1987507362,line 3,144,"public Rectangle ( int x1 , int y1 , int x2 , int y2 ) {"
81,male,1987607322,line 3,96,"public Rectangle ( int x1 , int y1 , int x2 , int y2 ) {"
81,male,1987719314,line 3,108,"public Rectangle ( int x1 , int y1 , int x2 , int y2 ) {"
81,male,1987971334,line 5,104,this.y1 = y1 ;
81,male,1988867174,line 16,152,System.out.println ( rect2.area ( ) ) ;
85,male,384426791,line 5,80,this.y1 = y1 ;
85,male,384610876,line 5,180,this.y1 = y1 ;
85,male,384774996,line 5,160,this.y1 = y1 ;
85,male,384914980,line 5,92,this.y1 = y1 ;
85,male,385050906,line 5,132,this.y1 = y1 ;
85,male,385358813,line 5,268,this.y1 = y1 ;
85,male,386990726,line 4,60,this.x1 = x1 ;
85,male,387054734,line 4,60,this.x1 = x1 ;
85,male,387338802,line 5,132,this.y1 = y1 ;
85,male,387550812,line 5,180,this.y1 = y1 ;
85,male,387934672,line 5,380,this.y1 = y1 ;
85,male,388026641,line 5,76,this.y1 = y1 ;
85,male,388246667,line 5,216,this.y1 = y1 ;
85,male,388490629,line 5,200,this.y1 = y1 ;
85,male,388558643,line 5,64,this.y1 = y1 ;
85,male,388722588,line 5,92,this.y1 = y1 ;
85,male,388838572,line 5,112,this.y1 = y1 ;
85,male,388966635,line 5,76,this.y1 = y1 ;
85,male,389214730,line 5,188,this.y1 = y1 ;
85,male,389986349,line 6,204,this.x2 = x2 ;
85,male,390078350,line 6,88,this.x2 = x2 ;
85,male,390222403,line 6,140,this.x2 = x2 ;
85,male,390338480,line 5,112,this.y1 = y1 ;
85,male,390522519,line 5,180,this.y1 = y1 ;
85,male,391338536,line 6,100,this.x2 = x2 ;
85,male,391462541,line 6,120,this.x2 = x2 ;
85,male,391530535,line 6,64,this.x2 = x2 ;
85,male,392134249,line 5,88,this.y1 = y1 ;
85,male,393362371,line 11,136,public double area ( ) { return this.width ( ) * this.height ( ) ; }
85,male,393426367,line 11,60,public double area ( ) { return this.width ( ) * this.height ( ) ; }
85,male,393526364,line 11,68,public double area ( ) { return this.width ( ) * this.height ( ) ; }
85,male,393842355,line 11,312,public double area ( ) { return this.width ( ) * this.height ( ) ; }
85,male,394090287,line 11,244,public double area ( ) { return this.width ( ) * this.height ( ) ; }
85,male,394194290,line 11,100,public double area ( ) { return this.width ( ) * this.height ( ) ; }
85,male,394402304,line 11,148,public double area ( ) { return this.width ( ) * this.height ( ) ; }
85,male,394550294,line 11,144,public double area ( ) { return this.width ( ) * this.height ( ) ; }
85,male,394646272,line 10,68,public int height ( ) { return this.y2 - this.y1 ; }
85,male,394718258,line 10,68,public int height ( ) { return this.y2 - this.y1 ; }
85,male,394942310,line 11,164,public double area ( ) { return this.width ( ) * this.height ( ) ; }
85,male,395270282,line 11,260,public double area ( ) { return this.width ( ) * this.height ( ) ; }
85,male,395822121,line 12,72,public static void main ( String [ ] args ) {
85,male,395946142,line 12,120,public static void main ( String [ ] args ) {
85,male,396042127,line 12,92,public static void main ( String [ ] args ) {
85,male,396278099,line 12,208,public static void main ( String [ ] args ) {
85,male,396386114,line 12,104,public static void main ( String [ ] args ) {
85,male,396486118,line 12,96,public static void main ( String [ ] args ) {
85,male,396574121,line 12,84,public static void main ( String [ ] args ) {
85,male,396658147,line 12,80,public static void main ( String [ ] args ) {
85,male,396914159,line 12,212,public static void main ( String [ ] args ) {
85,male,396994141,line 12,76,public static void main ( String [ ] args ) {
85,male,397282111,line 12,284,public static void main ( String [ ] args ) {
85,male,397446033,line 12,160,public static void main ( String [ ] args ) {
85,male,397513925,line 12,64,public static void main ( String [ ] args ) {
85,male,398025941,line 12,452,public static void main ( String [ ] args ) {
85,male,398433994,line 13,116,"Rectangle rect1 = new Rectangle ( 0 , 0 , 10 , 10 ) ;"
85,male,398494004,line 13,56,"Rectangle rect1 = new Rectangle ( 0 , 0 , 10 , 10 ) ;"
85,male,398718018,line 13,108,"Rectangle rect1 = new Rectangle ( 0 , 0 , 10 , 10 ) ;"
85,male,399090025,line 12,116,public static void main ( String [ ] args ) {
85,male,399362062,line 12,96,public static void main ( String [ ] args ) {
85,male,399430058,line 12,64,public static void main ( String [ ] args ) {
85,male,399605846,line 13,72,"Rectangle rect1 = new Rectangle ( 0 , 0 , 10 , 10 ) ;"
85,male,400221880,line 12,140,public static void main ( String [ ] args ) {
85,male,400565850,line 12,156,public static void main ( String [ ] args ) {
85,male,400645854,line 13,76,"Rectangle rect1 = new Rectangle ( 0 , 0 , 10 , 10 ) ;"
85,male,400885865,line 12,192,public static void main ( String [ ] args ) {
85,male,401261862,line 12,228,public static void main ( String [ ] args ) {
85,male,401465738,line 13,56,"Rectangle rect1 = new Rectangle ( 0 , 0 , 10 , 10 ) ;"
85,male,401653718,line 12,56,public static void main ( String [ ] args ) {
85,male,401837712,line 12,180,public static void main ( String [ ] args ) {
85,male,401973696,line 12,132,public static void main ( String [ ] args ) {
85,male,402113733,line 13,72,"Rectangle rect1 = new Rectangle ( 0 , 0 , 10 , 10 ) ;"
85,male,402265891,line 12,72,public static void main ( String [ ] args ) {
85,male,402505741,line 12,164,public static void main ( String [ ] args ) {
85,male,402681687,line 12,172,public static void main ( String [ ] args ) {
85,male,403165683,line 11,172,public double area ( ) { return this.width ( ) * this.height ( ) ; }
85,male,403393485,line 13,144,"Rectangle rect1 = new Rectangle ( 0 , 0 , 10 , 10 ) ;"
85,male,403753584,line 13,64,"Rectangle rect1 = new Rectangle ( 0 , 0 , 10 , 10 ) ;"
85,male,404421579,line 13,356,"Rectangle rect1 = new Rectangle ( 0 , 0 , 10 , 10 ) ;"
85,male,404757612,line 11,80,public double area ( ) { return this.width ( ) * this.height ( ) ; }
85,male,404981550,line 11,220,public double area ( ) { return this.width ( ) * this.height ( ) ; }
85,male,405469471,line 13,56,"Rectangle rect1 = new Rectangle ( 0 , 0 , 10 , 10 ) ;"
85,male,405905456,line 14,176,System.out.println ( rect1.area ( ) ) ;
85,male,406065461,line 13,112,"Rectangle rect1 = new Rectangle ( 0 , 0 , 10 , 10 ) ;"
85,male,406193458,line 13,80,"Rectangle rect1 = new Rectangle ( 0 , 0 , 10 , 10 ) ;"
85,male,406265456,line 13,68,"Rectangle rect1 = new Rectangle ( 0 , 0 , 10 , 10 ) ;"
85,male,406421455,line 14,128,System.out.println ( rect1.area ( ) ) ;
85,male,406613452,line 14,188,System.out.println ( rect1.area ( ) ) ;
85,male,406873440,line 14,192,System.out.println ( rect1.area ( ) ) ;
85,male,406973435,line 14,96,System.out.println ( rect1.area ( ) ) ;
85,male,407097404,line 14,84,System.out.println ( rect1.area ( ) ) ;
85,male,407193363,line 14,60,System.out.println ( rect1.area ( ) ) ;
85,male,407257326,line 14,60,System.out.println ( rect1.area ( ) ) ;
85,male,407329293,line 14,68,System.out.println ( rect1.area ( ) ) ;
85,male,407533221,line 14,200,System.out.println ( rect1.area ( ) ) ;
85,male,407697255,line 14,160,System.out.println ( rect1.area ( ) ) ;
85,male,407857312,line 14,96,System.out.println ( rect1.area ( ) ) ;
85,male,407945310,line 14,84,System.out.println ( rect1.area ( ) ) ;
85,male,408073315,line 14,124,System.out.println ( rect1.area ( ) ) ;
85,male,408157321,line 14,56,System.out.println ( rect1.area ( ) ) ;
85,male,408265336,line 14,104,System.out.println ( rect1.area ( ) ) ;
85,male,408329348,line 14,60,System.out.println ( rect1.area ( ) ) ;
85,male,408470582,line 14,112,System.out.println ( rect1.area ( ) ) ;
85,male,408548124,line 14,72,System.out.println ( rect1.area ( ) ) ;
85,male,408781336,line 14,172,System.out.println ( rect1.area ( ) ) ;
85,male,408865231,line 14,80,System.out.println ( rect1.area ( ) ) ;
85,male,409153127,line 14,256,System.out.println ( rect1.area ( ) ) ;
85,male,409225210,line 14,68,System.out.println ( rect1.area ( ) ) ;
85,male,409521211,line 14,276,System.out.println ( rect1.area ( ) ) ;
85,male,409725220,line 14,200,System.out.println ( rect1.area ( ) ) ;
85,male,409933226,line 14,204,System.out.println ( rect1.area ( ) ) ;
85,male,410173204,line 13,192,"Rectangle rect1 = new Rectangle ( 0 , 0 , 10 , 10 ) ;"
85,male,410233199,line 13,56,"Rectangle rect1 = new Rectangle ( 0 , 0 , 10 , 10 ) ;"
85,male,410781137,line 15,216,"Rectangle rect2 = new Rectangle ( 5 , 5 , 10 , 10 ) ;"
85,male,410893093,line 14,108,System.out.println ( rect1.area ( ) ) ;
85,male,411009026,line 14,56,System.out.println ( rect1.area ( ) ) ;
85,male,411180950,line 14,100,System.out.println ( rect1.area ( ) ) ;
85,male,411288938,line 14,104,System.out.println ( rect1.area ( ) ) ;
85,male,411557038,line 14,264,System.out.println ( rect1.area ( ) ) ;
85,male,411713019,line 14,152,System.out.println ( rect1.area ( ) ) ;
85,male,412089052,line 14,276,System.out.println ( rect1.area ( ) ) ;
85,male,412501047,line 13,96,"Rectangle rect1 = new Rectangle ( 0 , 0 , 10 , 10 ) ;"
85,male,412657056,line 14,56,System.out.println ( rect1.area ( ) ) ;
85,male,412792956,line 14,100,System.out.println ( rect1.area ( ) ) ;
85,male,412908943,line 14,88,System.out.println ( rect1.area ( ) ) ;
85,male,413632937,line 14,176,System.out.println ( rect1.area ( ) ) ;
85,male,414000924,line 14,296,System.out.println ( rect1.area ( ) ) ;
85,male,414080910,line 14,76,System.out.println ( rect1.area ( ) ) ;
85,male,414272905,line 10,84,public int height ( ) { return this.y2 - this.y1 ; }
85,male,414440920,line 11,164,public double area ( ) { return this.width ( ) * this.height ( ) ; }
85,male,414568881,line 10,124,public int height ( ) { return this.y2 - this.y1 ; }
85,male,414732689,line 5,96,this.y1 = y1 ;
85,male,414812686,line 5,76,this.y1 = y1 ;
85,male,416172811,line 13,156,"Rectangle rect1 = new Rectangle ( 0 , 0 , 10 , 10 ) ;"
85,male,416344788,line 14,132,System.out.println ( rect1.area ( ) ) ;
85,male,416856690,line 5,240,this.y1 = y1 ;
85,male,416968664,line 5,76,this.y1 = y1 ;
85,male,417064648,line 5,92,this.y1 = y1 ;
85,male,417644641,line 14,224,System.out.println ( rect1.area ( ) ) ;
85,male,418188674,line 15,92,"Rectangle rect2 = new Rectangle ( 5 , 5 , 10 , 10 ) ;"
85,male,418328664,line 15,136,"Rectangle rect2 = new Rectangle ( 5 , 5 , 10 , 10 ) ;"
85,male,418532474,line 15,132,"Rectangle rect2 = new Rectangle ( 5 , 5 , 10 , 10 ) ;"
85,male,418808490,line 15,232,"Rectangle rect2 = new Rectangle ( 5 , 5 , 10 , 10 ) ;"
85,male,418952510,line 15,120,"Rectangle rect2 = new Rectangle ( 5 , 5 , 10 , 10 ) ;"
85,male,419140512,line 15,184,"Rectangle rect2 = new Rectangle ( 5 , 5 , 10 , 10 ) ;"
85,male,419860520,line 14,72,System.out.println ( rect1.area ( ) ) ;
85,male,420096559,line 14,232,System.out.println ( rect1.area ( ) ) ;
85,male,420340384,line 14,240,System.out.println ( rect1.area ( ) ) ;
85,male,420452227,line 14,108,System.out.println ( rect1.area ( ) ) ;
85,male,420864410,line 14,408,System.out.println ( rect1.area ( ) ) ;
85,male,421052302,line 14,184,System.out.println ( rect1.area ( ) ) ;
85,male,421124324,line 14,68,System.out.println ( rect1.area ( ) ) ;
85,male,421844392,line 15,160,"Rectangle rect2 = new Rectangle ( 5 , 5 , 10 , 10 ) ;"
85,male,422040396,line 16,140,System.out.println ( rect2.area ( ) ) ;
85,male,422104369,line 16,60,System.out.println ( rect2.area ( ) ) ;
85,male,422272193,line 16,144,System.out.println ( rect2.area ( ) ) ;
85,male,422348167,line 16,72,System.out.println ( rect2.area ( ) ) ;
85,male,422636174,line 15,76,"Rectangle rect2 = new Rectangle ( 5 , 5 , 10 , 10 ) ;"
85,male,422780173,line 16,120,System.out.println ( rect2.area ( ) ) ;
85,male,422868170,line 16,84,System.out.println ( rect2.area ( ) ) ;
85,male,423456291,line 14,124,System.out.println ( rect1.area ( ) ) ;
85,male,423928285,line 15,96,"Rectangle rect2 = new Rectangle ( 5 , 5 , 10 , 10 ) ;"
85,male,424028253,line 15,96,"Rectangle rect2 = new Rectangle ( 5 , 5 , 10 , 10 ) ;"
85,male,424600104,line 16,168,System.out.println ( rect2.area ( ) ) ;
85,male,424760119,line 13,124,"Rectangle rect1 = new Rectangle ( 0 , 0 , 10 , 10 ) ;"
85,male,424916127,line 13,152,"Rectangle rect1 = new Rectangle ( 0 , 0 , 10 , 10 ) ;"
85,male,425036178,line 14,92,System.out.println ( rect1.area ( ) ) ;
85,male,425216196,line 14,176,System.out.println ( rect1.area ( ) ) ;
85,male,425372129,line 15,128,"Rectangle rect2 = new Rectangle ( 5 , 5 , 10 , 10 ) ;"
85,male,425520104,line 15,144,"Rectangle rect2 = new Rectangle ( 5 , 5 , 10 , 10 ) ;"
85,male,425660119,line 15,76,"Rectangle rect2 = new Rectangle ( 5 , 5 , 10 , 10 ) ;"
85,male,425940113,line 15,276,"Rectangle rect2 = new Rectangle ( 5 , 5 , 10 , 10 ) ;"
85,male,426403961,line 15,120,"Rectangle rect2 = new Rectangle ( 5 , 5 , 10 , 10 ) ;"
85,male,426699985,line 16,256,System.out.println ( rect2.area ( ) ) ;
85,male,426907987,line 14,160,System.out.println ( rect1.area ( ) ) ;
85,male,426991982,line 14,80,System.out.println ( rect1.area ( ) ) ;
85,male,427172034,line 15,148,"Rectangle rect2 = new Rectangle ( 5 , 5 , 10 , 10 ) ;"
85,male,427340009,line 15,164,"Rectangle rect2 = new Rectangle ( 5 , 5 , 10 , 10 ) ;"
85,male,427555985,line 15,148,"Rectangle rect2 = new Rectangle ( 5 , 5 , 10 , 10 ) ;"
85,male,427703994,line 15,144,"Rectangle rect2 = new Rectangle ( 5 , 5 , 10 , 10 ) ;"
85,male,428691857,line 15,116,"Rectangle rect2 = new Rectangle ( 5 , 5 , 10 , 10 ) ;"
85,male,428847860,line 15,152,"Rectangle rect2 = new Rectangle ( 5 , 5 , 10 , 10 ) ;"
85,male,428967864,line 14,84,System.out.println ( rect1.area ( ) ) ;
85,male,429051872,line 15,64,"Rectangle rect2 = new Rectangle ( 5 , 5 , 10 , 10 ) ;"
85,male,429163893,line 15,108,"Rectangle rect2 = new Rectangle ( 5 , 5 , 10 , 10 ) ;"
92,male,1397388253,line 2,124,"private int x1 , y1 , x2 , y2 ;"
92,male,1397484209,line 2,64,"private int x1 , y1 , x2 , y2 ;"
92,male,1397639953,line 3,116,"public Rectangle ( int x1 , int y1 , int x2 , int y2 ) {"
92,male,1397711959,line 3,68,"public Rectangle ( int x1 , int y1 , int x2 , int y2 ) {"
92,male,1397836083,line 3,120,"public Rectangle ( int x1 , int y1 , int x2 , int y2 ) {"
92,male,1398432077,line 2,64,"private int x1 , y1 , x2 , y2 ;"
92,male,1401379565,line 3,92,"public Rectangle ( int x1 , int y1 , int x2 , int y2 ) {"
92,male,1402031924,line 2,128,"private int x1 , y1 , x2 , y2 ;"
92,male,1404267553,line 3,68,"public Rectangle ( int x1 , int y1 , int x2 , int y2 ) {"
92,male,1407911356,line 3,60,"public Rectangle ( int x1 , int y1 , int x2 , int y2 ) {"
92,male,1408747056,line 5,88,this.y1 = y1 ;
92,male,1408959181,line 5,60,this.y1 = y1 ;
93,female,3197388730,line 7,120,this.y2 = y2 ;
93,female,3197704512,line 1,120,public class Rectangle {
93,female,3197928787,line 2,56,"private int x1 , y1 , x2 , y2 ;"
93,female,3198008767,line 2,76,"private int x1 , y1 , x2 , y2 ;"
93,female,3198492541,line 3,168,"public Rectangle ( int x1 , int y1 , int x2 , int y2 ) {"
93,female,3198632569,line 4,64,this.x1 = x1 ;
93,female,3198836611,line 4,192,this.x1 = x1 ;
93,female,3198916621,line 4,76,this.x1 = x1 ;
93,female,3199104412,line 3,112,"public Rectangle ( int x1 , int y1 , int x2 , int y2 ) {"
93,female,3199168304,line 3,60,"public Rectangle ( int x1 , int y1 , int x2 , int y2 ) {"
93,female,3199364337,line 3,180,"public Rectangle ( int x1 , int y1 , int x2 , int y2 ) {"
93,female,3199516225,line 3,56,"public Rectangle ( int x1 , int y1 , int x2 , int y2 ) {"
93,female,3199604146,line 3,84,"public Rectangle ( int x1 , int y1 , int x2 , int y2 ) {"
93,female,3199880385,line 3,56,"public Rectangle ( int x1 , int y1 , int x2 , int y2 ) {"
93,female,3200068478,line 3,140,"public Rectangle ( int x1 , int y1 , int x2 , int y2 ) {"
93,female,3200288491,line 2,176,"private int x1 , y1 , x2 , y2 ;"
93,female,3200496493,line 2,116,"private int x1 , y1 , x2 , y2 ;"
93,female,3200568461,line 2,68,"private int x1 , y1 , x2 , y2 ;"
93,female,3200648405,line 2,76,"private int x1 , y1 , x2 , y2 ;"
93,female,3200984403,line 1,308,public class Rectangle {
93,female,3201108362,line 1,96,public class Rectangle {
93,female,3201352361,line 1,60,public class Rectangle {
93,female,3201712390,line 1,156,public class Rectangle {
93,female,3201804374,line 1,88,public class Rectangle {
93,female,3202720199,line 2,100,"private int x1 , y1 , x2 , y2 ;"
93,female,3203184159,line 2,168,"private int x1 , y1 , x2 , y2 ;"
93,female,3203452171,line 2,264,"private int x1 , y1 , x2 , y2 ;"
93,female,3203612191,line 2,156,"private int x1 , y1 , x2 , y2 ;"
93,female,3203768126,line 2,112,"private int x1 , y1 , x2 , y2 ;"
93,female,3203915835,line 2,124,"private int x1 , y1 , x2 , y2 ;"
93,female,3203987849,line 2,68,"private int x1 , y1 , x2 , y2 ;"
93,female,3204180025,line 2,108,"private int x1 , y1 , x2 , y2 ;"
93,female,3204584533,line 2,108,"private int x1 , y1 , x2 , y2 ;"
93,female,3204656355,line 3,68,"public Rectangle ( int x1 , int y1 , int x2 , int y2 ) {"
93,female,3204800125,line 3,140,"public Rectangle ( int x1 , int y1 , int x2 , int y2 ) {"
93,female,3204932157,line 3,68,"public Rectangle ( int x1 , int y1 , int x2 , int y2 ) {"
93,female,3205100093,line 3,164,"public Rectangle ( int x1 , int y1 , int x2 , int y2 ) {"
93,female,3205216067,line 3,112,"public Rectangle ( int x1 , int y1 , int x2 , int y2 ) {"
93,female,3205296065,line 3,76,"public Rectangle ( int x1 , int y1 , int x2 , int y2 ) {"
93,female,3205428025,line 3,100,"public Rectangle ( int x1 , int y1 , int x2 , int y2 ) {"
93,female,3205507983,line 3,76,"public Rectangle ( int x1 , int y1 , int x2 , int y2 ) {"
93,female,3205655962,line 3,100,"public Rectangle ( int x1 , int y1 , int x2 , int y2 ) {"
93,female,3205755966,line 3,96,"public Rectangle ( int x1 , int y1 , int x2 , int y2 ) {"
93,female,3205867968,line 3,108,"public Rectangle ( int x1 , int y1 , int x2 , int y2 ) {"
93,female,3206071931,line 3,108,"public Rectangle ( int x1 , int y1 , int x2 , int y2 ) {"
93,female,3206219909,line 3,128,"public Rectangle ( int x1 , int y1 , int x2 , int y2 ) {"
93,female,3206319917,line 3,96,"public Rectangle ( int x1 , int y1 , int x2 , int y2 ) {"
93,female,3206707979,line 5,204,this.y1 = y1 ;
93,female,3207139766,line 4,144,this.x1 = x1 ;
93,female,3207491823,line 3,60,"public Rectangle ( int x1 , int y1 , int x2 , int y2 ) {"
93,female,3207599850,line 4,72,this.x1 = x1 ;
93,female,3208019770,line 3,84,"public Rectangle ( int x1 , int y1 , int x2 , int y2 ) {"
93,female,3208523573,line 4,60,this.x1 = x1 ;
93,female,3208607524,line 4,80,this.x1 = x1 ;
93,female,3208835751,line 10,88,public int height ( ) { return this.y2 - this.y1 ; }
93,female,3209207766,line 9,64,public int width ( ) { return this.x2 - this.x1 ; }
93,female,3209455652,line 9,92,public int width ( ) { return this.x2 - this.x1 ; }
93,female,3209579644,line 9,120,public int width ( ) { return this.x2 - this.x1 ; }
93,female,3209851624,line 9,200,public int width ( ) { return this.x2 - this.x1 ; }
93,female,3210015598,line 9,160,public int width ( ) { return this.x2 - this.x1 ; }
93,female,3210115553,line 10,76,public int height ( ) { return this.y2 - this.y1 ; }
93,female,3210255531,line 11,136,public double area ( ) { return this.width ( ) * this.height ( ) ; }
93,female,3210379511,line 10,120,public int height ( ) { return this.y2 - this.y1 ; }
93,female,3210471505,line 11,88,public double area ( ) { return this.width ( ) * this.height ( ) ; }
93,female,3210615477,line 11,140,public double area ( ) { return this.width ( ) * this.height ( ) ; }
93,female,3210803430,line 9,128,public int width ( ) { return this.x2 - this.x1 ; }
93,female,3210991499,line 10,120,public int height ( ) { return this.y2 - this.y1 ; }
93,female,3211059520,line 10,64,public int height ( ) { return this.y2 - this.y1 ; }
93,female,3211151525,line 11,64,public double area ( ) { return this.width ( ) * this.height ( ) ; }
93,female,3211303506,line 12,68,public static void main ( String [ ] args ) {
93,female,3211531528,line 12,224,public static void main ( String [ ] args ) {
93,female,3211719427,line 14,140,System.out.println ( rect1.area ( ) ) ;
93,female,3211879386,line 15,72,"Rectangle rect2 = new Rectangle ( 5 , 5 , 10 , 10 ) ;"
93,female,3211951393,line 15,68,"Rectangle rect2 = new Rectangle ( 5 , 5 , 10 , 10 ) ;"
93,female,3212083443,line 15,60,"Rectangle rect2 = new Rectangle ( 5 , 5 , 10 , 10 ) ;"
93,female,3212267808,line 14,180,System.out.println ( rect1.area ( ) ) ;
93,female,3212471602,line 14,156,System.out.println ( rect1.area ( ) ) ;
93,female,3212563495,line 14,88,System.out.println ( rect1.area ( ) ) ;
93,female,3213091413,line 13,84,"Rectangle rect1 = new Rectangle ( 0 , 0 , 10 , 10 ) ;"
93,female,3213167325,line 13,72,"Rectangle rect1 = new Rectangle ( 0 , 0 , 10 , 10 ) ;"
93,female,3213299112,line 13,128,"Rectangle rect1 = new Rectangle ( 0 , 0 , 10 , 10 ) ;"
93,female,3213607270,line 13,304,"Rectangle rect1 = new Rectangle ( 0 , 0 , 10 , 10 ) ;"
93,female,3214027249,line 13,176,"Rectangle rect1 = new Rectangle ( 0 , 0 , 10 , 10 ) ;"
93,female,3214167245,line 13,120,"Rectangle rect1 = new Rectangle ( 0 , 0 , 10 , 10 ) ;"
93,female,3214323261,line 13,152,"Rectangle rect1 = new Rectangle ( 0 , 0 , 10 , 10 ) ;"
93,female,3214955075,line 16,204,System.out.println ( rect2.area ( ) ) ;
93,female,3215191116,line 16,172,System.out.println ( rect2.area ( ) ) ;
93,female,3215431186,line 15,80,"Rectangle rect2 = new Rectangle ( 5 , 5 , 10 , 10 ) ;"
93,female,3215783128,line 11,68,public double area ( ) { return this.width ( ) * this.height ( ) ; }
93,female,3216087168,line 10,128,public int height ( ) { return this.y2 - this.y1 ; }
93,female,3216147177,line 10,56,public int height ( ) { return this.y2 - this.y1 ; }
93,female,3216278961,line 11,92,public double area ( ) { return this.width ( ) * this.height ( ) ; }
98,male,903047536,line 2,68,"private int x1 , y1 , x2 , y2 ;"
98,male,903475441,line 1,84,public class Rectangle {
98,male,903635432,line 2,72,"private int x1 , y1 , x2 , y2 ;"
98,male,903751467,line 2,80,"private int x1 , y1 , x2 , y2 ;"
100,male,20611780390,line 7,104,this.y2 = y2 ;
100,male,20611840361,line 7,56,this.y2 = y2 ;
100,male,20650054834,line 7,160,this.y2 = y2 ;
100,male,20650494862,line 5,80,this.y1 = y1 ;
100,male,20650894875,line 8,248,}
100,male,20653014606,line 12,140,public static void main ( String [ ] args ) {
100,male,20656102329,line 5,160,this.y1 = y1 ;
100,male,20656222327,line 5,116,this.y1 = y1 ;
100,male,20656294337,line 5,56,this.y1 = y1 ;
100,male,20656478346,line 5,180,this.y1 = y1 ;
100,male,20657278245,line 9,72,public int width ( ) { return this.x2 - this.x1 ; }
100,male,20657374244,line 9,92,public int width ( ) { return this.x2 - this.x1 ; }
100,male,20658698065,line 10,212,public int height ( ) { return this.y2 - this.y1 ; }
100,male,20658805966,line 16,72,System.out.println ( rect2.area ( ) ) ;
100,male,20659009960,line 16,200,System.out.println ( rect2.area ( ) ) ;
100,male,20659182026,line 14,132,System.out.println ( rect1.area ( ) ) ;
100,male,20659702006,line 14,152,System.out.println ( rect1.area ( ) ) ;
100,male,20659929758,line 14,72,System.out.println ( rect1.area ( ) ) ;
100,male,20660194072,line 14,208,System.out.println ( rect1.area ( ) ) ;
100,male,20660449870,line 8,196,}
100,male,20660674043,line 12,172,public static void main ( String [ ] args ) {
100,male,20660973939,line 12,284,public static void main ( String [ ] args ) {
100,male,20661278111,line 13,236,"Rectangle rect1 = new Rectangle ( 0 , 0 , 10 , 10 ) ;"
102,male,11571505911,line 4,112,this.x1 = x1 ;
102,male,11579828649,line 3,64,"public Rectangle ( int x1 , int y1 , int x2 , int y2 ) {"
102,male,11582776290,line 4,68,this.x1 = x1 ;
102,male,11583980089,line 5,72,this.y1 = y1 ;
102,male,11584436175,line 4,64,this.x1 = x1 ;
103,female,338611101,line 2,88,"private int x1 , y1 , x2 , y2 ;"
103,female,338794882,line 2,80,"private int x1 , y1 , x2 , y2 ;"
103,female,339102925,line 2,96,"private int x1 , y1 , x2 , y2 ;"
103,female,340190958,line 3,68,"public Rectangle ( int x1 , int y1 , int x2 , int y2 ) {"
103,female,340398859,line 2,56,"private int x1 , y1 , x2 , y2 ;"
103,female,345422488,line 6,56,this.x2 = x2 ;
103,female,355185705,line 9,80,public int width ( ) { return this.x2 - this.x1 ; }
103,female,361477115,line 11,72,public double area ( ) { return this.width ( ) * this.height ( ) ; }
103,female,361777083,line 11,64,public double area ( ) { return this.width ( ) * this.height ( ) ; }
103,female,362644923,line 12,72,public static void main ( String [ ] args ) {
103,female,362916929,line 12,96,public static void main ( String [ ] args ) {
103,female,364672908,line 9,64,public int width ( ) { return this.x2 - this.x1 ; }
103,female,364764883,line 10,80,public int height ( ) { return this.y2 - this.y1 ; }
103,female,364836869,line 10,56,public int height ( ) { return this.y2 - this.y1 ; }
103,female,365356855,line 13,56,"Rectangle rect1 = new Rectangle ( 0 , 0 , 10 , 10 ) ;"
103,female,366972609,line 11,60,public double area ( ) { return this.width ( ) * this.height ( ) ; }
103,female,367076632,line 12,76,public static void main ( String [ ] args ) {
104,female,939412222,line 7,136,this.y2 = y2 ;
104,female,939552225,line 7,96,this.y2 = y2 ;
104,female,940096139,line 18,72,}
104,female,940596062,line 2,64,"private int x1 , y1 , x2 , y2 ;"
104,female,940660048,line 2,60,"private int x1 , y1 , x2 , y2 ;"
104,female,940904034,line 1,184,public class Rectangle {
104,female,941096030,line 2,68,"private int x1 , y1 , x2 , y2 ;"
104,female,941200063,line 3,100,"public Rectangle ( int x1 , int y1 , int x2 , int y2 ) {"
104,female,941508120,line 2,92,"private int x1 , y1 , x2 , y2 ;"
104,female,942567889,line 6,92,this.x2 = x2 ;
104,female,942671933,line 6,100,this.x2 = x2 ;
104,female,942919915,line 2,184,"private int x1 , y1 , x2 , y2 ;"
104,female,943019953,line 2,96,"private int x1 , y1 , x2 , y2 ;"
104,female,943207998,line 2,132,"private int x1 , y1 , x2 , y2 ;"
104,female,943419990,line 2,120,"private int x1 , y1 , x2 , y2 ;"
104,female,943563960,line 2,56,"private int x1 , y1 , x2 , y2 ;"
104,female,943671932,line 3,104,"public Rectangle ( int x1 , int y1 , int x2 , int y2 ) {"
104,female,943995833,line 3,60,"public Rectangle ( int x1 , int y1 , int x2 , int y2 ) {"
104,female,944267722,line 3,112,"public Rectangle ( int x1 , int y1 , int x2 , int y2 ) {"
104,female,944375744,line 3,104,"public Rectangle ( int x1 , int y1 , int x2 , int y2 ) {"
104,female,944483791,line 3,76,"public Rectangle ( int x1 , int y1 , int x2 , int y2 ) {"
104,female,944671833,line 3,100,"public Rectangle ( int x1 , int y1 , int x2 , int y2 ) {"
104,female,944771846,line 3,96,"public Rectangle ( int x1 , int y1 , int x2 , int y2 ) {"
104,female,944935836,line 3,84,"public Rectangle ( int x1 , int y1 , int x2 , int y2 ) {"
104,female,945203712,line 1,76,public class Rectangle {
104,female,945387769,line 1,124,public class Rectangle {
104,female,945551800,line 2,160,"private int x1 , y1 , x2 , y2 ;"
104,female,945807671,line 1,88,public class Rectangle {
104,female,946471661,line 3,168,"public Rectangle ( int x1 , int y1 , int x2 , int y2 ) {"
104,female,946663674,line 3,68,"public Rectangle ( int x1 , int y1 , int x2 , int y2 ) {"
104,female,946727678,line 3,60,"public Rectangle ( int x1 , int y1 , int x2 , int y2 ) {"
104,female,946955740,line 5,128,this.y1 = y1 ;
104,female,947043736,line 5,84,this.y1 = y1 ;
104,female,947283639,line 5,124,this.y1 = y1 ;
104,female,947443618,line 5,56,this.y1 = y1 ;
104,female,947559613,line 6,80,this.x2 = x2 ;
104,female,947627578,line 5,64,this.y1 = y1 ;
104,female,947875427,line 5,84,this.y1 = y1 ;
104,female,947979483,line 5,100,this.y1 = y1 ;
104,female,948467554,line 4,76,this.x1 = x1 ;
104,female,948535555,line 5,64,this.y1 = y1 ;
104,female,948703565,line 3,100,"public Rectangle ( int x1 , int y1 , int x2 , int y2 ) {"
104,female,948827541,line 3,84,"public Rectangle ( int x1 , int y1 , int x2 , int y2 ) {"
104,female,948891526,line 3,60,"public Rectangle ( int x1 , int y1 , int x2 , int y2 ) {"
104,female,949031513,line 4,96,this.x1 = x1 ;
104,female,949207483,line 3,124,"public Rectangle ( int x1 , int y1 , int x2 , int y2 ) {"
104,female,949615420,line 2,148,"private int x1 , y1 , x2 , y2 ;"
104,female,949811432,line 2,68,"private int x1 , y1 , x2 , y2 ;"
104,female,950215340,line 2,68,"private int x1 , y1 , x2 , y2 ;"
104,female,950479386,line 2,104,"private int x1 , y1 , x2 , y2 ;"
104,female,950647366,line 3,68,"public Rectangle ( int x1 , int y1 , int x2 , int y2 ) {"
104,female,950887393,line 3,124,"public Rectangle ( int x1 , int y1 , int x2 , int y2 ) {"
104,female,951391432,line 3,136,"public Rectangle ( int x1 , int y1 , int x2 , int y2 ) {"
104,female,951539373,line 3,68,"public Rectangle ( int x1 , int y1 , int x2 , int y2 ) {"
104,female,951775180,line 2,60,"private int x1 , y1 , x2 , y2 ;"
104,female,952039338,line 2,64,"private int x1 , y1 , x2 , y2 ;"
104,female,952159297,line 2,116,"private int x1 , y1 , x2 , y2 ;"
104,female,952251225,line 2,60,"private int x1 , y1 , x2 , y2 ;"
104,female,952375250,line 3,64,"public Rectangle ( int x1 , int y1 , int x2 , int y2 ) {"
104,female,952571328,line 2,56,"private int x1 , y1 , x2 , y2 ;"
104,female,956403029,line 2,64,"private int x1 , y1 , x2 , y2 ;"
104,female,956495056,line 1,68,public class Rectangle {
104,female,958152764,line 1,84,public class Rectangle {
104,female,958328878,line 1,112,public class Rectangle {
107,female,1169304256,line 2,60,"private int x1 , y1 , x2 , y2 ;"
107,female,1169452063,line 2,144,"private int x1 , y1 , x2 , y2 ;"
107,female,1169711876,line 1,212,public class Rectangle {
107,female,1169947484,line 1,164,public class Rectangle {
107,female,1170055585,line 1,100,public class Rectangle {
107,female,1170191678,line 1,128,public class Rectangle {
107,female,1170355667,line 2,132,"private int x1 , y1 , x2 , y2 ;"
107,female,1170475665,line 2,116,"private int x1 , y1 , x2 , y2 ;"
107,female,1170595677,line 2,104,"private int x1 , y1 , x2 , y2 ;"
107,female,1170671733,line 2,72,"private int x1 , y1 , x2 , y2 ;"
107,female,1170939688,line 2,220,"private int x1 , y1 , x2 , y2 ;"
107,female,1171219684,line 2,252,"private int x1 , y1 , x2 , y2 ;"
107,female,1171355655,line 3,92,"public Rectangle ( int x1 , int y1 , int x2 , int y2 ) {"
107,female,1171495707,line 3,136,"public Rectangle ( int x1 , int y1 , int x2 , int y2 ) {"
107,female,1171663894,line 3,164,"public Rectangle ( int x1 , int y1 , int x2 , int y2 ) {"
107,female,1171836082,line 2,140,"private int x1 , y1 , x2 , y2 ;"
107,female,1171899927,line 2,60,"private int x1 , y1 , x2 , y2 ;"
107,female,1172111598,line 2,84,"private int x1 , y1 , x2 , y2 ;"
107,female,1172491603,line 2,376,"private int x1 , y1 , x2 , y2 ;"
107,female,1172723572,line 2,188,"private int x1 , y1 , x2 , y2 ;"
107,female,1172783582,line 2,56,"private int x1 , y1 , x2 , y2 ;"
107,female,1172875613,line 2,60,"private int x1 , y1 , x2 , y2 ;"
107,female,1173155498,line 2,276,"private int x1 , y1 , x2 , y2 ;"
107,female,1173323467,line 2,140,"private int x1 , y1 , x2 , y2 ;"
107,female,1173503453,line 3,176,"public Rectangle ( int x1 , int y1 , int x2 , int y2 ) {"
107,female,1173723471,line 2,216,"private int x1 , y1 , x2 , y2 ;"
107,female,1173995468,line 2,268,"private int x1 , y1 , x2 , y2 ;"
107,female,1174295463,line 2,72,"private int x1 , y1 , x2 , y2 ;"
107,female,1174411457,line 2,112,"private int x1 , y1 , x2 , y2 ;"
107,female,1174595308,line 2,180,"private int x1 , y1 , x2 , y2 ;"
107,female,1174851262,line 3,248,"public Rectangle ( int x1 , int y1 , int x2 , int y2 ) {"
107,female,1175123317,line 3,204,"public Rectangle ( int x1 , int y1 , int x2 , int y2 ) {"
107,female,1176791193,line 4,60,this.x1 = x1 ;
107,female,1176971140,line 4,176,this.x1 = x1 ;
107,female,1177154723,line 3,160,"public Rectangle ( int x1 , int y1 , int x2 , int y2 ) {"
107,female,1177347224,line 3,148,"public Rectangle ( int x1 , int y1 , int x2 , int y2 ) {"
107,female,1177619126,line 4,100,this.x1 = x1 ;
107,female,1177791018,line 4,136,this.x1 = x1 ;
107,female,1178399076,line 3,248,"public Rectangle ( int x1 , int y1 , int x2 , int y2 ) {"
107,female,1178935079,line 5,68,this.y1 = y1 ;
107,female,1179159029,line 5,144,this.y1 = y1 ;
107,female,1179298474,line 5,136,this.y1 = y1 ;
107,female,1179378280,line 5,76,this.y1 = y1 ;
107,female,1179566738,line 5,184,this.y1 = y1 ;
107,female,1179646813,line 6,56,this.x2 = x2 ;
107,female,1179894910,line 6,244,this.x2 = x2 ;
107,female,1180026907,line 9,108,public int width ( ) { return this.x2 - this.x1 ; }
107,female,1180170894,line 9,140,public int width ( ) { return this.x2 - this.x1 ; }
107,female,1180482885,line 9,284,public int width ( ) { return this.x2 - this.x1 ; }
107,female,1180642972,line 9,156,public int width ( ) { return this.x2 - this.x1 ; }
107,female,1180819001,line 9,144,public int width ( ) { return this.x2 - this.x1 ; }
107,female,1180902863,line 10,68,public int height ( ) { return this.y2 - this.y1 ; }
107,female,1181662764,line 10,76,public int height ( ) { return this.y2 - this.y1 ; }
107,female,1181822788,line 10,136,public int height ( ) { return this.y2 - this.y1 ; }
107,female,1182174837,line 9,64,public int width ( ) { return this.x2 - this.x1 ; }
107,female,1182338805,line 9,148,public int width ( ) { return this.x2 - this.x1 ; }
107,female,1182690649,line 10,60,public int height ( ) { return this.y2 - this.y1 ; }
107,female,1182922631,line 10,164,public int height ( ) { return this.y2 - this.y1 ; }
107,female,1183038641,line 10,100,public int height ( ) { return this.y2 - this.y1 ; }
107,female,1183106652,line 10,64,public int height ( ) { return this.y2 - this.y1 ; }
107,female,1183170661,line 10,56,public int height ( ) { return this.y2 - this.y1 ; }
107,female,1183434647,line 10,260,public int height ( ) { return this.y2 - this.y1 ; }
107,female,1183542616,line 10,76,public int height ( ) { return this.y2 - this.y1 ; }
107,female,1183682623,line 10,136,public int height ( ) { return this.y2 - this.y1 ; }
107,female,1183878639,line 10,180,public int height ( ) { return this.y2 - this.y1 ; }
107,female,1184214518,line 9,332,public int width ( ) { return this.x2 - this.x1 ; }
107,female,1184370508,line 10,132,public int height ( ) { return this.y2 - this.y1 ; }
107,female,1184494499,line 10,92,public int height ( ) { return this.y2 - this.y1 ; }
107,female,1184558456,line 9,60,public int width ( ) { return this.x2 - this.x1 ; }
107,female,1184678389,line 9,116,public int width ( ) { return this.x2 - this.x1 ; }
107,female,1185058510,line 10,352,public int height ( ) { return this.y2 - this.y1 ; }
107,female,1185246555,line 10,136,public int height ( ) { return this.y2 - this.y1 ; }
107,female,1185594579,line 10,184,public int height ( ) { return this.y2 - this.y1 ; }
107,female,1185746420,line 10,64,public int height ( ) { return this.y2 - this.y1 ; }
107,female,1185878449,line 10,128,public int height ( ) { return this.y2 - this.y1 ; }
107,female,1186390430,line 11,276,public double area ( ) { return this.width ( ) * this.height ( ) ; }
107,female,1186646400,line 10,124,public int height ( ) { return this.y2 - this.y1 ; }
107,female,1186734386,line 10,84,public int height ( ) { return this.y2 - this.y1 ; }
107,female,1186978389,line 10,60,public int height ( ) { return this.y2 - this.y1 ; }
107,female,1187146304,line 11,128,public double area ( ) { return this.width ( ) * this.height ( ) ; }
107,female,1187398297,line 11,184,public double area ( ) { return this.width ( ) * this.height ( ) ; }
107,female,1187734227,line 11,284,public double area ( ) { return this.width ( ) * this.height ( ) ; }
107,female,1187886236,line 11,124,public double area ( ) { return this.width ( ) * this.height ( ) ; }
107,female,1188018235,line 11,128,public double area ( ) { return this.width ( ) * this.height ( ) ; }
107,female,1188246262,line 11,160,public double area ( ) { return this.width ( ) * this.height ( ) ; }
107,female,1188518250,line 11,168,public double area ( ) { return this.width ( ) * this.height ( ) ; }
107,female,1188746068,line 11,224,public double area ( ) { return this.width ( ) * this.height ( ) ; }
107,female,1189038120,line 11,220,public double area ( ) { return this.width ( ) * this.height ( ) ; }
107,female,1189226146,line 11,184,public double area ( ) { return this.width ( ) * this.height ( ) ; }
107,female,1189422151,line 11,152,public double area ( ) { return this.width ( ) * this.height ( ) ; }
107,female,1189606131,line 12,100,public static void main ( String [ ] args ) {
107,female,1189730087,line 12,76,public static void main ( String [ ] args ) {
107,female,1189890131,line 12,156,public static void main ( String [ ] args ) {
107,female,1190298019,line 12,120,public static void main ( String [ ] args ) {
107,female,1190406005,line 12,104,public static void main ( String [ ] args ) {
107,female,1190534074,line 12,108,public static void main ( String [ ] args ) {
107,female,1190654202,line 12,116,public static void main ( String [ ] args ) {
107,female,1190818174,line 12,148,public static void main ( String [ ] args ) {
107,female,1191017974,line 12,180,public static void main ( String [ ] args ) {
107,female,1191213985,line 12,100,public static void main ( String [ ] args ) {
107,female,1191510003,line 13,88,"Rectangle rect1 = new Rectangle ( 0 , 0 , 10 , 10 ) ;"
107,female,1191614017,line 13,100,"Rectangle rect1 = new Rectangle ( 0 , 0 , 10 , 10 ) ;"
107,female,1191794026,line 13,160,"Rectangle rect1 = new Rectangle ( 0 , 0 , 10 , 10 ) ;"
107,female,1191857967,line 13,60,"Rectangle rect1 = new Rectangle ( 0 , 0 , 10 , 10 ) ;"
107,female,1192833888,line 13,176,"Rectangle rect1 = new Rectangle ( 0 , 0 , 10 , 10 ) ;"
107,female,1193025998,line 13,172,"Rectangle rect1 = new Rectangle ( 0 , 0 , 10 , 10 ) ;"
107,female,1193141971,line 13,88,"Rectangle rect1 = new Rectangle ( 0 , 0 , 10 , 10 ) ;"
107,female,1193349783,line 13,204,"Rectangle rect1 = new Rectangle ( 0 , 0 , 10 , 10 ) ;"
107,female,1193605673,line 14,160,System.out.println ( rect1.area ( ) ) ;
107,female,1193765765,line 14,132,System.out.println ( rect1.area ( ) ) ;
107,female,1193857788,line 14,88,System.out.println ( rect1.area ( ) ) ;
107,female,1194021786,line 14,56,System.out.println ( rect1.area ( ) ) ;
107,female,1194513725,line 13,428,"Rectangle rect1 = new Rectangle ( 0 , 0 , 10 , 10 ) ;"
107,female,1194705699,line 14,156,System.out.println ( rect1.area ( ) ) ;
107,female,1195061461,line 13,60,"Rectangle rect1 = new Rectangle ( 0 , 0 , 10 , 10 ) ;"
107,female,1195309568,line 13,216,"Rectangle rect1 = new Rectangle ( 0 , 0 , 10 , 10 ) ;"
107,female,1195633544,line 13,236,"Rectangle rect1 = new Rectangle ( 0 , 0 , 10 , 10 ) ;"
107,female,1195761626,line 13,124,"Rectangle rect1 = new Rectangle ( 0 , 0 , 10 , 10 ) ;"
107,female,1196061587,line 15,68,"Rectangle rect2 = new Rectangle ( 5 , 5 , 10 , 10 ) ;"
107,female,1196245585,line 15,132,"Rectangle rect2 = new Rectangle ( 5 , 5 , 10 , 10 ) ;"
107,female,1196401595,line 15,120,"Rectangle rect2 = new Rectangle ( 5 , 5 , 10 , 10 ) ;"
107,female,1196469589,line 15,64,"Rectangle rect2 = new Rectangle ( 5 , 5 , 10 , 10 ) ;"
107,female,1196613509,line 15,140,"Rectangle rect2 = new Rectangle ( 5 , 5 , 10 , 10 ) ;"
107,female,1196973459,line 13,240,"Rectangle rect1 = new Rectangle ( 0 , 0 , 10 , 10 ) ;"
107,female,1197461497,line 15,56,"Rectangle rect2 = new Rectangle ( 5 , 5 , 10 , 10 ) ;"
107,female,1197705443,line 14,108,System.out.println ( rect1.area ( ) ) ;
107,female,1198105209,line 15,236,"Rectangle rect2 = new Rectangle ( 5 , 5 , 10 , 10 ) ;"
107,female,1198333248,line 16,80,System.out.println ( rect2.area ( ) ) ;
107,female,1198657309,line 15,244,"Rectangle rect2 = new Rectangle ( 5 , 5 , 10 , 10 ) ;"
107,female,1198977325,line 13,228,"Rectangle rect1 = new Rectangle ( 0 , 0 , 10 , 10 ) ;"
107,female,1199101358,line 13,120,"Rectangle rect1 = new Rectangle ( 0 , 0 , 10 , 10 ) ;"
107,female,1199169369,line 13,64,"Rectangle rect1 = new Rectangle ( 0 , 0 , 10 , 10 ) ;"
107,female,1199349336,line 13,132,"Rectangle rect1 = new Rectangle ( 0 , 0 , 10 , 10 ) ;"
107,female,1199429354,line 13,76,"Rectangle rect1 = new Rectangle ( 0 , 0 , 10 , 10 ) ;"
107,female,1199605295,line 13,148,"Rectangle rect1 = new Rectangle ( 0 , 0 , 10 , 10 ) ;"
107,female,1199781023,line 13,172,"Rectangle rect1 = new Rectangle ( 0 , 0 , 10 , 10 ) ;"
107,female,1199937158,line 16,88,System.out.println ( rect2.area ( ) ) ;
107,female,1200021176,line 16,72,System.out.println ( rect2.area ( ) ) ;
107,female,1200269199,line 16,220,System.out.println ( rect2.area ( ) ) ;
107,female,1200973256,line 1,180,public class Rectangle {
107,female,1201209145,line 1,164,public class Rectangle {
107,female,1201641079,line 2,248,"private int x1 , y1 , x2 , y2 ;"
107,female,1201917052,line 3,96,"public Rectangle ( int x1 , int y1 , int x2 , int y2 ) {"
107,female,1202025046,line 3,96,"public Rectangle ( int x1 , int y1 , int x2 , int y2 ) {"
107,female,1202101027,line 3,72,"public Rectangle ( int x1 , int y1 , int x2 , int y2 ) {"
107,female,1202161015,line 3,56,"public Rectangle ( int x1 , int y1 , int x2 , int y2 ) {"
107,female,1202453051,line 3,228,"public Rectangle ( int x1 , int y1 , int x2 , int y2 ) {"
107,female,1202673027,line 3,164,"public Rectangle ( int x1 , int y1 , int x2 , int y2 ) {"
107,female,1202901056,line 3,172,"public Rectangle ( int x1 , int y1 , int x2 , int y2 ) {"
107,female,1203140949,line 3,236,"public Rectangle ( int x1 , int y1 , int x2 , int y2 ) {"
107,female,1203220943,line 3,60,"public Rectangle ( int x1 , int y1 , int x2 , int y2 ) {"
107,female,1203561097,line 3,120,"public Rectangle ( int x1 , int y1 , int x2 , int y2 ) {"
107,female,1203681114,line 3,88,"public Rectangle ( int x1 , int y1 , int x2 , int y2 ) {"
107,female,1204004970,line 3,280,"public Rectangle ( int x1 , int y1 , int x2 , int y2 ) {"
107,female,1204177151,line 4,144,this.x1 = x1 ;
107,female,1204361053,line 4,160,this.x1 = x1 ;
107,female,1204548775,line 3,156,"public Rectangle ( int x1 , int y1 , int x2 , int y2 ) {"
107,female,1208652545,line 5,112,this.y1 = y1 ;
107,female,1208856545,line 5,128,this.y1 = y1 ;
107,female,1209460446,line 5,308,this.y1 = y1 ;
107,female,1209808120,line 5,288,this.y1 = y1 ;
107,female,1210116238,line 5,120,this.y1 = y1 ;
107,female,1210220326,line 4,60,this.x1 = x1 ;
107,female,1210376371,line 5,152,this.y1 = y1 ;
107,female,1211104396,line 5,680,this.y1 = y1 ;
107,female,1211288316,line 6,140,this.x2 = x2 ;
107,female,1211580282,line 6,288,this.x2 = x2 ;
107,female,1211804245,line 3,184,"public Rectangle ( int x1 , int y1 , int x2 , int y2 ) {"
107,female,1212012247,line 3,204,"public Rectangle ( int x1 , int y1 , int x2 , int y2 ) {"
107,female,1212280146,line 6,60,this.x2 = x2 ;
107,female,1212444127,line 6,160,this.x2 = x2 ;
107,female,1212540166,line 7,72,this.y2 = y2 ;
107,female,1212620166,line 7,76,this.y2 = y2 ;
107,female,1213008149,line 9,120,public int width ( ) { return this.x2 - this.x1 ; }
107,female,1213168140,line 9,104,public int width ( ) { return this.x2 - this.x1 ; }
107,female,1213400163,line 10,188,public int height ( ) { return this.y2 - this.y1 ; }
107,female,1213660115,line 10,232,public int height ( ) { return this.y2 - this.y1 ; }
107,female,1213971896,line 10,280,public int height ( ) { return this.y2 - this.y1 ; }
107,female,1214095958,line 10,104,public int height ( ) { return this.y2 - this.y1 ; }
107,female,1214628050,line 9,256,public int width ( ) { return this.x2 - this.x1 ; }
107,female,1215000001,line 10,84,public int height ( ) { return this.y2 - this.y1 ; }
107,female,1215088002,line 10,84,public int height ( ) { return this.y2 - this.y1 ; }
107,female,1215252015,line 9,160,public int width ( ) { return this.x2 - this.x1 ; }
107,female,1215671925,line 10,104,public int height ( ) { return this.y2 - this.y1 ; }
107,female,1215988146,line 9,196,public int width ( ) { return this.x2 - this.x1 ; }
107,female,1216123975,line 10,132,public int height ( ) { return this.y2 - this.y1 ; }
107,female,1216323923,line 9,196,public int width ( ) { return this.x2 - this.x1 ; }
107,female,1216447898,line 9,120,public int width ( ) { return this.x2 - this.x1 ; }
107,female,1216595894,line 10,108,public int height ( ) { return this.y2 - this.y1 ; }
107,female,1216875808,line 10,176,public int height ( ) { return this.y2 - this.y1 ; }
107,female,1216975743,line 10,84,public int height ( ) { return this.y2 - this.y1 ; }
107,female,1217071720,line 10,92,public int height ( ) { return this.y2 - this.y1 ; }
107,female,1217743800,line 10,196,public int height ( ) { return this.y2 - this.y1 ; }
107,female,1217835761,line 9,80,public int width ( ) { return this.x2 - this.x1 ; }
107,female,1217975720,line 9,136,public int width ( ) { return this.x2 - this.x1 ; }
107,female,1218051722,line 9,72,public int width ( ) { return this.x2 - this.x1 ; }
107,female,1218583425,line 9,88,public int width ( ) { return this.x2 - this.x1 ; }
107,female,1218783609,line 9,168,public int width ( ) { return this.x2 - this.x1 ; }
107,female,1219239628,line 11,408,public double area ( ) { return this.width ( ) * this.height ( ) ; }
107,female,1219375641,line 11,128,public double area ( ) { return this.width ( ) * this.height ( ) ; }
107,female,1219679712,line 12,148,public static void main ( String [ ] args ) {
107,female,1219767737,line 11,68,public double area ( ) { return this.width ( ) * this.height ( ) ; }
107,female,1219863690,line 11,92,public double area ( ) { return this.width ( ) * this.height ( ) ; }
107,female,1220007615,line 11,112,public double area ( ) { return this.width ( ) * this.height ( ) ; }
107,female,1221367493,line 11,68,public double area ( ) { return this.width ( ) * this.height ( ) ; }
107,female,1221831315,line 13,200,"Rectangle rect1 = new Rectangle ( 0 , 0 , 10 , 10 ) ;"
107,female,1222091421,line 13,192,"Rectangle rect1 = new Rectangle ( 0 , 0 , 10 , 10 ) ;"
107,female,1222167452,line 13,72,"Rectangle rect1 = new Rectangle ( 0 , 0 , 10 , 10 ) ;"
107,female,1222303379,line 13,96,"Rectangle rect1 = new Rectangle ( 0 , 0 , 10 , 10 ) ;"
107,female,1222491401,line 13,148,"Rectangle rect1 = new Rectangle ( 0 , 0 , 10 , 10 ) ;"
107,female,1222715392,line 13,144,"Rectangle rect1 = new Rectangle ( 0 , 0 , 10 , 10 ) ;"
107,female,1222811360,line 13,92,"Rectangle rect1 = new Rectangle ( 0 , 0 , 10 , 10 ) ;"
107,female,1222943348,line 13,128,"Rectangle rect1 = new Rectangle ( 0 , 0 , 10 , 10 ) ;"
107,female,1223159213,line 13,184,"Rectangle rect1 = new Rectangle ( 0 , 0 , 10 , 10 ) ;"
107,female,1223219147,line 13,56,"Rectangle rect1 = new Rectangle ( 0 , 0 , 10 , 10 ) ;"
107,female,1223339116,line 13,116,"Rectangle rect1 = new Rectangle ( 0 , 0 , 10 , 10 ) ;"
107,female,1223567182,line 13,224,"Rectangle rect1 = new Rectangle ( 0 , 0 , 10 , 10 ) ;"
107,female,1223683171,line 14,88,System.out.println ( rect1.area ( ) ) ;
107,female,1223771168,line 14,84,System.out.println ( rect1.area ( ) ) ;
107,female,1223855171,line 14,80,System.out.println ( rect1.area ( ) ) ;
107,female,1224183277,line 13,220,"Rectangle rect1 = new Rectangle ( 0 , 0 , 10 , 10 ) ;"
107,female,1224727268,line 13,56,"Rectangle rect1 = new Rectangle ( 0 , 0 , 10 , 10 ) ;"
107,female,1225019147,line 15,184,"Rectangle rect2 = new Rectangle ( 5 , 5 , 10 , 10 ) ;"
107,female,1225179093,line 15,104,"Rectangle rect2 = new Rectangle ( 5 , 5 , 10 , 10 ) ;"
107,female,1225259091,line 15,76,"Rectangle rect2 = new Rectangle ( 5 , 5 , 10 , 10 ) ;"
107,female,1225531079,line 15,232,"Rectangle rect2 = new Rectangle ( 5 , 5 , 10 , 10 ) ;"
107,female,1225647099,line 15,112,"Rectangle rect2 = new Rectangle ( 5 , 5 , 10 , 10 ) ;"
107,female,1225735117,line 15,64,"Rectangle rect2 = new Rectangle ( 5 , 5 , 10 , 10 ) ;"
107,female,1225851118,line 15,112,"Rectangle rect2 = new Rectangle ( 5 , 5 , 10 , 10 ) ;"
107,female,1226291019,line 15,88,"Rectangle rect2 = new Rectangle ( 5 , 5 , 10 , 10 ) ;"
107,female,1226422956,line 15,128,"Rectangle rect2 = new Rectangle ( 5 , 5 , 10 , 10 ) ;"
107,female,1226518934,line 15,80,"Rectangle rect2 = new Rectangle ( 5 , 5 , 10 , 10 ) ;"
107,female,1227134940,line 15,320,"Rectangle rect2 = new Rectangle ( 5 , 5 , 10 , 10 ) ;"
107,female,1227327003,line 15,64,"Rectangle rect2 = new Rectangle ( 5 , 5 , 10 , 10 ) ;"
107,female,1227502999,line 15,124,"Rectangle rect2 = new Rectangle ( 5 , 5 , 10 , 10 ) ;"
107,female,1227654993,line 15,72,"Rectangle rect2 = new Rectangle ( 5 , 5 , 10 , 10 ) ;"
107,female,1228042737,line 15,80,"Rectangle rect2 = new Rectangle ( 5 , 5 , 10 , 10 ) ;"
107,female,1228130822,line 15,84,"Rectangle rect2 = new Rectangle ( 5 , 5 , 10 , 10 ) ;"
107,female,1228275087,line 13,124,"Rectangle rect1 = new Rectangle ( 0 , 0 , 10 , 10 ) ;"
107,female,1228694471,line 12,72,public static void main ( String [ ] args ) {
107,female,1228818637,line 12,120,public static void main ( String [ ] args ) {
107,female,1229123026,line 13,88,"Rectangle rect1 = new Rectangle ( 0 , 0 , 10 , 10 ) ;"
107,female,1229310896,line 13,184,"Rectangle rect1 = new Rectangle ( 0 , 0 , 10 , 10 ) ;"
107,female,1229370876,line 13,56,"Rectangle rect1 = new Rectangle ( 0 , 0 , 10 , 10 ) ;"
107,female,1229838808,line 13,64,"Rectangle rect1 = new Rectangle ( 0 , 0 , 10 , 10 ) ;"
107,female,1230114755,line 16,80,System.out.println ( rect2.area ( ) ) ;
111,male,11258673579,line 1,80,public class Rectangle {
111,male,11259053605,line 2,84,"private int x1 , y1 , x2 , y2 ;"
111,male,11259145478,line 2,56,"private int x1 , y1 , x2 , y2 ;"
111,male,11259229425,line 2,60,"private int x1 , y1 , x2 , y2 ;"
111,male,11260929520,line 2,84,"private int x1 , y1 , x2 , y2 ;"
111,male,11261409547,line 1,64,public class Rectangle {
111,male,11261797409,line 2,72,"private int x1 , y1 , x2 , y2 ;"
111,male,11262477388,line 2,56,"private int x1 , y1 , x2 , y2 ;"
111,male,11262793420,line 2,88,"private int x1 , y1 , x2 , y2 ;"
111,male,11262917427,line 3,56,"public Rectangle ( int x1 , int y1 , int x2 , int y2 ) {"
111,male,11263305276,line 2,68,"private int x1 , y1 , x2 , y2 ;"
111,male,11263476934,line 2,140,"private int x1 , y1 , x2 , y2 ;"
111,male,11264153338,line 6,76,this.x2 = x2 ;
111,male,11264621271,line 7,56,this.y2 = y2 ;
111,male,11264917161,line 7,56,this.y2 = y2 ;
111,male,11264981162,line 7,60,this.y2 = y2 ;
111,male,11287026599,line 9,68,public int width ( ) { return this.x2 - this.x1 ; }
113,male,3438659965,line 1,60,public class Rectangle {
113,male,3440599852,line 1,68,public class Rectangle {
113,male,3440675851,line 1,64,public class Rectangle {
113,male,3440851857,line 1,60,public class Rectangle {
113,male,3441015894,line 2,60,"private int x1 , y1 , x2 , y2 ;"
113,male,3441099903,line 1,80,public class Rectangle {
113,male,3441195880,line 1,88,public class Rectangle {
113,male,3441443903,line 1,172,public class Rectangle {
113,male,3441787847,line 1,76,public class Rectangle {
113,male,3441899830,line 1,108,public class Rectangle {
113,male,3441987724,line 1,84,public class Rectangle {
113,male,3442051647,line 1,60,public class Rectangle {
113,male,3442115582,line 1,56,public class Rectangle {
113,male,3442187535,line 1,68,public class Rectangle {
113,male,3442251493,line 1,60,public class Rectangle {
113,male,3442411663,line 2,92,"private int x1 , y1 , x2 , y2 ;"
113,male,3442579779,line 3,56,"public Rectangle ( int x1 , int y1 , int x2 , int y2 ) {"
113,male,3445563599,line 2,64,"private int x1 , y1 , x2 , y2 ;"
113,male,3445683566,line 2,76,"private int x1 , y1 , x2 , y2 ;"
113,male,3446319501,line 1,80,public class Rectangle {
113,male,3447191486,line 1,60,public class Rectangle {
113,male,3449611346,line 2,132,"private int x1 , y1 , x2 , y2 ;"
113,male,3449691331,line 2,76,"private int x1 , y1 , x2 , y2 ;"
113,male,3449819135,line 2,64,"private int x1 , y1 , x2 , y2 ;"
113,male,3449963096,line 1,64,public class Rectangle {
113,male,3450139222,line 1,68,public class Rectangle {
113,male,3450907212,line 10,176,public int height ( ) { return this.y2 - this.y1 ; }
113,male,3450979209,line 10,68,public int height ( ) { return this.y2 - this.y1 ; }
113,male,3451139207,line 10,140,public int height ( ) { return this.y2 - this.y1 ; }
113,male,3451291225,line 10,148,public int height ( ) { return this.y2 - this.y1 ; }
113,male,3451407230,line 10,84,public int height ( ) { return this.y2 - this.y1 ; }
113,male,3451766948,line 10,108,public int height ( ) { return this.y2 - this.y1 ; }
113,male,3452035078,line 10,88,public int height ( ) { return this.y2 - this.y1 ; }
113,male,3452115069,line 10,76,public int height ( ) { return this.y2 - this.y1 ; }
113,male,3452235066,line 10,116,public int height ( ) { return this.y2 - this.y1 ; }
113,male,3453095047,line 10,84,public int height ( ) { return this.y2 - this.y1 ; }
113,male,3453207073,line 10,108,public int height ( ) { return this.y2 - this.y1 ; }
113,male,3453399095,line 10,60,public int height ( ) { return this.y2 - this.y1 ; }
113,male,3453555049,line 3,92,"public Rectangle ( int x1 , int y1 , int x2 , int y2 ) {"
113,male,3453738903,line 3,76,"public Rectangle ( int x1 , int y1 , int x2 , int y2 ) {"
113,male,3453810921,line 3,68,"public Rectangle ( int x1 , int y1 , int x2 , int y2 ) {"
113,male,3453882940,line 5,60,this.y1 = y1 ;
113,male,3454050947,line 6,84,this.x2 = x2 ;
113,male,3454166949,line 6,60,this.x2 = x2 ;
113,male,3454598944,line 2,88,"private int x1 , y1 , x2 , y2 ;"
113,male,3455806810,line 11,68,public double area ( ) { return this.width ( ) * this.height ( ) ; }
113,male,3456050784,line 10,128,public int height ( ) { return this.y2 - this.y1 ; }
113,male,3456294779,line 10,156,public int height ( ) { return this.y2 - this.y1 ; }
113,male,3456550819,line 11,68,public double area ( ) { return this.width ( ) * this.height ( ) ; }
113,male,3457034813,line 11,116,public double area ( ) { return this.width ( ) * this.height ( ) ; }
113,male,3457134831,line 11,96,public double area ( ) { return this.width ( ) * this.height ( ) ; }
113,male,3457238799,line 11,100,public double area ( ) { return this.width ( ) * this.height ( ) ; }
113,male,3457346671,line 11,104,public double area ( ) { return this.width ( ) * this.height ( ) ; }
113,male,3457442589,line 11,92,public double area ( ) { return this.width ( ) * this.height ( ) ; }
113,male,3457574594,line 11,128,public double area ( ) { return this.width ( ) * this.height ( ) ; }
113,male,3457710655,line 11,132,public double area ( ) { return this.width ( ) * this.height ( ) ; }
113,male,3457794663,line 11,80,public double area ( ) { return this.width ( ) * this.height ( ) ; }
113,male,3457914678,line 11,60,public double area ( ) { return this.width ( ) * this.height ( ) ; }
113,male,3458138696,line 10,68,public int height ( ) { return this.y2 - this.y1 ; }
113,male,3458626707,line 10,80,public int height ( ) { return this.y2 - this.y1 ; }
113,male,3459158539,line 11,56,public double area ( ) { return this.width ( ) * this.height ( ) ; }
113,male,3459370400,line 11,108,public double area ( ) { return this.width ( ) * this.height ( ) ; }
113,male,3459450467,line 11,76,public double area ( ) { return this.width ( ) * this.height ( ) ; }
113,male,3459642510,line 11,76,public double area ( ) { return this.width ( ) * this.height ( ) ; }
113,male,3459918542,line 11,72,public double area ( ) { return this.width ( ) * this.height ( ) ; }
113,male,3460030569,line 10,108,public int height ( ) { return this.y2 - this.y1 ; }
113,male,3460298605,line 11,96,public double area ( ) { return this.width ( ) * this.height ( ) ; }
113,male,3460970495,line 12,56,public static void main ( String [ ] args ) {
113,male,3461042458,line 11,68,public double area ( ) { return this.width ( ) * this.height ( ) ; }
113,male,3461166437,line 12,72,public static void main ( String [ ] args ) {
113,male,3461358434,line 12,72,public static void main ( String [ ] args ) {
113,male,3461430415,line 12,68,public static void main ( String [ ] args ) {
113,male,3461686478,line 12,120,public static void main ( String [ ] args ) {
113,male,3461850455,line 12,60,public static void main ( String [ ] args ) {
113,male,3461982458,line 12,88,public static void main ( String [ ] args ) {
113,male,3462078474,line 12,92,public static void main ( String [ ] args ) {
113,male,3462258442,line 12,72,public static void main ( String [ ] args ) {
113,male,3462430416,line 12,84,public static void main ( String [ ] args ) {
113,male,3462574414,line 12,100,public static void main ( String [ ] args ) {
113,male,3463150317,line 12,128,public static void main ( String [ ] args ) {
113,male,3463294304,line 12,140,public static void main ( String [ ] args ) {
113,male,3463438366,line 13,140,"Rectangle rect1 = new Rectangle ( 0 , 0 , 10 , 10 ) ;"
113,male,3464002264,line 13,64,"Rectangle rect1 = new Rectangle ( 0 , 0 , 10 , 10 ) ;"
113,male,3464134273,line 13,92,"Rectangle rect1 = new Rectangle ( 0 , 0 , 10 , 10 ) ;"
113,male,3465270182,line 11,92,public double area ( ) { return this.width ( ) * this.height ( ) ; }
113,male,3465386207,line 12,80,public static void main ( String [ ] args ) {
113,male,3465558193,line 12,60,public static void main ( String [ ] args ) {
113,male,3465786169,line 13,60,"Rectangle rect1 = new Rectangle ( 0 , 0 , 10 , 10 ) ;"
113,male,3465902178,line 14,112,System.out.println ( rect1.area ( ) ) ;
113,male,3466114185,line 13,208,"Rectangle rect1 = new Rectangle ( 0 , 0 , 10 , 10 ) ;"
113,male,3466282169,line 14,68,System.out.println ( rect1.area ( ) ) ;
113,male,3466518149,line 12,116,public static void main ( String [ ] args ) {
113,male,3466778033,line 12,136,public static void main ( String [ ] args ) {
113,male,3466850003,line 12,68,public static void main ( String [ ] args ) {
113,male,3467402034,line 13,120,"Rectangle rect1 = new Rectangle ( 0 , 0 , 10 , 10 ) ;"
113,male,3467658004,line 13,60,"Rectangle rect1 = new Rectangle ( 0 , 0 , 10 , 10 ) ;"
113,male,3467737982,line 13,76,"Rectangle rect1 = new Rectangle ( 0 , 0 , 10 , 10 ) ;"
113,male,3467913978,line 14,120,System.out.println ( rect1.area ( ) ) ;
113,male,3467993995,line 14,76,System.out.println ( rect1.area ( ) ) ;
113,male,3468054004,line 14,56,System.out.println ( rect1.area ( ) ) ;
113,male,3468221994,line 13,64,"Rectangle rect1 = new Rectangle ( 0 , 0 , 10 , 10 ) ;"
113,male,3468345993,line 13,64,"Rectangle rect1 = new Rectangle ( 0 , 0 , 10 , 10 ) ;"
113,male,3468461964,line 14,56,System.out.println ( rect1.area ( ) ) ;
113,male,3468689765,line 14,92,System.out.println ( rect1.area ( ) ) ;
113,male,3468769818,line 14,76,System.out.println ( rect1.area ( ) ) ;
113,male,3468857890,line 13,84,"Rectangle rect1 = new Rectangle ( 0 , 0 , 10 , 10 ) ;"
113,male,3469057920,line 14,108,System.out.println ( rect1.area ( ) ) ;
113,male,3469133924,line 14,72,System.out.println ( rect1.area ( ) ) ;
113,male,3469301958,line 14,60,System.out.println ( rect1.area ( ) ) ;
113,male,3469421928,line 14,116,System.out.println ( rect1.area ( ) ) ;
113,male,3469529841,line 14,104,System.out.println ( rect1.area ( ) ) ;
113,male,3469597794,line 14,64,System.out.println ( rect1.area ( ) ) ;
113,male,3469925881,line 15,200,"Rectangle rect2 = new Rectangle ( 5 , 5 , 10 , 10 ) ;"
113,male,3470049911,line 14,80,System.out.println ( rect1.area ( ) ) ;
113,male,3470321910,line 14,92,System.out.println ( rect1.area ( ) ) ;
113,male,3470425833,line 14,56,System.out.println ( rect1.area ( ) ) ;
113,male,3470753728,line 11,64,public double area ( ) { return this.width ( ) * this.height ( ) ; }
113,male,3471081834,line 12,100,public static void main ( String [ ] args ) {
113,male,3471249745,line 12,108,public static void main ( String [ ] args ) {
113,male,3471397730,line 13,100,"Rectangle rect1 = new Rectangle ( 0 , 0 , 10 , 10 ) ;"
113,male,3471465740,line 13,64,"Rectangle rect1 = new Rectangle ( 0 , 0 , 10 , 10 ) ;"
113,male,3471585777,line 13,88,"Rectangle rect1 = new Rectangle ( 0 , 0 , 10 , 10 ) ;"
113,male,3471745815,line 13,100,"Rectangle rect1 = new Rectangle ( 0 , 0 , 10 , 10 ) ;"
113,male,3471841804,line 13,68,"Rectangle rect1 = new Rectangle ( 0 , 0 , 10 , 10 ) ;"
113,male,3472241725,line 12,92,public static void main ( String [ ] args ) {
113,male,3472305728,line 12,60,public static void main ( String [ ] args ) {
113,male,3472541650,line 12,72,public static void main ( String [ ] args ) {
113,male,3472657634,line 13,56,"Rectangle rect1 = new Rectangle ( 0 , 0 , 10 , 10 ) ;"
113,male,3472753602,line 13,92,"Rectangle rect1 = new Rectangle ( 0 , 0 , 10 , 10 ) ;"
113,male,3472865530,line 13,64,"Rectangle rect1 = new Rectangle ( 0 , 0 , 10 , 10 ) ;"
113,male,3473097585,line 13,228,"Rectangle rect1 = new Rectangle ( 0 , 0 , 10 , 10 ) ;"
113,male,3473937686,line 12,144,public static void main ( String [ ] args ) {
113,male,3474197583,line 12,212,public static void main ( String [ ] args ) {
113,male,3474405444,line 12,80,public static void main ( String [ ] args ) {
113,male,3474525527,line 12,116,public static void main ( String [ ] args ) {
113,male,3474641491,line 12,56,public static void main ( String [ ] args ) {
113,male,3474845481,line 12,200,public static void main ( String [ ] args ) {
113,male,3474997488,line 13,96,"Rectangle rect1 = new Rectangle ( 0 , 0 , 10 , 10 ) ;"
113,male,3475121488,line 12,120,public static void main ( String [ ] args ) {
113,male,3475309558,line 12,108,public static void main ( String [ ] args ) {
113,male,3475457560,line 13,64,"Rectangle rect1 = new Rectangle ( 0 , 0 , 10 , 10 ) ;"
113,male,3475533554,line 13,72,"Rectangle rect1 = new Rectangle ( 0 , 0 , 10 , 10 ) ;"
113,male,3475625545,line 13,88,"Rectangle rect1 = new Rectangle ( 0 , 0 , 10 , 10 ) ;"
113,male,3475717532,line 13,88,"Rectangle rect1 = new Rectangle ( 0 , 0 , 10 , 10 ) ;"
113,male,3475833526,line 13,112,"Rectangle rect1 = new Rectangle ( 0 , 0 , 10 , 10 ) ;"
113,male,3476337312,line 12,176,public static void main ( String [ ] args ) {
113,male,3476477350,line 12,136,public static void main ( String [ ] args ) {
113,male,3477001401,line 12,100,public static void main ( String [ ] args ) {
113,male,3477073415,line 12,68,public static void main ( String [ ] args ) {
113,male,3477165416,line 13,88,"Rectangle rect1 = new Rectangle ( 0 , 0 , 10 , 10 ) ;"
113,male,3477353403,line 13,92,"Rectangle rect1 = new Rectangle ( 0 , 0 , 10 , 10 ) ;"
113,male,3477413402,line 12,56,public static void main ( String [ ] args ) {
113,male,3477641384,line 13,68,"Rectangle rect1 = new Rectangle ( 0 , 0 , 10 , 10 ) ;"
113,male,3477709388,line 13,64,"Rectangle rect1 = new Rectangle ( 0 , 0 , 10 , 10 ) ;"
113,male,3477841397,line 16,92,System.out.println ( rect2.area ( ) ) ;
113,male,3477921381,line 16,76,System.out.println ( rect2.area ( ) ) ;
113,male,3478289223,line 14,96,System.out.println ( rect1.area ( ) ) ;
113,male,3478845284,line 14,148,System.out.println ( rect1.area ( ) ) ;
113,male,3479113248,line 15,84,"Rectangle rect2 = new Rectangle ( 5 , 5 , 10 , 10 ) ;"
113,male,3479189248,line 15,72,"Rectangle rect2 = new Rectangle ( 5 , 5 , 10 , 10 ) ;"
113,male,3479293239,line 14,60,System.out.println ( rect1.area ( ) ) ;
113,male,3479397218,line 15,100,"Rectangle rect2 = new Rectangle ( 5 , 5 , 10 , 10 ) ;"
113,male,3479597221,line 14,140,System.out.println ( rect1.area ( ) ) ;
113,male,3480112976,line 15,112,"Rectangle rect2 = new Rectangle ( 5 , 5 , 10 , 10 ) ;"
113,male,3480269102,line 15,88,"Rectangle rect2 = new Rectangle ( 5 , 5 , 10 , 10 ) ;"
113,male,3480349138,line 14,76,System.out.println ( rect1.area ( ) ) ;
113,male,3480981126,line 14,120,System.out.println ( rect1.area ( ) ) ;
113,male,3481045113,line 14,60,System.out.println ( rect1.area ( ) ) ;
113,male,3481401103,line 14,160,System.out.println ( rect1.area ( ) ) ;
113,male,3482629018,line 11,96,public double area ( ) { return this.width ( ) * this.height ( ) ; }
113,male,3482689026,line 11,56,public double area ( ) { return this.width ( ) * this.height ( ) ; }
113,male,3482817002,line 11,124,public double area ( ) { return this.width ( ) * this.height ( ) ; }
113,male,3482940979,line 11,108,public double area ( ) { return this.width ( ) * this.height ( ) ; }
113,male,3483628871,line 13,136,"Rectangle rect1 = new Rectangle ( 0 , 0 , 10 , 10 ) ;"
113,male,3483736767,line 13,104,"Rectangle rect1 = new Rectangle ( 0 , 0 , 10 , 10 ) ;"
113,male,3483868813,line 12,104,public static void main ( String [ ] args ) {
113,male,3484068858,line 13,100,"Rectangle rect1 = new Rectangle ( 0 , 0 , 10 , 10 ) ;"
113,male,3484148857,line 13,76,"Rectangle rect1 = new Rectangle ( 0 , 0 , 10 , 10 ) ;"
113,male,3485964741,line 2,124,"private int x1 , y1 , x2 , y2 ;"
113,male,3486068772,line 2,68,"private int x1 , y1 , x2 , y2 ;"
113,male,3486380696,line 3,92,"public Rectangle ( int x1 , int y1 , int x2 , int y2 ) {"
113,male,3486668692,line 1,92,public class Rectangle {
113,male,3486860726,line 1,64,public class Rectangle {
113,male,3487012749,line 2,92,"private int x1 , y1 , x2 , y2 ;"
113,male,3487628615,line 2,56,"private int x1 , y1 , x2 , y2 ;"
113,male,3487952584,line 2,56,"private int x1 , y1 , x2 , y2 ;"
113,male,3489324526,line 13,132,"Rectangle rect1 = new Rectangle ( 0 , 0 , 10 , 10 ) ;"
113,male,3489604423,line 15,72,"Rectangle rect2 = new Rectangle ( 5 , 5 , 10 , 10 ) ;"
113,male,3489668451,line 15,60,"Rectangle rect2 = new Rectangle ( 5 , 5 , 10 , 10 ) ;"
113,male,3489972440,line 15,60,"Rectangle rect2 = new Rectangle ( 5 , 5 , 10 , 10 ) ;"
113,male,3491084476,line 16,64,System.out.println ( rect2.area ( ) ) ;
113,male,3491292147,line 16,204,System.out.println ( rect2.area ( ) ) ;
113,male,3491364194,line 16,68,System.out.println ( rect2.area ( ) ) ;
113,male,3491696317,line 16,120,System.out.println ( rect2.area ( ) ) ;
113,male,3491792300,line 16,92,System.out.println ( rect2.area ( ) ) ;
113,male,3492060354,line 16,172,System.out.println ( rect2.area ( ) ) ;
113,male,3492192354,line 16,96,System.out.println ( rect2.area ( ) ) ;
113,male,3492356337,line 16,160,System.out.println ( rect2.area ( ) ) ;
113,male,3492516342,line 16,64,System.out.println ( rect2.area ( ) ) ;
113,male,3492576340,line 16,56,System.out.println ( rect2.area ( ) ) ;
113,male,3492636338,line 16,56,System.out.println ( rect2.area ( ) ) ;
113,male,3494300199,line 16,56,System.out.println ( rect2.area ( ) ) ;
113,male,3495096067,line 15,124,"Rectangle rect2 = new Rectangle ( 5 , 5 , 10 , 10 ) ;"
113,male,3495384080,line 15,60,"Rectangle rect2 = new Rectangle ( 5 , 5 , 10 , 10 ) ;"
113,male,3495516097,line 15,128,"Rectangle rect2 = new Rectangle ( 5 , 5 , 10 , 10 ) ;"
113,male,3496000108,line 15,60,"Rectangle rect2 = new Rectangle ( 5 , 5 , 10 , 10 ) ;"
113,male,3496148082,line 15,144,"Rectangle rect2 = new Rectangle ( 5 , 5 , 10 , 10 ) ;"
113,male,3496272090,line 15,120,"Rectangle rect2 = new Rectangle ( 5 , 5 , 10 , 10 ) ;"
113,male,3497679883,line 2,64,"private int x1 , y1 , x2 , y2 ;"
113,male,3497743889,line 2,60,"private int x1 , y1 , x2 , y2 ;"
113,male,3497803891,line 1,56,public class Rectangle {
113,male,3498227934,line 2,72,"private int x1 , y1 , x2 , y2 ;"
113,male,3499243912,line 2,80,"private int x1 , y1 , x2 , y2 ;"
113,male,3501879665,line 12,56,public static void main ( String [ ] args ) {
113,male,3502311667,line 12,248,public static void main ( String [ ] args ) {
113,male,3502371663,line 12,56,public static void main ( String [ ] args ) {
113,male,3502439658,line 12,64,public static void main ( String [ ] args ) {
113,male,3502539629,line 12,96,public static void main ( String [ ] args ) {
113,male,3502615581,line 12,72,public static void main ( String [ ] args ) {
113,male,3502699529,line 12,80,public static void main ( String [ ] args ) {
113,male,3502855546,line 13,104,"Rectangle rect1 = new Rectangle ( 0 , 0 , 10 , 10 ) ;"
113,male,3503131555,line 12,84,public static void main ( String [ ] args ) {
113,male,3503475522,line 3,68,"public Rectangle ( int x1 , int y1 , int x2 , int y2 ) {"
113,male,3503667539,line 2,72,"private int x1 , y1 , x2 , y2 ;"
113,male,3503787523,line 2,116,"private int x1 , y1 , x2 , y2 ;"
113,male,3503947500,line 2,112,"private int x1 , y1 , x2 , y2 ;"
113,male,3504067545,line 2,116,"private int x1 , y1 , x2 , y2 ;"
113,male,3504415402,line 1,68,public class Rectangle {
113,male,3505955405,line 2,72,"private int x1 , y1 , x2 , y2 ;"
113,male,3506703264,line 12,132,public static void main ( String [ ] args ) {
113,male,3506907274,line 13,72,"Rectangle rect1 = new Rectangle ( 0 , 0 , 10 , 10 ) ;"
113,male,3507023277,line 13,112,"Rectangle rect1 = new Rectangle ( 0 , 0 , 10 , 10 ) ;"
113,male,3507123269,line 13,96,"Rectangle rect1 = new Rectangle ( 0 , 0 , 10 , 10 ) ;"
113,male,3507251251,line 13,68,"Rectangle rect1 = new Rectangle ( 0 , 0 , 10 , 10 ) ;"
113,male,3507419251,line 13,164,"Rectangle rect1 = new Rectangle ( 0 , 0 , 10 , 10 ) ;"
113,male,3507663296,line 13,88,"Rectangle rect1 = new Rectangle ( 0 , 0 , 10 , 10 ) ;"
113,male,3507875323,line 15,68,"Rectangle rect2 = new Rectangle ( 5 , 5 , 10 , 10 ) ;"
113,male,3507939336,line 15,60,"Rectangle rect2 = new Rectangle ( 5 , 5 , 10 , 10 ) ;"
113,male,3508391082,line 12,100,public static void main ( String [ ] args ) {
113,male,3508523128,line 12,128,public static void main ( String [ ] args ) {
113,male,3508583124,line 12,56,public static void main ( String [ ] args ) {
113,male,3508687136,line 11,100,public double area ( ) { return this.width ( ) * this.height ( ) ; }
113,male,3508807166,line 11,116,public double area ( ) { return this.width ( ) * this.height ( ) ; }
113,male,3509275175,line 5,144,this.y1 = y1 ;
113,male,3509583173,line 1,104,public class Rectangle {
118,male,7527583110,line 2,124,"private int x1 , y1 , x2 , y2 ;"
118,male,7527743077,line 2,156,"private int x1 , y1 , x2 , y2 ;"
118,male,7527855081,line 2,104,"private int x1 , y1 , x2 , y2 ;"
118,male,7528206922,line 1,328,public class Rectangle {
118,male,7528474809,line 2,224,"private int x1 , y1 , x2 , y2 ;"
118,male,7528590884,line 2,112,"private int x1 , y1 , x2 , y2 ;"
118,male,7528662926,line 2,68,"private int x1 , y1 , x2 , y2 ;"
118,male,7529222944,line 5,156,this.y1 = y1 ;
118,male,7529514909,line 5,100,this.y1 = y1 ;
118,male,7529954889,line 7,188,this.y2 = y2 ;
118,male,7530154723,line 7,136,this.y2 = y2 ;
118,male,7530306634,line 7,148,this.y2 = y2 ;
118,male,7530434748,line 7,80,this.y2 = y2 ;
118,male,7530754836,line 5,184,this.y1 = y1 ;
118,male,7530938814,line 5,180,this.y1 = y1 ;
118,male,7531066787,line 5,96,this.y1 = y1 ;
118,male,7531230767,line 5,160,this.y1 = y1 ;
118,male,7531354773,line 5,120,this.y1 = y1 ;
118,male,7531426780,line 5,68,this.y1 = y1 ;
118,male,7531542789,line 5,112,this.y1 = y1 ;
118,male,7531650790,line 5,104,this.y1 = y1 ;
118,male,7532094638,line 9,72,public int width ( ) { return this.x2 - this.x1 ; }
118,male,7532170666,line 9,72,public int width ( ) { return this.x2 - this.x1 ; }
118,male,7532330704,line 10,112,public int height ( ) { return this.y2 - this.y1 ; }
118,male,7532422698,line 10,88,public int height ( ) { return this.y2 - this.y1 ; }
118,male,7532542692,line 9,72,public int width ( ) { return this.x2 - this.x1 ; }
118,male,7532614691,line 10,68,public int height ( ) { return this.y2 - this.y1 ; }
118,male,7532970631,line 9,164,public int width ( ) { return this.x2 - this.x1 ; }
118,male,7533074654,line 9,84,public int width ( ) { return this.x2 - this.x1 ; }
118,male,7533178635,line 9,100,public int width ( ) { return this.x2 - this.x1 ; }
118,male,7533306598,line 9,124,public int width ( ) { return this.x2 - this.x1 ; }
118,male,7533478657,line 9,164,public int width ( ) { return this.x2 - this.x1 ; }
118,male,7534158541,line 11,120,public double area ( ) { return this.width ( ) * this.height ( ) ; }
118,male,7534222517,line 11,56,public double area ( ) { return this.width ( ) * this.height ( ) ; }
118,male,7534446434,line 10,68,public int height ( ) { return this.y2 - this.y1 ; }
118,male,7534582427,line 10,132,public int height ( ) { return this.y2 - this.y1 ; }
118,male,7534734451,line 10,108,public int height ( ) { return this.y2 - this.y1 ; }
118,male,7536398399,line 11,92,public double area ( ) { return this.width ( ) * this.height ( ) ; }
118,male,7536598448,line 11,108,public double area ( ) { return this.width ( ) * this.height ( ) ; }
118,male,7536794477,line 10,148,public int height ( ) { return this.y2 - this.y1 ; }
118,male,7537202425,line 9,68,public int width ( ) { return this.x2 - this.x1 ; }
118,male,7537350442,line 9,144,public int width ( ) { return this.x2 - this.x1 ; }
118,male,7537554432,line 10,144,public int height ( ) { return this.y2 - this.y1 ; }
118,male,7537774218,line 10,64,public int height ( ) { return this.y2 - this.y1 ; }
118,male,7537930209,line 10,96,public int height ( ) { return this.y2 - this.y1 ; }
118,male,7538462248,line 12,132,public static void main ( String [ ] args ) {
118,male,7538674232,line 13,164,"Rectangle rect1 = new Rectangle ( 0 , 0 , 10 , 10 ) ;"
118,male,7539370289,line 14,72,System.out.println ( rect1.area ( ) ) ;
118,male,7539514204,line 14,84,System.out.println ( rect1.area ( ) ) ;
118,male,7539794032,line 14,132,System.out.println ( rect1.area ( ) ) ;
118,male,7540222219,line 14,92,System.out.println ( rect1.area ( ) ) ;
118,male,7540294208,line 14,68,System.out.println ( rect1.area ( ) ) ;
118,male,7540434131,line 14,136,System.out.println ( rect1.area ( ) ) ;
118,male,7540614111,line 14,140,System.out.println ( rect1.area ( ) ) ;
118,male,7540782124,line 14,164,System.out.println ( rect1.area ( ) ) ;
118,male,7540902128,line 9,88,public int width ( ) { return this.x2 - this.x1 ; }
118,male,7541030112,line 9,124,public int width ( ) { return this.x2 - this.x1 ; }
118,male,7541226075,line 3,56,"public Rectangle ( int x1 , int y1 , int x2 , int y2 ) {"
118,male,7541386048,line 3,116,"public Rectangle ( int x1 , int y1 , int x2 , int y2 ) {"
118,male,7541474028,line 3,76,"public Rectangle ( int x1 , int y1 , int x2 , int y2 ) {"
118,male,7541582020,line 3,104,"public Rectangle ( int x1 , int y1 , int x2 , int y2 ) {"
118,male,7541654022,line 3,68,"public Rectangle ( int x1 , int y1 , int x2 , int y2 ) {"
118,male,7541858021,line 3,144,"public Rectangle ( int x1 , int y1 , int x2 , int y2 ) {"
118,male,7542042043,line 3,56,"public Rectangle ( int x1 , int y1 , int x2 , int y2 ) {"
118,male,7542158029,line 3,112,"public Rectangle ( int x1 , int y1 , int x2 , int y2 ) {"
118,male,7542537976,line 3,108,"public Rectangle ( int x1 , int y1 , int x2 , int y2 ) {"
118,male,7542718007,line 4,136,this.x1 = x1 ;
118,male,7542922048,line 12,104,public static void main ( String [ ] args ) {
118,male,7543010025,line 12,84,public static void main ( String [ ] args ) {
118,male,7543138004,line 14,92,System.out.println ( rect1.area ( ) ) ;
118,male,7543242002,line 14,100,System.out.println ( rect1.area ( ) ) ;
118,male,7543541870,line 3,60,"public Rectangle ( int x1 , int y1 , int x2 , int y2 ) {"
118,male,7543605854,line 3,60,"public Rectangle ( int x1 , int y1 , int x2 , int y2 ) {"
118,male,7543733836,line 3,124,"public Rectangle ( int x1 , int y1 , int x2 , int y2 ) {"
118,male,7543913879,line 2,136,"private int x1 , y1 , x2 , y2 ;"
118,male,7544041836,line 3,96,"public Rectangle ( int x1 , int y1 , int x2 , int y2 ) {"
118,male,7544405782,line 3,96,"public Rectangle ( int x1 , int y1 , int x2 , int y2 ) {"
118,male,7544685898,line 3,60,"public Rectangle ( int x1 , int y1 , int x2 , int y2 ) {"
118,male,7544809893,line 3,120,"public Rectangle ( int x1 , int y1 , int x2 , int y2 ) {"
118,male,7544913859,line 3,56,"public Rectangle ( int x1 , int y1 , int x2 , int y2 ) {"
118,male,7545185774,line 3,268,"public Rectangle ( int x1 , int y1 , int x2 , int y2 ) {"
118,male,7545481677,line 3,292,"public Rectangle ( int x1 , int y1 , int x2 , int y2 ) {"
118,male,7545817702,line 3,332,"public Rectangle ( int x1 , int y1 , int x2 , int y2 ) {"
118,male,7546057658,line 3,168,"public Rectangle ( int x1 , int y1 , int x2 , int y2 ) {"
118,male,7546121677,line 3,60,"public Rectangle ( int x1 , int y1 , int x2 , int y2 ) {"
118,male,7546317740,line 3,132,"public Rectangle ( int x1 , int y1 , int x2 , int y2 ) {"
118,male,7546545731,line 4,192,this.x1 = x1 ;
118,male,7546685726,line 2,64,"private int x1 , y1 , x2 , y2 ;"
118,male,7546805739,line 2,96,"private int x1 , y1 , x2 , y2 ;"
118,male,7547025698,line 2,188,"private int x1 , y1 , x2 , y2 ;"
118,male,7547285509,line 3,100,"public Rectangle ( int x1 , int y1 , int x2 , int y2 ) {"
118,male,7547637556,line 3,188,"public Rectangle ( int x1 , int y1 , int x2 , int y2 ) {"
118,male,7547953571,line 3,120,"public Rectangle ( int x1 , int y1 , int x2 , int y2 ) {"
118,male,7548305615,line 3,348,"public Rectangle ( int x1 , int y1 , int x2 , int y2 ) {"
118,male,7548485620,line 3,140,"public Rectangle ( int x1 , int y1 , int x2 , int y2 ) {"
118,male,7548721600,line 3,204,"public Rectangle ( int x1 , int y1 , int x2 , int y2 ) {"
118,male,7548909552,line 9,116,public int width ( ) { return this.x2 - this.x1 ; }
118,male,7549173402,line 10,224,public int height ( ) { return this.y2 - this.y1 ; }
118,male,7549353412,line 10,140,public int height ( ) { return this.y2 - this.y1 ; }
118,male,7549845503,line 14,224,System.out.println ( rect1.area ( ) ) ;
118,male,7550097507,line 15,180,"Rectangle rect2 = new Rectangle ( 5 , 5 , 10 , 10 ) ;"
118,male,7550573427,line 15,116,"Rectangle rect2 = new Rectangle ( 5 , 5 , 10 , 10 ) ;"
118,male,7550785506,line 15,196,"Rectangle rect2 = new Rectangle ( 5 , 5 , 10 , 10 ) ;"
118,male,7550949466,line 15,140,"Rectangle rect2 = new Rectangle ( 5 , 5 , 10 , 10 ) ;"
118,male,7551009415,line 15,56,"Rectangle rect2 = new Rectangle ( 5 , 5 , 10 , 10 ) ;"
118,male,7551165328,line 15,152,"Rectangle rect2 = new Rectangle ( 5 , 5 , 10 , 10 ) ;"
118,male,7551293314,line 15,96,"Rectangle rect2 = new Rectangle ( 5 , 5 , 10 , 10 ) ;"
118,male,7551489365,line 15,192,"Rectangle rect2 = new Rectangle ( 5 , 5 , 10 , 10 ) ;"
118,male,7552065428,line 16,172,System.out.println ( rect2.area ( ) ) ;
118,male,7552433305,line 14,120,System.out.println ( rect1.area ( ) ) ;
118,male,7552537305,line 14,100,System.out.println ( rect1.area ( ) ) ;
118,male,7552997229,line 13,116,"Rectangle rect1 = new Rectangle ( 0 , 0 , 10 , 10 ) ;"
118,male,7553153286,line 6,60,this.x2 = x2 ;
118,male,7553785278,line 4,128,this.x1 = x1 ;
118,male,7553917220,line 5,68,this.y1 = y1 ;
118,male,7553993218,line 5,72,this.y1 = y1 ;
118,male,7554069214,line 5,72,this.y1 = y1 ;
118,male,7554169208,line 13,72,"Rectangle rect1 = new Rectangle ( 0 , 0 , 10 , 10 ) ;"
118,male,7554293203,line 13,120,"Rectangle rect1 = new Rectangle ( 0 , 0 , 10 , 10 ) ;"
118,male,7554389202,line 13,76,"Rectangle rect1 = new Rectangle ( 0 , 0 , 10 , 10 ) ;"
118,male,7554724944,line 5,100,this.y1 = y1 ;
118,male,7554841034,line 5,112,this.y1 = y1 ;
118,male,7555001106,line 6,120,this.x2 = x2 ;
118,male,7555393122,line 10,72,public int height ( ) { return this.y2 - this.y1 ; }
118,male,7555557078,line 10,160,public int height ( ) { return this.y2 - this.y1 ; }
118,male,7555809066,line 10,208,public int height ( ) { return this.y2 - this.y1 ; }
118,male,7556073072,line 10,196,public int height ( ) { return this.y2 - this.y1 ; }
118,male,7556297082,line 10,212,public int height ( ) { return this.y2 - this.y1 ; }
118,male,7556508910,line 10,168,public int height ( ) { return this.y2 - this.y1 ; }
118,male,7556648831,line 10,120,public int height ( ) { return this.y2 - this.y1 ; }
118,male,7556868940,line 10,216,public int height ( ) { return this.y2 - this.y1 ; }
118,male,7557048954,line 11,156,public double area ( ) { return this.width ( ) * this.height ( ) ; }
118,male,7557136958,line 12,72,public static void main ( String [ ] args ) {
118,male,7557204960,line 12,64,public static void main ( String [ ] args ) {
118,male,7557624905,line 13,56,"Rectangle rect1 = new Rectangle ( 0 , 0 , 10 , 10 ) ;"
118,male,7558080987,line 13,88,"Rectangle rect1 = new Rectangle ( 0 , 0 , 10 , 10 ) ;"
118,male,7558360911,line 5,184,this.y1 = y1 ;
118,male,7558524845,line 5,160,this.y1 = y1 ;
118,male,7558644840,line 5,116,this.y1 = y1 ;
118,male,7558864833,line 9,84,public int width ( ) { return this.x2 - this.x1 ; }
118,male,7558984805,line 10,68,public int height ( ) { return this.y2 - this.y1 ; }
118,male,7559152798,line 9,84,public int width ( ) { return this.x2 - this.x1 ; }
118,male,7559296815,line 9,68,public int width ( ) { return this.x2 - this.x1 ; }
118,male,7559656791,line 5,216,this.y1 = y1 ;
118,male,7559724804,line 5,64,this.y1 = y1 ;
118,male,7559792820,line 5,64,this.y1 = y1 ;
118,male,7560060820,line 13,140,"Rectangle rect1 = new Rectangle ( 0 , 0 , 10 , 10 ) ;"
118,male,7560520604,line 4,104,this.x1 = x1 ;
118,male,7560736582,line 4,68,this.x1 = x1 ;
118,male,7560920681,line 4,180,this.x1 = x1 ;
118,male,7561188646,line 4,264,this.x1 = x1 ;
118,male,7561876656,line 10,72,public int height ( ) { return this.y2 - this.y1 ; }
118,male,7561944635,line 13,56,"Rectangle rect1 = new Rectangle ( 0 , 0 , 10 , 10 ) ;"
118,male,7562180476,line 13,232,"Rectangle rect1 = new Rectangle ( 0 , 0 , 10 , 10 ) ;"
118,male,7562760591,line 14,196,System.out.println ( rect1.area ( ) ) ;
118,male,7562920549,line 14,88,System.out.println ( rect1.area ( ) ) ;
118,male,7563276516,line 11,56,public double area ( ) { return this.width ( ) * this.height ( ) ; }
118,male,7563524542,line 3,200,"public Rectangle ( int x1 , int y1 , int x2 , int y2 ) {"
118,male,7563748577,line 4,176,this.x1 = x1 ;
118,male,7564300441,line 5,84,this.y1 = y1 ;
118,male,7564436466,line 5,132,this.y1 = y1 ;
118,male,7564624464,line 5,104,this.y1 = y1 ;
118,male,7564840436,line 5,84,this.y1 = y1 ;
118,male,7565300378,line 6,116,this.x2 = x2 ;
118,male,7565448379,line 6,100,this.x2 = x2 ;
118,male,7565700381,line 10,168,public int height ( ) { return this.y2 - this.y1 ; }
118,male,7565872396,line 11,148,public double area ( ) { return this.width ( ) * this.height ( ) ; }
118,male,7565992357,line 13,96,"Rectangle rect1 = new Rectangle ( 0 , 0 , 10 , 10 ) ;"
118,male,7567364257,line 13,440,"Rectangle rect1 = new Rectangle ( 0 , 0 , 10 , 10 ) ;"
118,male,7568164158,line 13,136,"Rectangle rect1 = new Rectangle ( 0 , 0 , 10 , 10 ) ;"
118,male,7568732162,line 13,200,"Rectangle rect1 = new Rectangle ( 0 , 0 , 10 , 10 ) ;"
118,male,7568916187,line 5,72,this.y1 = y1 ;
118,male,7569212212,line 5,292,this.y1 = y1 ;
118,male,7569324233,line 10,68,public int height ( ) { return this.y2 - this.y1 ; }
118,male,7569408228,line 10,80,public int height ( ) { return this.y2 - this.y1 ; }
118,male,7569704131,line 10,272,public int height ( ) { return this.y2 - this.y1 ; }
118,male,7569835923,line 10,128,public int height ( ) { return this.y2 - this.y1 ; }
118,male,7570132067,line 10,60,public int height ( ) { return this.y2 - this.y1 ; }
118,male,7570439994,line 10,84,public int height ( ) { return this.y2 - this.y1 ; }
118,male,7570628035,line 10,184,public int height ( ) { return this.y2 - this.y1 ; }
118,male,7570724049,line 11,72,public double area ( ) { return this.width ( ) * this.height ( ) ; }
118,male,7570824047,line 11,96,public double area ( ) { return this.width ( ) * this.height ( ) ; }
118,male,7571100044,line 11,160,public double area ( ) { return this.width ( ) * this.height ( ) ; }
118,male,7571444057,line 11,100,public double area ( ) { return this.width ( ) * this.height ( ) ; }
118,male,7571512058,line 11,60,public double area ( ) { return this.width ( ) * this.height ( ) ; }
118,male,7571907811,line 10,104,public int height ( ) { return this.y2 - this.y1 ; }
118,male,7572079846,line 10,128,public int height ( ) { return this.y2 - this.y1 ; }
118,male,7572139851,line 10,56,public int height ( ) { return this.y2 - this.y1 ; }
118,male,7572595954,line 11,60,public double area ( ) { return this.width ( ) * this.height ( ) ; }
118,male,7573663619,line 12,68,public static void main ( String [ ] args ) {
118,male,7573833685,line 12,164,public static void main ( String [ ] args ) {
118,male,7574019754,line 12,124,public static void main ( String [ ] args ) {
118,male,7574355763,line 12,312,public static void main ( String [ ] args ) {
118,male,7574551775,line 12,192,public static void main ( String [ ] args ) {
118,male,7575087756,line 11,160,public double area ( ) { return this.width ( ) * this.height ( ) ; }
118,male,7575455612,line 11,340,public double area ( ) { return this.width ( ) * this.height ( ) ; }
118,male,7575995632,line 11,196,public double area ( ) { return this.width ( ) * this.height ( ) ; }
118,male,7576075625,line 11,76,public double area ( ) { return this.width ( ) * this.height ( ) ; }
118,male,7576451616,line 12,80,public static void main ( String [ ] args ) {
118,male,7576631647,line 11,88,public double area ( ) { return this.width ( ) * this.height ( ) ; }
118,male,7576759657,line 11,124,public double area ( ) { return this.width ( ) * this.height ( ) ; }
118,male,7577271535,line 11,188,public double area ( ) { return this.width ( ) * this.height ( ) ; }
118,male,7577375499,line 11,100,public double area ( ) { return this.width ( ) * this.height ( ) ; }
118,male,7577655476,line 11,204,public double area ( ) { return this.width ( ) * this.height ( ) ; }
118,male,7577855441,line 11,196,public double area ( ) { return this.width ( ) * this.height ( ) ; }
118,male,7578051487,line 10,152,public int height ( ) { return this.y2 - this.y1 ; }
118,male,7578487534,line 15,112,"Rectangle rect2 = new Rectangle ( 5 , 5 , 10 , 10 ) ;"
118,male,7578659558,line 15,84,"Rectangle rect2 = new Rectangle ( 5 , 5 , 10 , 10 ) ;"
118,male,7579207381,line 15,320,"Rectangle rect2 = new Rectangle ( 5 , 5 , 10 , 10 ) ;"
118,male,7579335371,line 15,124,"Rectangle rect2 = new Rectangle ( 5 , 5 , 10 , 10 ) ;"
118,male,7579519380,line 16,104,System.out.println ( rect2.area ( ) ) ;
118,male,7579979366,line 15,184,"Rectangle rect2 = new Rectangle ( 5 , 5 , 10 , 10 ) ;"
118,male,7580643409,line 15,328,"Rectangle rect2 = new Rectangle ( 5 , 5 , 10 , 10 ) ;"
118,male,7580755413,line 4,68,this.x1 = x1 ;
118,male,7580979266,line 10,92,public int height ( ) { return this.y2 - this.y1 ; }
118,male,7581159043,line 10,176,public int height ( ) { return this.y2 - this.y1 ; }
118,male,7581455239,line 10,252,public int height ( ) { return this.y2 - this.y1 ; }
118,male,7581539232,line 10,80,public int height ( ) { return this.y2 - this.y1 ; }
118,male,7582375264,line 10,316,public int height ( ) { return this.y2 - this.y1 ; }
118,male,7582691272,line 10,252,public int height ( ) { return this.y2 - this.y1 ; }
118,male,7583035025,line 12,292,public static void main ( String [ ] args ) {
118,male,7583319113,line 16,240,System.out.println ( rect2.area ( ) ) ;
118,male,7583499141,line 16,168,System.out.println ( rect2.area ( ) ) ;
118,male,7584167130,line 5,288,this.y1 = y1 ;
118,male,7584487057,line 2,284,"private int x1 , y1 , x2 , y2 ;"
118,male,7584982942,line 2,132,"private int x1 , y1 , x2 , y2 ;"
118,male,7585070962,line 3,60,"public Rectangle ( int x1 , int y1 , int x2 , int y2 ) {"
118,male,7585523029,line 2,60,"private int x1 , y1 , x2 , y2 ;"
118,male,7585643037,line 3,64,"public Rectangle ( int x1 , int y1 , int x2 , int y2 ) {"
118,male,7585855009,line 1,180,public class Rectangle {
118,male,7585998989,line 1,128,public class Rectangle {
118,male,7586086985,line 1,84,public class Rectangle {
118,male,7586182986,line 1,64,public class Rectangle {
118,male,7586274983,line 1,88,public class Rectangle {
118,male,7586494966,line 11,76,public double area ( ) { return this.width ( ) * this.height ( ) ; }
118,male,7586566961,line 11,68,public double area ( ) { return this.width ( ) * this.height ( ) ; }
118,male,7586978912,line 2,148,"private int x1 , y1 , x2 , y2 ;"
118,male,7587182793,line 3,88,"public Rectangle ( int x1 , int y1 , int x2 , int y2 ) {"
118,male,7587382649,line 3,84,"public Rectangle ( int x1 , int y1 , int x2 , int y2 ) {"
118,male,7587890756,line 6,68,this.x2 = x2 ;
118,male,7587986765,line 6,92,this.x2 = x2 ;
118,male,7588478831,line 11,420,public double area ( ) { return this.width ( ) * this.height ( ) ; }
118,male,7588694588,line 4,184,this.x1 = x1 ;
118,male,7589150730,line 1,164,public class Rectangle {
119,male,22555958035,line 1,72,public class Rectangle {
119,male,22556250189,line 1,68,public class Rectangle {
119,male,22556386238,line 1,60,public class Rectangle {
119,male,22556838087,line 2,76,"private int x1 , y1 , x2 , y2 ;"
119,male,22557690123,line 2,88,"private int x1 , y1 , x2 , y2 ;"
119,male,22558037997,line 2,72,"private int x1 , y1 , x2 , y2 ;"
119,male,22558466017,line 3,56,"public Rectangle ( int x1 , int y1 , int x2 , int y2 ) {"
119,male,22558526037,line 3,56,"public Rectangle ( int x1 , int y1 , int x2 , int y2 ) {"
119,male,22561529872,line 9,56,public int width ( ) { return this.x2 - this.x1 ; }
119,male,22562953664,line 10,64,public int height ( ) { return this.y2 - this.y1 ; }
119,male,22567605345,line 1,60,public class Rectangle {
119,male,22568709082,line 2,72,"private int x1 , y1 , x2 , y2 ;"
119,male,22569341211,line 2,80,"private int x1 , y1 , x2 , y2 ;"
119,male,22569529151,line 3,72,"public Rectangle ( int x1 , int y1 , int x2 , int y2 ) {"
119,male,22569605127,line 3,72,"public Rectangle ( int x1 , int y1 , int x2 , int y2 ) {"
119,male,22569769072,line 4,88,this.x1 = x1 ;
119,male,22570040905,line 3,72,"public Rectangle ( int x1 , int y1 , int x2 , int y2 ) {"
119,male,22570128930,line 3,60,"public Rectangle ( int x1 , int y1 , int x2 , int y2 ) {"
119,male,22570244963,line 3,56,"public Rectangle ( int x1 , int y1 , int x2 , int y2 ) {"
119,male,22570820956,line 3,60,"public Rectangle ( int x1 , int y1 , int x2 , int y2 ) {"
119,male,22571612768,line 4,88,this.x1 = x1 ;
119,male,22572840569,line 7,60,this.y2 = y2 ;
119,male,22574916573,line 9,96,public int width ( ) { return this.x2 - this.x1 ; }
119,male,22575100636,line 9,56,public int width ( ) { return this.x2 - this.x1 ; }
119,male,22575472599,line 9,64,public int width ( ) { return this.x2 - this.x1 ; }
120,male,9950577368,line 1,64,public class Rectangle {
120,male,9950637363,line 1,56,public class Rectangle {
120,male,9950725372,line 1,84,public class Rectangle {
120,male,9950801365,line 1,72,public class Rectangle {
120,male,9950917337,line 1,112,public class Rectangle {
120,male,9951149310,line 13,88,"Rectangle rect1 = new Rectangle ( 0 , 0 , 10 , 10 ) ;"
120,male,9951261308,line 13,108,"Rectangle rect1 = new Rectangle ( 0 , 0 , 10 , 10 ) ;"
120,male,9951405175,line 2,80,"private int x1 , y1 , x2 , y2 ;"
120,male,9951545096,line 3,132,"public Rectangle ( int x1 , int y1 , int x2 , int y2 ) {"
120,male,9951677180,line 3,128,"public Rectangle ( int x1 , int y1 , int x2 , int y2 ) {"
120,male,9951913144,line 2,184,"private int x1 , y1 , x2 , y2 ;"
120,male,9951989155,line 1,72,public class Rectangle {
120,male,9952069168,line 1,76,public class Rectangle {
120,male,9952169175,line 1,96,public class Rectangle {
120,male,9952533164,line 1,360,public class Rectangle {
120,male,9952741192,line 2,116,"private int x1 , y1 , x2 , y2 ;"
120,male,9952889156,line 2,144,"private int x1 , y1 , x2 , y2 ;"
120,male,9952997064,line 2,104,"private int x1 , y1 , x2 , y2 ;"
120,male,9953065025,line 2,64,"private int x1 , y1 , x2 , y2 ;"
120,male,9953156989,line 2,88,"private int x1 , y1 , x2 , y2 ;"
120,male,9953373073,line 1,104,public class Rectangle {
120,male,9953689042,line 2,252,"private int x1 , y1 , x2 , y2 ;"
120,male,9953821048,line 1,80,public class Rectangle {
120,male,9953945074,line 2,120,"private int x1 , y1 , x2 , y2 ;"
120,male,9954189096,line 2,188,"private int x1 , y1 , x2 , y2 ;"
120,male,9954401005,line 1,180,public class Rectangle {
120,male,9954560747,line 2,128,"private int x1 , y1 , x2 , y2 ;"
120,male,9954896830,line 2,284,"private int x1 , y1 , x2 , y2 ;"
120,male,9955216871,line 1,120,public class Rectangle {
120,male,9955352922,line 1,132,public class Rectangle {
120,male,9955456901,line 1,84,public class Rectangle {
120,male,9955676899,line 1,216,public class Rectangle {
120,male,9955840920,line 1,112,public class Rectangle {
120,male,9957112805,line 2,76,"private int x1 , y1 , x2 , y2 ;"
120,male,9957228898,line 1,64,public class Rectangle {
120,male,9957369101,line 2,136,"private int x1 , y1 , x2 , y2 ;"
120,male,9957528889,line 2,92,"private int x1 , y1 , x2 , y2 ;"
120,male,9957844702,line 2,212,"private int x1 , y1 , x2 , y2 ;"
120,male,9958108657,line 2,108,"private int x1 , y1 , x2 , y2 ;"
120,male,9958380669,line 2,96,"private int x1 , y1 , x2 , y2 ;"
120,male,9958584701,line 2,64,"private int x1 , y1 , x2 , y2 ;"
120,male,9958780701,line 2,164,"private int x1 , y1 , x2 , y2 ;"
120,male,9959092537,line 2,68,"private int x1 , y1 , x2 , y2 ;"
120,male,9959196432,line 2,56,"private int x1 , y1 , x2 , y2 ;"
120,male,9959492518,line 2,236,"private int x1 , y1 , x2 , y2 ;"
120,male,9959664577,line 2,168,"private int x1 , y1 , x2 , y2 ;"
120,male,9959764875,line 2,96,"private int x1 , y1 , x2 , y2 ;"
120,male,9960060960,line 2,216,"private int x1 , y1 , x2 , y2 ;"
120,male,9960148839,line 2,68,"private int x1 , y1 , x2 , y2 ;"
120,male,9960252775,line 2,100,"private int x1 , y1 , x2 , y2 ;"
120,male,9960336648,line 2,80,"private int x1 , y1 , x2 , y2 ;"
120,male,9960756444,line 2,172,"private int x1 , y1 , x2 , y2 ;"
120,male,9960828393,line 2,68,"private int x1 , y1 , x2 , y2 ;"
120,male,9961040363,line 2,64,"private int x1 , y1 , x2 , y2 ;"
120,male,9961204368,line 2,136,"private int x1 , y1 , x2 , y2 ;"
120,male,9961272354,line 2,64,"private int x1 , y1 , x2 , y2 ;"
120,male,9961416374,line 3,72,"public Rectangle ( int x1 , int y1 , int x2 , int y2 ) {"
120,male,9961644413,line 3,144,"public Rectangle ( int x1 , int y1 , int x2 , int y2 ) {"
120,male,9961940280,line 2,136,"private int x1 , y1 , x2 , y2 ;"
120,male,9962060333,line 2,56,"private int x1 , y1 , x2 , y2 ;"
120,male,9962144364,line 3,80,"public Rectangle ( int x1 , int y1 , int x2 , int y2 ) {"
120,male,9962224328,line 2,76,"private int x1 , y1 , x2 , y2 ;"
120,male,9962804249,line 4,160,this.x1 = x1 ;
120,male,9962932258,line 4,124,this.x1 = x1 ;
120,male,9963104330,line 3,112,"public Rectangle ( int x1 , int y1 , int x2 , int y2 ) {"
120,male,9963248338,line 3,108,"public Rectangle ( int x1 , int y1 , int x2 , int y2 ) {"
120,male,9963632293,line 3,244,"public Rectangle ( int x1 , int y1 , int x2 , int y2 ) {"
120,male,9963812139,line 4,60,this.x1 = x1 ;
120,male,9963876045,line 3,60,"public Rectangle ( int x1 , int y1 , int x2 , int y2 ) {"
120,male,9964236136,line 4,356,this.x1 = x1 ;
120,male,9964472158,line 4,232,this.x1 = x1 ;
120,male,9964540151,line 4,64,this.x1 = x1 ;
120,male,9964672139,line 4,84,this.x1 = x1 ;
120,male,9964804131,line 4,80,this.x1 = x1 ;
120,male,9964908128,line 4,100,this.x1 = x1 ;
120,male,9965076147,line 4,164,this.x1 = x1 ;
120,male,9965168164,line 4,56,this.x1 = x1 ;
120,male,9965332189,line 4,160,this.x1 = x1 ;
120,male,9965515855,line 4,156,this.x1 = x1 ;
120,male,9965767977,line 3,108,"public Rectangle ( int x1 , int y1 , int x2 , int y2 ) {"
120,male,9966268018,line 3,72,"public Rectangle ( int x1 , int y1 , int x2 , int y2 ) {"
120,male,9966331997,line 4,60,this.x1 = x1 ;
120,male,9966543947,line 4,100,this.x1 = x1 ;
120,male,9966631864,line 4,84,this.x1 = x1 ;
120,male,9966815783,line 5,112,this.y1 = y1 ;
120,male,9966964529,line 5,104,this.y1 = y1 ;
120,male,9967032401,line 5,64,this.y1 = y1 ;
120,male,9967167975,line 5,68,this.y1 = y1 ;
120,male,9967459867,line 6,108,this.x2 = x2 ;
120,male,9967811724,line 9,196,public int width ( ) { return this.x2 - this.x1 ; }
120,male,9968083825,line 9,140,public int width ( ) { return this.x2 - this.x1 ; }
120,male,9968183809,line 9,96,public int width ( ) { return this.x2 - this.x1 ; }
120,male,9968307844,line 9,68,public int width ( ) { return this.x2 - this.x1 ; }
120,male,9968599825,line 9,180,public int width ( ) { return this.x2 - this.x1 ; }
120,male,9968679791,line 9,64,public int width ( ) { return this.x2 - this.x1 ; }
120,male,9968763760,line 9,80,public int width ( ) { return this.x2 - this.x1 ; }
120,male,9969079742,line 9,128,public int width ( ) { return this.x2 - this.x1 ; }
120,male,9969199737,line 9,60,public int width ( ) { return this.x2 - this.x1 ; }
120,male,9969511751,line 9,104,public int width ( ) { return this.x2 - this.x1 ; }
120,male,9969699742,line 9,156,public int width ( ) { return this.x2 - this.x1 ; }
120,male,9969847712,line 9,80,public int width ( ) { return this.x2 - this.x1 ; }
120,male,9970007448,line 9,72,public int width ( ) { return this.x2 - this.x1 ; }
120,male,9970447529,line 9,360,public int width ( ) { return this.x2 - this.x1 ; }
120,male,9970543557,line 9,64,public int width ( ) { return this.x2 - this.x1 ; }
120,male,9970631559,line 9,84,public int width ( ) { return this.x2 - this.x1 ; }
120,male,9970795559,line 9,124,public int width ( ) { return this.x2 - this.x1 ; }
120,male,9970987579,line 9,148,public int width ( ) { return this.x2 - this.x1 ; }
120,male,9971183678,line 9,116,public int width ( ) { return this.x2 - this.x1 ; }
120,male,9971379656,line 9,92,public int width ( ) { return this.x2 - this.x1 ; }
120,male,9971471597,line 9,88,public int width ( ) { return this.x2 - this.x1 ; }
120,male,9971667514,line 10,120,public int height ( ) { return this.y2 - this.y1 ; }
120,male,9971791475,line 10,120,public int height ( ) { return this.y2 - this.y1 ; }
120,male,9971987483,line 12,120,public static void main ( String [ ] args ) {
120,male,9972151506,line 11,116,public double area ( ) { return this.width ( ) * this.height ( ) ; }
120,male,9972335640,line 11,128,public double area ( ) { return this.width ( ) * this.height ( ) ; }
120,male,9972463554,line 11,64,public double area ( ) { return this.width ( ) * this.height ( ) ; }
120,male,9972531485,line 11,64,public double area ( ) { return this.width ( ) * this.height ( ) ; }
120,male,9972691466,line 11,112,public double area ( ) { return this.width ( ) * this.height ( ) ; }
120,male,9972943284,line 10,120,public int height ( ) { return this.y2 - this.y1 ; }
120,male,9973087429,line 10,72,public int height ( ) { return this.y2 - this.y1 ; }
120,male,9973159483,line 10,68,public int height ( ) { return this.y2 - this.y1 ; }
120,male,9973387229,line 10,128,public int height ( ) { return this.y2 - this.y1 ; }
120,male,9973551186,line 10,160,public int height ( ) { return this.y2 - this.y1 ; }
120,male,9973891230,line 10,116,public int height ( ) { return this.y2 - this.y1 ; }
120,male,9974135229,line 10,160,public int height ( ) { return this.y2 - this.y1 ; }
120,male,9974227319,line 11,64,public double area ( ) { return this.width ( ) * this.height ( ) ; }
120,male,9974327416,line 11,96,public double area ( ) { return this.width ( ) * this.height ( ) ; }
120,male,9974495388,line 11,120,public double area ( ) { return this.width ( ) * this.height ( ) ; }
120,male,9974595356,line 13,60,"Rectangle rect1 = new Rectangle ( 0 , 0 , 10 , 10 ) ;"
120,male,9974703352,line 13,104,"Rectangle rect1 = new Rectangle ( 0 , 0 , 10 , 10 ) ;"
120,male,9974915036,line 13,100,"Rectangle rect1 = new Rectangle ( 0 , 0 , 10 , 10 ) ;"
120,male,9975247241,line 12,116,public static void main ( String [ ] args ) {
120,male,9975435213,line 12,144,public static void main ( String [ ] args ) {
120,male,9975659195,line 12,156,public static void main ( String [ ] args ) {
120,male,9975907197,line 12,100,public static void main ( String [ ] args ) {
120,male,9976031200,line 12,72,public static void main ( String [ ] args ) {
120,male,9976103197,line 12,68,public static void main ( String [ ] args ) {
120,male,9976307214,line 12,200,public static void main ( String [ ] args ) {
120,male,9976590929,line 14,176,System.out.println ( rect1.area ( ) ) ;
120,male,9976811083,line 13,104,"Rectangle rect1 = new Rectangle ( 0 , 0 , 10 , 10 ) ;"
120,male,9976899064,line 13,84,"Rectangle rect1 = new Rectangle ( 0 , 0 , 10 , 10 ) ;"
120,male,9976975052,line 13,72,"Rectangle rect1 = new Rectangle ( 0 , 0 , 10 , 10 ) ;"
120,male,9977275056,line 13,184,"Rectangle rect1 = new Rectangle ( 0 , 0 , 10 , 10 ) ;"
120,male,9977339066,line 13,60,"Rectangle rect1 = new Rectangle ( 0 , 0 , 10 , 10 ) ;"
120,male,9977511045,line 13,124,"Rectangle rect1 = new Rectangle ( 0 , 0 , 10 , 10 ) ;"
120,male,9977851046,line 13,236,"Rectangle rect1 = new Rectangle ( 0 , 0 , 10 , 10 ) ;"
120,male,9977979090,line 16,72,System.out.println ( rect2.area ( ) ) ;
120,male,9978039058,line 16,56,System.out.println ( rect2.area ( ) ) ;
120,male,9978355051,line 14,104,System.out.println ( rect1.area ( ) ) ;
120,male,9978451048,line 14,92,System.out.println ( rect1.area ( ) ) ;
120,male,9979058963,line 13,64,"Rectangle rect1 = new Rectangle ( 0 , 0 , 10 , 10 ) ;"
120,male,9979150963,line 13,88,"Rectangle rect1 = new Rectangle ( 0 , 0 , 10 , 10 ) ;"
120,male,9979462939,line 13,232,"Rectangle rect1 = new Rectangle ( 0 , 0 , 10 , 10 ) ;"
120,male,9979522891,line 13,56,"Rectangle rect1 = new Rectangle ( 0 , 0 , 10 , 10 ) ;"
120,male,9979618807,line 13,76,"Rectangle rect1 = new Rectangle ( 0 , 0 , 10 , 10 ) ;"
120,male,9979806771,line 13,184,"Rectangle rect1 = new Rectangle ( 0 , 0 , 10 , 10 ) ;"
120,male,9980402798,line 13,120,"Rectangle rect1 = new Rectangle ( 0 , 0 , 10 , 10 ) ;"
120,male,9980578803,line 14,108,System.out.println ( rect1.area ( ) ) ;
120,male,9980638810,line 14,56,System.out.println ( rect1.area ( ) ) ;
120,male,9980734784,line 14,92,System.out.println ( rect1.area ( ) ) ;
120,male,9980830748,line 14,68,System.out.println ( rect1.area ( ) ) ;
120,male,9981046743,line 14,212,System.out.println ( rect1.area ( ) ) ;
120,male,9981278553,line 14,156,System.out.println ( rect1.area ( ) ) ;
120,male,9981470610,line 14,112,System.out.println ( rect1.area ( ) ) ;
120,male,9981566677,line 14,92,System.out.println ( rect1.area ( ) ) ;
120,male,9981742695,line 14,96,System.out.println ( rect1.area ( ) ) ;
120,male,9982098742,line 15,236,"Rectangle rect2 = new Rectangle ( 5 , 5 , 10 , 10 ) ;"
120,male,9982178766,line 15,76,"Rectangle rect2 = new Rectangle ( 5 , 5 , 10 , 10 ) ;"
120,male,9982582986,line 15,128,"Rectangle rect2 = new Rectangle ( 5 , 5 , 10 , 10 ) ;"
120,male,9984370273,line 16,92,System.out.println ( rect2.area ( ) ) ;
120,male,9986190311,line 14,92,System.out.println ( rect1.area ( ) ) ;
120,male,9986494272,line 16,84,System.out.println ( rect2.area ( ) ) ;
120,male,9986634256,line 16,136,System.out.println ( rect2.area ( ) ) ;
120,male,9987090260,line 15,200,"Rectangle rect2 = new Rectangle ( 5 , 5 , 10 , 10 ) ;"
120,male,9987702344,line 16,112,System.out.println ( rect2.area ( ) ) ;
120,male,9987762239,line 16,56,System.out.println ( rect2.area ( ) ) ;
120,male,9987918191,line 16,60,System.out.println ( rect2.area ( ) ) ;
120,male,9987982180,line 16,60,System.out.println ( rect2.area ( ) ) ;
120,male,9988042182,line 16,56,System.out.println ( rect2.area ( ) ) ;
120,male,9988174178,line 16,60,System.out.println ( rect2.area ( ) ) ;
120,male,9988462166,line 15,56,"Rectangle rect2 = new Rectangle ( 5 , 5 , 10 , 10 ) ;"
120,male,9988610158,line 14,96,System.out.println ( rect1.area ( ) ) ;
120,male,9988806137,line 14,96,System.out.println ( rect1.area ( ) ) ;
120,male,9988890067,line 14,80,System.out.println ( rect1.area ( ) ) ;
120,male,9989033931,line 14,104,System.out.println ( rect1.area ( ) ) ;
120,male,9989177946,line 14,60,System.out.println ( rect1.area ( ) ) ;
120,male,9989245967,line 14,64,System.out.println ( rect1.area ( ) ) ;
120,male,9989402017,line 14,152,System.out.println ( rect1.area ( ) ) ;
120,male,9989542087,line 13,80,"Rectangle rect1 = new Rectangle ( 0 , 0 , 10 , 10 ) ;"
120,male,9989698040,line 13,152,"Rectangle rect1 = new Rectangle ( 0 , 0 , 10 , 10 ) ;"
120,male,9990005952,line 13,252,"Rectangle rect1 = new Rectangle ( 0 , 0 , 10 , 10 ) ;"
120,male,9990273566,line 13,80,"Rectangle rect1 = new Rectangle ( 0 , 0 , 10 , 10 ) ;"
120,male,9990361740,line 13,84,"Rectangle rect1 = new Rectangle ( 0 , 0 , 10 , 10 ) ;"
120,male,9990461883,line 13,64,"Rectangle rect1 = new Rectangle ( 0 , 0 , 10 , 10 ) ;"
120,male,9990521893,line 13,56,"Rectangle rect1 = new Rectangle ( 0 , 0 , 10 , 10 ) ;"
120,male,9990697766,line 14,100,System.out.println ( rect1.area ( ) ) ;
120,male,9990781757,line 14,80,System.out.println ( rect1.area ( ) ) ;
120,male,9990881814,line 14,64,System.out.println ( rect1.area ( ) ) ;
120,male,9990941881,line 14,56,System.out.println ( rect1.area ( ) ) ;
120,male,9991121936,line 14,128,System.out.println ( rect1.area ( ) ) ;
120,male,9991317873,line 11,96,public double area ( ) { return this.width ( ) * this.height ( ) ; }
120,male,9991569875,line 11,132,public double area ( ) { return this.width ( ) * this.height ( ) ; }
120,male,9991717890,line 11,88,public double area ( ) { return this.width ( ) * this.height ( ) ; }
120,male,9991869871,line 11,80,public double area ( ) { return this.width ( ) * this.height ( ) ; }
120,male,9992013797,line 11,64,public double area ( ) { return this.width ( ) * this.height ( ) ; }
120,male,9992097734,line 11,64,public double area ( ) { return this.width ( ) * this.height ( ) ; }
120,male,9992417767,line 11,184,public double area ( ) { return this.width ( ) * this.height ( ) ; }
120,male,9992577788,line 11,128,public double area ( ) { return this.width ( ) * this.height ( ) ; }
120,male,9992709729,line 11,64,public double area ( ) { return this.width ( ) * this.height ( ) ; }
120,male,9992773519,line 11,60,public double area ( ) { return this.width ( ) * this.height ( ) ; }
120,male,9992841373,line 11,64,public double area ( ) { return this.width ( ) * this.height ( ) ; }
120,male,9992977299,line 11,92,public double area ( ) { return this.width ( ) * this.height ( ) ; }
120,male,9993221733,line 11,204,public double area ( ) { return this.width ( ) * this.height ( ) ; }
120,male,9993405754,line 11,96,public double area ( ) { return this.width ( ) * this.height ( ) ; }
120,male,9993577715,line 11,84,public double area ( ) { return this.width ( ) * this.height ( ) ; }
120,male,9993697538,line 11,116,public double area ( ) { return this.width ( ) * this.height ( ) ; }
120,male,9993929591,line 11,84,public double area ( ) { return this.width ( ) * this.height ( ) ; }
120,male,9994081971,line 11,72,public double area ( ) { return this.width ( ) * this.height ( ) ; }
120,male,9994318265,line 11,112,public double area ( ) { return this.width ( ) * this.height ( ) ; }
120,male,9994585747,line 2,140,"private int x1 , y1 , x2 , y2 ;"
120,male,9994677671,line 3,72,"public Rectangle ( int x1 , int y1 , int x2 , int y2 ) {"
120,male,9994769601,line 3,88,"public Rectangle ( int x1 , int y1 , int x2 , int y2 ) {"
120,male,9994869612,line 3,96,"public Rectangle ( int x1 , int y1 , int x2 , int y2 ) {"
120,male,9994997625,line 2,84,"private int x1 , y1 , x2 , y2 ;"
120,male,9995077628,line 2,76,"private int x1 , y1 , x2 , y2 ;"
120,male,9995525452,line 11,108,public double area ( ) { return this.width ( ) * this.height ( ) ; }
120,male,9995657465,line 9,104,public int width ( ) { return this.x2 - this.x1 ; }
120,male,9995789457,line 9,128,public int width ( ) { return this.x2 - this.x1 ; }
120,male,9995873459,line 9,80,public int width ( ) { return this.x2 - this.x1 ; }
120,male,9996161588,line 9,116,public int width ( ) { return this.x2 - this.x1 ; }
120,male,9996353445,line 10,148,public int height ( ) { return this.y2 - this.y1 ; }
120,male,9996905226,line 11,120,public double area ( ) { return this.width ( ) * this.height ( ) ; }
120,male,9997013334,line 11,68,public double area ( ) { return this.width ( ) * this.height ( ) ; }
120,male,9997081334,line 11,64,public double area ( ) { return this.width ( ) * this.height ( ) ; }
120,male,9997229340,line 11,60,public double area ( ) { return this.width ( ) * this.height ( ) ; }
120,male,9997685368,line 11,156,public double area ( ) { return this.width ( ) * this.height ( ) ; }
120,male,9997921682,line 11,232,public double area ( ) { return this.width ( ) * this.height ( ) ; }
120,male,9998069691,line 11,124,public double area ( ) { return this.width ( ) * this.height ( ) ; }
120,male,9998273360,line 11,112,public double area ( ) { return this.width ( ) * this.height ( ) ; }
120,male,9998413182,line 11,100,public double area ( ) { return this.width ( ) * this.height ( ) ; }
120,male,9998505170,line 11,88,public double area ( ) { return this.width ( ) * this.height ( ) ; }
120,male,9998897229,line 4,144,this.x1 = x1 ;
120,male,9999081231,line 3,68,"public Rectangle ( int x1 , int y1 , int x2 , int y2 ) {"
120,male,9999277231,line 3,192,"public Rectangle ( int x1 , int y1 , int x2 , int y2 ) {"
120,male,9999477212,line 3,80,"public Rectangle ( int x1 , int y1 , int x2 , int y2 ) {"
120,male,9999617236,line 3,136,"public Rectangle ( int x1 , int y1 , int x2 , int y2 ) {"
120,male,9999801174,line 4,148,this.x1 = x1 ;
120,male,9999980928,line 5,96,this.y1 = y1 ;
120,male,10000160987,line 5,148,this.y1 = y1 ;
120,male,10000309067,line 5,68,this.y1 = y1 ;
120,male,10000497114,line 2,76,"private int x1 , y1 , x2 , y2 ;"
120,male,10000609069,line 2,108,"private int x1 , y1 , x2 , y2 ;"
120,male,10000780998,line 2,92,"private int x1 , y1 , x2 , y2 ;"
120,male,10000952721,line 2,168,"private int x1 , y1 , x2 , y2 ;"
120,male,10001588999,line 2,84,"private int x1 , y1 , x2 , y2 ;"
120,male,10001772969,line 1,84,public class Rectangle {
120,male,10001884933,line 2,60,"private int x1 , y1 , x2 , y2 ;"
120,male,10002216991,line 10,124,public int height ( ) { return this.y2 - this.y1 ; }
120,male,10002576962,line 10,136,public int height ( ) { return this.y2 - this.y1 ; }
120,male,10002772969,line 9,116,public int width ( ) { return this.x2 - this.x1 ; }
120,male,10002852952,line 9,76,public int width ( ) { return this.x2 - this.x1 ; }
120,male,10002972869,line 9,80,public int width ( ) { return this.x2 - this.x1 ; }
120,male,10003196720,line 9,164,public int width ( ) { return this.x2 - this.x1 ; }
120,male,10003416840,line 10,144,public int height ( ) { return this.y2 - this.y1 ; }
120,male,10003512815,line 10,92,public int height ( ) { return this.y2 - this.y1 ; }
120,male,10003656800,line 10,84,public int height ( ) { return this.y2 - this.y1 ; }
120,male,10003820804,line 15,72,"Rectangle rect2 = new Rectangle ( 5 , 5 , 10 , 10 ) ;"
120,male,10004068790,line 16,120,System.out.println ( rect2.area ( ) ) ;
120,male,10004160791,line 16,88,System.out.println ( rect2.area ( ) ) ;
123,male,1842792381,line 4,204,this.x1 = x1 ;
123,male,1843264219,line 1,116,public class Rectangle {
123,male,1843460246,line 1,192,public class Rectangle {
123,male,1843684173,line 1,212,public class Rectangle {
123,male,1843828195,line 1,84,public class Rectangle {
123,male,1843964203,line 1,132,public class Rectangle {
123,male,1844228229,line 2,80,"private int x1 , y1 , x2 , y2 ;"
123,male,1844312229,line 2,80,"private int x1 , y1 , x2 , y2 ;"
123,male,1844424218,line 2,92,"private int x1 , y1 , x2 , y2 ;"
123,male,1844540228,line 2,112,"private int x1 , y1 , x2 , y2 ;"
123,male,1844740136,line 2,84,"private int x1 , y1 , x2 , y2 ;"
123,male,1844835960,line 2,92,"private int x1 , y1 , x2 , y2 ;"
123,male,1845136032,line 2,216,"private int x1 , y1 , x2 , y2 ;"
123,male,1845392025,line 2,156,"private int x1 , y1 , x2 , y2 ;"
123,male,1845468024,line 2,72,"private int x1 , y1 , x2 , y2 ;"
123,male,1845564037,line 2,56,"private int x1 , y1 , x2 , y2 ;"
123,male,1845676061,line 2,104,"private int x1 , y1 , x2 , y2 ;"
123,male,1845828118,line 2,144,"private int x1 , y1 , x2 , y2 ;"
123,male,1845920135,line 2,88,"private int x1 , y1 , x2 , y2 ;"
123,male,1846000122,line 2,72,"private int x1 , y1 , x2 , y2 ;"
123,male,1846096111,line 2,60,"private int x1 , y1 , x2 , y2 ;"
123,male,1846156119,line 2,56,"private int x1 , y1 , x2 , y2 ;"
123,male,1846644005,line 2,100,"private int x1 , y1 , x2 , y2 ;"
123,male,1846751868,line 3,104,"public Rectangle ( int x1 , int y1 , int x2 , int y2 ) {"
123,male,1846959971,line 3,168,"public Rectangle ( int x1 , int y1 , int x2 , int y2 ) {"
123,male,1847092035,line 3,128,"public Rectangle ( int x1 , int y1 , int x2 , int y2 ) {"
123,male,1847183985,line 3,80,"public Rectangle ( int x1 , int y1 , int x2 , int y2 ) {"
123,male,1847279946,line 3,92,"public Rectangle ( int x1 , int y1 , int x2 , int y2 ) {"
123,male,1847528002,line 3,244,"public Rectangle ( int x1 , int y1 , int x2 , int y2 ) {"
123,male,1847620018,line 3,88,"public Rectangle ( int x1 , int y1 , int x2 , int y2 ) {"
123,male,1847856034,line 5,96,this.y1 = y1 ;
123,male,1848004050,line 4,100,this.x1 = x1 ;
123,male,1848092045,line 4,84,this.x1 = x1 ;
123,male,1848200008,line 3,80,"public Rectangle ( int x1 , int y1 , int x2 , int y2 ) {"
123,male,1848307980,line 3,104,"public Rectangle ( int x1 , int y1 , int x2 , int y2 ) {"
123,male,1848487893,line 3,56,"public Rectangle ( int x1 , int y1 , int x2 , int y2 ) {"
123,male,1848567793,line 3,68,"public Rectangle ( int x1 , int y1 , int x2 , int y2 ) {"
123,male,1848695732,line 3,88,"public Rectangle ( int x1 , int y1 , int x2 , int y2 ) {"
123,male,1848927812,line 3,88,"public Rectangle ( int x1 , int y1 , int x2 , int y2 ) {"
123,male,1848995832,line 3,64,"public Rectangle ( int x1 , int y1 , int x2 , int y2 ) {"
123,male,1849475813,line 9,84,public int width ( ) { return this.x2 - this.x1 ; }
123,male,1849691854,line 9,56,public int width ( ) { return this.x2 - this.x1 ; }
123,male,1849895804,line 11,80,public double area ( ) { return this.width ( ) * this.height ( ) ; }
123,male,1849995797,line 11,96,public double area ( ) { return this.width ( ) * this.height ( ) ; }
123,male,1850223793,line 12,156,public static void main ( String [ ] args ) {
123,male,1850479626,line 12,128,public static void main ( String [ ] args ) {
123,male,1850647672,line 12,164,public static void main ( String [ ] args ) {
123,male,1850847678,line 13,124,"Rectangle rect1 = new Rectangle ( 0 , 0 , 10 , 10 ) ;"
123,male,1850967685,line 13,80,"Rectangle rect1 = new Rectangle ( 0 , 0 , 10 , 10 ) ;"
123,male,1851083719,line 13,64,"Rectangle rect1 = new Rectangle ( 0 , 0 , 10 , 10 ) ;"
123,male,1851235780,line 13,104,"Rectangle rect1 = new Rectangle ( 0 , 0 , 10 , 10 ) ;"
123,male,1851295774,line 13,56,"Rectangle rect1 = new Rectangle ( 0 , 0 , 10 , 10 ) ;"
123,male,1851399741,line 13,60,"Rectangle rect1 = new Rectangle ( 0 , 0 , 10 , 10 ) ;"
123,male,1851551735,line 13,92,"Rectangle rect1 = new Rectangle ( 0 , 0 , 10 , 10 ) ;"
123,male,1851639753,line 13,76,"Rectangle rect1 = new Rectangle ( 0 , 0 , 10 , 10 ) ;"
123,male,1851779761,line 2,84,"private int x1 , y1 , x2 , y2 ;"
123,male,1851847759,line 2,64,"private int x1 , y1 , x2 , y2 ;"
123,male,1851911744,line 1,60,public class Rectangle {
123,male,1852143693,line 1,64,public class Rectangle {
123,male,1852347623,line 2,76,"private int x1 , y1 , x2 , y2 ;"
123,male,1852535565,line 2,100,"private int x1 , y1 , x2 , y2 ;"
123,male,1852711598,line 2,56,"private int x1 , y1 , x2 , y2 ;"
123,male,1852971538,line 2,104,"private int x1 , y1 , x2 , y2 ;"
123,male,1853147588,line 3,172,"public Rectangle ( int x1 , int y1 , int x2 , int y2 ) {"
123,male,1853363583,line 2,80,"private int x1 , y1 , x2 , y2 ;"
123,male,1853715590,line 3,76,"public Rectangle ( int x1 , int y1 , int x2 , int y2 ) {"
123,male,1853911586,line 3,56,"public Rectangle ( int x1 , int y1 , int x2 , int y2 ) {"
123,male,1854099526,line 3,104,"public Rectangle ( int x1 , int y1 , int x2 , int y2 ) {"
123,male,1854263324,line 3,76,"public Rectangle ( int x1 , int y1 , int x2 , int y2 ) {"
123,male,1854335318,line 3,68,"public Rectangle ( int x1 , int y1 , int x2 , int y2 ) {"
123,male,1854451366,line 3,56,"public Rectangle ( int x1 , int y1 , int x2 , int y2 ) {"
123,male,1854619444,line 3,60,"public Rectangle ( int x1 , int y1 , int x2 , int y2 ) {"
123,male,1854747493,line 4,96,this.x1 = x1 ;
123,male,1854959507,line 4,104,this.x1 = x1 ;
123,male,1855131471,line 4,68,this.x1 = x1 ;
123,male,1855279482,line 4,68,this.x1 = x1 ;
123,male,1855407458,line 3,56,"public Rectangle ( int x1 , int y1 , int x2 , int y2 ) {"
123,male,1855627445,line 3,216,"public Rectangle ( int x1 , int y1 , int x2 , int y2 ) {"
123,male,1855703445,line 3,64,"public Rectangle ( int x1 , int y1 , int x2 , int y2 ) {"
123,male,1855779449,line 3,72,"public Rectangle ( int x1 , int y1 , int x2 , int y2 ) {"
123,male,1855855454,line 3,72,"public Rectangle ( int x1 , int y1 , int x2 , int y2 ) {"
123,male,1855955399,line 3,96,"public Rectangle ( int x1 , int y1 , int x2 , int y2 ) {"
123,male,1856215225,line 3,224,"public Rectangle ( int x1 , int y1 , int x2 , int y2 ) {"
123,male,1856419341,line 3,200,"public Rectangle ( int x1 , int y1 , int x2 , int y2 ) {"
123,male,1856623337,line 3,96,"public Rectangle ( int x1 , int y1 , int x2 , int y2 ) {"
123,male,1856687327,line 3,60,"public Rectangle ( int x1 , int y1 , int x2 , int y2 ) {"
123,male,1856791334,line 2,60,"private int x1 , y1 , x2 , y2 ;"
123,male,1856903339,line 3,108,"public Rectangle ( int x1 , int y1 , int x2 , int y2 ) {"
123,male,1857095339,line 3,120,"public Rectangle ( int x1 , int y1 , int x2 , int y2 ) {"
123,male,1857155319,line 3,56,"public Rectangle ( int x1 , int y1 , int x2 , int y2 ) {"
123,male,1857255251,line 3,56,"public Rectangle ( int x1 , int y1 , int x2 , int y2 ) {"
123,male,1857335251,line 3,76,"public Rectangle ( int x1 , int y1 , int x2 , int y2 ) {"
123,male,1857403272,line 3,64,"public Rectangle ( int x1 , int y1 , int x2 , int y2 ) {"
123,male,1857607286,line 3,172,"public Rectangle ( int x1 , int y1 , int x2 , int y2 ) {"
123,male,1857815264,line 3,204,"public Rectangle ( int x1 , int y1 , int x2 , int y2 ) {"
123,male,1858379297,line 3,132,"public Rectangle ( int x1 , int y1 , int x2 , int y2 ) {"
123,male,1858519231,line 3,96,"public Rectangle ( int x1 , int y1 , int x2 , int y2 ) {"
123,male,1858611204,line 3,88,"public Rectangle ( int x1 , int y1 , int x2 , int y2 ) {"
123,male,1858739180,line 3,72,"public Rectangle ( int x1 , int y1 , int x2 , int y2 ) {"
123,male,1858831172,line 2,88,"private int x1 , y1 , x2 , y2 ;"
123,male,1859387196,line 3,148,"public Rectangle ( int x1 , int y1 , int x2 , int y2 ) {"
123,male,1859491205,line 3,100,"public Rectangle ( int x1 , int y1 , int x2 , int y2 ) {"
123,male,1859551218,line 3,56,"public Rectangle ( int x1 , int y1 , int x2 , int y2 ) {"
123,male,1859635236,line 3,80,"public Rectangle ( int x1 , int y1 , int x2 , int y2 ) {"
123,male,1859867077,line 3,84,"public Rectangle ( int x1 , int y1 , int x2 , int y2 ) {"
123,male,1860075093,line 3,132,"public Rectangle ( int x1 , int y1 , int x2 , int y2 ) {"
123,male,1860175077,line 3,96,"public Rectangle ( int x1 , int y1 , int x2 , int y2 ) {"
123,male,1860439072,line 3,240,"public Rectangle ( int x1 , int y1 , int x2 , int y2 ) {"
123,male,1860619076,line 3,124,"public Rectangle ( int x1 , int y1 , int x2 , int y2 ) {"
123,male,1860755057,line 3,72,"public Rectangle ( int x1 , int y1 , int x2 , int y2 ) {"
123,male,1860975025,line 3,216,"public Rectangle ( int x1 , int y1 , int x2 , int y2 ) {"
123,male,1861051020,line 3,64,"public Rectangle ( int x1 , int y1 , int x2 , int y2 ) {"
123,male,1861347054,line 2,76,"private int x1 , y1 , x2 , y2 ;"
123,male,1861547078,line 3,128,"public Rectangle ( int x1 , int y1 , int x2 , int y2 ) {"
123,male,1861675072,line 3,88,"public Rectangle ( int x1 , int y1 , int x2 , int y2 ) {"
123,male,1861791000,line 2,92,"private int x1 , y1 , x2 , y2 ;"
123,male,1861890956,line 2,96,"private int x1 , y1 , x2 , y2 ;"
123,male,1862130940,line 3,176,"public Rectangle ( int x1 , int y1 , int x2 , int y2 ) {"
123,male,1862250896,line 3,116,"public Rectangle ( int x1 , int y1 , int x2 , int y2 ) {"
123,male,1862474914,line 3,180,"public Rectangle ( int x1 , int y1 , int x2 , int y2 ) {"
123,male,1862606977,line 3,128,"public Rectangle ( int x1 , int y1 , int x2 , int y2 ) {"
123,male,1862702992,line 1,68,public class Rectangle {
123,male,1862858926,line 1,152,public class Rectangle {
123,male,1862970962,line 1,80,public class Rectangle {
123,male,1863326929,line 1,276,public class Rectangle {
123,male,1863518866,line 6,136,this.x2 = x2 ;
123,male,1863666640,line 4,136,this.x1 = x1 ;
123,male,1863878846,line 3,56,"public Rectangle ( int x1 , int y1 , int x2 , int y2 ) {"
123,male,1864026768,line 3,68,"public Rectangle ( int x1 , int y1 , int x2 , int y2 ) {"
123,male,1864090744,line 3,60,"public Rectangle ( int x1 , int y1 , int x2 , int y2 ) {"
123,male,1865050741,line 10,108,public int height ( ) { return this.y2 - this.y1 ; }
123,male,1865170754,line 9,80,public int width ( ) { return this.x2 - this.x1 ; }
123,male,1865430546,line 2,100,"private int x1 , y1 , x2 , y2 ;"
123,male,1865522472,line 2,88,"private int x1 , y1 , x2 , y2 ;"
123,male,1865590528,line 2,64,"private int x1 , y1 , x2 , y2 ;"
123,male,1866198611,line 13,68,"Rectangle rect1 = new Rectangle ( 0 , 0 , 10 , 10 ) ;"
123,male,1866258607,line 13,56,"Rectangle rect1 = new Rectangle ( 0 , 0 , 10 , 10 ) ;"
123,male,1866414689,line 2,84,"private int x1 , y1 , x2 , y2 ;"
123,male,1866634715,line 1,164,public class Rectangle {
123,male,1866734698,line 1,60,public class Rectangle {
123,male,1866870666,line 1,108,public class Rectangle {
123,male,1867194618,line 1,128,public class Rectangle {
123,male,1867290519,line 9,56,public int width ( ) { return this.x2 - this.x1 ; }
123,male,1867722510,line 13,96,"Rectangle rect1 = new Rectangle ( 0 , 0 , 10 , 10 ) ;"
123,male,1867826515,line 13,64,"Rectangle rect1 = new Rectangle ( 0 , 0 , 10 , 10 ) ;"
123,male,1870566426,line 9,156,public int width ( ) { return this.x2 - this.x1 ; }
123,male,1871102301,line 10,60,public int height ( ) { return this.y2 - this.y1 ; }
123,male,1871206247,line 10,100,public int height ( ) { return this.y2 - this.y1 ; }
123,male,1871578344,line 10,56,public int height ( ) { return this.y2 - this.y1 ; }
123,male,1871866262,line 10,76,public int height ( ) { return this.y2 - this.y1 ; }
123,male,1872042299,line 12,80,public static void main ( String [ ] args ) {
123,male,1872786233,line 11,80,public double area ( ) { return this.width ( ) * this.height ( ) ; }
123,male,1873058025,line 11,124,public double area ( ) { return this.width ( ) * this.height ( ) ; }
123,male,1873338204,line 12,72,public static void main ( String [ ] args ) {
123,male,1873414223,line 12,72,public static void main ( String [ ] args ) {
123,male,1873530210,line 12,80,public static void main ( String [ ] args ) {
123,male,1873650151,line 12,72,public static void main ( String [ ] args ) {
123,male,1874086182,line 12,124,public static void main ( String [ ] args ) {
123,male,1874234146,line 13,64,"Rectangle rect1 = new Rectangle ( 0 , 0 , 10 , 10 ) ;"
123,male,1874298139,line 13,60,"Rectangle rect1 = new Rectangle ( 0 , 0 , 10 , 10 ) ;"
123,male,1874370143,line 13,68,"Rectangle rect1 = new Rectangle ( 0 , 0 , 10 , 10 ) ;"
123,male,1874442147,line 13,68,"Rectangle rect1 = new Rectangle ( 0 , 0 , 10 , 10 ) ;"
123,male,1874622137,line 13,116,"Rectangle rect1 = new Rectangle ( 0 , 0 , 10 , 10 ) ;"
123,male,1874797974,line 13,84,"Rectangle rect1 = new Rectangle ( 0 , 0 , 10 , 10 ) ;"
123,male,1875226025,line 13,64,"Rectangle rect1 = new Rectangle ( 0 , 0 , 10 , 10 ) ;"
123,male,1875306039,line 13,76,"Rectangle rect1 = new Rectangle ( 0 , 0 , 10 , 10 ) ;"
123,male,1875545982,line 13,68,"Rectangle rect1 = new Rectangle ( 0 , 0 , 10 , 10 ) ;"
123,male,1875670038,line 13,116,"Rectangle rect1 = new Rectangle ( 0 , 0 , 10 , 10 ) ;"
123,male,1875785998,line 13,72,"Rectangle rect1 = new Rectangle ( 0 , 0 , 10 , 10 ) ;"
123,male,1875985966,line 9,84,public int width ( ) { return this.x2 - this.x1 ; }
123,male,1876250009,line 13,64,"Rectangle rect1 = new Rectangle ( 0 , 0 , 10 , 10 ) ;"
123,male,1876421989,line 13,100,"Rectangle rect1 = new Rectangle ( 0 , 0 , 10 , 10 ) ;"
123,male,1876633937,line 14,84,System.out.println ( rect1.area ( ) ) ;
123,male,1876701871,line 14,64,System.out.println ( rect1.area ( ) ) ;
123,male,1876785802,line 14,80,System.out.println ( rect1.area ( ) ) ;
123,male,1877749784,line 14,56,System.out.println ( rect1.area ( ) ) ;
123,male,1877881780,line 14,64,System.out.println ( rect1.area ( ) ) ;
123,male,1877953804,line 14,68,System.out.println ( rect1.area ( ) ) ;
123,male,1878037853,line 14,80,System.out.println ( rect1.area ( ) ) ;
123,male,1878129890,line 14,68,System.out.println ( rect1.area ( ) ) ;
123,male,1878253865,line 14,120,System.out.println ( rect1.area ( ) ) ;
123,male,1878325839,line 14,68,System.out.println ( rect1.area ( ) ) ;
123,male,1878397819,line 14,68,System.out.println ( rect1.area ( ) ) ;
123,male,1878721722,line 15,64,"Rectangle rect2 = new Rectangle ( 5 , 5 , 10 , 10 ) ;"
123,male,1878793750,line 15,56,"Rectangle rect2 = new Rectangle ( 5 , 5 , 10 , 10 ) ;"
123,male,1878901794,line 16,56,System.out.println ( rect2.area ( ) ) ;
123,male,1879065772,line 15,140,"Rectangle rect2 = new Rectangle ( 5 , 5 , 10 , 10 ) ;"
123,male,1879253744,line 15,88,"Rectangle rect2 = new Rectangle ( 5 , 5 , 10 , 10 ) ;"
123,male,1879333739,line 15,76,"Rectangle rect2 = new Rectangle ( 5 , 5 , 10 , 10 ) ;"
123,male,1879469749,line 15,104,"Rectangle rect2 = new Rectangle ( 5 , 5 , 10 , 10 ) ;"
123,male,1879613765,line 15,120,"Rectangle rect2 = new Rectangle ( 5 , 5 , 10 , 10 ) ;"
123,male,1879773838,line 16,64,System.out.println ( rect2.area ( ) ) ;
123,male,1879889852,line 16,104,System.out.println ( rect2.area ( ) ) ;
123,male,1879993786,line 16,100,System.out.println ( rect2.area ( ) ) ;
123,male,1880145730,line 16,68,System.out.println ( rect2.area ( ) ) ;
123,male,1880297719,line 16,148,System.out.println ( rect2.area ( ) ) ;
123,male,1880449720,line 16,116,System.out.println ( rect2.area ( ) ) ;
123,male,1880561678,line 15,76,"Rectangle rect2 = new Rectangle ( 5 , 5 , 10 , 10 ) ;"
123,male,1880693612,line 16,68,System.out.println ( rect2.area ( ) ) ;
123,male,1880757616,line 16,60,System.out.println ( rect2.area ( ) ) ;
123,male,1880977624,line 15,88,"Rectangle rect2 = new Rectangle ( 5 , 5 , 10 , 10 ) ;"
123,male,1882253584,line 7,92,this.y2 = y2 ;
125,male,11868043688,line 4,84,this.x1 = x1 ;
125,male,11868783679,line 2,56,"private int x1 , y1 , x2 , y2 ;"
130,male,2442370032,line 2,56,"private int x1 , y1 , x2 , y2 ;"
130,male,2442742102,line 2,88,"private int x1 , y1 , x2 , y2 ;"
130,male,2443469882,line 3,68,"public Rectangle ( int x1 , int y1 , int x2 , int y2 ) {"
130,male,2444049926,line 3,64,"public Rectangle ( int x1 , int y1 , int x2 , int y2 ) {"
130,male,2445061800,line 3,88,"public Rectangle ( int x1 , int y1 , int x2 , int y2 ) {"
130,male,2445669697,line 3,84,"public Rectangle ( int x1 , int y1 , int x2 , int y2 ) {"
130,male,2446005773,line 3,60,"public Rectangle ( int x1 , int y1 , int x2 , int y2 ) {"
130,male,2446301817,line 4,56,this.x1 = x1 ;
130,male,2446413882,line 4,68,this.x1 = x1 ;
130,male,2447669602,line 9,56,public int width ( ) { return this.x2 - this.x1 ; }
130,male,2450709378,line 10,88,public int height ( ) { return this.y2 - this.y1 ; }
131,male,321102874,line 3,164,"public Rectangle ( int x1 , int y1 , int x2 , int y2 ) {"
131,male,321342932,line 1,164,public class Rectangle {
131,male,321798935,line 1,64,public class Rectangle {
131,male,321870941,line 1,68,public class Rectangle {
131,male,321946896,line 2,56,"private int x1 , y1 , x2 , y2 ;"
131,male,322118737,line 2,168,"private int x1 , y1 , x2 , y2 ;"
131,male,322258687,line 2,136,"private int x1 , y1 , x2 , y2 ;"
131,male,322490587,line 1,188,public class Rectangle {
131,male,322734259,line 2,208,"private int x1 , y1 , x2 , y2 ;"
131,male,323038763,line 2,232,"private int x1 , y1 , x2 , y2 ;"
131,male,323398811,line 2,212,"private int x1 , y1 , x2 , y2 ;"
131,male,324154212,line 2,208,"private int x1 , y1 , x2 , y2 ;"
131,male,324298421,line 2,96,"private int x1 , y1 , x2 , y2 ;"
131,male,324390609,line 2,88,"private int x1 , y1 , x2 , y2 ;"
131,male,325014617,line 3,140,"public Rectangle ( int x1 , int y1 , int x2 , int y2 ) {"
131,male,325306452,line 3,176,"public Rectangle ( int x1 , int y1 , int x2 , int y2 ) {"
131,male,325542531,line 2,184,"private int x1 , y1 , x2 , y2 ;"
131,male,325858629,line 2,136,"private int x1 , y1 , x2 , y2 ;"
131,male,326890293,line 3,212,"public Rectangle ( int x1 , int y1 , int x2 , int y2 ) {"
131,male,327106389,line 4,76,this.x1 = x1 ;
131,male,327190400,line 4,80,this.x1 = x1 ;
131,male,327370429,line 4,124,this.x1 = x1 ;
131,male,327570773,line 4,160,this.x1 = x1 ;
131,male,328018414,line 5,140,this.y1 = y1 ;
131,male,328794253,line 5,212,this.y1 = y1 ;
131,male,328934257,line 5,96,this.y1 = y1 ;
131,male,329062265,line 5,124,this.y1 = y1 ;
131,male,329766170,line 3,136,"public Rectangle ( int x1 , int y1 , int x2 , int y2 ) {"
131,male,330434167,line 7,88,this.y2 = y2 ;
131,male,330498165,line 7,60,this.y2 = y2 ;
131,male,332842019,line 9,80,public int width ( ) { return this.x2 - this.x1 ; }
131,male,333137901,line 9,264,public int width ( ) { return this.x2 - this.x1 ; }
131,male,335957762,line 5,68,this.y1 = y1 ;
131,male,336069715,line 5,72,this.y1 = y1 ;
131,male,336181635,line 5,108,this.y1 = y1 ;
131,male,337909501,line 9,152,public int width ( ) { return this.x2 - this.x1 ; }
131,male,338033484,line 9,120,public int width ( ) { return this.x2 - this.x1 ; }
131,male,338229429,line 9,128,public int width ( ) { return this.x2 - this.x1 ; }
131,male,338401507,line 9,124,public int width ( ) { return this.x2 - this.x1 ; }
131,male,338741517,line 9,56,public int width ( ) { return this.x2 - this.x1 ; }
131,male,339533326,line 9,184,public int width ( ) { return this.x2 - this.x1 ; }
131,male,339673488,line 9,96,public int width ( ) { return this.x2 - this.x1 ; }
131,male,339797784,line 9,120,public int width ( ) { return this.x2 - this.x1 ; }
131,male,340837064,line 9,92,public int width ( ) { return this.x2 - this.x1 ; }
131,male,341045126,line 10,132,public int height ( ) { return this.y2 - this.y1 ; }
131,male,341252965,line 10,108,public int height ( ) { return this.y2 - this.y1 ; }
131,male,341320982,line 10,64,public int height ( ) { return this.y2 - this.y1 ; }
131,male,341433084,line 10,80,public int height ( ) { return this.y2 - this.y1 ; }
131,male,341561185,line 10,124,public int height ( ) { return this.y2 - this.y1 ; }
131,male,341629221,line 10,64,public int height ( ) { return this.y2 - this.y1 ; }
131,male,341777229,line 10,56,public int height ( ) { return this.y2 - this.y1 ; }
131,male,341881216,line 10,100,public int height ( ) { return this.y2 - this.y1 ; }
131,male,342013208,line 10,128,public int height ( ) { return this.y2 - this.y1 ; }
131,male,342089209,line 10,72,public int height ( ) { return this.y2 - this.y1 ; }
131,male,342533087,line 11,56,public double area ( ) { return this.width ( ) * this.height ( ) ; }
131,male,342813483,line 10,136,public int height ( ) { return this.y2 - this.y1 ; }
131,male,343057078,line 10,180,public int height ( ) { return this.y2 - this.y1 ; }
131,male,343125064,line 10,64,public int height ( ) { return this.y2 - this.y1 ; }
131,male,343365090,line 10,96,public int height ( ) { return this.y2 - this.y1 ; }
131,male,343689124,line 9,140,public int width ( ) { return this.x2 - this.x1 ; }
131,male,343765117,line 9,56,public int width ( ) { return this.x2 - this.x1 ; }
131,male,343853006,line 9,84,public int width ( ) { return this.x2 - this.x1 ; }
131,male,344024827,line 10,108,public int height ( ) { return this.y2 - this.y1 ; }
131,male,344476968,line 9,152,public int width ( ) { return this.x2 - this.x1 ; }
131,male,344640943,line 9,124,public int width ( ) { return this.x2 - this.x1 ; }
131,male,344940985,line 9,104,public int width ( ) { return this.x2 - this.x1 ; }
131,male,345240916,line 10,88,public int height ( ) { return this.y2 - this.y1 ; }
131,male,345612801,line 10,56,public int height ( ) { return this.y2 - this.y1 ; }
131,male,345824833,line 10,156,public int height ( ) { return this.y2 - this.y1 ; }
131,male,346300827,line 9,96,public int width ( ) { return this.x2 - this.x1 ; }
131,male,346436834,line 10,72,public int height ( ) { return this.y2 - this.y1 ; }
131,male,346532825,line 9,56,public int width ( ) { return this.x2 - this.x1 ; }
131,male,346693214,line 9,156,public int width ( ) { return this.x2 - this.x1 ; }
131,male,346861384,line 9,76,public int width ( ) { return this.x2 - this.x1 ; }
131,male,346976930,line 9,92,public int width ( ) { return this.x2 - this.x1 ; }
131,male,347096773,line 10,64,public int height ( ) { return this.y2 - this.y1 ; }
131,male,347380732,line 9,92,public int width ( ) { return this.x2 - this.x1 ; }
131,male,347524740,line 10,100,public int height ( ) { return this.y2 - this.y1 ; }
131,male,348040670,line 10,60,public int height ( ) { return this.y2 - this.y1 ; }
131,male,348176690,line 10,56,public int height ( ) { return this.y2 - this.y1 ; }
131,male,348276684,line 10,96,public int height ( ) { return this.y2 - this.y1 ; }
131,male,348384674,line 9,64,public int width ( ) { return this.x2 - this.x1 ; }
131,male,348480479,line 9,92,public int width ( ) { return this.x2 - this.x1 ; }
131,male,348731983,line 9,176,public int width ( ) { return this.x2 - this.x1 ; }
131,male,348835922,line 9,84,public int width ( ) { return this.x2 - this.x1 ; }
131,male,348940263,line 9,100,public int width ( ) { return this.x2 - this.x1 ; }
131,male,349388598,line 9,152,public int width ( ) { return this.x2 - this.x1 ; }
131,male,350060585,line 10,104,public int height ( ) { return this.y2 - this.y1 ; }
131,male,350176442,line 9,64,public int width ( ) { return this.x2 - this.x1 ; }
131,male,350268406,line 10,88,public int height ( ) { return this.y2 - this.y1 ; }
131,male,350916411,line 10,64,public int height ( ) { return this.y2 - this.y1 ; }
131,male,351496423,line 7,64,this.y2 = y2 ;
131,male,352260277,line 10,76,public int height ( ) { return this.y2 - this.y1 ; }
131,male,352384244,line 11,76,public double area ( ) { return this.width ( ) * this.height ( ) ; }
131,male,353220180,line 10,80,public int height ( ) { return this.y2 - this.y1 ; }
131,male,353820173,line 10,68,public int height ( ) { return this.y2 - this.y1 ; }
131,male,353888168,line 10,64,public int height ( ) { return this.y2 - this.y1 ; }
131,male,353996158,line 10,72,public int height ( ) { return this.y2 - this.y1 ; }
131,male,354324185,line 10,204,public int height ( ) { return this.y2 - this.y1 ; }
131,male,354548214,line 9,140,public int width ( ) { return this.x2 - this.x1 ; }
131,male,354776187,line 9,184,public int width ( ) { return this.x2 - this.x1 ; }
131,male,354848145,line 10,56,public int height ( ) { return this.y2 - this.y1 ; }
131,male,354960055,line 10,56,public int height ( ) { return this.y2 - this.y1 ; }
131,male,355024027,line 9,60,public int width ( ) { return this.x2 - this.x1 ; }
131,male,355136039,line 10,72,public int height ( ) { return this.y2 - this.y1 ; }
131,male,355284015,line 11,80,public double area ( ) { return this.width ( ) * this.height ( ) ; }
131,male,355568031,line 11,56,public double area ( ) { return this.width ( ) * this.height ( ) ; }
131,male,356131793,line 10,60,public int height ( ) { return this.y2 - this.y1 ; }
131,male,356195976,line 10,60,public int height ( ) { return this.y2 - this.y1 ; }
131,male,356475878,line 11,84,public double area ( ) { return this.width ( ) * this.height ( ) ; }
131,male,356807986,line 11,80,public double area ( ) { return this.width ( ) * this.height ( ) ; }
131,male,356956148,line 11,60,public double area ( ) { return this.width ( ) * this.height ( ) ; }
131,male,357024148,line 12,64,public static void main ( String [ ] args ) {
131,male,357227891,line 11,60,public double area ( ) { return this.width ( ) * this.height ( ) ; }
131,male,357411916,line 11,136,public double area ( ) { return this.width ( ) * this.height ( ) ; }
131,male,357495911,line 11,80,public double area ( ) { return this.width ( ) * this.height ( ) ; }
131,male,357611904,line 10,68,public int height ( ) { return this.y2 - this.y1 ; }
131,male,357883776,line 10,80,public int height ( ) { return this.y2 - this.y1 ; }
131,male,358027588,line 10,140,public int height ( ) { return this.y2 - this.y1 ; }
131,male,358199764,line 11,60,public double area ( ) { return this.width ( ) * this.height ( ) ; }
131,male,358315763,line 11,100,public double area ( ) { return this.width ( ) * this.height ( ) ; }
131,male,358479777,line 10,68,public int height ( ) { return this.y2 - this.y1 ; }
131,male,358683774,line 11,76,public double area ( ) { return this.width ( ) * this.height ( ) ; }
131,male,358827718,line 12,60,public static void main ( String [ ] args ) {
131,male,358907721,line 11,76,public double area ( ) { return this.width ( ) * this.height ( ) ; }
131,male,359379795,line 10,60,public int height ( ) { return this.y2 - this.y1 ; }
131,male,359483714,line 11,96,public double area ( ) { return this.width ( ) * this.height ( ) ; }
131,male,359963582,line 11,56,public double area ( ) { return this.width ( ) * this.height ( ) ; }
131,male,360696147,line 12,156,public static void main ( String [ ] args ) {
131,male,360935789,line 12,136,public static void main ( String [ ] args ) {
131,male,361003588,line 12,64,public static void main ( String [ ] args ) {
131,male,361347535,line 13,64,"Rectangle rect1 = new Rectangle ( 0 , 0 , 10 , 10 ) ;"
131,male,361627507,line 12,84,public static void main ( String [ ] args ) {
131,male,362183512,line 12,140,public static void main ( String [ ] args ) {
131,male,362391477,line 12,100,public static void main ( String [ ] args ) {
131,male,362603373,line 12,108,public static void main ( String [ ] args ) {
131,male,362867336,line 12,180,public static void main ( String [ ] args ) {
131,male,363059393,line 13,168,"Rectangle rect1 = new Rectangle ( 0 , 0 , 10 , 10 ) ;"
131,male,363291338,line 12,160,public static void main ( String [ ] args ) {
131,male,363355331,line 12,60,public static void main ( String [ ] args ) {
131,male,363487332,line 12,128,public static void main ( String [ ] args ) {
131,male,363647369,line 12,68,public static void main ( String [ ] args ) {
131,male,363811358,line 12,92,public static void main ( String [ ] args ) {
131,male,363951330,line 13,136,"Rectangle rect1 = new Rectangle ( 0 , 0 , 10 , 10 ) ;"
131,male,364283204,line 13,80,"Rectangle rect1 = new Rectangle ( 0 , 0 , 10 , 10 ) ;"
131,male,364511267,line 12,76,public static void main ( String [ ] args ) {
131,male,365107224,line 13,108,"Rectangle rect1 = new Rectangle ( 0 , 0 , 10 , 10 ) ;"
131,male,365235246,line 12,76,public static void main ( String [ ] args ) {
131,male,365715183,line 12,64,public static void main ( String [ ] args ) {
131,male,365790984,line 12,72,public static void main ( String [ ] args ) {
131,male,366007075,line 11,156,public double area ( ) { return this.width ( ) * this.height ( ) ; }
131,male,366159090,line 10,136,public int height ( ) { return this.y2 - this.y1 ; }
131,male,366231095,line 10,68,public int height ( ) { return this.y2 - this.y1 ; }
131,male,366459100,line 12,128,public static void main ( String [ ] args ) {
131,male,366691116,line 13,104,"Rectangle rect1 = new Rectangle ( 0 , 0 , 10 , 10 ) ;"
131,male,366795133,line 13,76,"Rectangle rect1 = new Rectangle ( 0 , 0 , 10 , 10 ) ;"
131,male,366899125,line 13,100,"Rectangle rect1 = new Rectangle ( 0 , 0 , 10 , 10 ) ;"
131,male,366995115,line 13,80,"Rectangle rect1 = new Rectangle ( 0 , 0 , 10 , 10 ) ;"
131,male,367310875,line 13,140,"Rectangle rect1 = new Rectangle ( 0 , 0 , 10 , 10 ) ;"
131,male,367426736,line 13,112,"Rectangle rect1 = new Rectangle ( 0 , 0 , 10 , 10 ) ;"
131,male,367694929,line 13,196,"Rectangle rect1 = new Rectangle ( 0 , 0 , 10 , 10 ) ;"
131,male,368006997,line 3,72,"public Rectangle ( int x1 , int y1 , int x2 , int y2 ) {"
131,male,368071007,line 3,60,"public Rectangle ( int x1 , int y1 , int x2 , int y2 ) {"
131,male,368434977,line 14,176,System.out.println ( rect1.area ( ) ) ;
131,male,368790998,line 13,132,"Rectangle rect1 = new Rectangle ( 0 , 0 , 10 , 10 ) ;"
131,male,368982862,line 13,100,"Rectangle rect1 = new Rectangle ( 0 , 0 , 10 , 10 ) ;"
131,male,369146844,line 14,160,System.out.println ( rect1.area ( ) ) ;
131,male,369482858,line 14,100,System.out.println ( rect1.area ( ) ) ;
131,male,369874773,line 14,104,System.out.println ( rect1.area ( ) ) ;
131,male,369934791,line 14,56,System.out.println ( rect1.area ( ) ) ;
131,male,370018813,line 14,80,System.out.println ( rect1.area ( ) ) ;
131,male,370118829,line 14,96,System.out.println ( rect1.area ( ) ) ;
131,male,370194843,line 13,72,"Rectangle rect1 = new Rectangle ( 0 , 0 , 10 , 10 ) ;"
131,male,370362729,line 13,108,"Rectangle rect1 = new Rectangle ( 0 , 0 , 10 , 10 ) ;"
131,male,370778670,line 12,76,public static void main ( String [ ] args ) {
131,male,370910667,line 10,108,public int height ( ) { return this.y2 - this.y1 ; }
131,male,371066678,line 12,76,public static void main ( String [ ] args ) {
131,male,371250730,line 9,68,public int width ( ) { return this.x2 - this.x1 ; }
131,male,371370698,line 9,76,public int width ( ) { return this.x2 - this.x1 ; }
131,male,371534694,line 9,160,public int width ( ) { return this.x2 - this.x1 ; }
131,male,371774719,line 10,140,public int height ( ) { return this.y2 - this.y1 ; }
131,male,371950527,line 14,140,System.out.println ( rect1.area ( ) ) ;
131,male,372206374,line 13,76,"Rectangle rect1 = new Rectangle ( 0 , 0 , 10 , 10 ) ;"
131,male,372366465,line 15,88,"Rectangle rect2 = new Rectangle ( 5 , 5 , 10 , 10 ) ;"
131,male,372574567,line 15,204,"Rectangle rect2 = new Rectangle ( 5 , 5 , 10 , 10 ) ;"
131,male,372758574,line 15,76,"Rectangle rect2 = new Rectangle ( 5 , 5 , 10 , 10 ) ;"
131,male,373114654,line 14,156,System.out.println ( rect1.area ( ) ) ;
131,male,373182853,line 15,56,"Rectangle rect2 = new Rectangle ( 5 , 5 , 10 , 10 ) ;"
131,male,373386921,line 15,200,"Rectangle rect2 = new Rectangle ( 5 , 5 , 10 , 10 ) ;"
131,male,373602426,line 15,164,"Rectangle rect2 = new Rectangle ( 5 , 5 , 10 , 10 ) ;"
131,male,373738441,line 15,60,"Rectangle rect2 = new Rectangle ( 5 , 5 , 10 , 10 ) ;"
131,male,373902449,line 15,160,"Rectangle rect2 = new Rectangle ( 5 , 5 , 10 , 10 ) ;"
131,male,373978443,line 15,72,"Rectangle rect2 = new Rectangle ( 5 , 5 , 10 , 10 ) ;"
131,male,374158432,line 15,176,"Rectangle rect2 = new Rectangle ( 5 , 5 , 10 , 10 ) ;"
131,male,374358454,line 15,156,"Rectangle rect2 = new Rectangle ( 5 , 5 , 10 , 10 ) ;"
131,male,374506471,line 15,68,"Rectangle rect2 = new Rectangle ( 5 , 5 , 10 , 10 ) ;"
131,male,374614474,line 15,104,"Rectangle rect2 = new Rectangle ( 5 , 5 , 10 , 10 ) ;"
131,male,374690466,line 15,56,"Rectangle rect2 = new Rectangle ( 5 , 5 , 10 , 10 ) ;"
131,male,374886420,line 15,192,"Rectangle rect2 = new Rectangle ( 5 , 5 , 10 , 10 ) ;"
131,male,374994354,line 15,72,"Rectangle rect2 = new Rectangle ( 5 , 5 , 10 , 10 ) ;"
131,male,375078254,line 15,80,"Rectangle rect2 = new Rectangle ( 5 , 5 , 10 , 10 ) ;"
131,male,375410308,line 15,80,"Rectangle rect2 = new Rectangle ( 5 , 5 , 10 , 10 ) ;"
131,male,375562332,line 15,112,"Rectangle rect2 = new Rectangle ( 5 , 5 , 10 , 10 ) ;"
131,male,375762362,line 16,168,System.out.println ( rect2.area ( ) ) ;
131,male,376026310,line 15,176,"Rectangle rect2 = new Rectangle ( 5 , 5 , 10 , 10 ) ;"
131,male,376346329,line 15,212,"Rectangle rect2 = new Rectangle ( 5 , 5 , 10 , 10 ) ;"
131,male,376562474,line 15,212,"Rectangle rect2 = new Rectangle ( 5 , 5 , 10 , 10 ) ;"
131,male,376674281,line 15,100,"Rectangle rect2 = new Rectangle ( 5 , 5 , 10 , 10 ) ;"
131,male,376774041,line 15,96,"Rectangle rect2 = new Rectangle ( 5 , 5 , 10 , 10 ) ;"
131,male,376910118,line 15,64,"Rectangle rect2 = new Rectangle ( 5 , 5 , 10 , 10 ) ;"
131,male,377338187,line 14,200,System.out.println ( rect1.area ( ) ) ;
131,male,377514180,line 14,80,System.out.println ( rect1.area ( ) ) ;
131,male,377686160,line 14,128,System.out.println ( rect1.area ( ) ) ;
131,male,377774142,line 14,84,System.out.println ( rect1.area ( ) ) ;
131,male,377870120,line 14,92,System.out.println ( rect1.area ( ) ) ;
131,male,378074134,line 15,128,"Rectangle rect2 = new Rectangle ( 5 , 5 , 10 , 10 ) ;"
131,male,378162191,line 14,72,System.out.println ( rect1.area ( ) ) ;
131,male,378250183,line 14,84,System.out.println ( rect1.area ( ) ) ;
131,male,378326135,line 14,72,System.out.println ( rect1.area ( ) ) ;
131,male,378494090,line 14,136,System.out.println ( rect1.area ( ) ) ;
131,male,378558090,line 14,60,System.out.println ( rect1.area ( ) ) ;
131,male,378658076,line 14,96,System.out.println ( rect1.area ( ) ) ;
131,male,378802047,line 15,100,"Rectangle rect2 = new Rectangle ( 5 , 5 , 10 , 10 ) ;"
131,male,378886043,line 15,80,"Rectangle rect2 = new Rectangle ( 5 , 5 , 10 , 10 ) ;"
131,male,379098051,line 13,180,"Rectangle rect1 = new Rectangle ( 0 , 0 , 10 , 10 ) ;"
131,male,379374086,line 15,132,"Rectangle rect2 = new Rectangle ( 5 , 5 , 10 , 10 ) ;"
131,male,379498296,line 15,120,"Rectangle rect2 = new Rectangle ( 5 , 5 , 10 , 10 ) ;"
131,male,379574522,line 15,72,"Rectangle rect2 = new Rectangle ( 5 , 5 , 10 , 10 ) ;"
131,male,379861854,line 15,56,"Rectangle rect2 = new Rectangle ( 5 , 5 , 10 , 10 ) ;"
131,male,380349936,line 15,324,"Rectangle rect2 = new Rectangle ( 5 , 5 , 10 , 10 ) ;"
131,male,380457936,line 15,64,"Rectangle rect2 = new Rectangle ( 5 , 5 , 10 , 10 ) ;"
131,male,380937888,line 14,88,System.out.println ( rect1.area ( ) ) ;
131,male,381665684,line 15,92,"Rectangle rect2 = new Rectangle ( 5 , 5 , 10 , 10 ) ;"
131,male,381845754,line 14,108,System.out.println ( rect1.area ( ) ) ;
131,male,381957791,line 14,84,System.out.println ( rect1.area ( ) ) ;
131,male,382021809,line 14,60,System.out.println ( rect1.area ( ) ) ;
131,male,382205726,line 16,148,System.out.println ( rect2.area ( ) ) ;
131,male,382337721,line 15,68,"Rectangle rect2 = new Rectangle ( 5 , 5 , 10 , 10 ) ;"
131,male,382433744,line 15,92,"Rectangle rect2 = new Rectangle ( 5 , 5 , 10 , 10 ) ;"
131,male,382517765,line 16,80,System.out.println ( rect2.area ( ) ) ;
131,male,382753731,line 14,56,System.out.println ( rect1.area ( ) ) ;
131,male,382925568,line 13,168,"Rectangle rect1 = new Rectangle ( 0 , 0 , 10 , 10 ) ;"
131,male,383041573,line 14,80,System.out.println ( rect1.area ( ) ) ;
131,male,383105601,line 14,60,System.out.println ( rect1.area ( ) ) ;
131,male,383189660,line 16,68,System.out.println ( rect2.area ( ) ) ;
131,male,383333780,line 16,140,System.out.println ( rect2.area ( ) ) ;
131,male,383474109,line 14,92,System.out.println ( rect1.area ( ) ) ;
131,male,383542127,line 14,64,System.out.println ( rect1.area ( ) ) ;
131,male,383641967,line 15,60,"Rectangle rect2 = new Rectangle ( 5 , 5 , 10 , 10 ) ;"
131,male,383841662,line 15,132,"Rectangle rect2 = new Rectangle ( 5 , 5 , 10 , 10 ) ;"
131,male,384081684,line 13,188,"Rectangle rect1 = new Rectangle ( 0 , 0 , 10 , 10 ) ;"
131,male,384213676,line 13,64,"Rectangle rect1 = new Rectangle ( 0 , 0 , 10 , 10 ) ;"
131,male,384885541,line 16,76,System.out.println ( rect2.area ( ) ) ;
131,male,385285529,line 13,348,"Rectangle rect1 = new Rectangle ( 0 , 0 , 10 , 10 ) ;"
131,male,385573416,line 15,248,"Rectangle rect2 = new Rectangle ( 5 , 5 , 10 , 10 ) ;"
131,male,385929455,line 15,56,"Rectangle rect2 = new Rectangle ( 5 , 5 , 10 , 10 ) ;"
131,male,386041341,line 15,108,"Rectangle rect2 = new Rectangle ( 5 , 5 , 10 , 10 ) ;"
131,male,386689435,line 16,124,System.out.println ( rect2.area ( ) ) ;
131,male,386837438,line 16,60,System.out.println ( rect2.area ( ) ) ;
131,male,386897427,line 16,56,System.out.println ( rect2.area ( ) ) ;
131,male,387213406,line 11,56,public double area ( ) { return this.width ( ) * this.height ( ) ; }
131,male,387353457,line 16,64,System.out.println ( rect2.area ( ) ) ;
131,male,387489392,line 16,132,System.out.println ( rect2.area ( ) ) ;
131,male,387593312,line 16,92,System.out.println ( rect2.area ( ) ) ;
131,male,387765259,line 16,168,System.out.println ( rect2.area ( ) ) ;
137,male,6309349441,line 3,100,"public Rectangle ( int x1 , int y1 , int x2 , int y2 ) {"
137,male,6309545331,line 3,192,"public Rectangle ( int x1 , int y1 , int x2 , int y2 ) {"
137,male,6309713340,line 3,124,"public Rectangle ( int x1 , int y1 , int x2 , int y2 ) {"
137,male,6310049368,line 3,84,"public Rectangle ( int x1 , int y1 , int x2 , int y2 ) {"
137,male,6310273305,line 3,184,"public Rectangle ( int x1 , int y1 , int x2 , int y2 ) {"
137,male,6310365303,line 3,88,"public Rectangle ( int x1 , int y1 , int x2 , int y2 ) {"
137,male,6310453301,line 3,84,"public Rectangle ( int x1 , int y1 , int x2 , int y2 ) {"
137,male,6310645325,line 3,168,"public Rectangle ( int x1 , int y1 , int x2 , int y2 ) {"
137,male,6310777315,line 3,128,"public Rectangle ( int x1 , int y1 , int x2 , int y2 ) {"
137,male,6311453110,line 3,96,"public Rectangle ( int x1 , int y1 , int x2 , int y2 ) {"
137,male,6312001252,line 4,144,this.x1 = x1 ;
137,male,6312097254,line 4,92,this.x1 = x1 ;
137,male,6313125005,line 5,76,this.y1 = y1 ;
137,male,6313340970,line 5,212,this.y1 = y1 ;
137,male,6313409021,line 5,64,this.y1 = y1 ;
137,male,6313617048,line 4,68,this.x1 = x1 ;
137,male,6313725063,line 4,104,this.x1 = x1 ;
137,male,6313961120,line 5,132,this.y1 = y1 ;
137,male,6314097074,line 5,132,this.y1 = y1 ;
137,male,6314233002,line 5,132,this.y1 = y1 ;
137,male,6314457053,line 5,204,this.y1 = y1 ;
137,male,6314561068,line 5,100,this.y1 = y1 ;
137,male,6314653072,line 5,88,this.y1 = y1 ;
137,male,6314761060,line 5,104,this.y1 = y1 ;
137,male,6314961003,line 5,196,this.y1 = y1 ;
137,male,6315056990,line 5,72,this.y1 = y1 ;
137,male,6315369060,line 5,108,this.y1 = y1 ;
137,male,6315492941,line 5,120,this.y1 = y1 ;
137,male,6315728930,line 5,192,this.y1 = y1 ;
137,male,6315832934,line 5,100,this.y1 = y1 ;
137,male,6316192940,line 5,124,this.y1 = y1 ;
137,male,6316352955,line 5,104,this.y1 = y1 ;
137,male,6316444952,line 5,88,this.y1 = y1 ;
137,male,6316672818,line 5,60,this.y1 = y1 ;
137,male,6316788869,line 6,96,this.x2 = x2 ;
137,male,6316900895,line 6,108,this.x2 = x2 ;
137,male,6317236832,line 6,212,this.x2 = x2 ;
137,male,6317364813,line 6,124,this.x2 = x2 ;
137,male,6317844811,line 7,68,this.y2 = y2 ;
137,male,6321212511,line 11,60,public double area ( ) { return this.width ( ) * this.height ( ) ; }
137,male,6321488504,line 11,144,public double area ( ) { return this.width ( ) * this.height ( ) ; }
137,male,6322440533,line 12,60,public static void main ( String [ ] args ) {
137,male,6322512524,line 12,68,public static void main ( String [ ] args ) {
137,male,6322840403,line 12,60,public static void main ( String [ ] args ) {
137,male,6322964423,line 12,60,public static void main ( String [ ] args ) {
137,male,6323060424,line 12,76,public static void main ( String [ ] args ) {
137,male,6323176415,line 12,112,public static void main ( String [ ] args ) {
137,male,6323456395,line 12,152,public static void main ( String [ ] args ) {
137,male,6323732419,line 13,84,"Rectangle rect1 = new Rectangle ( 0 , 0 , 10 , 10 ) ;"
137,male,6323832425,line 13,80,"Rectangle rect1 = new Rectangle ( 0 , 0 , 10 , 10 ) ;"
137,male,6323932428,line 13,96,"Rectangle rect1 = new Rectangle ( 0 , 0 , 10 , 10 ) ;"
137,male,6324004429,line 13,68,"Rectangle rect1 = new Rectangle ( 0 , 0 , 10 , 10 ) ;"
137,male,6324160401,line 13,80,"Rectangle rect1 = new Rectangle ( 0 , 0 , 10 , 10 ) ;"
137,male,6324256396,line 13,92,"Rectangle rect1 = new Rectangle ( 0 , 0 , 10 , 10 ) ;"
137,male,6324336411,line 13,76,"Rectangle rect1 = new Rectangle ( 0 , 0 , 10 , 10 ) ;"
137,male,6324408430,line 13,68,"Rectangle rect1 = new Rectangle ( 0 , 0 , 10 , 10 ) ;"
137,male,6324528289,line 13,84,"Rectangle rect1 = new Rectangle ( 0 , 0 , 10 , 10 ) ;"
137,male,6324752186,line 14,168,System.out.println ( rect1.area ( ) ) ;
137,male,6324988284,line 14,192,System.out.println ( rect1.area ( ) ) ;
137,male,6325092286,line 14,100,System.out.println ( rect1.area ( ) ) ;
137,male,6325352267,line 14,204,System.out.println ( rect1.area ( ) ) ;
137,male,6325460249,line 14,56,System.out.println ( rect1.area ( ) ) ;
137,male,6325528270,line 14,64,System.out.println ( rect1.area ( ) ) ;
137,male,6325604300,line 14,72,System.out.println ( rect1.area ( ) ) ;
137,male,6325748320,line 14,140,System.out.println ( rect1.area ( ) ) ;
137,male,6325852300,line 14,100,System.out.println ( rect1.area ( ) ) ;
137,male,6325936263,line 14,80,System.out.println ( rect1.area ( ) ) ;
137,male,6326112223,line 14,96,System.out.println ( rect1.area ( ) ) ;
137,male,6326172234,line 14,56,System.out.println ( rect1.area ( ) ) ;
137,male,6326268233,line 14,92,System.out.println ( rect1.area ( ) ) ;
137,male,6326340143,line 14,68,System.out.println ( rect1.area ( ) ) ;
137,male,6326416039,line 14,56,System.out.println ( rect1.area ( ) ) ;
137,male,6326528024,line 14,64,System.out.println ( rect1.area ( ) ) ;
137,male,6326672157,line 15,108,"Rectangle rect2 = new Rectangle ( 5 , 5 , 10 , 10 ) ;"
137,male,6326736170,line 15,60,"Rectangle rect2 = new Rectangle ( 5 , 5 , 10 , 10 ) ;"
137,male,6326812178,line 15,72,"Rectangle rect2 = new Rectangle ( 5 , 5 , 10 , 10 ) ;"
137,male,6326888186,line 15,72,"Rectangle rect2 = new Rectangle ( 5 , 5 , 10 , 10 ) ;"
137,male,6327004177,line 15,96,"Rectangle rect2 = new Rectangle ( 5 , 5 , 10 , 10 ) ;"
137,male,6327132172,line 15,56,"Rectangle rect2 = new Rectangle ( 5 , 5 , 10 , 10 ) ;"
137,male,6327308163,line 15,104,"Rectangle rect2 = new Rectangle ( 5 , 5 , 10 , 10 ) ;"
137,male,6327376148,line 15,64,"Rectangle rect2 = new Rectangle ( 5 , 5 , 10 , 10 ) ;"
137,male,6327648188,line 12,132,public static void main ( String [ ] args ) {
137,male,6328816030,line 10,76,public int height ( ) { return this.y2 - this.y1 ; }
137,male,6329708013,line 11,84,public double area ( ) { return this.width ( ) * this.height ( ) ; }
137,male,6329807977,line 11,96,public double area ( ) { return this.width ( ) * this.height ( ) ; }
137,male,6330291855,line 12,56,public static void main ( String [ ] args ) {
137,male,6330443861,line 12,88,public static void main ( String [ ] args ) {
137,male,6330523858,line 12,76,public static void main ( String [ ] args ) {
137,male,6330591836,line 12,64,public static void main ( String [ ] args ) {
137,male,6330715798,line 11,76,public double area ( ) { return this.width ( ) * this.height ( ) ; }
137,male,6330855785,line 12,80,public static void main ( String [ ] args ) {
137,male,6330927784,line 12,68,public static void main ( String [ ] args ) {
137,male,6331159857,line 11,112,public double area ( ) { return this.width ( ) * this.height ( ) ; }
137,male,6331255848,line 11,92,public double area ( ) { return this.width ( ) * this.height ( ) ; }
137,male,6331403840,line 11,144,public double area ( ) { return this.width ( ) * this.height ( ) ; }
137,male,6331467843,line 11,60,public double area ( ) { return this.width ( ) * this.height ( ) ; }
137,male,6331551852,line 11,80,public double area ( ) { return this.width ( ) * this.height ( ) ; }
137,male,6331703880,line 11,68,public double area ( ) { return this.width ( ) * this.height ( ) ; }
137,male,6331899832,line 12,72,public static void main ( String [ ] args ) {
137,male,6332019768,line 12,116,public static void main ( String [ ] args ) {
137,male,6332155627,line 12,72,public static void main ( String [ ] args ) {
137,male,6332231640,line 12,72,public static void main ( String [ ] args ) {
137,male,6332623747,line 11,72,public double area ( ) { return this.width ( ) * this.height ( ) ; }
137,male,6332731741,line 11,64,public double area ( ) { return this.width ( ) * this.height ( ) ; }
137,male,6332875809,line 11,84,public double area ( ) { return this.width ( ) * this.height ( ) ; }
137,male,6333003768,line 11,88,public double area ( ) { return this.width ( ) * this.height ( ) ; }
137,male,6333215744,line 11,68,public double area ( ) { return this.width ( ) * this.height ( ) ; }
137,male,6333339762,line 12,68,public static void main ( String [ ] args ) {
137,male,6334015491,line 11,112,public double area ( ) { return this.width ( ) * this.height ( ) ; }
137,male,6334175437,line 6,88,this.x2 = x2 ;
144,female,329650326,line 3,124,"public Rectangle ( int x1 , int y1 , int x2 , int y2 ) {"
144,female,329750314,line 4,96,this.x1 = x1 ;
144,female,329894299,line 1,60,public class Rectangle {
144,female,330062306,line 2,76,"private int x1 , y1 , x2 , y2 ;"
144,female,330150302,line 2,84,"private int x1 , y1 , x2 , y2 ;"
144,female,330442232,line 2,76,"private int x1 , y1 , x2 , y2 ;"
144,female,330726291,line 2,72,"private int x1 , y1 , x2 , y2 ;"
144,female,330958244,line 2,60,"private int x1 , y1 , x2 , y2 ;"
144,female,331074220,line 2,92,"private int x1 , y1 , x2 , y2 ;"
144,female,331190212,line 3,112,"public Rectangle ( int x1 , int y1 , int x2 , int y2 ) {"
144,female,331254212,line 3,60,"public Rectangle ( int x1 , int y1 , int x2 , int y2 ) {"
144,female,331574185,line 2,176,"private int x1 , y1 , x2 , y2 ;"
144,female,331634170,line 2,56,"private int x1 , y1 , x2 , y2 ;"
144,female,331698125,line 2,60,"private int x1 , y1 , x2 , y2 ;"
144,female,332030035,line 3,80,"public Rectangle ( int x1 , int y1 , int x2 , int y2 ) {"
144,female,332218089,line 3,104,"public Rectangle ( int x1 , int y1 , int x2 , int y2 ) {"
144,female,332462103,line 2,108,"private int x1 , y1 , x2 , y2 ;"
144,female,332626106,line 3,160,"public Rectangle ( int x1 , int y1 , int x2 , int y2 ) {"
144,female,332822084,line 3,160,"public Rectangle ( int x1 , int y1 , int x2 , int y2 ) {"
144,female,333130050,line 4,268,this.x1 = x1 ;
144,female,333478071,line 3,60,"public Rectangle ( int x1 , int y1 , int x2 , int y2 ) {"
144,female,333625984,line 3,60,"public Rectangle ( int x1 , int y1 , int x2 , int y2 ) {"
144,female,333849964,line 3,140,"public Rectangle ( int x1 , int y1 , int x2 , int y2 ) {"
144,female,333913974,line 3,60,"public Rectangle ( int x1 , int y1 , int x2 , int y2 ) {"
144,female,334105984,line 3,72,"public Rectangle ( int x1 , int y1 , int x2 , int y2 ) {"
144,female,334366025,line 5,64,this.y1 = y1 ;
144,female,334458010,line 5,88,this.y1 = y1 ;
144,female,334565992,line 5,56,this.y1 = y1 ;
144,female,334801819,line 6,120,this.x2 = x2 ;
144,female,335085734,line 9,88,public int width ( ) { return this.x2 - this.x1 ; }
144,female,335177773,line 9,88,public int width ( ) { return this.x2 - this.x1 ; }
144,female,335305791,line 9,76,public int width ( ) { return this.x2 - this.x1 ; }
144,female,335417813,line 9,108,public int width ( ) { return this.x2 - this.x1 ; }
144,female,335889808,line 10,72,public int height ( ) { return this.y2 - this.y1 ; }
144,female,336025809,line 9,96,public int width ( ) { return this.x2 - this.x1 ; }
144,female,336161838,line 10,72,public int height ( ) { return this.y2 - this.y1 ; }
144,female,337461657,line 10,60,public int height ( ) { return this.y2 - this.y1 ; }
144,female,337621677,line 9,116,public int width ( ) { return this.x2 - this.x1 ; }
144,female,337789685,line 9,124,public int width ( ) { return this.x2 - this.x1 ; }
144,female,338033582,line 9,60,public int width ( ) { return this.x2 - this.x1 ; }
144,female,338413540,line 9,56,public int width ( ) { return this.x2 - this.x1 ; }
144,female,338505540,line 10,56,public int height ( ) { return this.y2 - this.y1 ; }
144,female,338777449,line 9,96,public int width ( ) { return this.x2 - this.x1 ; }
144,female,338885488,line 10,68,public int height ( ) { return this.y2 - this.y1 ; }
144,female,338989527,line 11,64,public double area ( ) { return this.width ( ) * this.height ( ) ; }
144,female,339097566,line 11,56,public double area ( ) { return this.width ( ) * this.height ( ) ; }
144,female,339169579,line 10,68,public int height ( ) { return this.y2 - this.y1 ; }
144,female,339233580,line 10,60,public int height ( ) { return this.y2 - this.y1 ; }
144,female,339473491,line 11,156,public double area ( ) { return this.width ( ) * this.height ( ) ; }
144,female,339573385,line 11,60,public double area ( ) { return this.width ( ) * this.height ( ) ; }
144,female,339713373,line 10,136,public int height ( ) { return this.y2 - this.y1 ; }
144,female,340873474,line 13,60,"Rectangle rect1 = new Rectangle ( 0 , 0 , 10 , 10 ) ;"
144,female,341193306,line 10,108,public int height ( ) { return this.y2 - this.y1 ; }
144,female,341645328,line 10,64,public int height ( ) { return this.y2 - this.y1 ; }
144,female,341733306,line 10,84,public int height ( ) { return this.y2 - this.y1 ; }
144,female,341809288,line 10,72,public int height ( ) { return this.y2 - this.y1 ; }
144,female,342013217,line 11,136,public double area ( ) { return this.width ( ) * this.height ( ) ; }
144,female,342377297,line 11,64,public double area ( ) { return this.width ( ) * this.height ( ) ; }
144,female,342593222,line 10,104,public int height ( ) { return this.y2 - this.y1 ; }
144,female,342693114,line 10,96,public int height ( ) { return this.y2 - this.y1 ; }
144,female,342809134,line 10,112,public int height ( ) { return this.y2 - this.y1 ; }
144,female,342989165,line 11,156,public double area ( ) { return this.width ( ) * this.height ( ) ; }
144,female,343129145,line 11,96,public double area ( ) { return this.width ( ) * this.height ( ) ; }
144,female,343221145,line 11,60,public double area ( ) { return this.width ( ) * this.height ( ) ; }
144,female,343325146,line 12,60,public static void main ( String [ ] args ) {
144,female,343501158,line 11,68,public double area ( ) { return this.width ( ) * this.height ( ) ; }
144,female,343641175,line 12,68,public static void main ( String [ ] args ) {
144,female,343745180,line 12,100,public static void main ( String [ ] args ) {
144,female,343809180,line 12,60,public static void main ( String [ ] args ) {
144,female,343953173,line 12,72,public static void main ( String [ ] args ) {
144,female,344029161,line 11,72,public double area ( ) { return this.width ( ) * this.height ( ) ; }
144,female,344332884,line 13,60,"Rectangle rect1 = new Rectangle ( 0 , 0 , 10 , 10 ) ;"
144,female,344561025,line 13,80,"Rectangle rect1 = new Rectangle ( 0 , 0 , 10 , 10 ) ;"
144,female,344673054,line 13,88,"Rectangle rect1 = new Rectangle ( 0 , 0 , 10 , 10 ) ;"
144,female,344741060,line 13,64,"Rectangle rect1 = new Rectangle ( 0 , 0 , 10 , 10 ) ;"
144,female,344973005,line 13,76,"Rectangle rect1 = new Rectangle ( 0 , 0 , 10 , 10 ) ;"
144,female,345141012,line 13,84,"Rectangle rect1 = new Rectangle ( 0 , 0 , 10 , 10 ) ;"
144,female,345225003,line 13,80,"Rectangle rect1 = new Rectangle ( 0 , 0 , 10 , 10 ) ;"
144,female,345456988,line 13,104,"Rectangle rect1 = new Rectangle ( 0 , 0 , 10 , 10 ) ;"
144,female,346124909,line 12,92,public static void main ( String [ ] args ) {
144,female,346452924,line 12,68,public static void main ( String [ ] args ) {
144,female,346604932,line 13,64,"Rectangle rect1 = new Rectangle ( 0 , 0 , 10 , 10 ) ;"
144,female,346692921,line 13,84,"Rectangle rect1 = new Rectangle ( 0 , 0 , 10 , 10 ) ;"
144,female,347060882,line 11,72,public double area ( ) { return this.width ( ) * this.height ( ) ; }
144,female,347600714,line 11,60,public double area ( ) { return this.width ( ) * this.height ( ) ; }
144,female,347664761,line 11,60,public double area ( ) { return this.width ( ) * this.height ( ) ; }
144,female,348056757,line 3,148,"public Rectangle ( int x1 , int y1 , int x2 , int y2 ) {"
144,female,348120747,line 3,60,"public Rectangle ( int x1 , int y1 , int x2 , int y2 ) {"
144,female,348200798,line 3,56,"public Rectangle ( int x1 , int y1 , int x2 , int y2 ) {"
144,female,348848505,line 3,56,"public Rectangle ( int x1 , int y1 , int x2 , int y2 ) {"
144,female,349016555,line 3,72,"public Rectangle ( int x1 , int y1 , int x2 , int y2 ) {"
144,female,349828640,line 3,56,"public Rectangle ( int x1 , int y1 , int x2 , int y2 ) {"
144,female,350064622,line 3,116,"public Rectangle ( int x1 , int y1 , int x2 , int y2 ) {"
144,female,350336528,line 3,64,"public Rectangle ( int x1 , int y1 , int x2 , int y2 ) {"
144,female,350480418,line 3,64,"public Rectangle ( int x1 , int y1 , int x2 , int y2 ) {"
144,female,351248504,line 13,72,"Rectangle rect1 = new Rectangle ( 0 , 0 , 10 , 10 ) ;"
144,female,351316502,line 13,64,"Rectangle rect1 = new Rectangle ( 0 , 0 , 10 , 10 ) ;"
144,female,351608470,line 13,72,"Rectangle rect1 = new Rectangle ( 0 , 0 , 10 , 10 ) ;"
144,female,351668457,line 13,56,"Rectangle rect1 = new Rectangle ( 0 , 0 , 10 , 10 ) ;"
144,female,351924463,line 15,72,"Rectangle rect2 = new Rectangle ( 5 , 5 , 10 , 10 ) ;"
144,female,352120311,line 15,64,"Rectangle rect2 = new Rectangle ( 5 , 5 , 10 , 10 ) ;"
144,female,352272291,line 14,100,System.out.println ( rect1.area ( ) ) ;
144,female,352336306,line 14,60,System.out.println ( rect1.area ( ) ) ;
144,female,353284365,line 14,72,System.out.println ( rect1.area ( ) ) ;
144,female,353572169,line 13,60,"Rectangle rect1 = new Rectangle ( 0 , 0 , 10 , 10 ) ;"
144,female,354064240,line 14,56,System.out.println ( rect1.area ( ) ) ;
144,female,354248208,line 12,60,public static void main ( String [ ] args ) {
144,female,354824214,line 11,92,public double area ( ) { return this.width ( ) * this.height ( ) ; }
144,female,354968101,line 10,96,public int height ( ) { return this.y2 - this.y1 ; }
144,female,355155930,line 10,92,public int height ( ) { return this.y2 - this.y1 ; }
144,female,355396089,line 10,124,public int height ( ) { return this.y2 - this.y1 ; }
144,female,355532063,line 10,76,public int height ( ) { return this.y2 - this.y1 ; }
144,female,355592069,line 10,56,public int height ( ) { return this.y2 - this.y1 ; }
144,female,355812111,line 11,124,public double area ( ) { return this.width ( ) * this.height ( ) ; }
144,female,356020085,line 10,96,public int height ( ) { return this.y2 - this.y1 ; }
144,female,356092030,line 10,68,public int height ( ) { return this.y2 - this.y1 ; }
144,female,356372085,line 11,88,public double area ( ) { return this.width ( ) * this.height ( ) ; }
144,female,356487924,line 11,112,public double area ( ) { return this.width ( ) * this.height ( ) ; }
144,female,356579871,line 13,56,"Rectangle rect1 = new Rectangle ( 0 , 0 , 10 , 10 ) ;"
144,female,357036018,line 13,96,"Rectangle rect1 = new Rectangle ( 0 , 0 , 10 , 10 ) ;"
144,female,357228164,line 13,100,"Rectangle rect1 = new Rectangle ( 0 , 0 , 10 , 10 ) ;"
144,female,357456044,line 11,60,public double area ( ) { return this.width ( ) * this.height ( ) ; }
144,female,357543914,line 11,84,public double area ( ) { return this.width ( ) * this.height ( ) ; }
144,female,357647926,line 11,76,public double area ( ) { return this.width ( ) * this.height ( ) ; }
144,female,357876006,line 11,104,public double area ( ) { return this.width ( ) * this.height ( ) ; }
144,female,357980030,line 11,100,public double area ( ) { return this.width ( ) * this.height ( ) ; }
144,female,358039958,line 11,56,public double area ( ) { return this.width ( ) * this.height ( ) ; }
144,female,358287811,line 10,88,public int height ( ) { return this.y2 - this.y1 ; }
144,female,358827811,line 9,92,public int width ( ) { return this.x2 - this.x1 ; }
144,female,359143840,line 11,76,public double area ( ) { return this.width ( ) * this.height ( ) ; }
144,female,360199696,line 14,68,System.out.println ( rect1.area ( ) ) ;
144,female,360483740,line 15,172,"Rectangle rect2 = new Rectangle ( 5 , 5 , 10 , 10 ) ;"
144,female,360763683,line 16,88,System.out.println ( rect2.area ( ) ) ;
144,female,360947681,line 16,180,System.out.println ( rect2.area ( ) ) ;
144,female,361467610,line 15,76,"Rectangle rect2 = new Rectangle ( 5 , 5 , 10 , 10 ) ;"
144,female,362095576,line 16,144,System.out.println ( rect2.area ( ) ) ;
144,female,362587534,line 16,72,System.out.println ( rect2.area ( ) ) ;
146,female,1074335491,line 4,60,this.x1 = x1 ;
146,female,1076623246,line 1,84,public class Rectangle {
146,female,1076715248,line 1,72,public class Rectangle {
146,female,1076775245,line 1,56,public class Rectangle {
146,female,1077915103,line 2,56,"private int x1 , y1 , x2 , y2 ;"
146,female,1078047088,line 2,92,"private int x1 , y1 , x2 , y2 ;"
146,female,1078623109,line 2,72,"private int x1 , y1 , x2 , y2 ;"
146,female,1078787116,line 2,76,"private int x1 , y1 , x2 , y2 ;"
146,female,1079243101,line 2,64,"private int x1 , y1 , x2 , y2 ;"
146,female,1079382803,line 1,68,public class Rectangle {
146,female,1079566965,line 2,84,"private int x1 , y1 , x2 , y2 ;"
146,female,1079678964,line 2,60,"private int x1 , y1 , x2 , y2 ;"
146,female,1079742964,line 2,60,"private int x1 , y1 , x2 , y2 ;"
146,female,1079938994,line 2,128,"private int x1 , y1 , x2 , y2 ;"
146,female,1080114948,line 2,84,"private int x1 , y1 , x2 , y2 ;"
146,female,1080174928,line 2,56,"private int x1 , y1 , x2 , y2 ;"
146,female,1080454906,line 2,64,"private int x1 , y1 , x2 , y2 ;"
146,female,1080662965,line 2,124,"private int x1 , y1 , x2 , y2 ;"
146,female,1080862894,line 2,112,"private int x1 , y1 , x2 , y2 ;"
146,female,1080966816,line 2,68,"private int x1 , y1 , x2 , y2 ;"
146,female,1081326835,line 2,72,"private int x1 , y1 , x2 , y2 ;"
146,female,1081446823,line 2,72,"private int x1 , y1 , x2 , y2 ;"
146,female,1081574813,line 2,84,"private int x1 , y1 , x2 , y2 ;"
146,female,1081890827,line 2,64,"private int x1 , y1 , x2 , y2 ;"
146,female,1082090795,line 2,140,"private int x1 , y1 , x2 , y2 ;"
146,female,1082558697,line 4,56,this.x1 = x1 ;
146,female,1082850714,line 2,64,"private int x1 , y1 , x2 , y2 ;"
146,female,1082958704,line 2,60,"private int x1 , y1 , x2 , y2 ;"
146,female,1083034700,line 2,60,"private int x1 , y1 , x2 , y2 ;"
146,female,1083294688,line 2,56,"private int x1 , y1 , x2 , y2 ;"
146,female,1083586677,line 4,68,this.x1 = x1 ;
146,female,1083650680,line 4,60,this.x1 = x1 ;
146,female,1084338554,line 3,56,"public Rectangle ( int x1 , int y1 , int x2 , int y2 ) {"
146,female,1085462579,line 1,128,public class Rectangle {
146,female,1085530750,line 1,64,public class Rectangle {
146,female,1085694846,line 1,96,public class Rectangle {
146,female,1085886552,line 2,84,"private int x1 , y1 , x2 , y2 ;"
146,female,1086138429,line 2,56,"private int x1 , y1 , x2 , y2 ;"
146,female,1086362434,line 2,108,"private int x1 , y1 , x2 , y2 ;"
146,female,1086426431,line 2,60,"private int x1 , y1 , x2 , y2 ;"
146,female,1086646573,line 2,108,"private int x1 , y1 , x2 , y2 ;"
146,female,1086770533,line 2,76,"private int x1 , y1 , x2 , y2 ;"
146,female,1086922374,line 2,116,"private int x1 , y1 , x2 , y2 ;"
146,female,1086986271,line 2,60,"private int x1 , y1 , x2 , y2 ;"
146,female,1087054175,line 2,64,"private int x1 , y1 , x2 , y2 ;"
146,female,1087214205,line 2,64,"private int x1 , y1 , x2 , y2 ;"
146,female,1087406324,line 3,76,"public Rectangle ( int x1 , int y1 , int x2 , int y2 ) {"
146,female,1087598307,line 3,84,"public Rectangle ( int x1 , int y1 , int x2 , int y2 ) {"
146,female,1087658318,line 3,56,"public Rectangle ( int x1 , int y1 , int x2 , int y2 ) {"
146,female,1087854323,line 3,72,"public Rectangle ( int x1 , int y1 , int x2 , int y2 ) {"
146,female,1087994302,line 3,100,"public Rectangle ( int x1 , int y1 , int x2 , int y2 ) {"
146,female,1088058294,line 3,60,"public Rectangle ( int x1 , int y1 , int x2 , int y2 ) {"
146,female,1088282306,line 3,188,"public Rectangle ( int x1 , int y1 , int x2 , int y2 ) {"
146,female,1088858223,line 4,80,this.x1 = x1 ;
146,female,1089510122,line 4,80,this.x1 = x1 ;
146,female,1089678163,line 4,108,this.x1 = x1 ;
146,female,1089902179,line 4,116,this.x1 = x1 ;
146,female,1090133879,line 10,156,public int height ( ) { return this.y2 - this.y1 ; }
146,female,1090358526,line 10,72,public int height ( ) { return this.y2 - this.y1 ; }
146,female,1090462359,line 10,72,public int height ( ) { return this.y2 - this.y1 ; }
146,female,1090550188,line 10,84,public int height ( ) { return this.y2 - this.y1 ; }
146,female,1090610122,line 10,56,public int height ( ) { return this.y2 - this.y1 ; }
146,female,1090738021,line 10,124,public int height ( ) { return this.y2 - this.y1 ; }
146,female,1090866022,line 10,80,public int height ( ) { return this.y2 - this.y1 ; }
146,female,1091038038,line 10,64,public int height ( ) { return this.y2 - this.y1 ; }
146,female,1091318110,line 10,148,public int height ( ) { return this.y2 - this.y1 ; }
146,female,1091382141,line 10,60,public int height ( ) { return this.y2 - this.y1 ; }
146,female,1091482087,line 10,96,public int height ( ) { return this.y2 - this.y1 ; }
146,female,1091562044,line 10,76,public int height ( ) { return this.y2 - this.y1 ; }
146,female,1091657944,line 10,56,public int height ( ) { return this.y2 - this.y1 ; }
146,female,1091741839,line 10,80,public int height ( ) { return this.y2 - this.y1 ; }
146,female,1091881845,line 10,64,public int height ( ) { return this.y2 - this.y1 ; }
146,female,1091941874,line 10,56,public int height ( ) { return this.y2 - this.y1 ; }
146,female,1092001891,line 10,56,public int height ( ) { return this.y2 - this.y1 ; }
146,female,1092121918,line 2,76,"private int x1 , y1 , x2 , y2 ;"
146,female,1092229864,line 2,104,"private int x1 , y1 , x2 , y2 ;"
146,female,1092469684,line 1,144,public class Rectangle {
146,female,1092689877,line 1,120,public class Rectangle {
146,female,1092821896,line 1,84,public class Rectangle {
146,female,1092913883,line 1,88,public class Rectangle {
146,female,1093721760,line 11,56,public double area ( ) { return this.width ( ) * this.height ( ) ; }
146,female,1093953767,line 11,68,public double area ( ) { return this.width ( ) * this.height ( ) ; }
146,female,1094017767,line 11,60,public double area ( ) { return this.width ( ) * this.height ( ) ; }
146,female,1094093748,line 11,72,public double area ( ) { return this.width ( ) * this.height ( ) ; }
146,female,1094565755,line 10,104,public int height ( ) { return this.y2 - this.y1 ; }
146,female,1094881556,line 12,80,public static void main ( String [ ] args ) {
146,female,1095005550,line 11,76,public double area ( ) { return this.width ( ) * this.height ( ) ; }
146,female,1095149614,line 11,108,public double area ( ) { return this.width ( ) * this.height ( ) ; }
146,female,1095241632,line 11,88,public double area ( ) { return this.width ( ) * this.height ( ) ; }
146,female,1095329633,line 10,60,public int height ( ) { return this.y2 - this.y1 ; }
146,female,1095521641,line 11,68,public double area ( ) { return this.width ( ) * this.height ( ) ; }
146,female,1095593653,line 11,68,public double area ( ) { return this.width ( ) * this.height ( ) ; }
146,female,1095837616,line 12,128,public static void main ( String [ ] args ) {
146,female,1095997683,line 12,92,public static void main ( String [ ] args ) {
146,female,1096185692,line 12,84,public static void main ( String [ ] args ) {
146,female,1096321606,line 12,56,public static void main ( String [ ] args ) {
146,female,1096437443,line 12,112,public static void main ( String [ ] args ) {
146,female,1097601493,line 13,140,"Rectangle rect1 = new Rectangle ( 0 , 0 , 10 , 10 ) ;"
146,female,1097813496,line 13,120,"Rectangle rect1 = new Rectangle ( 0 , 0 , 10 , 10 ) ;"
146,female,1097925422,line 14,64,System.out.println ( rect1.area ( ) ) ;
146,female,1098085408,line 14,156,System.out.println ( rect1.area ( ) ) ;
146,female,1098313404,line 14,136,System.out.println ( rect1.area ( ) ) ;
146,female,1098517367,line 13,140,"Rectangle rect1 = new Rectangle ( 0 , 0 , 10 , 10 ) ;"
146,female,1098589364,line 13,68,"Rectangle rect1 = new Rectangle ( 0 , 0 , 10 , 10 ) ;"
146,female,1098801213,line 13,72,"Rectangle rect1 = new Rectangle ( 0 , 0 , 10 , 10 ) ;"
146,female,1098904969,line 13,100,"Rectangle rect1 = new Rectangle ( 0 , 0 , 10 , 10 ) ;"
146,female,1099101199,line 13,184,"Rectangle rect1 = new Rectangle ( 0 , 0 , 10 , 10 ) ;"
146,female,1099193348,line 13,88,"Rectangle rect1 = new Rectangle ( 0 , 0 , 10 , 10 ) ;"
146,female,1099297342,line 13,80,"Rectangle rect1 = new Rectangle ( 0 , 0 , 10 , 10 ) ;"
146,female,1099389323,line 13,88,"Rectangle rect1 = new Rectangle ( 0 , 0 , 10 , 10 ) ;"
146,female,1099497254,line 13,104,"Rectangle rect1 = new Rectangle ( 0 , 0 , 10 , 10 ) ;"
146,female,1099637219,line 13,84,"Rectangle rect1 = new Rectangle ( 0 , 0 , 10 , 10 ) ;"
146,female,1099813247,line 13,172,"Rectangle rect1 = new Rectangle ( 0 , 0 , 10 , 10 ) ;"
146,female,1100001269,line 13,184,"Rectangle rect1 = new Rectangle ( 0 , 0 , 10 , 10 ) ;"
146,female,1100121217,line 13,72,"Rectangle rect1 = new Rectangle ( 0 , 0 , 10 , 10 ) ;"
146,female,1100493231,line 14,92,System.out.println ( rect1.area ( ) ) ;
146,female,1100569207,line 14,72,System.out.println ( rect1.area ( ) ) ;
146,female,1100717226,line 13,84,"Rectangle rect1 = new Rectangle ( 0 , 0 , 10 , 10 ) ;"
146,female,1100909239,line 14,80,System.out.println ( rect1.area ( ) ) ;
146,female,1101013179,line 14,100,System.out.println ( rect1.area ( ) ) ;
146,female,1101172924,line 14,120,System.out.println ( rect1.area ( ) ) ;
146,female,1101561125,line 14,64,System.out.println ( rect1.area ( ) ) ;
146,female,1101789127,line 14,68,System.out.println ( rect1.area ( ) ) ;
146,female,1101901109,line 14,60,System.out.println ( rect1.area ( ) ) ;
146,female,1101973097,line 14,68,System.out.println ( rect1.area ( ) ) ;
146,female,1102073070,line 15,96,"Rectangle rect2 = new Rectangle ( 5 , 5 , 10 , 10 ) ;"
146,female,1102481087,line 15,56,"Rectangle rect2 = new Rectangle ( 5 , 5 , 10 , 10 ) ;"
146,female,1102673055,line 15,76,"Rectangle rect2 = new Rectangle ( 5 , 5 , 10 , 10 ) ;"
146,female,1102864996,line 16,84,System.out.println ( rect2.area ( ) ) ;
146,female,1103076956,line 16,64,System.out.println ( rect2.area ( ) ) ;
146,female,1103368958,line 17,104,}
146,female,1103564924,line 17,72,}
146,female,1104624841,line 5,124,this.y1 = y1 ;
146,female,1104936833,line 15,72,"Rectangle rect2 = new Rectangle ( 5 , 5 , 10 , 10 ) ;"
146,female,1105644804,line 5,112,this.y1 = y1 ;
146,female,1105748735,line 4,64,this.x1 = x1 ;
146,female,1105888606,line 5,60,this.y1 = y1 ;
146,female,1106488740,line 3,84,"public Rectangle ( int x1 , int y1 , int x2 , int y2 ) {"
150,female,4015055596,line 3,112,"public Rectangle ( int x1 , int y1 , int x2 , int y2 ) {"
150,female,4015283587,line 3,64,"public Rectangle ( int x1 , int y1 , int x2 , int y2 ) {"
150,female,4015535608,line 2,92,"private int x1 , y1 , x2 , y2 ;"
150,female,4015923615,line 1,132,public class Rectangle {
150,female,4015999631,line 1,60,public class Rectangle {
150,female,4016115633,line 1,60,public class Rectangle {
150,female,4016771407,line 2,84,"private int x1 , y1 , x2 , y2 ;"
150,female,4016891432,line 2,116,"private int x1 , y1 , x2 , y2 ;"
150,female,4016995509,line 2,64,"private int x1 , y1 , x2 , y2 ;"
150,female,4017131539,line 2,132,"private int x1 , y1 , x2 , y2 ;"
150,female,4017211549,line 2,64,"private int x1 , y1 , x2 , y2 ;"
150,female,4017415490,line 2,104,"private int x1 , y1 , x2 , y2 ;"
150,female,4017479483,line 2,60,"private int x1 , y1 , x2 , y2 ;"
150,female,4017727499,line 2,64,"private int x1 , y1 , x2 , y2 ;"
150,female,4017999256,line 3,96,"public Rectangle ( int x1 , int y1 , int x2 , int y2 ) {"
150,female,4018067203,line 3,64,"public Rectangle ( int x1 , int y1 , int x2 , int y2 ) {"
150,female,4018143258,line 3,72,"public Rectangle ( int x1 , int y1 , int x2 , int y2 ) {"
150,female,4018267332,line 3,56,"public Rectangle ( int x1 , int y1 , int x2 , int y2 ) {"
150,female,4018367088,line 3,56,"public Rectangle ( int x1 , int y1 , int x2 , int y2 ) {"
150,female,4018591091,line 4,76,this.x1 = x1 ;
150,female,4018807330,line 4,84,this.x1 = x1 ;
150,female,4018895354,line 3,84,"public Rectangle ( int x1 , int y1 , int x2 , int y2 ) {"
150,female,4019279309,line 3,56,"public Rectangle ( int x1 , int y1 , int x2 , int y2 ) {"
150,female,4019586861,line 4,76,this.x1 = x1 ;
150,female,4019834949,line 6,96,this.x2 = x2 ;
150,female,4019903018,line 6,64,this.x2 = x2 ;
150,female,4019987138,line 5,80,this.y1 = y1 ;
150,female,4020143201,line 3,96,"public Rectangle ( int x1 , int y1 , int x2 , int y2 ) {"
150,female,4020211206,line 3,64,"public Rectangle ( int x1 , int y1 , int x2 , int y2 ) {"
150,female,4020339246,line 3,80,"public Rectangle ( int x1 , int y1 , int x2 , int y2 ) {"
150,female,4020535478,line 3,112,"public Rectangle ( int x1 , int y1 , int x2 , int y2 ) {"
150,female,4020675338,line 2,96,"private int x1 , y1 , x2 , y2 ;"
150,female,4021807050,line 9,88,public int width ( ) { return this.x2 - this.x1 ; }
150,female,4022379088,line 10,76,public int height ( ) { return this.y2 - this.y1 ; }
150,female,4022511046,line 10,76,public int height ( ) { return this.y2 - this.y1 ; }
150,female,4022603039,line 10,88,public int height ( ) { return this.y2 - this.y1 ; }
150,female,4022786997,line 12,56,public static void main ( String [ ] args ) {
150,female,4022914979,line 12,92,public static void main ( String [ ] args ) {
150,female,4024102912,line 14,68,System.out.println ( rect1.area ( ) ) ;
150,female,4024270883,line 14,56,System.out.println ( rect1.area ( ) ) ;
150,female,4025102991,line 15,56,"Rectangle rect2 = new Rectangle ( 5 , 5 , 10 , 10 ) ;"
150,female,4025462809,line 15,260,"Rectangle rect2 = new Rectangle ( 5 , 5 , 10 , 10 ) ;"
150,female,4025694805,line 15,112,"Rectangle rect2 = new Rectangle ( 5 , 5 , 10 , 10 ) ;"
150,female,4025810811,line 15,84,"Rectangle rect2 = new Rectangle ( 5 , 5 , 10 , 10 ) ;"
150,female,4026014743,line 15,88,"Rectangle rect2 = new Rectangle ( 5 , 5 , 10 , 10 ) ;"
150,female,4026198578,line 15,100,"Rectangle rect2 = new Rectangle ( 5 , 5 , 10 , 10 ) ;"
150,female,4026474654,line 16,152,System.out.println ( rect2.area ( ) ) ;
150,female,4026614703,line 14,76,System.out.println ( rect1.area ( ) ) ;
150,female,4026746677,line 15,64,"Rectangle rect2 = new Rectangle ( 5 , 5 , 10 , 10 ) ;"
150,female,4026886661,line 15,136,"Rectangle rect2 = new Rectangle ( 5 , 5 , 10 , 10 ) ;"
150,female,4026978670,line 15,88,"Rectangle rect2 = new Rectangle ( 5 , 5 , 10 , 10 ) ;"
150,female,4027070668,line 15,64,"Rectangle rect2 = new Rectangle ( 5 , 5 , 10 , 10 ) ;"
150,female,4027146647,line 15,72,"Rectangle rect2 = new Rectangle ( 5 , 5 , 10 , 10 ) ;"
150,female,4027362244,line 16,152,System.out.println ( rect2.area ( ) ) ;
150,female,4027554263,line 16,112,System.out.println ( rect2.area ( ) ) ;
150,female,4027658450,line 16,68,System.out.println ( rect2.area ( ) ) ;
150,female,4027830525,line 16,68,System.out.println ( rect2.area ( ) ) ;
150,female,4029210385,line 16,76,System.out.println ( rect2.area ( ) ) ;
150,female,4029722434,line 16,88,System.out.println ( rect2.area ( ) ) ;
150,female,4029950427,line 13,124,"Rectangle rect1 = new Rectangle ( 0 , 0 , 10 , 10 ) ;"
150,female,4033639215,line 11,56,public double area ( ) { return this.width ( ) * this.height ( ) ; }
160,male,17519615379,line 9,76,public int width ( ) { return this.x2 - this.x1 ; }
160,male,17520299377,line 3,152,"public Rectangle ( int x1 , int y1 , int x2 , int y2 ) {"
160,male,17520447193,line 3,144,"public Rectangle ( int x1 , int y1 , int x2 , int y2 ) {"
160,male,17520547083,line 3,96,"public Rectangle ( int x1 , int y1 , int x2 , int y2 ) {"
160,male,17520639139,line 3,88,"public Rectangle ( int x1 , int y1 , int x2 , int y2 ) {"
160,male,17520791219,line 3,148,"public Rectangle ( int x1 , int y1 , int x2 , int y2 ) {"
160,male,17520911287,line 3,116,"public Rectangle ( int x1 , int y1 , int x2 , int y2 ) {"
160,male,17521047254,line 4,84,this.x1 = x1 ;
160,male,17521139220,line 4,88,this.x1 = x1 ;
160,male,17521287268,line 4,100,this.x1 = x1 ;
160,male,17521439270,line 4,64,this.x1 = x1 ;
160,male,17521531258,line 4,88,this.x1 = x1 ;
160,male,17521599254,line 4,64,this.x1 = x1 ;
160,male,17521795251,line 4,152,this.x1 = x1 ;
160,male,17521971213,line 7,88,this.y2 = y2 ;
160,male,17522291160,line 10,184,public int height ( ) { return this.y2 - this.y1 ; }
160,male,17522359151,line 10,64,public int height ( ) { return this.y2 - this.y1 ; }
160,male,17522435145,line 10,72,public int height ( ) { return this.y2 - this.y1 ; }
160,male,17522647129,line 11,116,public double area ( ) { return this.width ( ) * this.height ( ) ; }
160,male,17522811124,line 11,160,public double area ( ) { return this.width ( ) * this.height ( ) ; }
160,male,17523043152,line 12,68,public static void main ( String [ ] args ) {
160,male,17523111140,line 12,64,public static void main ( String [ ] args ) {
160,male,17523714727,line 4,88,this.x1 = x1 ;
160,male,17524083000,line 5,112,this.y1 = y1 ;
160,male,17524159017,line 5,72,this.y1 = y1 ;
160,male,17524255034,line 5,92,this.y1 = y1 ;
160,male,17524343032,line 5,84,this.y1 = y1 ;
160,male,17524411011,line 5,64,this.y1 = y1 ;
160,male,17524574952,line 5,108,this.y1 = y1 ;
160,male,17524774968,line 4,156,this.x1 = x1 ;
160,male,17525266884,line 7,64,this.y2 = y2 ;
160,male,17525454874,line 12,60,public static void main ( String [ ] args ) {
160,male,17525602878,line 11,72,public double area ( ) { return this.width ( ) * this.height ( ) ; }
160,male,17525958839,line 11,172,public double area ( ) { return this.width ( ) * this.height ( ) ; }
160,male,17526066842,line 12,64,public static void main ( String [ ] args ) {
160,male,17526134836,line 12,64,public static void main ( String [ ] args ) {
160,male,17526254815,line 12,116,public static void main ( String [ ] args ) {
160,male,17526518848,line 12,184,public static void main ( String [ ] args ) {
160,male,17526578823,line 12,56,public static void main ( String [ ] args ) {
160,male,17526862770,line 12,172,public static void main ( String [ ] args ) {
160,male,17527034706,line 12,168,public static void main ( String [ ] args ) {
160,male,17527178736,line 12,140,public static void main ( String [ ] args ) {
160,male,17527302718,line 13,92,"Rectangle rect1 = new Rectangle ( 0 , 0 , 10 , 10 ) ;"
160,male,17527550366,line 13,92,"Rectangle rect1 = new Rectangle ( 0 , 0 , 10 , 10 ) ;"
160,male,17527622509,line 13,68,"Rectangle rect1 = new Rectangle ( 0 , 0 , 10 , 10 ) ;"
160,male,17527822744,line 13,80,"Rectangle rect1 = new Rectangle ( 0 , 0 , 10 , 10 ) ;"
160,male,17527994774,line 14,100,System.out.println ( rect1.area ( ) ) ;
160,male,17528086772,line 14,88,System.out.println ( rect1.area ( ) ) ;
160,male,17528294443,line 14,176,System.out.println ( rect1.area ( ) ) ;
160,male,17528410536,line 14,112,System.out.println ( rect1.area ( ) ) ;
160,male,17528486621,line 14,72,System.out.println ( rect1.area ( ) ) ;
160,male,17528602645,line 14,84,System.out.println ( rect1.area ( ) ) ;
160,male,17528746632,line 13,76,"Rectangle rect1 = new Rectangle ( 0 , 0 , 10 , 10 ) ;"
160,male,17528862626,line 14,80,System.out.println ( rect1.area ( ) ) ;
160,male,17529022627,line 14,156,System.out.println ( rect1.area ( ) ) ;
160,male,17529110631,line 14,84,System.out.println ( rect1.area ( ) ) ;
160,male,17529318616,line 14,76,System.out.println ( rect1.area ( ) ) ;
160,male,17529534554,line 14,76,System.out.println ( rect1.area ( ) ) ;
160,male,17529658561,line 14,120,System.out.println ( rect1.area ( ) ) ;
160,male,17529966193,line 14,160,System.out.println ( rect1.area ( ) ) ;
160,male,17530114112,line 14,116,System.out.println ( rect1.area ( ) ) ;
160,male,17530222232,line 14,104,System.out.println ( rect1.area ( ) ) ;
160,male,17530322361,line 14,96,System.out.println ( rect1.area ( ) ) ;
160,male,17530450420,line 15,64,"Rectangle rect2 = new Rectangle ( 5 , 5 , 10 , 10 ) ;"
160,male,17530514451,line 15,60,"Rectangle rect2 = new Rectangle ( 5 , 5 , 10 , 10 ) ;"
160,male,17530614453,line 15,96,"Rectangle rect2 = new Rectangle ( 5 , 5 , 10 , 10 ) ;"
160,male,17530674451,line 15,56,"Rectangle rect2 = new Rectangle ( 5 , 5 , 10 , 10 ) ;"
160,male,17530822537,line 15,56,"Rectangle rect2 = new Rectangle ( 5 , 5 , 10 , 10 ) ;"
160,male,17531382402,line 14,56,System.out.println ( rect1.area ( ) ) ;
160,male,17531450370,line 14,64,System.out.println ( rect1.area ( ) ) ;
160,male,17531530340,line 14,76,System.out.println ( rect1.area ( ) ) ;
160,male,17531602339,line 14,68,System.out.println ( rect1.area ( ) ) ;
160,male,17531682331,line 14,76,System.out.println ( rect1.area ( ) ) ;
160,male,17531746328,line 14,60,System.out.println ( rect1.area ( ) ) ;
160,male,17531934393,line 14,160,System.out.println ( rect1.area ( ) ) ;
160,male,17532054438,line 14,68,System.out.println ( rect1.area ( ) ) ;
160,male,17532174432,line 15,60,"Rectangle rect2 = new Rectangle ( 5 , 5 , 10 , 10 ) ;"
160,male,17532242418,line 14,64,System.out.println ( rect1.area ( ) ) ;
160,male,17532402389,line 14,64,System.out.println ( rect1.area ( ) ) ;
160,male,17532462354,line 14,56,System.out.println ( rect1.area ( ) ) ;
160,male,17532586307,line 14,72,System.out.println ( rect1.area ( ) ) ;
160,male,17532718293,line 14,64,System.out.println ( rect1.area ( ) ) ;
160,male,17532862240,line 15,140,"Rectangle rect2 = new Rectangle ( 5 , 5 , 10 , 10 ) ;"
160,male,17533170209,line 16,80,System.out.println ( rect2.area ( ) ) ;
160,male,17533266242,line 16,92,System.out.println ( rect2.area ( ) ) ;
160,male,17533613863,line 16,140,System.out.println ( rect2.area ( ) ) ;
160,male,17533714011,line 16,96,System.out.println ( rect2.area ( ) ) ;
160,male,17533914213,line 16,56,System.out.println ( rect2.area ( ) ) ;
160,male,17534613873,line 16,76,System.out.println ( rect2.area ( ) ) ;
160,male,17534885999,line 16,104,System.out.println ( rect2.area ( ) ) ;
160,male,17535002020,line 16,112,System.out.println ( rect2.area ( ) ) ;
160,male,17535146072,line 16,60,System.out.println ( rect2.area ( ) ) ;
160,male,17535206095,line 16,56,System.out.println ( rect2.area ( ) ) ;
160,male,17535794083,line 14,64,System.out.println ( rect1.area ( ) ) ;
160,male,17535954087,line 14,68,System.out.println ( rect1.area ( ) ) ;
160,male,17536085987,line 14,128,System.out.println ( rect1.area ( ) ) ;
160,male,17536289951,line 14,108,System.out.println ( rect1.area ( ) ) ;
160,male,17536353943,line 14,60,System.out.println ( rect1.area ( ) ) ;
160,male,17536633943,line 15,68,"Rectangle rect2 = new Rectangle ( 5 , 5 , 10 , 10 ) ;"
160,male,17536841947,line 15,148,"Rectangle rect2 = new Rectangle ( 5 , 5 , 10 , 10 ) ;"
160,male,17538693830,line 13,124,"Rectangle rect1 = new Rectangle ( 0 , 0 , 10 , 10 ) ;"
160,male,17538849848,line 13,152,"Rectangle rect1 = new Rectangle ( 0 , 0 , 10 , 10 ) ;"
160,male,17538997872,line 14,112,System.out.println ( rect1.area ( ) ) ;
160,male,17539389565,line 13,108,"Rectangle rect1 = new Rectangle ( 0 , 0 , 10 , 10 ) ;"
160,male,17539453647,line 13,60,"Rectangle rect1 = new Rectangle ( 0 , 0 , 10 , 10 ) ;"
160,male,17539625716,line 13,56,"Rectangle rect1 = new Rectangle ( 0 , 0 , 10 , 10 ) ;"
160,male,17539709706,line 12,80,public static void main ( String [ ] args ) {
160,male,17539985707,line 14,208,System.out.println ( rect1.area ( ) ) ;
160,male,17540641686,line 13,84,"Rectangle rect1 = new Rectangle ( 0 , 0 , 10 , 10 ) ;"
160,male,17540833582,line 12,92,public static void main ( String [ ] args ) {
160,male,17541505472,line 12,180,public static void main ( String [ ] args ) {
160,male,17541629528,line 13,88,"Rectangle rect1 = new Rectangle ( 0 , 0 , 10 , 10 ) ;"
160,male,17541697568,line 13,64,"Rectangle rect1 = new Rectangle ( 0 , 0 , 10 , 10 ) ;"
160,male,17541845563,line 13,144,"Rectangle rect1 = new Rectangle ( 0 , 0 , 10 , 10 ) ;"
160,male,17541933544,line 13,64,"Rectangle rect1 = new Rectangle ( 0 , 0 , 10 , 10 ) ;"
160,male,17542069570,line 13,132,"Rectangle rect1 = new Rectangle ( 0 , 0 , 10 , 10 ) ;"
160,male,17542157600,line 13,84,"Rectangle rect1 = new Rectangle ( 0 , 0 , 10 , 10 ) ;"
160,male,17542273542,line 13,60,"Rectangle rect1 = new Rectangle ( 0 , 0 , 10 , 10 ) ;"
160,male,17542425422,line 14,100,System.out.println ( rect1.area ( ) ) ;
160,male,17542541371,line 14,112,System.out.println ( rect1.area ( ) ) ;
160,male,17542657404,line 14,112,System.out.println ( rect1.area ( ) ) ;
160,male,17543037310,line 13,88,"Rectangle rect1 = new Rectangle ( 0 , 0 , 10 , 10 ) ;"
160,male,17543193046,line 13,80,"Rectangle rect1 = new Rectangle ( 0 , 0 , 10 , 10 ) ;"
160,male,17543281198,line 13,84,"Rectangle rect1 = new Rectangle ( 0 , 0 , 10 , 10 ) ;"
160,male,17543429386,line 13,80,"Rectangle rect1 = new Rectangle ( 0 , 0 , 10 , 10 ) ;"
160,male,17543581477,line 13,60,"Rectangle rect1 = new Rectangle ( 0 , 0 , 10 , 10 ) ;"
160,male,17544173271,line 15,76,"Rectangle rect2 = new Rectangle ( 5 , 5 , 10 , 10 ) ;"
160,male,17544605293,line 16,76,System.out.println ( rect2.area ( ) ) ;
160,male,17544717272,line 16,68,System.out.println ( rect2.area ( ) ) ;
160,male,17544813272,line 15,64,"Rectangle rect2 = new Rectangle ( 5 , 5 , 10 , 10 ) ;"
160,male,17545061149,line 15,112,"Rectangle rect2 = new Rectangle ( 5 , 5 , 10 , 10 ) ;"
160,male,17545165200,line 15,100,"Rectangle rect2 = new Rectangle ( 5 , 5 , 10 , 10 ) ;"
160,male,17545245240,line 15,76,"Rectangle rect2 = new Rectangle ( 5 , 5 , 10 , 10 ) ;"
160,male,17545401219,line 15,144,"Rectangle rect2 = new Rectangle ( 5 , 5 , 10 , 10 ) ;"
160,male,17545545160,line 15,140,"Rectangle rect2 = new Rectangle ( 5 , 5 , 10 , 10 ) ;"
160,male,17545813187,line 13,84,"Rectangle rect1 = new Rectangle ( 0 , 0 , 10 , 10 ) ;"
160,male,17545969190,line 15,68,"Rectangle rect2 = new Rectangle ( 5 , 5 , 10 , 10 ) ;"
160,male,17546109391,line 15,136,"Rectangle rect2 = new Rectangle ( 5 , 5 , 10 , 10 ) ;"
160,male,17546373112,line 15,68,"Rectangle rect2 = new Rectangle ( 5 , 5 , 10 , 10 ) ;"
160,male,17546472834,line 15,96,"Rectangle rect2 = new Rectangle ( 5 , 5 , 10 , 10 ) ;"
160,male,17546532824,line 15,56,"Rectangle rect2 = new Rectangle ( 5 , 5 , 10 , 10 ) ;"
160,male,17546604947,line 15,60,"Rectangle rect2 = new Rectangle ( 5 , 5 , 10 , 10 ) ;"
160,male,17546689091,line 15,80,"Rectangle rect2 = new Rectangle ( 5 , 5 , 10 , 10 ) ;"
160,male,17546905103,line 15,92,"Rectangle rect2 = new Rectangle ( 5 , 5 , 10 , 10 ) ;"
160,male,17546996993,line 15,88,"Rectangle rect2 = new Rectangle ( 5 , 5 , 10 , 10 ) ;"
160,male,17547136942,line 15,136,"Rectangle rect2 = new Rectangle ( 5 , 5 , 10 , 10 ) ;"
160,male,17547241040,line 15,100,"Rectangle rect2 = new Rectangle ( 5 , 5 , 10 , 10 ) ;"
160,male,17547325099,line 15,80,"Rectangle rect2 = new Rectangle ( 5 , 5 , 10 , 10 ) ;"
160,male,17547405097,line 15,76,"Rectangle rect2 = new Rectangle ( 5 , 5 , 10 , 10 ) ;"
160,male,17547605074,line 15,60,"Rectangle rect2 = new Rectangle ( 5 , 5 , 10 , 10 ) ;"
160,male,17547809029,line 16,200,System.out.println ( rect2.area ( ) ) ;
160,male,17547909013,line 15,96,"Rectangle rect2 = new Rectangle ( 5 , 5 , 10 , 10 ) ;"
160,male,17548029030,line 15,116,"Rectangle rect2 = new Rectangle ( 5 , 5 , 10 , 10 ) ;"
160,male,17548161016,line 15,64,"Rectangle rect2 = new Rectangle ( 5 , 5 , 10 , 10 ) ;"
160,male,17548429032,line 14,156,System.out.println ( rect1.area ( ) ) ;
160,male,17548548977,line 14,60,System.out.println ( rect1.area ( ) ) ;
160,male,17548624841,line 14,72,System.out.println ( rect1.area ( ) ) ;
160,male,17548812816,line 15,144,"Rectangle rect2 = new Rectangle ( 5 , 5 , 10 , 10 ) ;"
160,male,17549040912,line 15,124,"Rectangle rect2 = new Rectangle ( 5 , 5 , 10 , 10 ) ;"
160,male,17549100901,line 15,56,"Rectangle rect2 = new Rectangle ( 5 , 5 , 10 , 10 ) ;"
160,male,17549260915,line 15,116,"Rectangle rect2 = new Rectangle ( 5 , 5 , 10 , 10 ) ;"
160,male,17549472907,line 15,76,"Rectangle rect2 = new Rectangle ( 5 , 5 , 10 , 10 ) ;"
160,male,17549576897,line 15,100,"Rectangle rect2 = new Rectangle ( 5 , 5 , 10 , 10 ) ;"
160,male,17549696888,line 15,64,"Rectangle rect2 = new Rectangle ( 5 , 5 , 10 , 10 ) ;"
160,male,17550292788,line 14,108,System.out.println ( rect1.area ( ) ) ;
160,male,17550352775,line 14,56,System.out.println ( rect1.area ( ) ) ;
160,male,17550680831,line 14,64,System.out.println ( rect1.area ( ) ) ;
160,male,17550788813,line 14,104,System.out.println ( rect1.area ( ) ) ;
160,male,17550856786,line 14,64,System.out.println ( rect1.area ( ) ) ;
160,male,17550964767,line 15,104,"Rectangle rect2 = new Rectangle ( 5 , 5 , 10 , 10 ) ;"
160,male,17551124793,line 15,88,"Rectangle rect2 = new Rectangle ( 5 , 5 , 10 , 10 ) ;"
160,male,17551320743,line 15,76,"Rectangle rect2 = new Rectangle ( 5 , 5 , 10 , 10 ) ;"
160,male,17551436750,line 15,64,"Rectangle rect2 = new Rectangle ( 5 , 5 , 10 , 10 ) ;"
160,male,17551920622,line 15,180,"Rectangle rect2 = new Rectangle ( 5 , 5 , 10 , 10 ) ;"
160,male,17552008627,line 15,84,"Rectangle rect2 = new Rectangle ( 5 , 5 , 10 , 10 ) ;"
160,male,17552144633,line 15,72,"Rectangle rect2 = new Rectangle ( 5 , 5 , 10 , 10 ) ;"
160,male,17552244679,line 15,96,"Rectangle rect2 = new Rectangle ( 5 , 5 , 10 , 10 ) ;"
160,male,17552320720,line 15,72,"Rectangle rect2 = new Rectangle ( 5 , 5 , 10 , 10 ) ;"
160,male,17552496635,line 15,64,"Rectangle rect2 = new Rectangle ( 5 , 5 , 10 , 10 ) ;"
160,male,17552628632,line 15,72,"Rectangle rect2 = new Rectangle ( 5 , 5 , 10 , 10 ) ;"
160,male,17552748646,line 15,68,"Rectangle rect2 = new Rectangle ( 5 , 5 , 10 , 10 ) ;"
160,male,17552868618,line 15,64,"Rectangle rect2 = new Rectangle ( 5 , 5 , 10 , 10 ) ;"
160,male,17552928603,line 15,56,"Rectangle rect2 = new Rectangle ( 5 , 5 , 10 , 10 ) ;"
160,male,17552992596,line 15,60,"Rectangle rect2 = new Rectangle ( 5 , 5 , 10 , 10 ) ;"
160,male,17553372372,line 15,88,"Rectangle rect2 = new Rectangle ( 5 , 5 , 10 , 10 ) ;"
160,male,17553484396,line 15,108,"Rectangle rect2 = new Rectangle ( 5 , 5 , 10 , 10 ) ;"
160,male,17553556436,line 15,68,"Rectangle rect2 = new Rectangle ( 5 , 5 , 10 , 10 ) ;"
160,male,17553616473,line 15,56,"Rectangle rect2 = new Rectangle ( 5 , 5 , 10 , 10 ) ;"
160,male,17553756516,line 15,68,"Rectangle rect2 = new Rectangle ( 5 , 5 , 10 , 10 ) ;"
160,male,17554392486,line 13,72,"Rectangle rect1 = new Rectangle ( 0 , 0 , 10 , 10 ) ;"
160,male,17554744484,line 15,92,"Rectangle rect2 = new Rectangle ( 5 , 5 , 10 , 10 ) ;"
160,male,17554876411,line 15,128,"Rectangle rect2 = new Rectangle ( 5 , 5 , 10 , 10 ) ;"
160,male,17554940381,line 15,60,"Rectangle rect2 = new Rectangle ( 5 , 5 , 10 , 10 ) ;"
160,male,17555096370,line 15,120,"Rectangle rect2 = new Rectangle ( 5 , 5 , 10 , 10 ) ;"
160,male,17555212376,line 15,112,"Rectangle rect2 = new Rectangle ( 5 , 5 , 10 , 10 ) ;"
160,male,17556544200,line 13,76,"Rectangle rect1 = new Rectangle ( 0 , 0 , 10 , 10 ) ;"
160,male,17558460071,line 5,112,this.y1 = y1 ;
160,male,17558568090,line 5,104,this.y1 = y1 ;
160,male,17558704137,line 5,100,this.y1 = y1 ;
160,male,17558764126,line 5,56,this.y1 = y1 ;
160,male,17560167968,line 5,64,this.y1 = y1 ;
160,male,17560419948,line 15,96,"Rectangle rect2 = new Rectangle ( 5 , 5 , 10 , 10 ) ;"
160,male,17560671969,line 15,120,"Rectangle rect2 = new Rectangle ( 5 , 5 , 10 , 10 ) ;"
160,male,17561044020,line 16,68,System.out.println ( rect2.area ( ) ) ;
160,male,17561172047,line 15,124,"Rectangle rect2 = new Rectangle ( 5 , 5 , 10 , 10 ) ;"
160,male,17561276141,line 15,56,"Rectangle rect2 = new Rectangle ( 5 , 5 , 10 , 10 ) ;"
160,male,17561368134,line 14,56,System.out.println ( rect1.area ( ) ) ;
160,male,17561428038,line 14,56,System.out.println ( rect1.area ( ) ) ;
160,male,17561579865,line 14,96,System.out.println ( rect1.area ( ) ) ;
160,male,17561643819,line 14,60,System.out.println ( rect1.area ( ) ) ;
160,male,17561963788,line 14,172,System.out.println ( rect1.area ( ) ) ;
160,male,17562047823,line 14,80,System.out.println ( rect1.area ( ) ) ;
160,male,17562123852,line 14,72,System.out.println ( rect1.area ( ) ) ;
160,male,17562255751,line 14,76,System.out.println ( rect1.area ( ) ) ;
160,male,17562367671,line 14,76,System.out.println ( rect1.area ( ) ) ;
160,male,17562651567,line 6,76,this.x2 = x2 ;
160,male,17562735371,line 6,80,this.x2 = x2 ;
160,male,17563331458,line 6,72,this.x2 = x2 ;
160,male,17563679615,line 6,180,this.x2 = x2 ;
160,male,17563843670,line 6,104,this.x2 = x2 ;
160,male,17563947706,line 6,100,this.x2 = x2 ;
160,male,17564011715,line 6,60,this.x2 = x2 ;
160,male,17564071734,line 7,56,this.y2 = y2 ;
160,male,17564247671,line 11,120,public double area ( ) { return this.width ( ) * this.height ( ) ; }
160,male,17564463598,line 11,128,public double area ( ) { return this.width ( ) * this.height ( ) ; }
160,male,17564583576,line 11,92,public double area ( ) { return this.width ( ) * this.height ( ) ; }
160,male,17564735570,line 11,56,public double area ( ) { return this.width ( ) * this.height ( ) ; }
160,male,17565031603,line 11,188,public double area ( ) { return this.width ( ) * this.height ( ) ; }
160,male,17565127599,line 11,92,public double area ( ) { return this.width ( ) * this.height ( ) ; }
160,male,17565303551,line 11,84,public double area ( ) { return this.width ( ) * this.height ( ) ; }
160,male,17565547538,line 11,156,public double area ( ) { return this.width ( ) * this.height ( ) ; }
160,male,17565659589,line 11,108,public double area ( ) { return this.width ( ) * this.height ( ) ; }
160,male,17566007438,line 11,216,public double area ( ) { return this.width ( ) * this.height ( ) ; }
160,male,17566087436,line 11,76,public double area ( ) { return this.width ( ) * this.height ( ) ; }
160,male,17566455402,line 10,216,public int height ( ) { return this.y2 - this.y1 ; }
160,male,17566631410,line 11,116,public double area ( ) { return this.width ( ) * this.height ( ) ; }
160,male,17566759423,line 7,104,this.y2 = y2 ;
160,male,17566963424,line 7,200,this.y2 = y2 ;
160,male,17567263401,line 6,60,this.x2 = x2 ;
160,male,17567467166,line 6,200,this.x2 = x2 ;
160,male,17567795131,line 10,88,public int height ( ) { return this.y2 - this.y1 ; }
160,male,17568027320,line 12,192,public static void main ( String [ ] args ) {
160,male,17568115310,line 11,84,public double area ( ) { return this.width ( ) * this.height ( ) ; }
160,male,17568183322,line 12,64,public static void main ( String [ ] args ) {
160,male,17568299277,line 12,76,public static void main ( String [ ] args ) {
160,male,17568363095,line 12,60,public static void main ( String [ ] args ) {
160,male,17568755334,line 12,156,public static void main ( String [ ] args ) {
160,male,17568855317,line 11,56,public double area ( ) { return this.width ( ) * this.height ( ) ; }
160,male,17568951241,line 11,92,public double area ( ) { return this.width ( ) * this.height ( ) ; }
160,male,17569087063,line 11,84,public double area ( ) { return this.width ( ) * this.height ( ) ; }
160,male,17569419193,line 10,64,public int height ( ) { return this.y2 - this.y1 ; }
160,male,17569503200,line 10,80,public int height ( ) { return this.y2 - this.y1 ; }
160,male,17569619184,line 10,112,public int height ( ) { return this.y2 - this.y1 ; }
160,male,17569819168,line 10,108,public int height ( ) { return this.y2 - this.y1 ; }
160,male,17569931163,line 10,108,public int height ( ) { return this.y2 - this.y1 ; }
160,male,17570135143,line 10,156,public int height ( ) { return this.y2 - this.y1 ; }
160,male,17570215170,line 10,76,public int height ( ) { return this.y2 - this.y1 ; }
160,male,17570283194,line 10,64,public int height ( ) { return this.y2 - this.y1 ; }
160,male,17571839098,line 10,88,public int height ( ) { return this.y2 - this.y1 ; }
160,male,17571919128,line 11,56,public double area ( ) { return this.width ( ) * this.height ( ) ; }
160,male,17572022944,line 10,100,public int height ( ) { return this.y2 - this.y1 ; }
160,male,17572082809,line 11,56,public double area ( ) { return this.width ( ) * this.height ( ) ; }
160,male,17572210779,line 10,124,public int height ( ) { return this.y2 - this.y1 ; }
160,male,17572278843,line 10,64,public int height ( ) { return this.y2 - this.y1 ; }
160,male,17572954942,line 10,56,public int height ( ) { return this.y2 - this.y1 ; }
160,male,17573046915,line 10,88,public int height ( ) { return this.y2 - this.y1 ; }
160,male,17573214888,line 10,128,public int height ( ) { return this.y2 - this.y1 ; }
160,male,17573326889,line 10,108,public int height ( ) { return this.y2 - this.y1 ; }
160,male,17573938681,line 10,196,public int height ( ) { return this.y2 - this.y1 ; }
160,male,17574022715,line 10,64,public int height ( ) { return this.y2 - this.y1 ; }
160,male,17574126757,line 10,100,public int height ( ) { return this.y2 - this.y1 ; }
160,male,17574242750,line 10,88,public int height ( ) { return this.y2 - this.y1 ; }
160,male,17574342739,line 9,96,public int width ( ) { return this.x2 - this.x1 ; }
160,male,17574590780,line 10,120,public int height ( ) { return this.y2 - this.y1 ; }
160,male,17574751015,line 10,92,public int height ( ) { return this.y2 - this.y1 ; }
160,male,17574815049,line 10,60,public int height ( ) { return this.y2 - this.y1 ; }
160,male,17575138769,line 5,64,this.y1 = y1 ;
160,male,17575206737,line 5,64,this.y1 = y1 ;
160,male,17576542639,line 5,88,this.y1 = y1 ;
160,male,17576694585,line 5,80,this.y1 = y1 ;
160,male,17577118493,line 6,56,this.x2 = x2 ;
160,male,17577238483,line 7,80,this.y2 = y2 ;
160,male,17578886506,line 4,68,this.x1 = x1 ;
160,male,17578990487,line 4,100,this.x1 = x1 ;
160,male,17579082456,line 4,88,this.x1 = x1 ;
160,male,17579234410,line 5,92,this.y1 = y1 ;
160,male,17579362374,line 5,100,this.y1 = y1 ;
160,male,17579514343,line 6,92,this.x2 = x2 ;
160,male,17579642375,line 14,60,System.out.println ( rect1.area ( ) ) ;
160,male,17580486285,line 13,80,"Rectangle rect1 = new Rectangle ( 0 , 0 , 10 , 10 ) ;"
160,male,17580606250,line 14,116,System.out.println ( rect1.area ( ) ) ;
160,male,17580726265,line 14,116,System.out.println ( rect1.area ( ) ) ;
160,male,17581218264,line 13,164,"Rectangle rect1 = new Rectangle ( 0 , 0 , 10 , 10 ) ;"
160,male,17581493935,line 13,112,"Rectangle rect1 = new Rectangle ( 0 , 0 , 10 , 10 ) ;"
160,male,17581573940,line 13,76,"Rectangle rect1 = new Rectangle ( 0 , 0 , 10 , 10 ) ;"
160,male,17581774093,line 13,156,"Rectangle rect1 = new Rectangle ( 0 , 0 , 10 , 10 ) ;"
160,male,17582034025,line 14,184,System.out.println ( rect1.area ( ) ) ;
160,male,17582306100,line 14,208,System.out.println ( rect1.area ( ) ) ;
160,male,17582374111,line 14,64,System.out.println ( rect1.area ( ) ) ;
160,male,17582462124,line 14,60,System.out.println ( rect1.area ( ) ) ;
160,male,17582790162,line 14,88,System.out.println ( rect1.area ( ) ) ;
160,male,17582890156,line 14,96,System.out.println ( rect1.area ( ) ) ;
160,male,17583185861,line 13,72,"Rectangle rect1 = new Rectangle ( 0 , 0 , 10 , 10 ) ;"
160,male,17583297908,line 13,76,"Rectangle rect1 = new Rectangle ( 0 , 0 , 10 , 10 ) ;"
160,male,17583485973,line 13,184,"Rectangle rect1 = new Rectangle ( 0 , 0 , 10 , 10 ) ;"
160,male,17583569985,line 13,80,"Rectangle rect1 = new Rectangle ( 0 , 0 , 10 , 10 ) ;"
160,male,17583737999,line 13,92,"Rectangle rect1 = new Rectangle ( 0 , 0 , 10 , 10 ) ;"
160,male,17583806008,line 13,64,"Rectangle rect1 = new Rectangle ( 0 , 0 , 10 , 10 ) ;"
160,male,17583930012,line 13,120,"Rectangle rect1 = new Rectangle ( 0 , 0 , 10 , 10 ) ;"
160,male,17583997998,line 13,64,"Rectangle rect1 = new Rectangle ( 0 , 0 , 10 , 10 ) ;"
160,male,17584177964,line 12,72,public static void main ( String [ ] args ) {
160,male,17584493957,line 11,68,public double area ( ) { return this.width ( ) * this.height ( ) ; }
160,male,17584705852,line 11,68,public double area ( ) { return this.width ( ) * this.height ( ) ; }
160,male,17584957863,line 12,176,public static void main ( String [ ] args ) {
160,male,17585017870,line 11,56,public double area ( ) { return this.width ( ) * this.height ( ) ; }
160,male,17585081874,line 12,60,public static void main ( String [ ] args ) {
160,male,17585221855,line 11,116,public double area ( ) { return this.width ( ) * this.height ( ) ; }
160,male,17585433856,line 11,100,public double area ( ) { return this.width ( ) * this.height ( ) ; }
160,male,17585573794,line 11,136,public double area ( ) { return this.width ( ) * this.height ( ) ; }
160,male,17585669795,line 10,68,public int height ( ) { return this.y2 - this.y1 ; }
160,male,17585825839,line 11,96,public double area ( ) { return this.width ( ) * this.height ( ) ; }
160,male,17585985836,line 10,56,public int height ( ) { return this.y2 - this.y1 ; }
160,male,17586273631,line 12,56,public static void main ( String [ ] args ) {
160,male,17586541722,line 12,76,public static void main ( String [ ] args ) {
160,male,17586665716,line 13,88,"Rectangle rect1 = new Rectangle ( 0 , 0 , 10 , 10 ) ;"
160,male,17586785744,line 13,116,"Rectangle rect1 = new Rectangle ( 0 , 0 , 10 , 10 ) ;"
160,male,17587073730,line 15,56,"Rectangle rect2 = new Rectangle ( 5 , 5 , 10 , 10 ) ;"
160,male,17587401689,line 16,56,System.out.println ( rect2.area ( ) ) ;
160,male,17587565714,line 16,160,System.out.println ( rect2.area ( ) ) ;
160,male,17587649740,line 16,80,System.out.println ( rect2.area ( ) ) ;
160,male,17587853530,line 15,68,"Rectangle rect2 = new Rectangle ( 5 , 5 , 10 , 10 ) ;"
160,male,17587989564,line 15,96,"Rectangle rect2 = new Rectangle ( 5 , 5 , 10 , 10 ) ;"
160,male,17588181604,line 15,60,"Rectangle rect2 = new Rectangle ( 5 , 5 , 10 , 10 ) ;"
160,male,17589017586,line 15,60,"Rectangle rect2 = new Rectangle ( 5 , 5 , 10 , 10 ) ;"
160,male,17589777461,line 14,56,System.out.println ( rect1.area ( ) ) ;
160,male,17589905478,line 16,100,System.out.println ( rect2.area ( ) ) ;
160,male,17591877337,line 16,68,System.out.println ( rect2.area ( ) ) ;
160,male,17592621028,line 16,76,System.out.println ( rect2.area ( ) ) ;
160,male,17593265227,line 15,64,"Rectangle rect2 = new Rectangle ( 5 , 5 , 10 , 10 ) ;"
160,male,17593325216,line 15,56,"Rectangle rect2 = new Rectangle ( 5 , 5 , 10 , 10 ) ;"
160,male,17593825134,line 12,76,public static void main ( String [ ] args ) {
160,male,17593897148,line 12,68,public static void main ( String [ ] args ) {
160,male,17594041082,line 12,140,public static void main ( String [ ] args ) {
160,male,17594157047,line 16,64,System.out.println ( rect2.area ( ) ) ;
160,male,17594257081,line 16,96,System.out.println ( rect2.area ( ) ) ;
160,male,17594321105,line 16,60,System.out.println ( rect2.area ( ) ) ;
160,male,17594885059,line 15,76,"Rectangle rect2 = new Rectangle ( 5 , 5 , 10 , 10 ) ;"
160,male,17595556917,line 14,128,System.out.println ( rect1.area ( ) ) ;
160,male,17595656825,line 14,96,System.out.println ( rect1.area ( ) ) ;
160,male,17595740809,line 14,80,System.out.println ( rect1.area ( ) ) ;
160,male,17595876884,line 13,84,"Rectangle rect1 = new Rectangle ( 0 , 0 , 10 , 10 ) ;"
160,male,17595952907,line 13,72,"Rectangle rect1 = new Rectangle ( 0 , 0 , 10 , 10 ) ;"
160,male,17596044905,line 13,88,"Rectangle rect1 = new Rectangle ( 0 , 0 , 10 , 10 ) ;"
160,male,17596108906,line 14,60,System.out.println ( rect1.area ( ) ) ;
160,male,17596344901,line 12,112,public static void main ( String [ ] args ) {
160,male,17596416896,line 12,68,public static void main ( String [ ] args ) {
160,male,17596952847,line 11,272,public double area ( ) { return this.width ( ) * this.height ( ) ; }
160,male,17597092777,line 11,136,public double area ( ) { return this.width ( ) * this.height ( ) ; }
160,male,17597260663,line 11,56,public double area ( ) { return this.width ( ) * this.height ( ) ; }
160,male,17597648800,line 12,56,public static void main ( String [ ] args ) {
160,male,17597772811,line 12,120,public static void main ( String [ ] args ) {
160,male,17597880817,line 12,104,public static void main ( String [ ] args ) {
160,male,17598200825,line 11,108,public double area ( ) { return this.width ( ) * this.height ( ) ; }
160,male,17598364827,line 12,160,public static void main ( String [ ] args ) {
160,male,17598616785,line 10,100,public int height ( ) { return this.y2 - this.y1 ; }
160,male,17598752688,line 10,132,public int height ( ) { return this.y2 - this.y1 ; }
160,male,17598924505,line 10,104,public int height ( ) { return this.y2 - this.y1 ; }
160,male,17598988559,line 11,60,public double area ( ) { return this.width ( ) * this.height ( ) ; }
160,male,17599148657,line 10,64,public int height ( ) { return this.y2 - this.y1 ; }
160,male,17599284639,line 10,132,public int height ( ) { return this.y2 - this.y1 ; }
160,male,17599660623,line 10,76,public int height ( ) { return this.y2 - this.y1 ; }
160,male,17599832658,line 10,108,public int height ( ) { return this.y2 - this.y1 ; }
160,male,17599916679,line 10,80,public int height ( ) { return this.y2 - this.y1 ; }
160,male,17600048703,line 10,72,public int height ( ) { return this.y2 - this.y1 ; }
160,male,17600628554,line 11,72,public double area ( ) { return this.width ( ) * this.height ( ) ; }
160,male,17600992537,line 11,84,public double area ( ) { return this.width ( ) * this.height ( ) ; }
160,male,17601076543,line 11,80,public double area ( ) { return this.width ( ) * this.height ( ) ; }
160,male,17601276550,line 11,156,public double area ( ) { return this.width ( ) * this.height ( ) ; }
160,male,17601340550,line 11,60,public double area ( ) { return this.width ( ) * this.height ( ) ; }
160,male,17601496547,line 10,96,public int height ( ) { return this.y2 - this.y1 ; }
160,male,17601876268,line 10,124,public int height ( ) { return this.y2 - this.y1 ; }
160,male,17601960211,line 10,80,public int height ( ) { return this.y2 - this.y1 ; }
160,male,17602116384,line 10,68,public int height ( ) { return this.y2 - this.y1 ; }
160,male,17602388438,line 10,56,public int height ( ) { return this.y2 - this.y1 ; }
160,male,17602624432,line 10,92,public int height ( ) { return this.y2 - this.y1 ; }
160,male,17602804387,line 10,120,public int height ( ) { return this.y2 - this.y1 ; }
160,male,17602900422,line 10,92,public int height ( ) { return this.y2 - this.y1 ; }
160,male,17603000418,line 10,96,public int height ( ) { return this.y2 - this.y1 ; }
160,male,17603068414,line 10,64,public int height ( ) { return this.y2 - this.y1 ; }
160,male,17603704248,line 10,212,public int height ( ) { return this.y2 - this.y1 ; }
160,male,17603824260,line 10,76,public int height ( ) { return this.y2 - this.y1 ; }
160,male,17610571752,line 5,60,this.y1 = y1 ;
160,male,17611211534,line 6,56,this.x2 = x2 ;
160,male,17611351393,line 6,136,this.x2 = x2 ;
160,male,17611579595,line 6,72,this.x2 = x2 ;
160,male,17612691649,line 7,80,this.y2 = y2 ;
160,male,17612803514,line 7,108,this.y2 = y2 ;
160,male,17612943291,line 7,80,this.y2 = y2 ;
160,male,17613491544,line 10,92,public int height ( ) { return this.y2 - this.y1 ; }
160,male,17613687505,line 10,112,public int height ( ) { return this.y2 - this.y1 ; }
160,male,17613767487,line 11,76,public double area ( ) { return this.width ( ) * this.height ( ) ; }
160,male,17613867465,line 11,96,public double area ( ) { return this.width ( ) * this.height ( ) ; }
160,male,17613983456,line 11,112,public double area ( ) { return this.width ( ) * this.height ( ) ; }
160,male,17614207455,line 11,220,public double area ( ) { return this.width ( ) * this.height ( ) ; }
160,male,17614331455,line 11,120,public double area ( ) { return this.width ( ) * this.height ( ) ; }
160,male,17614431392,line 11,96,public double area ( ) { return this.width ( ) * this.height ( ) ; }
160,male,17614647310,line 11,124,public double area ( ) { return this.width ( ) * this.height ( ) ; }
160,male,17614727299,line 11,76,public double area ( ) { return this.width ( ) * this.height ( ) ; }
160,male,17614971305,line 11,68,public double area ( ) { return this.width ( ) * this.height ( ) ; }
160,male,17615171317,line 11,196,public double area ( ) { return this.width ( ) * this.height ( ) ; }
160,male,17615259344,line 11,84,public double area ( ) { return this.width ( ) * this.height ( ) ; }
160,male,17615335372,line 11,64,public double area ( ) { return this.width ( ) * this.height ( ) ; }
160,male,17615431443,line 11,92,public double area ( ) { return this.width ( ) * this.height ( ) ; }
160,male,17615543576,line 11,76,public double area ( ) { return this.width ( ) * this.height ( ) ; }
160,male,17615691507,line 11,144,public double area ( ) { return this.width ( ) * this.height ( ) ; }
160,male,17615767445,line 11,72,public double area ( ) { return this.width ( ) * this.height ( ) ; }
160,male,17616007147,line 11,76,public double area ( ) { return this.width ( ) * this.height ( ) ; }
160,male,17616067144,line 10,56,public int height ( ) { return this.y2 - this.y1 ; }
160,male,17616187186,line 11,60,public double area ( ) { return this.width ( ) * this.height ( ) ; }
160,male,17616295212,line 11,104,public double area ( ) { return this.width ( ) * this.height ( ) ; }
160,male,17616511185,line 11,140,public double area ( ) { return this.width ( ) * this.height ( ) ; }
160,male,17616619193,line 11,104,public double area ( ) { return this.width ( ) * this.height ( ) ; }
160,male,17616831240,line 11,88,public double area ( ) { return this.width ( ) * this.height ( ) ; }
160,male,17616987268,line 11,152,public double area ( ) { return this.width ( ) * this.height ( ) ; }
160,male,17617103251,line 11,72,public double area ( ) { return this.width ( ) * this.height ( ) ; }
160,male,17617211396,line 11,104,public double area ( ) { return this.width ( ) * this.height ( ) ; }
160,male,17617579002,line 9,56,public int width ( ) { return this.x2 - this.x1 ; }
160,male,17618366779,line 11,56,public double area ( ) { return this.width ( ) * this.height ( ) ; }
160,male,17618975018,line 10,68,public int height ( ) { return this.y2 - this.y1 ; }
160,male,17619046957,line 10,68,public int height ( ) { return this.y2 - this.y1 ; }
160,male,17619114909,line 10,64,public int height ( ) { return this.y2 - this.y1 ; }
160,male,17619186917,line 10,68,public int height ( ) { return this.y2 - this.y1 ; }
160,male,17619330941,line 11,112,public double area ( ) { return this.width ( ) * this.height ( ) ; }
160,male,17619586913,line 11,168,public double area ( ) { return this.width ( ) * this.height ( ) ; }
160,male,17619734856,line 12,64,public static void main ( String [ ] args ) {
160,male,17619886940,line 12,148,public static void main ( String [ ] args ) {
160,male,17620206916,line 12,160,public static void main ( String [ ] args ) {
160,male,17620326928,line 12,116,public static void main ( String [ ] args ) {
160,male,17620495038,line 10,68,public int height ( ) { return this.y2 - this.y1 ; }
160,male,17620650740,line 11,88,public double area ( ) { return this.width ( ) * this.height ( ) ; }
160,male,17621150821,line 10,76,public int height ( ) { return this.y2 - this.y1 ; }
160,male,17621394817,line 11,124,public double area ( ) { return this.width ( ) * this.height ( ) ; }
160,male,17622773694,line 10,100,public int height ( ) { return this.y2 - this.y1 ; }
160,male,17623043840,line 11,140,public double area ( ) { return this.width ( ) * this.height ( ) ; }
160,male,17623167831,line 11,68,public double area ( ) { return this.width ( ) * this.height ( ) ; }
160,male,17623239820,line 11,68,public double area ( ) { return this.width ( ) * this.height ( ) ; }
160,male,17623383800,line 11,104,public double area ( ) { return this.width ( ) * this.height ( ) ; }
160,male,17623503918,line 12,64,public static void main ( String [ ] args ) {
160,male,17623631978,line 12,72,public static void main ( String [ ] args ) {
160,male,17623771802,line 12,88,public static void main ( String [ ] args ) {
160,male,17624023835,line 12,96,public static void main ( String [ ] args ) {
160,male,17624212027,line 12,184,public static void main ( String [ ] args ) {
160,male,17624271926,line 12,56,public static void main ( String [ ] args ) {
160,male,17624371758,line 12,80,public static void main ( String [ ] args ) {
160,male,17624507683,line 12,132,public static void main ( String [ ] args ) {
160,male,17624591656,line 11,56,public double area ( ) { return this.width ( ) * this.height ( ) ; }
160,male,17624755651,line 12,56,public static void main ( String [ ] args ) {
160,male,17624967714,line 12,112,public static void main ( String [ ] args ) {
160,male,17625087713,line 11,76,public double area ( ) { return this.width ( ) * this.height ( ) ; }
160,male,17625235690,line 11,144,public double area ( ) { return this.width ( ) * this.height ( ) ; }
160,male,17625407634,line 11,80,public double area ( ) { return this.width ( ) * this.height ( ) ; }
160,male,17625563406,line 11,152,public double area ( ) { return this.width ( ) * this.height ( ) ; }
160,male,17625699413,line 11,68,public double area ( ) { return this.width ( ) * this.height ( ) ; }
160,male,17626063537,line 11,160,public double area ( ) { return this.width ( ) * this.height ( ) ; }
160,male,17626327546,line 11,104,public double area ( ) { return this.width ( ) * this.height ( ) ; }
160,male,17626971496,line 10,56,public int height ( ) { return this.y2 - this.y1 ; }
160,male,17627363594,line 10,60,public int height ( ) { return this.y2 - this.y1 ; }
160,male,17627443578,line 10,76,public int height ( ) { return this.y2 - this.y1 ; }
160,male,17627611399,line 11,72,public double area ( ) { return this.width ( ) * this.height ( ) ; }
160,male,17627755479,line 10,88,public int height ( ) { return this.y2 - this.y1 ; }
160,male,17627827493,line 10,68,public int height ( ) { return this.y2 - this.y1 ; }
160,male,17627999240,line 10,120,public int height ( ) { return this.y2 - this.y1 ; }
160,male,17628087247,line 10,84,public int height ( ) { return this.y2 - this.y1 ; }
160,male,17628179354,line 10,88,public int height ( ) { return this.y2 - this.y1 ; }
160,male,17629591282,line 10,216,public int height ( ) { return this.y2 - this.y1 ; }
160,male,17629763285,line 9,88,public int width ( ) { return this.x2 - this.x1 ; }
160,male,17630631122,line 9,80,public int width ( ) { return this.x2 - this.x1 ; }
160,male,17630707123,line 10,72,public int height ( ) { return this.y2 - this.y1 ; }
160,male,17630931148,line 10,72,public int height ( ) { return this.y2 - this.y1 ; }
160,male,17631231368,line 10,228,public int height ( ) { return this.y2 - this.y1 ; }
160,male,17631359204,line 10,88,public int height ( ) { return this.y2 - this.y1 ; }
160,male,17631467151,line 10,104,public int height ( ) { return this.y2 - this.y1 ; }
160,male,17633458970,line 3,92,"public Rectangle ( int x1 , int y1 , int x2 , int y2 ) {"
160,male,17634754850,line 10,92,public int height ( ) { return this.y2 - this.y1 ; }
160,male,17634886725,line 10,100,public int height ( ) { return this.y2 - this.y1 ; }
160,male,17634950637,line 10,60,public int height ( ) { return this.y2 - this.y1 ; }
160,male,17635258734,line 10,224,public int height ( ) { return this.y2 - this.y1 ; }
160,male,17635650692,line 10,64,public int height ( ) { return this.y2 - this.y1 ; }
160,male,17635734707,line 10,80,public int height ( ) { return this.y2 - this.y1 ; }
160,male,17635802720,line 11,64,public double area ( ) { return this.width ( ) * this.height ( ) ; }
160,male,17635878621,line 10,72,public int height ( ) { return this.y2 - this.y1 ; }
160,male,17636042401,line 10,84,public int height ( ) { return this.y2 - this.y1 ; }
160,male,17636594745,line 10,140,public int height ( ) { return this.y2 - this.y1 ; }
160,male,17639270344,line 5,232,this.y1 = y1 ;
160,male,17639482509,line 6,156,this.x2 = x2 ;
160,male,17639590416,line 6,104,this.x2 = x2 ;
160,male,17639702263,line 6,108,this.x2 = x2 ;
160,male,17639810249,line 6,104,this.x2 = x2 ;
160,male,17640742342,line 10,140,public int height ( ) { return this.y2 - this.y1 ; }
160,male,17640842335,line 11,96,public double area ( ) { return this.width ( ) * this.height ( ) ; }
160,male,17641010318,line 11,96,public double area ( ) { return this.width ( ) * this.height ( ) ; }
160,male,17641158314,line 10,68,public int height ( ) { return this.y2 - this.y1 ; }
160,male,17641486172,line 10,64,public int height ( ) { return this.y2 - this.y1 ; }
160,male,17641590236,line 10,100,public int height ( ) { return this.y2 - this.y1 ; }
160,male,17641758254,line 10,164,public int height ( ) { return this.y2 - this.y1 ; }
160,male,17641854223,line 10,92,public int height ( ) { return this.y2 - this.y1 ; }
160,male,17642233853,line 9,64,public int width ( ) { return this.x2 - this.x1 ; }
160,male,17642422146,line 10,56,public int height ( ) { return this.y2 - this.y1 ; }
160,male,17642486212,line 10,60,public int height ( ) { return this.y2 - this.y1 ; }
160,male,17642730288,line 10,68,public int height ( ) { return this.y2 - this.y1 ; }
160,male,17642902175,line 10,56,public int height ( ) { return this.y2 - this.y1 ; }
160,male,17643042104,line 10,80,public int height ( ) { return this.y2 - this.y1 ; }
160,male,17643114105,line 10,68,public int height ( ) { return this.y2 - this.y1 ; }
160,male,17643214116,line 10,96,public int height ( ) { return this.y2 - this.y1 ; }
160,male,17644026051,line 11,172,public double area ( ) { return this.width ( ) * this.height ( ) ; }
160,male,17644301899,line 10,72,public int height ( ) { return this.y2 - this.y1 ; }
160,male,17644361807,line 10,56,public int height ( ) { return this.y2 - this.y1 ; }
160,male,17644469869,line 10,104,public int height ( ) { return this.y2 - this.y1 ; }
160,male,17644533956,line 11,60,public double area ( ) { return this.width ( ) * this.height ( ) ; }
160,male,17644958006,line 11,92,public double area ( ) { return this.width ( ) * this.height ( ) ; }
160,male,17645061974,line 11,56,public double area ( ) { return this.width ( ) * this.height ( ) ; }
160,male,17645229993,line 11,60,public double area ( ) { return this.width ( ) * this.height ( ) ; }
160,male,17645429952,line 11,152,public double area ( ) { return this.width ( ) * this.height ( ) ; }
160,male,17645573952,line 11,88,public double area ( ) { return this.width ( ) * this.height ( ) ; }
160,male,17647345870,line 10,56,public int height ( ) { return this.y2 - this.y1 ; }
160,male,17647417842,line 10,68,public int height ( ) { return this.y2 - this.y1 ; }
160,male,17647586009,line 10,72,public int height ( ) { return this.y2 - this.y1 ; }
160,male,17647673895,line 10,84,public int height ( ) { return this.y2 - this.y1 ; }
160,male,17647873743,line 10,116,public int height ( ) { return this.y2 - this.y1 ; }
160,male,17647981740,line 10,104,public int height ( ) { return this.y2 - this.y1 ; }
160,male,17648169727,line 15,64,"Rectangle rect2 = new Rectangle ( 5 , 5 , 10 , 10 ) ;"
160,male,17648389757,line 15,96,"Rectangle rect2 = new Rectangle ( 5 , 5 , 10 , 10 ) ;"
160,male,17648873660,line 16,100,System.out.println ( rect2.area ( ) ) ;
160,male,17649001588,line 13,56,"Rectangle rect1 = new Rectangle ( 0 , 0 , 10 , 10 ) ;"
160,male,17649233442,line 13,164,"Rectangle rect1 = new Rectangle ( 0 , 0 , 10 , 10 ) ;"
160,male,17649369511,line 13,132,"Rectangle rect1 = new Rectangle ( 0 , 0 , 10 , 10 ) ;"
162,male,2570383060,line 2,80,"private int x1 , y1 , x2 , y2 ;"
162,male,2570595085,line 2,108,"private int x1 , y1 , x2 , y2 ;"
162,male,2570767222,line 2,168,"private int x1 , y1 , x2 , y2 ;"
162,male,2571187144,line 2,76,"private int x1 , y1 , x2 , y2 ;"
162,male,2571319228,line 2,100,"private int x1 , y1 , x2 , y2 ;"
162,male,2571671160,line 3,116,"public Rectangle ( int x1 , int y1 , int x2 , int y2 ) {"
162,male,2571962943,line 3,188,"public Rectangle ( int x1 , int y1 , int x2 , int y2 ) {"
162,male,2572342975,line 4,128,this.x1 = x1 ;
162,male,2572474973,line 4,128,this.x1 = x1 ;
162,male,2572659010,line 4,180,this.x1 = x1 ;
162,male,2572899035,line 4,236,this.x1 = x1 ;
162,male,2572979054,line 6,64,this.x2 = x2 ;
162,male,2573143044,line 6,160,this.x2 = x2 ;
162,male,2573358986,line 11,168,public double area ( ) { return this.width ( ) * this.height ( ) ; }
162,male,2573479026,line 10,80,public int height ( ) { return this.y2 - this.y1 ; }
162,male,2573543047,line 10,60,public int height ( ) { return this.y2 - this.y1 ; }
162,male,2573702827,line 10,136,public int height ( ) { return this.y2 - this.y1 ; }
162,male,2573802648,line 10,96,public int height ( ) { return this.y2 - this.y1 ; }
162,male,2573866689,line 10,60,public int height ( ) { return this.y2 - this.y1 ; }
162,male,2574106861,line 10,192,public int height ( ) { return this.y2 - this.y1 ; }
162,male,2574362949,line 10,140,public int height ( ) { return this.y2 - this.y1 ; }
162,male,2574506876,line 10,56,public int height ( ) { return this.y2 - this.y1 ; }
162,male,2574566811,line 9,56,public int width ( ) { return this.x2 - this.x1 ; }
162,male,2574894922,line 10,284,public int height ( ) { return this.y2 - this.y1 ; }
162,male,2575074882,line 10,144,public int height ( ) { return this.y2 - this.y1 ; }
162,male,2575258906,line 14,76,System.out.println ( rect1.area ( ) ) ;
162,male,2575430896,line 14,168,System.out.println ( rect1.area ( ) ) ;
162,male,2575558916,line 13,88,"Rectangle rect1 = new Rectangle ( 0 , 0 , 10 , 10 ) ;"
162,male,2575634912,line 13,72,"Rectangle rect1 = new Rectangle ( 0 , 0 , 10 , 10 ) ;"
162,male,2575718822,line 13,80,"Rectangle rect1 = new Rectangle ( 0 , 0 , 10 , 10 ) ;"
162,male,2576278734,line 3,64,"public Rectangle ( int x1 , int y1 , int x2 , int y2 ) {"
162,male,2576422804,line 3,140,"public Rectangle ( int x1 , int y1 , int x2 , int y2 ) {"
162,male,2576554748,line 3,108,"public Rectangle ( int x1 , int y1 , int x2 , int y2 ) {"
162,male,2576634718,line 3,76,"public Rectangle ( int x1 , int y1 , int x2 , int y2 ) {"
162,male,2577042747,line 5,72,this.y1 = y1 ;
162,male,2577146730,line 5,100,this.y1 = y1 ;
162,male,2577362681,line 5,188,this.y1 = y1 ;
162,male,2578034688,line 5,136,this.y1 = y1 ;
162,male,2578142685,line 5,104,this.y1 = y1 ;
162,male,2578202678,line 6,56,this.x2 = x2 ;
162,male,2578426675,line 6,220,this.x2 = x2 ;
162,male,2578626651,line 3,108,"public Rectangle ( int x1 , int y1 , int x2 , int y2 ) {"
162,male,2578766648,line 3,136,"public Rectangle ( int x1 , int y1 , int x2 , int y2 ) {"
162,male,2578866636,line 2,96,"private int x1 , y1 , x2 , y2 ;"
162,male,2579066611,line 2,88,"private int x1 , y1 , x2 , y2 ;"
162,male,2579234624,line 3,56,"public Rectangle ( int x1 , int y1 , int x2 , int y2 ) {"
162,male,2579386524,line 1,68,public class Rectangle {
162,male,2579946515,line 2,92,"private int x1 , y1 , x2 , y2 ;"
162,male,2580122510,line 2,76,"private int x1 , y1 , x2 , y2 ;"
162,male,2580222508,line 3,96,"public Rectangle ( int x1 , int y1 , int x2 , int y2 ) {"
162,male,2580566527,line 2,68,"private int x1 , y1 , x2 , y2 ;"
162,male,2580754476,line 2,184,"private int x1 , y1 , x2 , y2 ;"
162,male,2580818429,line 2,60,"private int x1 , y1 , x2 , y2 ;"
162,male,2580882405,line 2,60,"private int x1 , y1 , x2 , y2 ;"
162,male,2580994402,line 2,108,"private int x1 , y1 , x2 , y2 ;"
162,male,2581114433,line 2,116,"private int x1 , y1 , x2 , y2 ;"
162,male,2581370242,line 2,212,"private int x1 , y1 , x2 , y2 ;"
162,male,2581486280,line 2,76,"private int x1 , y1 , x2 , y2 ;"
162,male,2581606351,line 3,116,"public Rectangle ( int x1 , int y1 , int x2 , int y2 ) {"
162,male,2581898400,line 2,156,"private int x1 , y1 , x2 , y2 ;"
162,male,2582094368,line 2,92,"private int x1 , y1 , x2 , y2 ;"
162,male,2582338404,line 3,132,"public Rectangle ( int x1 , int y1 , int x2 , int y2 ) {"
162,male,2582414379,line 3,72,"public Rectangle ( int x1 , int y1 , int x2 , int y2 ) {"
162,male,2582526350,line 3,108,"public Rectangle ( int x1 , int y1 , int x2 , int y2 ) {"
162,male,2582610323,line 3,80,"public Rectangle ( int x1 , int y1 , int x2 , int y2 ) {"
162,male,2582702312,line 3,88,"public Rectangle ( int x1 , int y1 , int x2 , int y2 ) {"
162,male,2582978339,line 3,164,"public Rectangle ( int x1 , int y1 , int x2 , int y2 ) {"
162,male,2583110371,line 3,128,"public Rectangle ( int x1 , int y1 , int x2 , int y2 ) {"
162,male,2583442283,line 3,64,"public Rectangle ( int x1 , int y1 , int x2 , int y2 ) {"
162,male,2583534290,line 3,88,"public Rectangle ( int x1 , int y1 , int x2 , int y2 ) {"
162,male,2583814265,line 4,112,this.x1 = x1 ;
162,male,2584182192,line 3,248,"public Rectangle ( int x1 , int y1 , int x2 , int y2 ) {"
162,male,2584250197,line 3,64,"public Rectangle ( int x1 , int y1 , int x2 , int y2 ) {"
162,male,2584354206,line 4,100,this.x1 = x1 ;
162,male,2584482213,line 4,124,this.x1 = x1 ;
162,male,2584558215,line 4,72,this.x1 = x1 ;
162,male,2584714193,line 4,152,this.x1 = x1 ;
162,male,2584970232,line 6,208,this.x2 = x2 ;
162,male,2585098111,line 7,92,this.y2 = y2 ;
162,male,2585337995,line 9,128,public int width ( ) { return this.x2 - this.x1 ; }
162,male,2585398029,line 9,56,public int width ( ) { return this.x2 - this.x1 ; }
162,male,2585518067,line 9,104,public int width ( ) { return this.x2 - this.x1 ; }
162,male,2585678080,line 9,156,public int width ( ) { return this.x2 - this.x1 ; }
162,male,2585986042,line 9,236,public int width ( ) { return this.x2 - this.x1 ; }
162,male,2586126047,line 9,84,public int width ( ) { return this.x2 - this.x1 ; }
162,male,2586342102,line 9,212,public int width ( ) { return this.x2 - this.x1 ; }
162,male,2586850074,line 10,112,public int height ( ) { return this.y2 - this.y1 ; }
162,male,2587009784,line 10,156,public int height ( ) { return this.y2 - this.y1 ; }
162,male,2587161886,line 10,148,public int height ( ) { return this.y2 - this.y1 ; }
162,male,2587385952,line 10,156,public int height ( ) { return this.y2 - this.y1 ; }
162,male,2587505945,line 10,88,public int height ( ) { return this.y2 - this.y1 ; }
162,male,2587745914,line 4,124,this.x1 = x1 ;
162,male,2588025935,line 4,60,this.x1 = x1 ;
162,male,2588477957,line 9,60,public int width ( ) { return this.x2 - this.x1 ; }
162,male,2588653915,line 4,92,this.x1 = x1 ;
162,male,2589425866,line 11,56,public double area ( ) { return this.width ( ) * this.height ( ) ; }
162,male,2589585815,line 11,156,public double area ( ) { return this.width ( ) * this.height ( ) ; }
162,male,2589701800,line 11,64,public double area ( ) { return this.width ( ) * this.height ( ) ; }
162,male,2589829818,line 11,124,public double area ( ) { return this.width ( ) * this.height ( ) ; }
162,male,2589973794,line 10,140,public int height ( ) { return this.y2 - this.y1 ; }
162,male,2590105777,line 11,72,public double area ( ) { return this.width ( ) * this.height ( ) ; }
162,male,2590257852,line 10,148,public int height ( ) { return this.y2 - this.y1 ; }
162,male,2590393829,line 10,132,public int height ( ) { return this.y2 - this.y1 ; }
162,male,2590585805,line 10,188,public int height ( ) { return this.y2 - this.y1 ; }
162,male,2590649790,line 10,60,public int height ( ) { return this.y2 - this.y1 ; }
162,male,2590765721,line 10,112,public int height ( ) { return this.y2 - this.y1 ; }
162,male,2590989691,line 9,80,public int width ( ) { return this.x2 - this.x1 ; }
162,male,2591161682,line 10,76,public int height ( ) { return this.y2 - this.y1 ; }
162,male,2591557801,line 10,72,public int height ( ) { return this.y2 - this.y1 ; }
162,male,2591657744,line 11,96,public double area ( ) { return this.width ( ) * this.height ( ) ; }
162,male,2591961660,line 11,128,public double area ( ) { return this.width ( ) * this.height ( ) ; }
162,male,2592049655,line 12,84,public static void main ( String [ ] args ) {
162,male,2592229653,line 11,140,public double area ( ) { return this.width ( ) * this.height ( ) ; }
162,male,2592297663,line 11,64,public double area ( ) { return this.width ( ) * this.height ( ) ; }
162,male,2592557672,line 12,192,public static void main ( String [ ] args ) {
162,male,2592805405,line 12,108,public static void main ( String [ ] args ) {
162,male,2593153569,line 11,144,public double area ( ) { return this.width ( ) * this.height ( ) ; }
162,male,2593221588,line 11,64,public double area ( ) { return this.width ( ) * this.height ( ) ; }
162,male,2593561554,line 11,172,public double area ( ) { return this.width ( ) * this.height ( ) ; }
162,male,2593681560,line 11,64,public double area ( ) { return this.width ( ) * this.height ( ) ; }
162,male,2593745565,line 11,60,public double area ( ) { return this.width ( ) * this.height ( ) ; }
162,male,2593825522,line 11,76,public double area ( ) { return this.width ( ) * this.height ( ) ; }
162,male,2593945435,line 11,116,public double area ( ) { return this.width ( ) * this.height ( ) ; }
162,male,2594109505,line 11,160,public double area ( ) { return this.width ( ) * this.height ( ) ; }
162,male,2594173563,line 11,60,public double area ( ) { return this.width ( ) * this.height ( ) ; }
162,male,2594269553,line 11,64,public double area ( ) { return this.width ( ) * this.height ( ) ; }
162,male,2594477344,line 10,152,public int height ( ) { return this.y2 - this.y1 ; }
162,male,2594573213,line 11,68,public double area ( ) { return this.width ( ) * this.height ( ) ; }
162,male,2594705264,line 11,88,public double area ( ) { return this.width ( ) * this.height ( ) ; }
162,male,2594801362,line 11,92,public double area ( ) { return this.width ( ) * this.height ( ) ; }
162,male,2594901413,line 10,72,public int height ( ) { return this.y2 - this.y1 ; }
162,male,2595381393,line 13,60,"Rectangle rect1 = new Rectangle ( 0 , 0 , 10 , 10 ) ;"
162,male,2595493393,line 13,108,"Rectangle rect1 = new Rectangle ( 0 , 0 , 10 , 10 ) ;"
162,male,2595769385,line 13,168,"Rectangle rect1 = new Rectangle ( 0 , 0 , 10 , 10 ) ;"
162,male,2595893363,line 13,68,"Rectangle rect1 = new Rectangle ( 0 , 0 , 10 , 10 ) ;"
162,male,2596173388,line 13,76,"Rectangle rect1 = new Rectangle ( 0 , 0 , 10 , 10 ) ;"
162,male,2596293411,line 12,60,public static void main ( String [ ] args ) {
162,male,2596589342,line 12,76,public static void main ( String [ ] args ) {
162,male,2596725310,line 13,104,"Rectangle rect1 = new Rectangle ( 0 , 0 , 10 , 10 ) ;"
162,male,2596877298,line 13,60,"Rectangle rect1 = new Rectangle ( 0 , 0 , 10 , 10 ) ;"
162,male,2596977310,line 13,96,"Rectangle rect1 = new Rectangle ( 0 , 0 , 10 , 10 ) ;"
162,male,2597081308,line 13,68,"Rectangle rect1 = new Rectangle ( 0 , 0 , 10 , 10 ) ;"
162,male,2597937248,line 13,212,"Rectangle rect1 = new Rectangle ( 0 , 0 , 10 , 10 ) ;"
162,male,2598149225,line 13,160,"Rectangle rect1 = new Rectangle ( 0 , 0 , 10 , 10 ) ;"
162,male,2598653115,line 3,300,"public Rectangle ( int x1 , int y1 , int x2 , int y2 ) {"
162,male,2598817211,line 2,156,"private int x1 , y1 , x2 , y2 ;"
162,male,2599053030,line 3,204,"public Rectangle ( int x1 , int y1 , int x2 , int y2 ) {"
162,male,2599297140,line 10,152,public int height ( ) { return this.y2 - this.y1 ; }
162,male,2599509164,line 11,164,public double area ( ) { return this.width ( ) * this.height ( ) ; }
162,male,2599649153,line 13,104,"Rectangle rect1 = new Rectangle ( 0 , 0 , 10 , 10 ) ;"
162,male,2600576978,line 14,228,System.out.println ( rect1.area ( ) ) ;
162,male,2601065022,line 15,72,"Rectangle rect2 = new Rectangle ( 5 , 5 , 10 , 10 ) ;"
162,male,2601297022,line 15,196,"Rectangle rect2 = new Rectangle ( 5 , 5 , 10 , 10 ) ;"
162,male,2601457044,line 15,156,"Rectangle rect2 = new Rectangle ( 5 , 5 , 10 , 10 ) ;"
162,male,2601749082,line 15,288,"Rectangle rect2 = new Rectangle ( 5 , 5 , 10 , 10 ) ;"
162,male,2602696852,line 15,56,"Rectangle rect2 = new Rectangle ( 5 , 5 , 10 , 10 ) ;"
162,male,2602812863,line 15,112,"Rectangle rect2 = new Rectangle ( 5 , 5 , 10 , 10 ) ;"
162,male,2602876881,line 15,60,"Rectangle rect2 = new Rectangle ( 5 , 5 , 10 , 10 ) ;"
162,male,2603012909,line 15,132,"Rectangle rect2 = new Rectangle ( 5 , 5 , 10 , 10 ) ;"
162,male,2603152917,line 15,136,"Rectangle rect2 = new Rectangle ( 5 , 5 , 10 , 10 ) ;"
162,male,2603820882,line 16,84,System.out.println ( rect2.area ( ) ) ;
162,male,2603940722,line 16,116,System.out.println ( rect2.area ( ) ) ;
162,male,2604120672,line 15,76,"Rectangle rect2 = new Rectangle ( 5 , 5 , 10 , 10 ) ;"
162,male,2604352791,line 15,160,"Rectangle rect2 = new Rectangle ( 5 , 5 , 10 , 10 ) ;"
162,male,2604412776,line 15,56,"Rectangle rect2 = new Rectangle ( 5 , 5 , 10 , 10 ) ;"
162,male,2604516770,line 15,76,"Rectangle rect2 = new Rectangle ( 5 , 5 , 10 , 10 ) ;"
162,male,2604632775,line 15,112,"Rectangle rect2 = new Rectangle ( 5 , 5 , 10 , 10 ) ;"
162,male,2604716760,line 15,64,"Rectangle rect2 = new Rectangle ( 5 , 5 , 10 , 10 ) ;"
162,male,2604876729,line 15,64,"Rectangle rect2 = new Rectangle ( 5 , 5 , 10 , 10 ) ;"
162,male,2604940724,line 15,60,"Rectangle rect2 = new Rectangle ( 5 , 5 , 10 , 10 ) ;"
162,male,2605064701,line 14,60,System.out.println ( rect1.area ( ) ) ;
162,male,2605172598,line 13,60,"Rectangle rect1 = new Rectangle ( 0 , 0 , 10 , 10 ) ;"
162,male,2605344611,line 15,68,"Rectangle rect2 = new Rectangle ( 5 , 5 , 10 , 10 ) ;"
162,male,2605416678,line 15,68,"Rectangle rect2 = new Rectangle ( 5 , 5 , 10 , 10 ) ;"
162,male,2605504725,line 15,84,"Rectangle rect2 = new Rectangle ( 5 , 5 , 10 , 10 ) ;"
162,male,2605724780,line 15,80,"Rectangle rect2 = new Rectangle ( 5 , 5 , 10 , 10 ) ;"
162,male,2605876744,line 15,80,"Rectangle rect2 = new Rectangle ( 5 , 5 , 10 , 10 ) ;"
162,male,2606056420,line 15,176,"Rectangle rect2 = new Rectangle ( 5 , 5 , 10 , 10 ) ;"
162,male,2606148514,line 15,88,"Rectangle rect2 = new Rectangle ( 5 , 5 , 10 , 10 ) ;"
162,male,2606284637,line 13,88,"Rectangle rect1 = new Rectangle ( 0 , 0 , 10 , 10 ) ;"
162,male,2606444649,line 13,156,"Rectangle rect1 = new Rectangle ( 0 , 0 , 10 , 10 ) ;"
162,male,2606508650,line 13,60,"Rectangle rect1 = new Rectangle ( 0 , 0 , 10 , 10 ) ;"
162,male,2606688654,line 13,104,"Rectangle rect1 = new Rectangle ( 0 , 0 , 10 , 10 ) ;"
162,male,2607188562,line 3,200,"public Rectangle ( int x1 , int y1 , int x2 , int y2 ) {"
162,male,2607425056,line 3,184,"public Rectangle ( int x1 , int y1 , int x2 , int y2 ) {"
162,male,2607800532,line 9,60,public int width ( ) { return this.x2 - this.x1 ; }
162,male,2607956195,line 10,120,public int height ( ) { return this.y2 - this.y1 ; }
162,male,2608028251,line 10,64,public int height ( ) { return this.y2 - this.y1 ; }
162,male,2608212379,line 10,124,public int height ( ) { return this.y2 - this.y1 ; }
162,male,2608344459,line 10,128,public int height ( ) { return this.y2 - this.y1 ; }
162,male,2608628409,line 9,216,public int width ( ) { return this.x2 - this.x1 ; }
162,male,2608956491,line 10,144,public int height ( ) { return this.y2 - this.y1 ; }
162,male,2609092518,line 10,132,public int height ( ) { return this.y2 - this.y1 ; }
162,male,2609264498,line 10,116,public int height ( ) { return this.y2 - this.y1 ; }
162,male,2609492342,line 10,220,public int height ( ) { return this.y2 - this.y1 ; }
162,male,2609876268,line 14,104,System.out.println ( rect1.area ( ) ) ;
162,male,2610172421,line 15,252,"Rectangle rect2 = new Rectangle ( 5 , 5 , 10 , 10 ) ;"
162,male,2610344380,line 15,156,"Rectangle rect2 = new Rectangle ( 5 , 5 , 10 , 10 ) ;"
162,male,2610428363,line 15,80,"Rectangle rect2 = new Rectangle ( 5 , 5 , 10 , 10 ) ;"
162,male,2610616354,line 15,156,"Rectangle rect2 = new Rectangle ( 5 , 5 , 10 , 10 ) ;"
162,male,2610720361,line 14,76,System.out.println ( rect1.area ( ) ) ;
162,male,2610928356,line 9,104,public int width ( ) { return this.x2 - this.x1 ; }
162,male,2611132311,line 14,144,System.out.println ( rect1.area ( ) ) ;
162,male,2611376458,line 11,164,public double area ( ) { return this.width ( ) * this.height ( ) ; }
162,male,2611460577,line 10,60,public int height ( ) { return this.y2 - this.y1 ; }
162,male,2611648170,line 10,184,public int height ( ) { return this.y2 - this.y1 ; }
162,male,2611744134,line 10,92,public int height ( ) { return this.y2 - this.y1 ; }
162,male,2611996267,line 3,144,"public Rectangle ( int x1 , int y1 , int x2 , int y2 ) {"
162,male,2612208218,line 3,176,"public Rectangle ( int x1 , int y1 , int x2 , int y2 ) {"
162,male,2612432241,line 3,148,"public Rectangle ( int x1 , int y1 , int x2 , int y2 ) {"
162,male,2613236228,line 3,116,"public Rectangle ( int x1 , int y1 , int x2 , int y2 ) {"
162,male,2613936182,line 13,164,"Rectangle rect1 = new Rectangle ( 0 , 0 , 10 , 10 ) ;"
162,male,2614056129,line 13,116,"Rectangle rect1 = new Rectangle ( 0 , 0 , 10 , 10 ) ;"
162,male,2614304064,line 13,244,"Rectangle rect1 = new Rectangle ( 0 , 0 , 10 , 10 ) ;"
162,male,2614668118,line 3,228,"public Rectangle ( int x1 , int y1 , int x2 , int y2 ) {"
162,male,2614800101,line 9,64,public int width ( ) { return this.x2 - this.x1 ; }
162,male,2615336099,line 13,160,"Rectangle rect1 = new Rectangle ( 0 , 0 , 10 , 10 ) ;"
162,male,2616075964,line 6,80,this.x2 = x2 ;
162,male,2616283961,line 6,204,this.x2 = x2 ;
162,male,2616527975,line 6,184,this.x2 = x2 ;
162,male,2616879987,line 11,224,public double area ( ) { return this.width ( ) * this.height ( ) ; }
162,male,2616983973,line 11,100,public double area ( ) { return this.width ( ) * this.height ( ) ; }
162,male,2617411700,line 13,76,"Rectangle rect1 = new Rectangle ( 0 , 0 , 10 , 10 ) ;"
162,male,2617619754,line 13,204,"Rectangle rect1 = new Rectangle ( 0 , 0 , 10 , 10 ) ;"
162,male,2617727753,line 13,104,"Rectangle rect1 = new Rectangle ( 0 , 0 , 10 , 10 ) ;"
162,male,2617847765,line 13,116,"Rectangle rect1 = new Rectangle ( 0 , 0 , 10 , 10 ) ;"
162,male,2618167819,line 14,84,System.out.println ( rect1.area ( ) ) ;
162,male,2618379857,line 15,144,"Rectangle rect2 = new Rectangle ( 5 , 5 , 10 , 10 ) ;"
162,male,2618443881,line 15,60,"Rectangle rect2 = new Rectangle ( 5 , 5 , 10 , 10 ) ;"
162,male,2618575887,line 15,128,"Rectangle rect2 = new Rectangle ( 5 , 5 , 10 , 10 ) ;"
162,male,2618667853,line 15,56,"Rectangle rect2 = new Rectangle ( 5 , 5 , 10 , 10 ) ;"
162,male,2618955890,line 15,284,"Rectangle rect2 = new Rectangle ( 5 , 5 , 10 , 10 ) ;"
162,male,2619119828,line 15,124,"Rectangle rect2 = new Rectangle ( 5 , 5 , 10 , 10 ) ;"
162,male,2619199706,line 15,76,"Rectangle rect2 = new Rectangle ( 5 , 5 , 10 , 10 ) ;"
162,male,2619479682,line 15,272,"Rectangle rect2 = new Rectangle ( 5 , 5 , 10 , 10 ) ;"
162,male,2619667710,line 15,184,"Rectangle rect2 = new Rectangle ( 5 , 5 , 10 , 10 ) ;"
162,male,2619759746,line 15,68,"Rectangle rect2 = new Rectangle ( 5 , 5 , 10 , 10 ) ;"
162,male,2619983720,line 15,168,"Rectangle rect2 = new Rectangle ( 5 , 5 , 10 , 10 ) ;"
162,male,2620679706,line 13,136,"Rectangle rect1 = new Rectangle ( 0 , 0 , 10 , 10 ) ;"
162,male,2620747705,line 13,64,"Rectangle rect1 = new Rectangle ( 0 , 0 , 10 , 10 ) ;"
162,male,2620955638,line 13,204,"Rectangle rect1 = new Rectangle ( 0 , 0 , 10 , 10 ) ;"
162,male,2621035562,line 13,76,"Rectangle rect1 = new Rectangle ( 0 , 0 , 10 , 10 ) ;"
162,male,2621119518,line 13,80,"Rectangle rect1 = new Rectangle ( 0 , 0 , 10 , 10 ) ;"
162,male,2621307566,line 13,184,"Rectangle rect1 = new Rectangle ( 0 , 0 , 10 , 10 ) ;"
162,male,2621559567,line 13,248,"Rectangle rect1 = new Rectangle ( 0 , 0 , 10 , 10 ) ;"
162,male,2621891578,line 15,260,"Rectangle rect2 = new Rectangle ( 5 , 5 , 10 , 10 ) ;"
162,male,2622039557,line 15,144,"Rectangle rect2 = new Rectangle ( 5 , 5 , 10 , 10 ) ;"
162,male,2622203576,line 15,160,"Rectangle rect2 = new Rectangle ( 5 , 5 , 10 , 10 ) ;"
162,male,2622575505,line 14,76,System.out.println ( rect1.area ( ) ) ;
162,male,2622903642,line 14,268,System.out.println ( rect1.area ( ) ) ;
162,male,2622967516,line 14,60,System.out.println ( rect1.area ( ) ) ;
162,male,2623135285,line 14,88,System.out.println ( rect1.area ( ) ) ;
162,male,2623371431,line 14,204,System.out.println ( rect1.area ( ) ) ;
162,male,2623431440,line 14,56,System.out.println ( rect1.area ( ) ) ;
162,male,2623515449,line 15,80,"Rectangle rect2 = new Rectangle ( 5 , 5 , 10 , 10 ) ;"
162,male,2623583462,line 15,64,"Rectangle rect2 = new Rectangle ( 5 , 5 , 10 , 10 ) ;"
162,male,2623759458,line 15,100,"Rectangle rect2 = new Rectangle ( 5 , 5 , 10 , 10 ) ;"
162,male,2623999400,line 2,164,"private int x1 , y1 , x2 , y2 ;"
162,male,2624287364,line 3,128,"public Rectangle ( int x1 , int y1 , int x2 , int y2 ) {"
162,male,2624575408,line 15,200,"Rectangle rect2 = new Rectangle ( 5 , 5 , 10 , 10 ) ;"
162,male,2624775393,line 15,132,"Rectangle rect2 = new Rectangle ( 5 , 5 , 10 , 10 ) ;"
162,male,2625127189,line 16,324,System.out.println ( rect2.area ( ) ) ;
162,male,2625523200,line 15,352,"Rectangle rect2 = new Rectangle ( 5 , 5 , 10 , 10 ) ;"
162,male,2625631212,line 15,88,"Rectangle rect2 = new Rectangle ( 5 , 5 , 10 , 10 ) ;"
162,male,2625803274,line 15,168,"Rectangle rect2 = new Rectangle ( 5 , 5 , 10 , 10 ) ;"
162,male,2625979288,line 15,172,"Rectangle rect2 = new Rectangle ( 5 , 5 , 10 , 10 ) ;"
162,male,2626927048,line 16,328,System.out.println ( rect2.area ( ) ) ;
162,male,2627031103,line 16,100,System.out.println ( rect2.area ( ) ) ;
162,male,2627371156,line 16,72,System.out.println ( rect2.area ( ) ) ;
162,male,2628123119,line 5,188,this.y1 = y1 ;
162,male,2628187147,line 5,60,this.y1 = y1 ;
162,male,2629003007,line 11,140,public double area ( ) { return this.width ( ) * this.height ( ) ; }
162,male,2629655065,line 9,136,public int width ( ) { return this.x2 - this.x1 ; }
162,male,2630147026,line 15,68,"Rectangle rect2 = new Rectangle ( 5 , 5 , 10 , 10 ) ;"
162,male,2630215018,line 15,64,"Rectangle rect2 = new Rectangle ( 5 , 5 , 10 , 10 ) ;"
162,male,2632706716,line 13,56,"Rectangle rect1 = new Rectangle ( 0 , 0 , 10 , 10 ) ;"
162,male,2632782736,line 13,72,"Rectangle rect1 = new Rectangle ( 0 , 0 , 10 , 10 ) ;"
162,male,2633438796,line 13,64,"Rectangle rect1 = new Rectangle ( 0 , 0 , 10 , 10 ) ;"
162,male,2633514776,line 12,72,public static void main ( String [ ] args ) {
162,male,2633762745,line 15,64,"Rectangle rect2 = new Rectangle ( 5 , 5 , 10 , 10 ) ;"
162,male,2633842727,line 15,64,"Rectangle rect2 = new Rectangle ( 5 , 5 , 10 , 10 ) ;"
162,male,2635086671,line 15,116,"Rectangle rect2 = new Rectangle ( 5 , 5 , 10 , 10 ) ;"
163,female,16518727021,line 3,84,"public Rectangle ( int x1 , int y1 , int x2 , int y2 ) {"
163,female,16518939995,line 2,104,"private int x1 , y1 , x2 , y2 ;"
163,female,16519056293,line 2,112,"private int x1 , y1 , x2 , y2 ;"
163,female,16519204265,line 2,88,"private int x1 , y1 , x2 , y2 ;"
163,female,16519324204,line 1,56,public class Rectangle {
163,female,16519392171,line 1,56,public class Rectangle {
163,female,16519996455,line 2,80,"private int x1 , y1 , x2 , y2 ;"
163,female,16520168161,line 3,120,"public Rectangle ( int x1 , int y1 , int x2 , int y2 ) {"
163,female,16520232079,line 3,60,"public Rectangle ( int x1 , int y1 , int x2 , int y2 ) {"
163,female,16520304032,line 2,68,"private int x1 , y1 , x2 , y2 ;"
163,female,16520496005,line 3,72,"public Rectangle ( int x1 , int y1 , int x2 , int y2 ) {"
163,female,16520592003,line 3,92,"public Rectangle ( int x1 , int y1 , int x2 , int y2 ) {"
163,female,16520683982,line 3,88,"public Rectangle ( int x1 , int y1 , int x2 , int y2 ) {"
163,female,16521087970,line 1,116,public class Rectangle {
163,female,16521307967,line 1,96,public class Rectangle {
163,female,16521427932,line 1,116,public class Rectangle {
163,female,16521519899,line 1,88,public class Rectangle {
163,female,16521707909,line 1,80,public class Rectangle {
163,female,16521803917,line 1,88,public class Rectangle {
163,female,16521867859,line 1,56,public class Rectangle {
163,female,16521955752,line 1,84,public class Rectangle {
163,female,16522191850,line 1,76,public class Rectangle {
163,female,16522471878,line 2,200,"private int x1 , y1 , x2 , y2 ;"
163,female,16522627850,line 2,92,"private int x1 , y1 , x2 , y2 ;"
163,female,16522803830,line 2,116,"private int x1 , y1 , x2 , y2 ;"
163,female,16522883836,line 1,76,public class Rectangle {
163,female,16523031850,line 2,56,"private int x1 , y1 , x2 , y2 ;"
163,female,16523099810,line 2,64,"private int x1 , y1 , x2 , y2 ;"
163,female,16523171767,line 2,68,"private int x1 , y1 , x2 , y2 ;"
163,female,16523331750,line 1,156,public class Rectangle {
163,female,16523615539,line 2,96,"private int x1 , y1 , x2 , y2 ;"
163,female,16523803675,line 2,184,"private int x1 , y1 , x2 , y2 ;"
163,female,16523951707,line 2,56,"private int x1 , y1 , x2 , y2 ;"
163,female,16524163673,line 2,112,"private int x1 , y1 , x2 , y2 ;"
163,female,16524315665,line 3,64,"public Rectangle ( int x1 , int y1 , int x2 , int y2 ) {"
163,female,16524387689,line 3,68,"public Rectangle ( int x1 , int y1 , int x2 , int y2 ) {"
163,female,16524455721,line 3,64,"public Rectangle ( int x1 , int y1 , int x2 , int y2 ) {"
163,female,16524607946,line 2,60,"private int x1 , y1 , x2 , y2 ;"
163,female,16524807788,line 3,60,"public Rectangle ( int x1 , int y1 , int x2 , int y2 ) {"
163,female,16524895722,line 3,84,"public Rectangle ( int x1 , int y1 , int x2 , int y2 ) {"
163,female,16525035618,line 3,80,"public Rectangle ( int x1 , int y1 , int x2 , int y2 ) {"
163,female,16525147746,line 3,108,"public Rectangle ( int x1 , int y1 , int x2 , int y2 ) {"
163,female,16525264143,line 3,68,"public Rectangle ( int x1 , int y1 , int x2 , int y2 ) {"
163,female,16525372011,line 3,104,"public Rectangle ( int x1 , int y1 , int x2 , int y2 ) {"
163,female,16525675566,line 3,72,"public Rectangle ( int x1 , int y1 , int x2 , int y2 ) {"
163,female,16525747584,line 3,68,"public Rectangle ( int x1 , int y1 , int x2 , int y2 ) {"
163,female,16525935644,line 3,100,"public Rectangle ( int x1 , int y1 , int x2 , int y2 ) {"
163,female,16526131585,line 2,60,"private int x1 , y1 , x2 , y2 ;"
163,female,16526295565,line 2,68,"private int x1 , y1 , x2 , y2 ;"
163,female,16526359572,line 2,60,"private int x1 , y1 , x2 , y2 ;"
163,female,16526459582,line 2,60,"private int x1 , y1 , x2 , y2 ;"
163,female,16527119429,line 3,56,"public Rectangle ( int x1 , int y1 , int x2 , int y2 ) {"
163,female,16527195418,line 3,64,"public Rectangle ( int x1 , int y1 , int x2 , int y2 ) {"
163,female,16527255402,line 2,56,"private int x1 , y1 , x2 , y2 ;"
163,female,16527687479,line 3,76,"public Rectangle ( int x1 , int y1 , int x2 , int y2 ) {"
163,female,16528235377,line 4,60,this.x1 = x1 ;
163,female,16528491314,line 3,124,"public Rectangle ( int x1 , int y1 , int x2 , int y2 ) {"
163,female,16528675343,line 3,152,"public Rectangle ( int x1 , int y1 , int x2 , int y2 ) {"
163,female,16528915358,line 4,148,this.x1 = x1 ;
163,female,16529103536,line 4,104,this.x1 = x1 ;
163,female,16529343665,line 3,64,"public Rectangle ( int x1 , int y1 , int x2 , int y2 ) {"
163,female,16529451372,line 4,104,this.x1 = x1 ;
163,female,16529615299,line 5,104,this.y1 = y1 ;
163,female,16529935153,line 5,276,this.y1 = y1 ;
163,female,16530231228,line 9,100,public int width ( ) { return this.x2 - this.x1 ; }
163,female,16530395227,line 9,76,public int width ( ) { return this.x2 - this.x1 ; }
163,female,16530459222,line 9,60,public int width ( ) { return this.x2 - this.x1 ; }
163,female,16530647208,line 9,148,public int width ( ) { return this.x2 - this.x1 ; }
163,female,16533554860,line 9,140,public int width ( ) { return this.x2 - this.x1 ; }
163,female,16533970865,line 9,56,public int width ( ) { return this.x2 - this.x1 ; }
163,female,16537662578,line 4,92,this.x1 = x1 ;
163,female,16537742542,line 4,76,this.x1 = x1 ;
163,female,16537818522,line 4,72,this.x1 = x1 ;
163,female,16537990539,line 5,140,this.y1 = y1 ;
163,female,16538222778,line 5,140,this.y1 = y1 ;
163,female,16538431138,line 5,128,this.y1 = y1 ;
163,female,16539454384,line 9,112,public int width ( ) { return this.x2 - this.x1 ; }
163,female,16539734369,line 10,88,public int height ( ) { return this.y2 - this.y1 ; }
163,female,16539978371,line 9,108,public int width ( ) { return this.x2 - this.x1 ; }
163,female,16540266420,line 10,156,public int height ( ) { return this.y2 - this.y1 ; }
163,female,16540406392,line 9,68,public int width ( ) { return this.x2 - this.x1 ; }
163,female,16540758255,line 9,128,public int width ( ) { return this.x2 - this.x1 ; }
163,female,16540922095,line 9,128,public int width ( ) { return this.x2 - this.x1 ; }
163,female,16541078313,line 9,144,public int width ( ) { return this.x2 - this.x1 ; }
163,female,16541370242,line 9,184,public int width ( ) { return this.x2 - this.x1 ; }
163,female,16541466237,line 9,92,public int width ( ) { return this.x2 - this.x1 ; }
163,female,16541678281,line 10,76,public int height ( ) { return this.y2 - this.y1 ; }
163,female,16541822316,line 9,92,public int width ( ) { return this.x2 - this.x1 ; }
163,female,16542218227,line 11,60,public double area ( ) { return this.width ( ) * this.height ( ) ; }
163,female,16542354199,line 11,132,public double area ( ) { return this.width ( ) * this.height ( ) ; }
163,female,16542486105,line 11,92,public double area ( ) { return this.width ( ) * this.height ( ) ; }
163,female,16542630111,line 11,140,public double area ( ) { return this.width ( ) * this.height ( ) ; }
163,female,16542706114,line 11,72,public double area ( ) { return this.width ( ) * this.height ( ) ; }
163,female,16542838133,line 11,128,public double area ( ) { return this.width ( ) * this.height ( ) ; }
163,female,16543002154,line 11,124,public double area ( ) { return this.width ( ) * this.height ( ) ; }
163,female,16543086164,line 11,80,public double area ( ) { return this.width ( ) * this.height ( ) ; }
163,female,16543214150,line 11,124,public double area ( ) { return this.width ( ) * this.height ( ) ; }
163,female,16543478100,line 11,176,public double area ( ) { return this.width ( ) * this.height ( ) ; }
163,female,16543658040,line 11,176,public double area ( ) { return this.width ( ) * this.height ( ) ; }
163,female,16543829930,line 11,140,public double area ( ) { return this.width ( ) * this.height ( ) ; }
163,female,16544009876,line 11,136,public double area ( ) { return this.width ( ) * this.height ( ) ; }
163,female,16544085919,line 11,60,public double area ( ) { return this.width ( ) * this.height ( ) ; }
163,female,16544226162,line 11,136,public double area ( ) { return this.width ( ) * this.height ( ) ; }
163,female,16544446029,line 11,124,public double area ( ) { return this.width ( ) * this.height ( ) ; }
163,female,16544565956,line 11,80,public double area ( ) { return this.width ( ) * this.height ( ) ; }
163,female,16544641984,line 11,72,public double area ( ) { return this.width ( ) * this.height ( ) ; }
163,female,16544806007,line 11,136,public double area ( ) { return this.width ( ) * this.height ( ) ; }
163,female,16545973850,line 11,60,public double area ( ) { return this.width ( ) * this.height ( ) ; }
163,female,16546069864,line 11,92,public double area ( ) { return this.width ( ) * this.height ( ) ; }
163,female,16546217862,line 11,80,public double area ( ) { return this.width ( ) * this.height ( ) ; }
163,female,16546541866,line 11,232,public double area ( ) { return this.width ( ) * this.height ( ) ; }
163,female,16546721829,line 11,176,public double area ( ) { return this.width ( ) * this.height ( ) ; }
163,female,16546785830,line 11,60,public double area ( ) { return this.width ( ) * this.height ( ) ; }
163,female,16546945811,line 11,96,public double area ( ) { return this.width ( ) * this.height ( ) ; }
163,female,16547045743,line 11,96,public double area ( ) { return this.width ( ) * this.height ( ) ; }
163,female,16547201719,line 11,152,public double area ( ) { return this.width ( ) * this.height ( ) ; }
163,female,16547385779,line 12,116,public static void main ( String [ ] args ) {
163,female,16547682090,line 12,80,public static void main ( String [ ] args ) {
163,female,16547813876,line 12,128,public static void main ( String [ ] args ) {
163,female,16548074066,line 12,200,public static void main ( String [ ] args ) {
163,female,16548233826,line 12,84,public static void main ( String [ ] args ) {
163,female,16548349694,line 12,64,public static void main ( String [ ] args ) {
163,female,16548425669,line 12,72,public static void main ( String [ ] args ) {
163,female,16548541570,line 12,96,public static void main ( String [ ] args ) {
163,female,16548601516,line 12,56,public static void main ( String [ ] args ) {
163,female,16548765532,line 12,76,public static void main ( String [ ] args ) {
163,female,16548837577,line 12,68,public static void main ( String [ ] args ) {
163,female,16549101594,line 13,184,"Rectangle rect1 = new Rectangle ( 0 , 0 , 10 , 10 ) ;"
163,female,16549225597,line 13,96,"Rectangle rect1 = new Rectangle ( 0 , 0 , 10 , 10 ) ;"
163,female,16549313616,line 13,84,"Rectangle rect1 = new Rectangle ( 0 , 0 , 10 , 10 ) ;"
163,female,16549441645,line 13,124,"Rectangle rect1 = new Rectangle ( 0 , 0 , 10 , 10 ) ;"
163,female,16549521635,line 13,76,"Rectangle rect1 = new Rectangle ( 0 , 0 , 10 , 10 ) ;"
163,female,16549745590,line 13,88,"Rectangle rect1 = new Rectangle ( 0 , 0 , 10 , 10 ) ;"
163,female,16549917589,line 13,124,"Rectangle rect1 = new Rectangle ( 0 , 0 , 10 , 10 ) ;"
163,female,16550125528,line 13,160,"Rectangle rect1 = new Rectangle ( 0 , 0 , 10 , 10 ) ;"
163,female,16550509525,line 13,60,"Rectangle rect1 = new Rectangle ( 0 , 0 , 10 , 10 ) ;"
163,female,16550573510,line 13,60,"Rectangle rect1 = new Rectangle ( 0 , 0 , 10 , 10 ) ;"
163,female,16551173410,line 13,164,"Rectangle rect1 = new Rectangle ( 0 , 0 , 10 , 10 ) ;"
163,female,16551521421,line 13,72,"Rectangle rect1 = new Rectangle ( 0 , 0 , 10 , 10 ) ;"
163,female,16551730101,line 13,200,"Rectangle rect1 = new Rectangle ( 0 , 0 , 10 , 10 ) ;"
163,female,16551837715,line 12,56,public static void main ( String [ ] args ) {
163,female,16552205303,line 13,92,"Rectangle rect1 = new Rectangle ( 0 , 0 , 10 , 10 ) ;"
163,female,16552269321,line 13,60,"Rectangle rect1 = new Rectangle ( 0 , 0 , 10 , 10 ) ;"
163,female,16552513386,line 12,56,public static void main ( String [ ] args ) {
163,female,16553305031,line 11,64,public double area ( ) { return this.width ( ) * this.height ( ) ; }
163,female,16553413047,line 11,84,public double area ( ) { return this.width ( ) * this.height ( ) ; }
163,female,16553957244,line 10,156,public int height ( ) { return this.y2 - this.y1 ; }
163,female,16554221243,line 10,164,public int height ( ) { return this.y2 - this.y1 ; }
163,female,16554381228,line 11,124,public double area ( ) { return this.width ( ) * this.height ( ) ; }
163,female,16554509186,line 11,64,public double area ( ) { return this.width ( ) * this.height ( ) ; }
163,female,16555689112,line 15,200,"Rectangle rect2 = new Rectangle ( 5 , 5 , 10 , 10 ) ;"
163,female,16556053001,line 16,72,System.out.println ( rect2.area ( ) ) ;
163,female,16556172995,line 16,68,System.out.println ( rect2.area ( ) ) ;
163,female,16556396993,line 16,196,System.out.println ( rect2.area ( ) ) ;
163,female,16556528975,line 15,56,"Rectangle rect2 = new Rectangle ( 5 , 5 , 10 , 10 ) ;"
163,female,16556636987,line 15,104,"Rectangle rect2 = new Rectangle ( 5 , 5 , 10 , 10 ) ;"
163,female,16556756971,line 15,116,"Rectangle rect2 = new Rectangle ( 5 , 5 , 10 , 10 ) ;"
163,female,16556956958,line 12,184,public static void main ( String [ ] args ) {
163,female,16557136988,line 12,116,public static void main ( String [ ] args ) {
163,female,16557304990,line 13,76,"Rectangle rect1 = new Rectangle ( 0 , 0 , 10 , 10 ) ;"
163,female,16557532927,line 13,116,"Rectangle rect1 = new Rectangle ( 0 , 0 , 10 , 10 ) ;"
163,female,16557636911,line 12,60,public static void main ( String [ ] args ) {
163,female,16557752911,line 12,112,public static void main ( String [ ] args ) {
163,female,16557888930,line 12,88,public static void main ( String [ ] args ) {
163,female,16558012779,line 12,120,public static void main ( String [ ] args ) {
163,female,16559000788,line 14,144,System.out.println ( rect1.area ( ) ) ;
163,female,16559284812,line 14,180,System.out.println ( rect1.area ( ) ) ;
163,female,16559604723,line 11,64,public double area ( ) { return this.width ( ) * this.height ( ) ; }
163,female,16559876661,line 10,92,public int height ( ) { return this.y2 - this.y1 ; }
163,female,16560464704,line 11,92,public double area ( ) { return this.width ( ) * this.height ( ) ; }
163,female,16560816703,line 16,88,System.out.println ( rect2.area ( ) ) ;
163,female,16560880703,line 15,60,"Rectangle rect2 = new Rectangle ( 5 , 5 , 10 , 10 ) ;"
163,female,16560976706,line 15,80,"Rectangle rect2 = new Rectangle ( 5 , 5 , 10 , 10 ) ;"
163,female,16561040644,line 15,60,"Rectangle rect2 = new Rectangle ( 5 , 5 , 10 , 10 ) ;"
163,female,16561192496,line 15,56,"Rectangle rect2 = new Rectangle ( 5 , 5 , 10 , 10 ) ;"
163,female,16561288475,line 15,92,"Rectangle rect2 = new Rectangle ( 5 , 5 , 10 , 10 ) ;"
163,female,16561352467,line 15,60,"Rectangle rect2 = new Rectangle ( 5 , 5 , 10 , 10 ) ;"
163,female,16561532468,line 16,136,System.out.println ( rect2.area ( ) ) ;
163,female,16561724554,line 14,88,System.out.println ( rect1.area ( ) ) ;
163,female,16561788570,line 14,60,System.out.println ( rect1.area ( ) ) ;
163,female,16562088523,line 15,88,"Rectangle rect2 = new Rectangle ( 5 , 5 , 10 , 10 ) ;"
163,female,16562268534,line 15,176,"Rectangle rect2 = new Rectangle ( 5 , 5 , 10 , 10 ) ;"
163,female,16562460531,line 15,100,"Rectangle rect2 = new Rectangle ( 5 , 5 , 10 , 10 ) ;"
166,male,2565518085,line 2,164,"private int x1 , y1 , x2 , y2 ;"
166,male,2565873833,line 1,108,public class Rectangle {
166,male,2565973933,line 1,96,public class Rectangle {
166,male,2567993846,line 1,64,public class Rectangle {
166,male,2568361862,line 2,76,"private int x1 , y1 , x2 , y2 ;"
166,male,2568521870,line 1,60,public class Rectangle {
166,male,2568885758,line 1,84,public class Rectangle {
166,male,2568997692,line 1,108,public class Rectangle {
166,male,2569413668,line 2,80,"private int x1 , y1 , x2 , y2 ;"
166,male,2569473660,line 2,56,"private int x1 , y1 , x2 , y2 ;"
166,male,2569533662,line 2,56,"private int x1 , y1 , x2 , y2 ;"
166,male,2569693683,line 2,108,"private int x1 , y1 , x2 , y2 ;"
166,male,2569869701,line 2,108,"private int x1 , y1 , x2 , y2 ;"
166,male,2570081731,line 2,152,"private int x1 , y1 , x2 , y2 ;"
166,male,2570141739,line 2,56,"private int x1 , y1 , x2 , y2 ;"
166,male,2570261690,line 2,116,"private int x1 , y1 , x2 , y2 ;"
166,male,2570597429,line 3,92,"public Rectangle ( int x1 , int y1 , int x2 , int y2 ) {"
166,male,2570717495,line 3,116,"public Rectangle ( int x1 , int y1 , int x2 , int y2 ) {"
166,male,2570997558,line 3,96,"public Rectangle ( int x1 , int y1 , int x2 , int y2 ) {"
166,male,2571073569,line 3,72,"public Rectangle ( int x1 , int y1 , int x2 , int y2 ) {"
166,male,2571229584,line 2,84,"private int x1 , y1 , x2 , y2 ;"
166,male,2571297566,line 2,64,"private int x1 , y1 , x2 , y2 ;"
166,male,2571425540,line 2,88,"private int x1 , y1 , x2 , y2 ;"
166,male,2571509544,line 2,80,"private int x1 , y1 , x2 , y2 ;"
166,male,2571621538,line 2,108,"private int x1 , y1 , x2 , y2 ;"
166,male,2571689516,line 3,56,"public Rectangle ( int x1 , int y1 , int x2 , int y2 ) {"
166,male,2571953583,line 3,100,"public Rectangle ( int x1 , int y1 , int x2 , int y2 ) {"
166,male,2572077607,line 2,120,"private int x1 , y1 , x2 , y2 ;"
166,male,2572177526,line 2,96,"private int x1 , y1 , x2 , y2 ;"
166,male,2572641472,line 1,64,public class Rectangle {
166,male,2572937383,line 2,80,"private int x1 , y1 , x2 , y2 ;"
166,male,2573121378,line 3,76,"public Rectangle ( int x1 , int y1 , int x2 , int y2 ) {"
166,male,2573217420,line 3,92,"public Rectangle ( int x1 , int y1 , int x2 , int y2 ) {"
166,male,2573425436,line 2,60,"private int x1 , y1 , x2 , y2 ;"
166,male,2573785453,line 2,72,"private int x1 , y1 , x2 , y2 ;"
166,male,2573849347,line 2,60,"private int x1 , y1 , x2 , y2 ;"
166,male,2574265293,line 3,56,"public Rectangle ( int x1 , int y1 , int x2 , int y2 ) {"
166,male,2574517310,line 3,64,"public Rectangle ( int x1 , int y1 , int x2 , int y2 ) {"
166,male,2574653306,line 3,68,"public Rectangle ( int x1 , int y1 , int x2 , int y2 ) {"
166,male,2574713292,line 3,56,"public Rectangle ( int x1 , int y1 , int x2 , int y2 ) {"
166,male,2575757225,line 4,108,this.x1 = x1 ;
166,male,2575849257,line 3,64,"public Rectangle ( int x1 , int y1 , int x2 , int y2 ) {"
166,male,2576153277,line 4,76,this.x1 = x1 ;
166,male,2576625156,line 6,132,this.x2 = x2 ;
166,male,2576825066,line 6,56,this.x2 = x2 ;
166,male,2577109037,line 6,56,this.x2 = x2 ;
166,male,2577173041,line 6,60,this.x2 = x2 ;
166,male,2577329051,line 6,152,this.x2 = x2 ;
166,male,2577585054,line 6,108,this.x2 = x2 ;
166,male,2578172850,line 6,76,this.x2 = x2 ;
166,male,2578484719,line 5,80,this.y1 = y1 ;
166,male,2581788563,line 9,92,public int width ( ) { return this.x2 - this.x1 ; }
166,male,2583012518,line 9,56,public int width ( ) { return this.x2 - this.x1 ; }
166,male,2583200344,line 9,92,public int width ( ) { return this.x2 - this.x1 ; }
166,male,2583264358,line 9,60,public int width ( ) { return this.x2 - this.x1 ; }
166,male,2583488620,line 3,112,"public Rectangle ( int x1 , int y1 , int x2 , int y2 ) {"
166,male,2583616871,line 3,92,"public Rectangle ( int x1 , int y1 , int x2 , int y2 ) {"
166,male,2584088557,line 3,100,"public Rectangle ( int x1 , int y1 , int x2 , int y2 ) {"
166,male,2584160573,line 3,68,"public Rectangle ( int x1 , int y1 , int x2 , int y2 ) {"
166,male,2584744292,line 9,84,public int width ( ) { return this.x2 - this.x1 ; }
166,male,2584988427,line 9,92,public int width ( ) { return this.x2 - this.x1 ; }
166,male,2585360319,line 9,56,public int width ( ) { return this.x2 - this.x1 ; }
166,male,2585944354,line 2,60,"private int x1 , y1 , x2 , y2 ;"
166,male,2586212310,line 1,176,public class Rectangle {
166,male,2586276292,line 2,60,"private int x1 , y1 , x2 , y2 ;"
166,male,2586412289,line 2,68,"private int x1 , y1 , x2 , y2 ;"
166,male,2586504288,line 2,88,"private int x1 , y1 , x2 , y2 ;"
166,male,2586588289,line 2,80,"private int x1 , y1 , x2 , y2 ;"
166,male,2586908269,line 9,92,public int width ( ) { return this.x2 - this.x1 ; }
166,male,2587076257,line 9,68,public int width ( ) { return this.x2 - this.x1 ; }
166,male,2587136267,line 9,56,public int width ( ) { return this.x2 - this.x1 ; }
166,male,2587788180,line 9,60,public int width ( ) { return this.x2 - this.x1 ; }
166,male,2589599984,line 9,60,public int width ( ) { return this.x2 - this.x1 ; }
166,male,2589931990,line 3,80,"public Rectangle ( int x1 , int y1 , int x2 , int y2 ) {"
166,male,2590031998,line 4,64,this.x1 = x1 ;
166,male,2590155993,line 3,64,"public Rectangle ( int x1 , int y1 , int x2 , int y2 ) {"
166,male,2590388008,line 5,56,this.y1 = y1 ;
166,male,2590472064,line 5,80,this.y1 = y1 ;
166,male,2590592118,line 5,64,this.y1 = y1 ;
166,male,2590752107,line 3,56,"public Rectangle ( int x1 , int y1 , int x2 , int y2 ) {"
166,male,2591031793,line 9,64,public int width ( ) { return this.x2 - this.x1 ; }
166,male,2591231902,line 9,80,public int width ( ) { return this.x2 - this.x1 ; }
166,male,2591391892,line 9,72,public int width ( ) { return this.x2 - this.x1 ; }
166,male,2591979785,line 10,56,public int height ( ) { return this.y2 - this.y1 ; }
166,male,2592659781,line 10,60,public int height ( ) { return this.y2 - this.y1 ; }
166,male,2592763764,line 10,60,public int height ( ) { return this.y2 - this.y1 ; }
166,male,2592935405,line 10,68,public int height ( ) { return this.y2 - this.y1 ; }
166,male,2593139433,line 3,60,"public Rectangle ( int x1 , int y1 , int x2 , int y2 ) {"
166,male,2593375753,line 2,156,"private int x1 , y1 , x2 , y2 ;"
166,male,2593507805,line 2,104,"private int x1 , y1 , x2 , y2 ;"
166,male,2593751715,line 1,80,public class Rectangle {
166,male,2594003471,line 1,72,public class Rectangle {
166,male,2597959360,line 10,124,public int height ( ) { return this.y2 - this.y1 ; }
166,male,2598235322,line 9,72,public int width ( ) { return this.x2 - this.x1 ; }
166,male,2599559148,line 3,80,"public Rectangle ( int x1 , int y1 , int x2 , int y2 ) {"
166,male,2599635150,line 2,72,"private int x1 , y1 , x2 , y2 ;"
166,male,2599723139,line 2,84,"private int x1 , y1 , x2 , y2 ;"
166,male,2600087147,line 1,128,public class Rectangle {
166,male,2600515000,line 10,60,public int height ( ) { return this.y2 - this.y1 ; }
166,male,2600599019,line 10,80,public int height ( ) { return this.y2 - this.y1 ; }
166,male,2600699035,line 10,96,public int height ( ) { return this.y2 - this.y1 ; }
166,male,2600786947,line 10,84,public int height ( ) { return this.y2 - this.y1 ; }
166,male,2601054669,line 10,88,public int height ( ) { return this.y2 - this.y1 ; }
166,male,2601142853,line 10,84,public int height ( ) { return this.y2 - this.y1 ; }
166,male,2601890655,line 10,124,public int height ( ) { return this.y2 - this.y1 ; }
166,male,2601970789,line 10,76,public int height ( ) { return this.y2 - this.y1 ; }
166,male,2602966998,line 10,56,public int height ( ) { return this.y2 - this.y1 ; }
166,male,2603078985,line 10,60,public int height ( ) { return this.y2 - this.y1 ; }
166,male,2603378713,line 10,96,public int height ( ) { return this.y2 - this.y1 ; }
166,male,2603582766,line 9,96,public int width ( ) { return this.x2 - this.x1 ; }
166,male,2603662831,line 9,76,public int width ( ) { return this.x2 - this.x1 ; }
166,male,2604082778,line 10,60,public int height ( ) { return this.y2 - this.y1 ; }
166,male,2604230762,line 10,76,public int height ( ) { return this.y2 - this.y1 ; }
166,male,2604438806,line 10,112,public int height ( ) { return this.y2 - this.y1 ; }
166,male,2604534843,line 10,64,public int height ( ) { return this.y2 - this.y1 ; }
166,male,2604718854,line 11,72,public double area ( ) { return this.width ( ) * this.height ( ) ; }
166,male,2604890722,line 11,64,public double area ( ) { return this.width ( ) * this.height ( ) ; }
166,male,2605022519,line 11,80,public double area ( ) { return this.width ( ) * this.height ( ) ; }
166,male,2605094545,line 11,68,public double area ( ) { return this.width ( ) * this.height ( ) ; }
166,male,2605218696,line 11,120,public double area ( ) { return this.width ( ) * this.height ( ) ; }
166,male,2605658676,line 11,76,public double area ( ) { return this.width ( ) * this.height ( ) ; }
166,male,2605738665,line 11,76,public double area ( ) { return this.width ( ) * this.height ( ) ; }
166,male,2605962649,line 11,128,public double area ( ) { return this.width ( ) * this.height ( ) ; }
166,male,2606574761,line 11,56,public double area ( ) { return this.width ( ) * this.height ( ) ; }
166,male,2607134391,line 10,56,public int height ( ) { return this.y2 - this.y1 ; }
166,male,2608630476,line 11,68,public double area ( ) { return this.width ( ) * this.height ( ) ; }
166,male,2608742433,line 11,108,public double area ( ) { return this.width ( ) * this.height ( ) ; }
166,male,2608802385,line 11,56,public double area ( ) { return this.width ( ) * this.height ( ) ; }
166,male,2608898343,line 11,92,public double area ( ) { return this.width ( ) * this.height ( ) ; }
166,male,2609050381,line 11,64,public double area ( ) { return this.width ( ) * this.height ( ) ; }
166,male,2609158321,line 11,104,public double area ( ) { return this.width ( ) * this.height ( ) ; }
166,male,2609438291,line 11,112,public double area ( ) { return this.width ( ) * this.height ( ) ; }
166,male,2609578304,line 12,84,public static void main ( String [ ] args ) {
166,male,2609662220,line 12,80,public static void main ( String [ ] args ) {
166,male,2609770223,line 12,64,public static void main ( String [ ] args ) {
166,male,2609874274,line 12,56,public static void main ( String [ ] args ) {
166,male,2610110308,line 12,68,public static void main ( String [ ] args ) {
166,male,2610178311,line 12,64,public static void main ( String [ ] args ) {
166,male,2610238312,line 12,56,public static void main ( String [ ] args ) {
166,male,2611970267,line 13,84,"Rectangle rect1 = new Rectangle ( 0 , 0 , 10 , 10 ) ;"
166,male,2612402121,line 13,136,"Rectangle rect1 = new Rectangle ( 0 , 0 , 10 , 10 ) ;"
166,male,2612809904,line 13,60,"Rectangle rect1 = new Rectangle ( 0 , 0 , 10 , 10 ) ;"
166,male,2613301792,line 13,84,"Rectangle rect1 = new Rectangle ( 0 , 0 , 10 , 10 ) ;"
166,male,2613469618,line 13,92,"Rectangle rect1 = new Rectangle ( 0 , 0 , 10 , 10 ) ;"
166,male,2613654036,line 13,108,"Rectangle rect1 = new Rectangle ( 0 , 0 , 10 , 10 ) ;"
166,male,2613730007,line 13,72,"Rectangle rect1 = new Rectangle ( 0 , 0 , 10 , 10 ) ;"
166,male,2614357834,line 13,92,"Rectangle rect1 = new Rectangle ( 0 , 0 , 10 , 10 ) ;"
166,male,2614701845,line 14,84,System.out.println ( rect1.area ( ) ) ;
166,male,2614909855,line 14,132,System.out.println ( rect1.area ( ) ) ;
166,male,2615005954,line 14,92,System.out.println ( rect1.area ( ) ) ;
166,male,2615337872,line 14,300,System.out.println ( rect1.area ( ) ) ;
166,male,2615413840,line 14,72,System.out.println ( rect1.area ( ) ) ;
166,male,2615513842,line 14,56,System.out.println ( rect1.area ( ) ) ;
166,male,2615589861,line 14,72,System.out.println ( rect1.area ( ) ) ;
166,male,2616241891,line 14,60,System.out.println ( rect1.area ( ) ) ;
166,male,2616317847,line 14,72,System.out.println ( rect1.area ( ) ) ;
166,male,2616389779,line 14,68,System.out.println ( rect1.area ( ) ) ;
166,male,2616765774,line 14,56,System.out.println ( rect1.area ( ) ) ;
166,male,2617105820,line 13,64,"Rectangle rect1 = new Rectangle ( 0 , 0 , 10 , 10 ) ;"
166,male,2617365802,line 14,116,System.out.println ( rect1.area ( ) ) ;
166,male,2617465773,line 14,96,System.out.println ( rect1.area ( ) ) ;
166,male,2617685633,line 14,56,System.out.println ( rect1.area ( ) ) ;
166,male,2618033656,line 14,60,System.out.println ( rect1.area ( ) ) ;
166,male,2618213591,line 14,84,System.out.println ( rect1.area ( ) ) ;
166,male,2618305560,line 13,88,"Rectangle rect1 = new Rectangle ( 0 , 0 , 10 , 10 ) ;"
166,male,2618661672,line 13,92,"Rectangle rect1 = new Rectangle ( 0 , 0 , 10 , 10 ) ;"
166,male,2618785631,line 13,56,"Rectangle rect1 = new Rectangle ( 0 , 0 , 10 , 10 ) ;"
166,male,2619393509,line 13,56,"Rectangle rect1 = new Rectangle ( 0 , 0 , 10 , 10 ) ;"
166,male,2619453546,line 13,56,"Rectangle rect1 = new Rectangle ( 0 , 0 , 10 , 10 ) ;"
166,male,2619521538,line 13,64,"Rectangle rect1 = new Rectangle ( 0 , 0 , 10 , 10 ) ;"
166,male,2619633534,line 14,68,System.out.println ( rect1.area ( ) ) ;
166,male,2619993526,line 13,60,"Rectangle rect1 = new Rectangle ( 0 , 0 , 10 , 10 ) ;"
166,male,2620473266,line 13,56,"Rectangle rect1 = new Rectangle ( 0 , 0 , 10 , 10 ) ;"
166,male,2620961312,line 13,68,"Rectangle rect1 = new Rectangle ( 0 , 0 , 10 , 10 ) ;"
166,male,2621041283,line 13,76,"Rectangle rect1 = new Rectangle ( 0 , 0 , 10 , 10 ) ;"
166,male,2621101280,line 13,56,"Rectangle rect1 = new Rectangle ( 0 , 0 , 10 , 10 ) ;"
166,male,2621717316,line 13,68,"Rectangle rect1 = new Rectangle ( 0 , 0 , 10 , 10 ) ;"
166,male,2621989326,line 13,96,"Rectangle rect1 = new Rectangle ( 0 , 0 , 10 , 10 ) ;"
166,male,2622929245,line 2,56,"private int x1 , y1 , x2 , y2 ;"
166,male,2623017252,line 3,84,"public Rectangle ( int x1 , int y1 , int x2 , int y2 ) {"
166,male,2623169248,line 4,112,this.x1 = x1 ;
166,male,2623301239,line 4,128,this.x1 = x1 ;
166,male,2623413234,line 13,56,"Rectangle rect1 = new Rectangle ( 0 , 0 , 10 , 10 ) ;"
166,male,2623497212,line 13,80,"Rectangle rect1 = new Rectangle ( 0 , 0 , 10 , 10 ) ;"
166,male,2623741115,line 13,96,"Rectangle rect1 = new Rectangle ( 0 , 0 , 10 , 10 ) ;"
166,male,2624176871,line 14,88,System.out.println ( rect1.area ( ) ) ;
166,male,2624253101,line 14,72,System.out.println ( rect1.area ( ) ) ;
166,male,2624369142,line 13,88,"Rectangle rect1 = new Rectangle ( 0 , 0 , 10 , 10 ) ;"
166,male,2624765123,line 12,196,public static void main ( String [ ] args ) {
166,male,2624941110,line 10,96,public int height ( ) { return this.y2 - this.y1 ; }
166,male,2625025092,line 10,80,public int height ( ) { return this.y2 - this.y1 ; }
166,male,2625217032,line 10,80,public int height ( ) { return this.y2 - this.y1 ; }
166,male,2625293004,line 10,72,public int height ( ) { return this.y2 - this.y1 ; }
166,male,2625392964,line 10,96,public int height ( ) { return this.y2 - this.y1 ; }
166,male,2625464942,line 10,68,public int height ( ) { return this.y2 - this.y1 ; }
166,male,2625640934,line 12,88,public static void main ( String [ ] args ) {
166,male,2625892970,line 11,156,public double area ( ) { return this.width ( ) * this.height ( ) ; }
166,male,2626068925,line 11,172,public double area ( ) { return this.width ( ) * this.height ( ) ; }
166,male,2626248977,line 11,108,public double area ( ) { return this.width ( ) * this.height ( ) ; }
166,male,2626396861,line 10,64,public int height ( ) { return this.y2 - this.y1 ; }
166,male,2626556866,line 10,156,public int height ( ) { return this.y2 - this.y1 ; }
166,male,2626896749,line 10,244,public int height ( ) { return this.y2 - this.y1 ; }
166,male,2627020690,line 9,60,public int width ( ) { return this.x2 - this.x1 ; }
166,male,2627568784,line 5,68,this.y1 = y1 ;
166,male,2627688742,line 4,76,this.x1 = x1 ;
166,male,2627760782,line 4,56,this.x1 = x1 ;
166,male,2628396616,line 3,64,"public Rectangle ( int x1 , int y1 , int x2 , int y2 ) {"
166,male,2628524542,line 2,124,"private int x1 , y1 , x2 , y2 ;"
166,male,2628736640,line 13,60,"Rectangle rect1 = new Rectangle ( 0 , 0 , 10 , 10 ) ;"
166,male,2629396705,line 3,164,"public Rectangle ( int x1 , int y1 , int x2 , int y2 ) {"
166,male,2629776679,line 3,68,"public Rectangle ( int x1 , int y1 , int x2 , int y2 ) {"
166,male,2629840666,line 3,60,"public Rectangle ( int x1 , int y1 , int x2 , int y2 ) {"
166,male,2630352566,line 13,112,"Rectangle rect1 = new Rectangle ( 0 , 0 , 10 , 10 ) ;"
166,male,2630652488,line 14,168,System.out.println ( rect1.area ( ) ) ;
166,male,2631412547,line 3,160,"public Rectangle ( int x1 , int y1 , int x2 , int y2 ) {"
166,male,2631508503,line 3,92,"public Rectangle ( int x1 , int y1 , int x2 , int y2 ) {"
166,male,2631672416,line 3,144,"public Rectangle ( int x1 , int y1 , int x2 , int y2 ) {"
166,male,2631912424,line 3,192,"public Rectangle ( int x1 , int y1 , int x2 , int y2 ) {"
166,male,2632552442,line 3,56,"public Rectangle ( int x1 , int y1 , int x2 , int y2 ) {"
166,male,2633236149,line 3,80,"public Rectangle ( int x1 , int y1 , int x2 , int y2 ) {"
166,male,2633568314,line 3,80,"public Rectangle ( int x1 , int y1 , int x2 , int y2 ) {"
166,male,2634600297,line 11,64,public double area ( ) { return this.width ( ) * this.height ( ) ; }
166,male,2634672271,line 11,68,public double area ( ) { return this.width ( ) * this.height ( ) ; }
166,male,2634832164,line 13,80,"Rectangle rect1 = new Rectangle ( 0 , 0 , 10 , 10 ) ;"
166,male,2635088142,line 13,164,"Rectangle rect1 = new Rectangle ( 0 , 0 , 10 , 10 ) ;"
166,male,2635524143,line 3,128,"public Rectangle ( int x1 , int y1 , int x2 , int y2 ) {"
166,male,2636244344,line 13,64,"Rectangle rect1 = new Rectangle ( 0 , 0 , 10 , 10 ) ;"
166,male,2636308248,line 13,60,"Rectangle rect1 = new Rectangle ( 0 , 0 , 10 , 10 ) ;"
166,male,2637647955,line 4,188,this.x1 = x1 ;
166,male,2638055810,line 11,64,public double area ( ) { return this.width ( ) * this.height ( ) ; }
166,male,2638191866,line 11,64,public double area ( ) { return this.width ( ) * this.height ( ) ; }
166,male,2638335893,line 13,92,"Rectangle rect1 = new Rectangle ( 0 , 0 , 10 , 10 ) ;"
166,male,2638459885,line 13,64,"Rectangle rect1 = new Rectangle ( 0 , 0 , 10 , 10 ) ;"
166,male,2638787866,line 13,156,"Rectangle rect1 = new Rectangle ( 0 , 0 , 10 , 10 ) ;"
166,male,2638867868,line 13,76,"Rectangle rect1 = new Rectangle ( 0 , 0 , 10 , 10 ) ;"
166,male,2639031879,line 13,88,"Rectangle rect1 = new Rectangle ( 0 , 0 , 10 , 10 ) ;"
166,male,2639895704,line 14,128,System.out.println ( rect1.area ( ) ) ;
166,male,2640331743,line 11,160,public double area ( ) { return this.width ( ) * this.height ( ) ; }
166,male,2640563753,line 10,60,public int height ( ) { return this.y2 - this.y1 ; }
166,male,2640695718,line 11,88,public double area ( ) { return this.width ( ) * this.height ( ) ; }
166,male,2640911672,line 11,72,public double area ( ) { return this.width ( ) * this.height ( ) ; }
166,male,2641051596,line 11,92,public double area ( ) { return this.width ( ) * this.height ( ) ; }
166,male,2641219650,line 11,92,public double area ( ) { return this.width ( ) * this.height ( ) ; }
166,male,2641355667,line 11,84,public double area ( ) { return this.width ( ) * this.height ( ) ; }
166,male,2642055635,line 13,92,"Rectangle rect1 = new Rectangle ( 0 , 0 , 10 , 10 ) ;"
166,male,2642115662,line 13,56,"Rectangle rect1 = new Rectangle ( 0 , 0 , 10 , 10 ) ;"
166,male,2642231678,line 13,72,"Rectangle rect1 = new Rectangle ( 0 , 0 , 10 , 10 ) ;"
166,male,2642339624,line 13,104,"Rectangle rect1 = new Rectangle ( 0 , 0 , 10 , 10 ) ;"
166,male,2642723405,line 14,104,System.out.println ( rect1.area ( ) ) ;
166,male,2642871600,line 14,144,System.out.println ( rect1.area ( ) ) ;
166,male,2643059659,line 14,56,System.out.println ( rect1.area ( ) ) ;
166,male,2643671459,line 13,56,"Rectangle rect1 = new Rectangle ( 0 , 0 , 10 , 10 ) ;"
166,male,2643911491,line 13,56,"Rectangle rect1 = new Rectangle ( 0 , 0 , 10 , 10 ) ;"
166,male,2644395253,line 15,84,"Rectangle rect2 = new Rectangle ( 5 , 5 , 10 , 10 ) ;"
166,male,2644555360,line 14,100,System.out.println ( rect1.area ( ) ) ;
166,male,2644655369,line 14,96,System.out.println ( rect1.area ( ) ) ;
166,male,2645023377,line 14,68,System.out.println ( rect1.area ( ) ) ;
166,male,2646551277,line 15,84,"Rectangle rect2 = new Rectangle ( 5 , 5 , 10 , 10 ) ;"
166,male,2646707248,line 15,60,"Rectangle rect2 = new Rectangle ( 5 , 5 , 10 , 10 ) ;"
166,male,2646959201,line 15,84,"Rectangle rect2 = new Rectangle ( 5 , 5 , 10 , 10 ) ;"
166,male,2647027159,line 15,64,"Rectangle rect2 = new Rectangle ( 5 , 5 , 10 , 10 ) ;"
166,male,2647403224,line 15,60,"Rectangle rect2 = new Rectangle ( 5 , 5 , 10 , 10 ) ;"
166,male,2647707065,line 15,68,"Rectangle rect2 = new Rectangle ( 5 , 5 , 10 , 10 ) ;"
166,male,2647803075,line 15,92,"Rectangle rect2 = new Rectangle ( 5 , 5 , 10 , 10 ) ;"
166,male,2647903091,line 15,60,"Rectangle rect2 = new Rectangle ( 5 , 5 , 10 , 10 ) ;"
166,male,2648363133,line 5,76,this.y1 = y1 ;
166,male,2648590832,line 5,64,this.y1 = y1 ;
166,male,2648706576,line 5,84,this.y1 = y1 ;
166,male,2648798711,line 4,56,this.x1 = x1 ;
166,male,2648890823,line 4,88,this.x1 = x1 ;
166,male,2649150922,line 16,88,System.out.println ( rect2.area ( ) ) ;
166,male,2649378917,line 15,180,"Rectangle rect2 = new Rectangle ( 5 , 5 , 10 , 10 ) ;"
166,male,2649602916,line 11,68,public double area ( ) { return this.width ( ) * this.height ( ) ; }
166,male,2649806964,line 10,72,public int height ( ) { return this.y2 - this.y1 ; }
166,male,2649878996,line 10,68,public int height ( ) { return this.y2 - this.y1 ; }
166,male,2650119027,line 3,104,"public Rectangle ( int x1 , int y1 , int x2 , int y2 ) {"
166,male,2651182801,line 15,112,"Rectangle rect2 = new Rectangle ( 5 , 5 , 10 , 10 ) ;"
166,male,2651382819,line 13,64,"Rectangle rect1 = new Rectangle ( 0 , 0 , 10 , 10 ) ;"
166,male,2651502850,line 13,60,"Rectangle rect1 = new Rectangle ( 0 , 0 , 10 , 10 ) ;"
166,male,2651702841,line 13,64,"Rectangle rect1 = new Rectangle ( 0 , 0 , 10 , 10 ) ;"
166,male,2652722633,line 15,72,"Rectangle rect2 = new Rectangle ( 5 , 5 , 10 , 10 ) ;"
166,male,2653310691,line 15,96,"Rectangle rect2 = new Rectangle ( 5 , 5 , 10 , 10 ) ;"
166,male,2653446691,line 15,100,"Rectangle rect2 = new Rectangle ( 5 , 5 , 10 , 10 ) ;"
166,male,2653710452,line 15,64,"Rectangle rect2 = new Rectangle ( 5 , 5 , 10 , 10 ) ;"
166,male,2653774498,line 15,60,"Rectangle rect2 = new Rectangle ( 5 , 5 , 10 , 10 ) ;"
166,male,2653890574,line 15,60,"Rectangle rect2 = new Rectangle ( 5 , 5 , 10 , 10 ) ;"
166,male,2653962591,line 15,68,"Rectangle rect2 = new Rectangle ( 5 , 5 , 10 , 10 ) ;"
166,male,2654506484,line 6,80,this.x2 = x2 ;
169,male,2272801605,line 2,64,"private int x1 , y1 , x2 , y2 ;"
169,male,2272897608,line 2,88,"private int x1 , y1 , x2 , y2 ;"
169,male,2273489526,line 3,248,"public Rectangle ( int x1 , int y1 , int x2 , int y2 ) {"
169,male,2273669606,line 3,136,"public Rectangle ( int x1 , int y1 , int x2 , int y2 ) {"
169,male,2273769597,line 3,96,"public Rectangle ( int x1 , int y1 , int x2 , int y2 ) {"
169,male,2273937390,line 3,164,"public Rectangle ( int x1 , int y1 , int x2 , int y2 ) {"
169,male,2274109414,line 3,116,"public Rectangle ( int x1 , int y1 , int x2 , int y2 ) {"
169,male,2274273475,line 3,152,"public Rectangle ( int x1 , int y1 , int x2 , int y2 ) {"
169,male,2274921490,line 3,88,"public Rectangle ( int x1 , int y1 , int x2 , int y2 ) {"
169,male,2275049487,line 3,124,"public Rectangle ( int x1 , int y1 , int x2 , int y2 ) {"
169,male,2275213494,line 3,160,"public Rectangle ( int x1 , int y1 , int x2 , int y2 ) {"
169,male,2275289507,line 3,72,"public Rectangle ( int x1 , int y1 , int x2 , int y2 ) {"
169,male,2275497450,line 3,204,"public Rectangle ( int x1 , int y1 , int x2 , int y2 ) {"
169,male,2275569396,line 3,68,"public Rectangle ( int x1 , int y1 , int x2 , int y2 ) {"
169,male,2275889356,line 3,316,"public Rectangle ( int x1 , int y1 , int x2 , int y2 ) {"
169,male,2276189352,line 3,248,"public Rectangle ( int x1 , int y1 , int x2 , int y2 ) {"
169,male,2276317353,line 3,84,"public Rectangle ( int x1 , int y1 , int x2 , int y2 ) {"
169,male,2276401349,line 2,64,"private int x1 , y1 , x2 , y2 ;"
169,male,2276637339,line 3,76,"public Rectangle ( int x1 , int y1 , int x2 , int y2 ) {"
169,male,2276849384,line 2,84,"private int x1 , y1 , x2 , y2 ;"
169,male,2276993216,line 4,132,this.x1 = x1 ;
169,male,2277833214,line 5,168,this.y1 = y1 ;
169,male,2277905220,line 5,68,this.y1 = y1 ;
169,male,2278521177,line 3,108,"public Rectangle ( int x1 , int y1 , int x2 , int y2 ) {"
169,male,2278681033,line 3,108,"public Rectangle ( int x1 , int y1 , int x2 , int y2 ) {"
169,male,2279109064,line 5,292,this.y1 = y1 ;
169,male,2279177066,line 5,64,this.y1 = y1 ;
169,male,2279397096,line 5,216,this.y1 = y1 ;
169,male,2279621104,line 5,180,this.y1 = y1 ;
169,male,2279901098,line 6,256,this.x2 = x2 ;
169,male,2279961112,line 6,56,this.x2 = x2 ;
169,male,2280265004,line 9,248,public int width ( ) { return this.x2 - this.x1 ; }
169,male,2280340980,line 9,72,public int width ( ) { return this.x2 - this.x1 ; }
169,male,2280676944,line 9,100,public int width ( ) { return this.x2 - this.x1 ; }
169,male,2280820986,line 9,132,public int width ( ) { return this.x2 - this.x1 ; }
169,male,2280892991,line 9,68,public int width ( ) { return this.x2 - this.x1 ; }
169,male,2281200946,line 9,184,public int width ( ) { return this.x2 - this.x1 ; }
169,male,2281420937,line 10,184,public int height ( ) { return this.y2 - this.y1 ; }
169,male,2281604883,line 9,180,public int width ( ) { return this.x2 - this.x1 ; }
169,male,2281728707,line 9,104,public int width ( ) { return this.x2 - this.x1 ; }
169,male,2282480789,line 9,92,public int width ( ) { return this.x2 - this.x1 ; }
169,male,2282588849,line 10,76,public int height ( ) { return this.y2 - this.y1 ; }
169,male,2282740828,line 10,148,public int height ( ) { return this.y2 - this.y1 ; }
169,male,2282804816,line 10,60,public int height ( ) { return this.y2 - this.y1 ; }
169,male,2283152811,line 3,116,"public Rectangle ( int x1 , int y1 , int x2 , int y2 ) {"
169,male,2283432568,line 10,100,public int height ( ) { return this.y2 - this.y1 ; }
169,male,2283620723,line 11,148,public double area ( ) { return this.width ( ) * this.height ( ) ; }
169,male,2283724709,line 10,72,public int height ( ) { return this.y2 - this.y1 ; }
169,male,2284056692,line 10,108,public int height ( ) { return this.y2 - this.y1 ; }
169,male,2284264692,line 10,204,public int height ( ) { return this.y2 - this.y1 ; }
169,male,2284416678,line 9,128,public int width ( ) { return this.x2 - this.x1 ; }
169,male,2284612740,line 9,128,public int width ( ) { return this.x2 - this.x1 ; }
169,male,2285044631,line 9,152,public int width ( ) { return this.x2 - this.x1 ; }
169,male,2285248611,line 9,200,public int width ( ) { return this.x2 - this.x1 ; }
169,male,2285408546,line 9,144,public int width ( ) { return this.x2 - this.x1 ; }
169,male,2285620506,line 9,160,public int width ( ) { return this.x2 - this.x1 ; }
169,male,2285756542,line 9,132,public int width ( ) { return this.x2 - this.x1 ; }
169,male,2286032554,line 9,272,public int width ( ) { return this.x2 - this.x1 ; }
169,male,2286100547,line 9,64,public int width ( ) { return this.x2 - this.x1 ; }
169,male,2286248519,line 9,144,public int width ( ) { return this.x2 - this.x1 ; }
169,male,2286524369,line 9,220,public int width ( ) { return this.x2 - this.x1 ; }
169,male,2286852435,line 9,104,public int width ( ) { return this.x2 - this.x1 ; }
169,male,2287056429,line 10,200,public int height ( ) { return this.y2 - this.y1 ; }
169,male,2287276430,line 10,208,public int height ( ) { return this.y2 - this.y1 ; }
169,male,2287340444,line 10,60,public int height ( ) { return this.y2 - this.y1 ; }
169,male,2287456457,line 4,60,this.x1 = x1 ;
169,male,2287576430,line 4,116,this.x1 = x1 ;
169,male,2288092150,line 4,168,this.x1 = x1 ;
169,male,2288164194,line 3,68,"public Rectangle ( int x1 , int y1 , int x2 , int y2 ) {"
169,male,2288236228,line 3,68,"public Rectangle ( int x1 , int y1 , int x2 , int y2 ) {"
169,male,2288644348,line 3,272,"public Rectangle ( int x1 , int y1 , int x2 , int y2 ) {"
169,male,2289148286,line 2,188,"private int x1 , y1 , x2 , y2 ;"
169,male,2289556173,line 3,376,"public Rectangle ( int x1 , int y1 , int x2 , int y2 ) {"
169,male,2289656142,line 3,96,"public Rectangle ( int x1 , int y1 , int x2 , int y2 ) {"
169,male,2289788152,line 4,92,this.x1 = x1 ;
169,male,2289892153,line 3,100,"public Rectangle ( int x1 , int y1 , int x2 , int y2 ) {"
169,male,2290760194,line 6,68,this.x2 = x2 ;
169,male,2291052032,line 6,288,this.x2 = x2 ;
169,male,2291516024,line 5,88,this.y1 = y1 ;
169,male,2291604026,line 5,84,this.y1 = y1 ;
169,male,2291684006,line 5,76,this.y1 = y1 ;
169,male,2291804019,line 5,116,this.y1 = y1 ;
169,male,2292052109,line 10,224,public int height ( ) { return this.y2 - this.y1 ; }
169,male,2292168098,line 10,112,public int height ( ) { return this.y2 - this.y1 ; }
169,male,2292352043,line 10,160,public int height ( ) { return this.y2 - this.y1 ; }
169,male,2292436037,line 10,80,public int height ( ) { return this.y2 - this.y1 ; }
169,male,2292619963,line 10,144,public int height ( ) { return this.y2 - this.y1 ; }
169,male,2292695825,line 10,64,public int height ( ) { return this.y2 - this.y1 ; }
169,male,2293227861,line 3,128,"public Rectangle ( int x1 , int y1 , int x2 , int y2 ) {"
169,male,2293451865,line 3,220,"public Rectangle ( int x1 , int y1 , int x2 , int y2 ) {"
169,male,2293783934,line 3,300,"public Rectangle ( int x1 , int y1 , int x2 , int y2 ) {"
169,male,2293851918,line 3,64,"public Rectangle ( int x1 , int y1 , int x2 , int y2 ) {"
169,male,2294255852,line 3,400,"public Rectangle ( int x1 , int y1 , int x2 , int y2 ) {"
169,male,2294375767,line 3,116,"public Rectangle ( int x1 , int y1 , int x2 , int y2 ) {"
169,male,2295075743,line 3,184,"public Rectangle ( int x1 , int y1 , int x2 , int y2 ) {"
169,male,2296307859,line 11,88,public double area ( ) { return this.width ( ) * this.height ( ) ; }
169,male,2296583599,line 11,76,public double area ( ) { return this.width ( ) * this.height ( ) ; }
169,male,2296695552,line 11,108,public double area ( ) { return this.width ( ) * this.height ( ) ; }
169,male,2296759549,line 11,56,public double area ( ) { return this.width ( ) * this.height ( ) ; }
169,male,2297019626,line 10,104,public int height ( ) { return this.y2 - this.y1 ; }
169,male,2297107633,line 10,84,public int height ( ) { return this.y2 - this.y1 ; }
169,male,2298179565,line 10,152,public int height ( ) { return this.y2 - this.y1 ; }
169,male,2298391556,line 10,208,public int height ( ) { return this.y2 - this.y1 ; }
169,male,2298575501,line 10,180,public int height ( ) { return this.y2 - this.y1 ; }
169,male,2298887530,line 3,124,"public Rectangle ( int x1 , int y1 , int x2 , int y2 ) {"
169,male,2299391348,line 3,316,"public Rectangle ( int x1 , int y1 , int x2 , int y2 ) {"
169,male,2299451347,line 3,56,"public Rectangle ( int x1 , int y1 , int x2 , int y2 ) {"
169,male,2299711376,line 3,144,"public Rectangle ( int x1 , int y1 , int x2 , int y2 ) {"
169,male,2300003353,line 3,220,"public Rectangle ( int x1 , int y1 , int x2 , int y2 ) {"
169,male,2300127313,line 13,68,"Rectangle rect1 = new Rectangle ( 0 , 0 , 10 , 10 ) ;"
169,male,2300379342,line 10,236,public int height ( ) { return this.y2 - this.y1 ; }
169,male,2300591216,line 10,116,public int height ( ) { return this.y2 - this.y1 ; }
169,male,2300843227,line 10,108,public int height ( ) { return this.y2 - this.y1 ; }
169,male,2301003240,line 10,148,public int height ( ) { return this.y2 - this.y1 ; }
169,male,2301451290,line 12,400,public static void main ( String [ ] args ) {
169,male,2301875238,line 12,180,public static void main ( String [ ] args ) {
169,male,2302279117,line 10,60,public int height ( ) { return this.y2 - this.y1 ; }
169,male,2302363177,line 11,80,public double area ( ) { return this.width ( ) * this.height ( ) ; }
169,male,2302583151,line 11,212,public double area ( ) { return this.width ( ) * this.height ( ) ; }
169,male,2303179091,line 11,76,public double area ( ) { return this.width ( ) * this.height ( ) ; }
169,male,2303882979,line 9,180,public int width ( ) { return this.x2 - this.x1 ; }
169,male,2304286984,line 11,164,public double area ( ) { return this.width ( ) * this.height ( ) ; }
169,male,2304398977,line 11,80,public double area ( ) { return this.width ( ) * this.height ( ) ; }
169,male,2304643015,line 11,240,public double area ( ) { return this.width ( ) * this.height ( ) ; }
169,male,2304827024,line 12,152,public static void main ( String [ ] args ) {
169,male,2305058923,line 10,196,public int height ( ) { return this.y2 - this.y1 ; }
169,male,2305222724,line 10,132,public int height ( ) { return this.y2 - this.y1 ; }
169,male,2305470847,line 10,180,public int height ( ) { return this.y2 - this.y1 ; }
169,male,2305578841,line 10,64,public int height ( ) { return this.y2 - this.y1 ; }
169,male,2305730777,line 10,140,public int height ( ) { return this.y2 - this.y1 ; }
169,male,2305794758,line 10,60,public int height ( ) { return this.y2 - this.y1 ; }
169,male,2306058815,line 10,232,public int height ( ) { return this.y2 - this.y1 ; }
169,male,2306338864,line 11,240,public double area ( ) { return this.width ( ) * this.height ( ) ; }
169,male,2306918510,line 5,64,this.y1 = y1 ;
169,male,2307106682,line 3,128,"public Rectangle ( int x1 , int y1 , int x2 , int y2 ) {"
169,male,2307222682,line 3,112,"public Rectangle ( int x1 , int y1 , int x2 , int y2 ) {"
169,male,2307406693,line 3,180,"public Rectangle ( int x1 , int y1 , int x2 , int y2 ) {"
169,male,2307710663,line 3,300,"public Rectangle ( int x1 , int y1 , int x2 , int y2 ) {"
169,male,2307834701,line 4,92,this.x1 = x1 ;
169,male,2308646563,line 11,132,public double area ( ) { return this.width ( ) * this.height ( ) ; }
169,male,2308830577,line 12,128,public static void main ( String [ ] args ) {
169,male,2308938569,line 10,68,public int height ( ) { return this.y2 - this.y1 ; }
169,male,2309078518,line 10,136,public int height ( ) { return this.y2 - this.y1 ; }
169,male,2309246549,line 10,140,public int height ( ) { return this.y2 - this.y1 ; }
169,male,2309690624,line 9,128,public int width ( ) { return this.x2 - this.x1 ; }
169,male,2309798573,line 9,88,public int width ( ) { return this.x2 - this.x1 ; }
169,male,2309934506,line 10,132,public int height ( ) { return this.y2 - this.y1 ; }
169,male,2309998479,line 10,60,public int height ( ) { return this.y2 - this.y1 ; }
169,male,2310142430,line 10,140,public int height ( ) { return this.y2 - this.y1 ; }
169,male,2310202419,line 10,56,public int height ( ) { return this.y2 - this.y1 ; }
169,male,2310426427,line 10,160,public int height ( ) { return this.y2 - this.y1 ; }
169,male,2310534446,line 10,96,public int height ( ) { return this.y2 - this.y1 ; }
169,male,2310654426,line 10,116,public int height ( ) { return this.y2 - this.y1 ; }
169,male,2310966409,line 10,132,public int height ( ) { return this.y2 - this.y1 ; }
169,male,2311142383,line 9,80,public int width ( ) { return this.x2 - this.x1 ; }
169,male,2311654282,line 11,224,public double area ( ) { return this.width ( ) * this.height ( ) ; }
169,male,2311922315,line 11,200,public double area ( ) { return this.width ( ) * this.height ( ) ; }
169,male,2312334306,line 12,400,public static void main ( String [ ] args ) {
169,male,2313101744,line 11,56,public double area ( ) { return this.width ( ) * this.height ( ) ; }
169,male,2313258139,line 11,124,public double area ( ) { return this.width ( ) * this.height ( ) ; }
169,male,2313530160,line 11,184,public double area ( ) { return this.width ( ) * this.height ( ) ; }
169,male,2313614153,line 11,80,public double area ( ) { return this.width ( ) * this.height ( ) ; }
169,male,2314514093,line 10,60,public int height ( ) { return this.y2 - this.y1 ; }
169,male,2314858088,line 11,224,public double area ( ) { return this.width ( ) * this.height ( ) ; }
169,male,2314926103,line 11,64,public double area ( ) { return this.width ( ) * this.height ( ) ; }
169,male,2315134028,line 10,168,public int height ( ) { return this.y2 - this.y1 ; }
169,male,2315402034,line 12,184,public static void main ( String [ ] args ) {
169,male,2315474035,line 12,68,public static void main ( String [ ] args ) {
169,male,2315574030,line 12,96,public static void main ( String [ ] args ) {
169,male,2315722028,line 12,144,public static void main ( String [ ] args ) {
169,male,2316345832,line 10,312,public int height ( ) { return this.y2 - this.y1 ; }
169,male,2316493978,line 10,124,public int height ( ) { return this.y2 - this.y1 ; }
169,male,2316585963,line 10,88,public int height ( ) { return this.y2 - this.y1 ; }
169,male,2316785922,line 13,148,"Rectangle rect1 = new Rectangle ( 0 , 0 , 10 , 10 ) ;"
169,male,2317081914,line 12,124,public static void main ( String [ ] args ) {
169,male,2317165916,line 10,60,public int height ( ) { return this.y2 - this.y1 ; }
169,male,2317253925,line 10,84,public int height ( ) { return this.y2 - this.y1 ; }
169,male,2317394266,line 11,108,public double area ( ) { return this.width ( ) * this.height ( ) ; }
169,male,2317606248,line 13,144,"Rectangle rect1 = new Rectangle ( 0 , 0 , 10 , 10 ) ;"
169,male,2318197749,line 13,156,"Rectangle rect1 = new Rectangle ( 0 , 0 , 10 , 10 ) ;"
169,male,2318517732,line 14,280,System.out.println ( rect1.area ( ) ) ;
169,male,2318585740,line 14,56,System.out.println ( rect1.area ( ) ) ;
169,male,2318737760,line 14,148,System.out.println ( rect1.area ( ) ) ;
169,male,2318917781,line 14,128,System.out.println ( rect1.area ( ) ) ;
169,male,2319813651,line 12,64,public static void main ( String [ ] args ) {
169,male,2319885653,line 12,68,public static void main ( String [ ] args ) {
169,male,2320161642,line 13,188,"Rectangle rect1 = new Rectangle ( 0 , 0 , 10 , 10 ) ;"
169,male,2320237628,line 13,72,"Rectangle rect1 = new Rectangle ( 0 , 0 , 10 , 10 ) ;"
169,male,2320461636,line 13,204,"Rectangle rect1 = new Rectangle ( 0 , 0 , 10 , 10 ) ;"
169,male,2320989373,line 3,140,"public Rectangle ( int x1 , int y1 , int x2 , int y2 ) {"
169,male,2321369539,line 13,88,"Rectangle rect1 = new Rectangle ( 0 , 0 , 10 , 10 ) ;"
169,male,2321981478,line 13,128,"Rectangle rect1 = new Rectangle ( 0 , 0 , 10 , 10 ) ;"
169,male,2322321500,line 5,260,this.y1 = y1 ;
169,male,2324225217,line 15,244,"Rectangle rect2 = new Rectangle ( 5 , 5 , 10 , 10 ) ;"
169,male,2324317281,line 15,88,"Rectangle rect2 = new Rectangle ( 5 , 5 , 10 , 10 ) ;"
169,male,2324525276,line 15,160,"Rectangle rect2 = new Rectangle ( 5 , 5 , 10 , 10 ) ;"
169,male,2324941235,line 15,160,"Rectangle rect2 = new Rectangle ( 5 , 5 , 10 , 10 ) ;"
169,male,2325049230,line 15,104,"Rectangle rect2 = new Rectangle ( 5 , 5 , 10 , 10 ) ;"
169,male,2325289242,line 15,236,"Rectangle rect2 = new Rectangle ( 5 , 5 , 10 , 10 ) ;"
169,male,2325433232,line 15,132,"Rectangle rect2 = new Rectangle ( 5 , 5 , 10 , 10 ) ;"
169,male,2325684985,line 12,68,public static void main ( String [ ] args ) {
169,male,2325857105,line 12,96,public static void main ( String [ ] args ) {
169,male,2325977121,line 12,116,public static void main ( String [ ] args ) {
169,male,2326121078,line 12,140,public static void main ( String [ ] args ) {
169,male,2326665134,line 13,116,"Rectangle rect1 = new Rectangle ( 0 , 0 , 10 , 10 ) ;"
169,male,2326933092,line 3,76,"public Rectangle ( int x1 , int y1 , int x2 , int y2 ) {"
169,male,2327025096,line 3,88,"public Rectangle ( int x1 , int y1 , int x2 , int y2 ) {"
169,male,2327285046,line 5,212,this.y1 = y1 ;
169,male,2327532988,line 3,196,"public Rectangle ( int x1 , int y1 , int x2 , int y2 ) {"
169,male,2327736980,line 2,160,"private int x1 , y1 , x2 , y2 ;"
169,male,2327893000,line 3,104,"public Rectangle ( int x1 , int y1 , int x2 , int y2 ) {"
169,male,2327984983,line 3,88,"public Rectangle ( int x1 , int y1 , int x2 , int y2 ) {"
169,male,2328100972,line 3,112,"public Rectangle ( int x1 , int y1 , int x2 , int y2 ) {"
169,male,2328345122,line 3,184,"public Rectangle ( int x1 , int y1 , int x2 , int y2 ) {"
169,male,2328568871,line 3,188,"public Rectangle ( int x1 , int y1 , int x2 , int y2 ) {"
169,male,2328816738,line 3,204,"public Rectangle ( int x1 , int y1 , int x2 , int y2 ) {"
169,male,2328920859,line 3,100,"public Rectangle ( int x1 , int y1 , int x2 , int y2 ) {"
169,male,2329236831,line 3,128,"public Rectangle ( int x1 , int y1 , int x2 , int y2 ) {"
169,male,2329316776,line 2,64,"private int x1 , y1 , x2 , y2 ;"
169,male,2329644845,line 3,300,"public Rectangle ( int x1 , int y1 , int x2 , int y2 ) {"
169,male,2329756832,line 3,88,"public Rectangle ( int x1 , int y1 , int x2 , int y2 ) {"
169,male,2329900855,line 3,140,"public Rectangle ( int x1 , int y1 , int x2 , int y2 ) {"
169,male,2330260585,line 3,304,"public Rectangle ( int x1 , int y1 , int x2 , int y2 ) {"
169,male,2330416579,line 3,140,"public Rectangle ( int x1 , int y1 , int x2 , int y2 ) {"
169,male,2330520697,line 3,100,"public Rectangle ( int x1 , int y1 , int x2 , int y2 ) {"
169,male,2330636736,line 3,112,"public Rectangle ( int x1 , int y1 , int x2 , int y2 ) {"
169,male,2330800683,line 3,160,"public Rectangle ( int x1 , int y1 , int x2 , int y2 ) {"
169,male,2331004535,line 3,180,"public Rectangle ( int x1 , int y1 , int x2 , int y2 ) {"
169,male,2331112656,line 4,76,this.x1 = x1 ;
169,male,2331276689,line 4,160,this.x1 = x1 ;
169,male,2331560681,line 4,256,this.x1 = x1 ;
169,male,2332008573,line 2,60,"private int x1 , y1 , x2 , y2 ;"
169,male,2332140354,line 3,56,"public Rectangle ( int x1 , int y1 , int x2 , int y2 ) {"
169,male,2333508512,line 5,72,this.y1 = y1 ;
169,male,2333608497,line 5,96,this.y1 = y1 ;
169,male,2333716495,line 5,104,this.y1 = y1 ;
169,male,2333880461,line 5,160,this.y1 = y1 ;
169,male,2334252448,line 5,160,this.y1 = y1 ;
169,male,2334432459,line 5,76,this.y1 = y1 ;
169,male,2334660493,line 6,88,this.x2 = x2 ;
169,male,2334892382,line 6,228,this.x2 = x2 ;
169,male,2335076206,line 3,128,"public Rectangle ( int x1 , int y1 , int x2 , int y2 ) {"
169,male,2336452301,line 6,96,this.x2 = x2 ;
169,male,2336636259,line 7,164,this.y2 = y2 ;
169,male,2336788212,line 7,116,this.y2 = y2 ;
169,male,2337352166,line 3,64,"public Rectangle ( int x1 , int y1 , int x2 , int y2 ) {"
169,male,2337660516,line 3,248,"public Rectangle ( int x1 , int y1 , int x2 , int y2 ) {"
169,male,2337808385,line 11,104,public double area ( ) { return this.width ( ) * this.height ( ) ; }
169,male,2338023927,line 10,124,public int height ( ) { return this.y2 - this.y1 ; }
169,male,2338312063,line 10,232,public int height ( ) { return this.y2 - this.y1 ; }
169,male,2338544058,line 10,228,public int height ( ) { return this.y2 - this.y1 ; }
169,male,2338628028,line 9,80,public int width ( ) { return this.x2 - this.x1 ; }
169,male,2338932015,line 9,300,public int width ( ) { return this.x2 - this.x1 ; }
169,male,2339088041,line 9,152,public int width ( ) { return this.x2 - this.x1 ; }
169,male,2339184068,line 10,84,public int height ( ) { return this.y2 - this.y1 ; }
169,male,2339432059,line 10,84,public int height ( ) { return this.y2 - this.y1 ; }
169,male,2339867856,line 9,92,public int width ( ) { return this.x2 - this.x1 ; }
169,male,2339935901,line 9,64,public int width ( ) { return this.x2 - this.x1 ; }
169,male,2340031903,line 10,76,public int height ( ) { return this.y2 - this.y1 ; }
169,male,2340151905,line 10,84,public int height ( ) { return this.y2 - this.y1 ; }
169,male,2340227906,line 11,72,public double area ( ) { return this.width ( ) * this.height ( ) ; }
169,male,2340299906,line 11,68,public double area ( ) { return this.width ( ) * this.height ( ) ; }
169,male,2340435936,line 11,76,public double area ( ) { return this.width ( ) * this.height ( ) ; }
169,male,2340624085,line 10,104,public int height ( ) { return this.y2 - this.y1 ; }
169,male,2340692164,line 10,64,public int height ( ) { return this.y2 - this.y1 ; }
169,male,2340923953,line 10,192,public int height ( ) { return this.y2 - this.y1 ; }
169,male,2341051953,line 9,96,public int width ( ) { return this.x2 - this.x1 ; }
169,male,2341183910,line 9,80,public int width ( ) { return this.x2 - this.x1 ; }
169,male,2341483811,line 10,120,public int height ( ) { return this.y2 - this.y1 ; }
169,male,2342423752,line 13,104,"Rectangle rect1 = new Rectangle ( 0 , 0 , 10 , 10 ) ;"
169,male,2342499745,line 13,72,"Rectangle rect1 = new Rectangle ( 0 , 0 , 10 , 10 ) ;"
169,male,2342791798,line 12,156,public static void main ( String [ ] args ) {
169,male,2343287775,line 13,124,"Rectangle rect1 = new Rectangle ( 0 , 0 , 10 , 10 ) ;"
169,male,2343379863,line 14,88,System.out.println ( rect1.area ( ) ) ;
169,male,2344539495,line 3,284,"public Rectangle ( int x1 , int y1 , int x2 , int y2 ) {"
169,male,2344687525,line 3,144,"public Rectangle ( int x1 , int y1 , int x2 , int y2 ) {"
169,male,2344779526,line 3,88,"public Rectangle ( int x1 , int y1 , int x2 , int y2 ) {"
169,male,2344855520,line 3,72,"public Rectangle ( int x1 , int y1 , int x2 , int y2 ) {"
169,male,2345339528,line 15,160,"Rectangle rect2 = new Rectangle ( 5 , 5 , 10 , 10 ) ;"
169,male,2346115411,line 15,316,"Rectangle rect2 = new Rectangle ( 5 , 5 , 10 , 10 ) ;"
169,male,2346787291,line 15,72,"Rectangle rect2 = new Rectangle ( 5 , 5 , 10 , 10 ) ;"
169,male,2346855275,line 15,60,"Rectangle rect2 = new Rectangle ( 5 , 5 , 10 , 10 ) ;"
169,male,2347131323,line 15,68,"Rectangle rect2 = new Rectangle ( 5 , 5 , 10 , 10 ) ;"
169,male,2347299370,line 16,160,System.out.println ( rect2.area ( ) ) ;
169,male,2347935265,line 16,164,System.out.println ( rect2.area ( ) ) ;
169,male,2348051301,line 15,92,"Rectangle rect2 = new Rectangle ( 5 , 5 , 10 , 10 ) ;"
169,male,2348243247,line 15,92,"Rectangle rect2 = new Rectangle ( 5 , 5 , 10 , 10 ) ;"
169,male,2348403117,line 15,132,"Rectangle rect2 = new Rectangle ( 5 , 5 , 10 , 10 ) ;"
169,male,2348767264,line 16,328,System.out.println ( rect2.area ( ) ) ;
169,male,2350027133,line 15,176,"Rectangle rect2 = new Rectangle ( 5 , 5 , 10 , 10 ) ;"
169,male,2350139139,line 15,108,"Rectangle rect2 = new Rectangle ( 5 , 5 , 10 , 10 ) ;"
169,male,2350650948,line 16,120,System.out.println ( rect2.area ( ) ) ;
169,male,2351034633,line 16,88,System.out.println ( rect2.area ( ) ) ;
169,male,2351402994,line 15,84,"Rectangle rect2 = new Rectangle ( 5 , 5 , 10 , 10 ) ;"
169,male,2352487068,line 13,100,"Rectangle rect1 = new Rectangle ( 0 , 0 , 10 , 10 ) ;"
169,male,2353092180,line 13,60,"Rectangle rect1 = new Rectangle ( 0 , 0 , 10 , 10 ) ;"
169,male,2353601839,line 14,236,System.out.println ( rect1.area ( ) ) ;
169,male,2354445751,line 15,148,"Rectangle rect2 = new Rectangle ( 5 , 5 , 10 , 10 ) ;"
169,male,2354557731,line 15,108,"Rectangle rect2 = new Rectangle ( 5 , 5 , 10 , 10 ) ;"
169,male,2355321612,line 15,56,"Rectangle rect2 = new Rectangle ( 5 , 5 , 10 , 10 ) ;"
169,male,2355481541,line 15,156,"Rectangle rect2 = new Rectangle ( 5 , 5 , 10 , 10 ) ;"
169,male,2355637600,line 16,80,System.out.println ( rect2.area ( ) ) ;
169,male,2355753592,line 16,112,System.out.println ( rect2.area ( ) ) ;
169,male,2356105557,line 15,292,"Rectangle rect2 = new Rectangle ( 5 , 5 , 10 , 10 ) ;"
169,male,2356629568,line 15,80,"Rectangle rect2 = new Rectangle ( 5 , 5 , 10 , 10 ) ;"
169,male,2356849403,line 15,144,"Rectangle rect2 = new Rectangle ( 5 , 5 , 10 , 10 ) ;"
169,male,2357369472,line 15,92,"Rectangle rect2 = new Rectangle ( 5 , 5 , 10 , 10 ) ;"
169,male,2359425386,line 13,112,"Rectangle rect1 = new Rectangle ( 0 , 0 , 10 , 10 ) ;"
169,male,2359645309,line 16,164,System.out.println ( rect2.area ( ) ) ;
192,male,8333704766,line 3,156,"public Rectangle ( int x1 , int y1 , int x2 , int y2 ) {"
192,male,8333844732,line 1,92,public class Rectangle {
192,male,8333940762,line 1,92,public class Rectangle {
192,male,8334088783,line 1,88,public class Rectangle {
192,male,8334248754,line 1,156,public class Rectangle {
192,male,8334600726,line 2,72,"private int x1 , y1 , x2 , y2 ;"
192,male,8334744748,line 3,100,"public Rectangle ( int x1 , int y1 , int x2 , int y2 ) {"
192,male,8334872742,line 3,124,"public Rectangle ( int x1 , int y1 , int x2 , int y2 ) {"
192,male,8335092597,line 3,156,"public Rectangle ( int x1 , int y1 , int x2 , int y2 ) {"
192,male,8335428547,line 3,140,"public Rectangle ( int x1 , int y1 , int x2 , int y2 ) {"
192,male,8335556618,line 3,124,"public Rectangle ( int x1 , int y1 , int x2 , int y2 ) {"
192,male,8335632670,line 3,72,"public Rectangle ( int x1 , int y1 , int x2 , int y2 ) {"
192,male,8335940590,line 3,276,"public Rectangle ( int x1 , int y1 , int x2 , int y2 ) {"
192,male,8336400591,line 3,372,"public Rectangle ( int x1 , int y1 , int x2 , int y2 ) {"
192,male,8336680202,line 3,276,"public Rectangle ( int x1 , int y1 , int x2 , int y2 ) {"
192,male,8336808360,line 3,124,"public Rectangle ( int x1 , int y1 , int x2 , int y2 ) {"
192,male,8336876412,line 3,64,"public Rectangle ( int x1 , int y1 , int x2 , int y2 ) {"
192,male,8337164474,line 3,92,"public Rectangle ( int x1 , int y1 , int x2 , int y2 ) {"
192,male,8337456440,line 3,244,"public Rectangle ( int x1 , int y1 , int x2 , int y2 ) {"
192,male,8337736466,line 3,252,"public Rectangle ( int x1 , int y1 , int x2 , int y2 ) {"
192,male,8337884445,line 3,116,"public Rectangle ( int x1 , int y1 , int x2 , int y2 ) {"
192,male,8338156364,line 3,72,"public Rectangle ( int x1 , int y1 , int x2 , int y2 ) {"
192,male,8338236682,line 3,76,"public Rectangle ( int x1 , int y1 , int x2 , int y2 ) {"
192,male,8338468450,line 3,204,"public Rectangle ( int x1 , int y1 , int x2 , int y2 ) {"
192,male,8338576372,line 3,104,"public Rectangle ( int x1 , int y1 , int x2 , int y2 ) {"
192,male,8339072382,line 3,280,"public Rectangle ( int x1 , int y1 , int x2 , int y2 ) {"
192,male,8339148385,line 3,72,"public Rectangle ( int x1 , int y1 , int x2 , int y2 ) {"
192,male,8339424397,line 2,76,"private int x1 , y1 , x2 , y2 ;"
192,male,8340008153,line 3,252,"public Rectangle ( int x1 , int y1 , int x2 , int y2 ) {"
192,male,8340640220,line 3,160,"public Rectangle ( int x1 , int y1 , int x2 , int y2 ) {"
192,male,8340988204,line 3,344,"public Rectangle ( int x1 , int y1 , int x2 , int y2 ) {"
192,male,8341052189,line 3,60,"public Rectangle ( int x1 , int y1 , int x2 , int y2 ) {"
192,male,8341332049,line 3,96,"public Rectangle ( int x1 , int y1 , int x2 , int y2 ) {"
192,male,8341444033,line 3,80,"public Rectangle ( int x1 , int y1 , int x2 , int y2 ) {"
192,male,8341664029,line 3,216,"public Rectangle ( int x1 , int y1 , int x2 , int y2 ) {"
192,male,8342336061,line 3,276,"public Rectangle ( int x1 , int y1 , int x2 , int y2 ) {"
192,male,8342416044,line 3,56,"public Rectangle ( int x1 , int y1 , int x2 , int y2 ) {"
192,male,8342556105,line 3,136,"public Rectangle ( int x1 , int y1 , int x2 , int y2 ) {"
192,male,8342743903,line 3,156,"public Rectangle ( int x1 , int y1 , int x2 , int y2 ) {"
192,male,8342999901,line 2,56,"private int x1 , y1 , x2 , y2 ;"
192,male,8343139914,line 2,136,"private int x1 , y1 , x2 , y2 ;"
192,male,8343655899,line 3,192,"public Rectangle ( int x1 , int y1 , int x2 , int y2 ) {"
192,male,8343731923,line 3,72,"public Rectangle ( int x1 , int y1 , int x2 , int y2 ) {"
192,male,8343795943,line 3,60,"public Rectangle ( int x1 , int y1 , int x2 , int y2 ) {"
192,male,8344175907,line 3,140,"public Rectangle ( int x1 , int y1 , int x2 , int y2 ) {"
192,male,8344435636,line 3,136,"public Rectangle ( int x1 , int y1 , int x2 , int y2 ) {"
192,male,8344579744,line 3,72,"public Rectangle ( int x1 , int y1 , int x2 , int y2 ) {"
192,male,8344867581,line 3,72,"public Rectangle ( int x1 , int y1 , int x2 , int y2 ) {"
192,male,8344947671,line 4,56,this.x1 = x1 ;
192,male,8345379740,line 4,136,this.x1 = x1 ;
192,male,8345459745,line 4,76,this.x1 = x1 ;
192,male,8345780167,line 6,100,this.x2 = x2 ;
192,male,8345948313,line 6,164,this.x2 = x2 ;
192,male,8346116069,line 6,140,this.x2 = x2 ;
192,male,8346243657,line 6,124,this.x2 = x2 ;
192,male,8346423672,line 7,104,this.y2 = y2 ;
192,male,8346883292,line 10,88,public int height ( ) { return this.y2 - this.y1 ; }
192,male,8346947428,line 10,60,public int height ( ) { return this.y2 - this.y1 ; }
192,male,8347027598,line 9,76,public int width ( ) { return this.x2 - this.x1 ; }
192,male,8347271723,line 10,180,public int height ( ) { return this.y2 - this.y1 ; }
192,male,8347467646,line 10,192,public int height ( ) { return this.y2 - this.y1 ; }
192,male,8347699610,line 10,180,public int height ( ) { return this.y2 - this.y1 ; }
192,male,8348007555,line 10,204,public int height ( ) { return this.y2 - this.y1 ; }
192,male,8348699528,line 10,56,public int height ( ) { return this.y2 - this.y1 ; }
192,male,8348923526,line 10,220,public int height ( ) { return this.y2 - this.y1 ; }
192,male,8348999439,line 10,64,public int height ( ) { return this.y2 - this.y1 ; }
192,male,8349147412,line 10,144,public int height ( ) { return this.y2 - this.y1 ; }
192,male,8349315716,line 10,108,public int height ( ) { return this.y2 - this.y1 ; }
192,male,8349439554,line 9,120,public int width ( ) { return this.x2 - this.x1 ; }
192,male,8349575516,line 10,132,public int height ( ) { return this.y2 - this.y1 ; }
192,male,8349639532,line 10,60,public int height ( ) { return this.y2 - this.y1 ; }
192,male,8350195430,line 10,68,public int height ( ) { return this.y2 - this.y1 ; }
192,male,8350395364,line 10,196,public int height ( ) { return this.y2 - this.y1 ; }
192,male,8350523336,line 9,76,public int width ( ) { return this.x2 - this.x1 ; }
192,male,8350619225,line 10,92,public int height ( ) { return this.y2 - this.y1 ; }
192,male,8350807360,line 10,164,public int height ( ) { return this.y2 - this.y1 ; }
192,male,8351035177,line 10,176,public int height ( ) { return this.y2 - this.y1 ; }
192,male,8351391217,line 10,64,public int height ( ) { return this.y2 - this.y1 ; }
192,male,8351507293,line 10,112,public int height ( ) { return this.y2 - this.y1 ; }
192,male,8351815270,line 10,256,public int height ( ) { return this.y2 - this.y1 ; }
192,male,8352191185,line 10,124,public int height ( ) { return this.y2 - this.y1 ; }
192,male,8352283146,line 10,88,public int height ( ) { return this.y2 - this.y1 ; }
192,male,8352427132,line 10,140,public int height ( ) { return this.y2 - this.y1 ; }
192,male,8352659140,line 10,228,public int height ( ) { return this.y2 - this.y1 ; }
192,male,8352779172,line 10,116,public int height ( ) { return this.y2 - this.y1 ; }
192,male,8352999286,line 10,216,public int height ( ) { return this.y2 - this.y1 ; }
192,male,8353199168,line 10,196,public int height ( ) { return this.y2 - this.y1 ; }
192,male,8353311132,line 10,108,public int height ( ) { return this.y2 - this.y1 ; }
192,male,8353946909,line 10,164,public int height ( ) { return this.y2 - this.y1 ; }
192,male,8354254965,line 9,56,public int width ( ) { return this.x2 - this.x1 ; }
192,male,8354322980,line 10,64,public int height ( ) { return this.y2 - this.y1 ; }
192,male,8354503017,line 10,80,public int height ( ) { return this.y2 - this.y1 ; }
192,male,8354775021,line 9,60,public int width ( ) { return this.x2 - this.x1 ; }
192,male,8354851005,line 9,72,public int width ( ) { return this.x2 - this.x1 ; }
192,male,8354994979,line 10,140,public int height ( ) { return this.y2 - this.y1 ; }
192,male,8355474671,line 10,200,public int height ( ) { return this.y2 - this.y1 ; }
192,male,8356082866,line 10,124,public int height ( ) { return this.y2 - this.y1 ; }
192,male,8356278893,line 10,164,public int height ( ) { return this.y2 - this.y1 ; }
192,male,8356650928,line 10,112,public int height ( ) { return this.y2 - this.y1 ; }
192,male,8356958887,line 9,100,public int width ( ) { return this.x2 - this.x1 ; }
192,male,8357066800,line 10,104,public int height ( ) { return this.y2 - this.y1 ; }
192,male,8357154792,line 10,84,public int height ( ) { return this.y2 - this.y1 ; }
192,male,8357386755,line 10,228,public int height ( ) { return this.y2 - this.y1 ; }
192,male,8357706746,line 10,316,public int height ( ) { return this.y2 - this.y1 ; }
192,male,8357866711,line 10,156,public int height ( ) { return this.y2 - this.y1 ; }
192,male,8357958733,line 10,88,public int height ( ) { return this.y2 - this.y1 ; }
192,male,8358090752,line 10,128,public int height ( ) { return this.y2 - this.y1 ; }
192,male,8358234733,line 10,140,public int height ( ) { return this.y2 - this.y1 ; }
192,male,8358366656,line 10,128,public int height ( ) { return this.y2 - this.y1 ; }
192,male,8358698620,line 10,92,public int height ( ) { return this.y2 - this.y1 ; }
192,male,8358778856,line 10,76,public int height ( ) { return this.y2 - this.y1 ; }
192,male,8358895071,line 10,112,public int height ( ) { return this.y2 - this.y1 ; }
192,male,8358994884,line 10,96,public int height ( ) { return this.y2 - this.y1 ; }
192,male,8359098741,line 11,64,public double area ( ) { return this.width ( ) * this.height ( ) ; }
192,male,8359166678,line 11,64,public double area ( ) { return this.width ( ) * this.height ( ) ; }
192,male,8359234613,line 11,64,public double area ( ) { return this.width ( ) * this.height ( ) ; }
192,male,8359426597,line 11,144,public double area ( ) { return this.width ( ) * this.height ( ) ; }
192,male,8359518588,line 11,88,public double area ( ) { return this.width ( ) * this.height ( ) ; }
192,male,8359646593,line 11,124,public double area ( ) { return this.width ( ) * this.height ( ) ; }
192,male,8359738602,line 11,88,public double area ( ) { return this.width ( ) * this.height ( ) ; }
192,male,8359886587,line 11,128,public double area ( ) { return this.width ( ) * this.height ( ) ; }
192,male,8360298395,line 11,136,public double area ( ) { return this.width ( ) * this.height ( ) ; }
192,male,8360510477,line 11,208,public double area ( ) { return this.width ( ) * this.height ( ) ; }
192,male,8360726465,line 11,212,public double area ( ) { return this.width ( ) * this.height ( ) ; }
192,male,8361166676,line 11,436,public double area ( ) { return this.width ( ) * this.height ( ) ; }
192,male,8361362588,line 11,192,public double area ( ) { return this.width ( ) * this.height ( ) ; }
192,male,8361922448,line 11,556,public double area ( ) { return this.width ( ) * this.height ( ) ; }
192,male,8362242357,line 11,208,public double area ( ) { return this.width ( ) * this.height ( ) ; }
192,male,8362410334,line 11,164,public double area ( ) { return this.width ( ) * this.height ( ) ; }
192,male,8362662332,line 10,60,public int height ( ) { return this.y2 - this.y1 ; }
192,male,8362978362,line 11,312,public double area ( ) { return this.width ( ) * this.height ( ) ; }
192,male,8363182456,line 11,76,public double area ( ) { return this.width ( ) * this.height ( ) ; }
192,male,8363494190,line 11,308,public double area ( ) { return this.width ( ) * this.height ( ) ; }
192,male,8363594213,line 11,96,public double area ( ) { return this.width ( ) * this.height ( ) ; }
192,male,8363742239,line 11,144,public double area ( ) { return this.width ( ) * this.height ( ) ; }
192,male,8363990282,line 11,244,public double area ( ) { return this.width ( ) * this.height ( ) ; }
192,male,8364550202,line 12,156,public static void main ( String [ ] args ) {
192,male,8364809989,line 12,160,public static void main ( String [ ] args ) {
192,male,8364958032,line 12,144,public static void main ( String [ ] args ) {
192,male,8365034107,line 12,72,public static void main ( String [ ] args ) {
192,male,8365106280,line 12,68,public static void main ( String [ ] args ) {
192,male,8365494074,line 12,332,public static void main ( String [ ] args ) {
192,male,8365897707,line 12,400,public static void main ( String [ ] args ) {
192,male,8366202078,line 12,300,public static void main ( String [ ] args ) {
192,male,8366633989,line 12,428,public static void main ( String [ ] args ) {
192,male,8366789982,line 12,152,public static void main ( String [ ] args ) {
192,male,8367101965,line 13,108,"Rectangle rect1 = new Rectangle ( 0 , 0 , 10 , 10 ) ;"
192,male,8367505935,line 12,248,public static void main ( String [ ] args ) {
192,male,8368141901,line 12,392,public static void main ( String [ ] args ) {
192,male,8368341946,line 12,196,public static void main ( String [ ] args ) {
192,male,8368549833,line 12,204,public static void main ( String [ ] args ) {
192,male,8368685825,line 13,116,"Rectangle rect1 = new Rectangle ( 0 , 0 , 10 , 10 ) ;"
192,male,8368881791,line 13,192,"Rectangle rect1 = new Rectangle ( 0 , 0 , 10 , 10 ) ;"
192,male,8369177782,line 13,292,"Rectangle rect1 = new Rectangle ( 0 , 0 , 10 , 10 ) ;"
192,male,8369257806,line 13,76,"Rectangle rect1 = new Rectangle ( 0 , 0 , 10 , 10 ) ;"
192,male,8369377770,line 13,116,"Rectangle rect1 = new Rectangle ( 0 , 0 , 10 , 10 ) ;"
192,male,8369645623,line 13,264,"Rectangle rect1 = new Rectangle ( 0 , 0 , 10 , 10 ) ;"
192,male,8369809712,line 13,160,"Rectangle rect1 = new Rectangle ( 0 , 0 , 10 , 10 ) ;"
192,male,8369997702,line 13,184,"Rectangle rect1 = new Rectangle ( 0 , 0 , 10 , 10 ) ;"
192,male,8370245708,line 14,244,System.out.println ( rect1.area ( ) ) ;
192,male,8370361672,line 14,112,System.out.println ( rect1.area ( ) ) ;
192,male,8370621674,line 14,256,System.out.println ( rect1.area ( ) ) ;
192,male,8370809628,line 14,184,System.out.println ( rect1.area ( ) ) ;
192,male,8371085757,line 14,272,System.out.println ( rect1.area ( ) ) ;
192,male,8371165567,line 14,76,System.out.println ( rect1.area ( ) ) ;
192,male,8371289457,line 14,120,System.out.println ( rect1.area ( ) ) ;
192,male,8371449565,line 14,124,System.out.println ( rect1.area ( ) ) ;
192,male,8371673553,line 13,200,"Rectangle rect1 = new Rectangle ( 0 , 0 , 10 , 10 ) ;"
192,male,8372213530,line 14,132,System.out.println ( rect1.area ( ) ) ;
192,male,8372337528,line 13,108,"Rectangle rect1 = new Rectangle ( 0 , 0 , 10 , 10 ) ;"
192,male,8372469528,line 14,68,System.out.println ( rect1.area ( ) ) ;
192,male,8372749852,line 14,224,System.out.println ( rect1.area ( ) ) ;
192,male,8372901713,line 13,124,"Rectangle rect1 = new Rectangle ( 0 , 0 , 10 , 10 ) ;"
192,male,8373349421,line 13,148,"Rectangle rect1 = new Rectangle ( 0 , 0 , 10 , 10 ) ;"
192,male,8373729442,line 13,76,"Rectangle rect1 = new Rectangle ( 0 , 0 , 10 , 10 ) ;"
192,male,8374025366,line 9,64,public int width ( ) { return this.x2 - this.x1 ; }
192,male,8374281111,line 9,128,public int width ( ) { return this.x2 - this.x1 ; }
192,male,8374521247,line 10,56,public int height ( ) { return this.y2 - this.y1 ; }
192,male,8374605266,line 10,80,public int height ( ) { return this.y2 - this.y1 ; }
192,male,8374821271,line 4,152,this.x1 = x1 ;
192,male,8374993390,line 5,136,this.y1 = y1 ;
192,male,8375085385,line 5,88,this.y1 = y1 ;
192,male,8375221304,line 5,92,this.y1 = y1 ;
192,male,8375401597,line 6,152,this.x2 = x2 ;
192,male,8375848983,line 13,128,"Rectangle rect1 = new Rectangle ( 0 , 0 , 10 , 10 ) ;"
192,male,8376073271,line 5,108,this.y1 = y1 ;
192,male,8376229706,line 11,124,public double area ( ) { return this.width ( ) * this.height ( ) ; }
192,male,8376373360,line 10,120,public int height ( ) { return this.y2 - this.y1 ; }
192,male,8376781218,line 10,304,public int height ( ) { return this.y2 - this.y1 ; }
192,male,8376865203,line 10,64,public int height ( ) { return this.y2 - this.y1 ; }
192,male,8376973316,line 10,56,public int height ( ) { return this.y2 - this.y1 ; }
192,male,8377093339,line 10,116,public int height ( ) { return this.y2 - this.y1 ; }
192,male,8377429111,line 12,60,public static void main ( String [ ] args ) {
192,male,8377613027,line 14,88,System.out.println ( rect1.area ( ) ) ;
192,male,8377673010,line 14,56,System.out.println ( rect1.area ( ) ) ;
192,male,8377853045,line 13,120,"Rectangle rect1 = new Rectangle ( 0 , 0 , 10 , 10 ) ;"
192,male,8378121025,line 4,68,this.x1 = x1 ;
192,male,8378181021,line 4,56,this.x1 = x1 ;
192,male,8378313009,line 4,84,this.x1 = x1 ;
192,male,8379636855,line 13,192,"Rectangle rect1 = new Rectangle ( 0 , 0 , 10 , 10 ) ;"
192,male,8380020955,line 13,160,"Rectangle rect1 = new Rectangle ( 0 , 0 , 10 , 10 ) ;"
192,male,8380504709,line 13,140,"Rectangle rect1 = new Rectangle ( 0 , 0 , 10 , 10 ) ;"
192,male,8380836781,line 13,76,"Rectangle rect1 = new Rectangle ( 0 , 0 , 10 , 10 ) ;"
192,male,8380908773,line 13,68,"Rectangle rect1 = new Rectangle ( 0 , 0 , 10 , 10 ) ;"
192,male,8380976762,line 13,64,"Rectangle rect1 = new Rectangle ( 0 , 0 , 10 , 10 ) ;"
192,male,8381500740,line 14,116,System.out.println ( rect1.area ( ) ) ;
192,male,8381672787,line 13,128,"Rectangle rect1 = new Rectangle ( 0 , 0 , 10 , 10 ) ;"
192,male,8381776776,line 13,100,"Rectangle rect1 = new Rectangle ( 0 , 0 , 10 , 10 ) ;"
192,male,8381840760,line 13,60,"Rectangle rect1 = new Rectangle ( 0 , 0 , 10 , 10 ) ;"
192,male,8382204732,line 13,60,"Rectangle rect1 = new Rectangle ( 0 , 0 , 10 , 10 ) ;"
192,male,8384328762,line 3,164,"public Rectangle ( int x1 , int y1 , int x2 , int y2 ) {"
192,male,8384552442,line 3,172,"public Rectangle ( int x1 , int y1 , int x2 , int y2 ) {"
192,male,8384760609,line 2,120,"private int x1 , y1 , x2 , y2 ;"
192,male,8385552346,line 11,120,public double area ( ) { return this.width ( ) * this.height ( ) ; }
192,male,8385748339,line 11,192,public double area ( ) { return this.width ( ) * this.height ( ) ; }
192,male,8385944346,line 12,156,public static void main ( String [ ] args ) {
192,male,8386396358,line 11,164,public double area ( ) { return this.width ( ) * this.height ( ) ; }
192,male,8386472360,line 11,72,public double area ( ) { return this.width ( ) * this.height ( ) ; }
192,male,8386616336,line 11,140,public double area ( ) { return this.width ( ) * this.height ( ) ; }
192,male,8386700265,line 11,68,public double area ( ) { return this.width ( ) * this.height ( ) ; }
192,male,8386788110,line 11,84,public double area ( ) { return this.width ( ) * this.height ( ) ; }
192,male,8387048097,line 11,100,public double area ( ) { return this.width ( ) * this.height ( ) ; }
192,male,8387252243,line 11,200,public double area ( ) { return this.width ( ) * this.height ( ) ; }
192,male,8387660271,line 11,304,public double area ( ) { return this.width ( ) * this.height ( ) ; }
192,male,8387912237,line 11,248,public double area ( ) { return this.width ( ) * this.height ( ) ; }
192,male,8388284178,line 11,104,public double area ( ) { return this.width ( ) * this.height ( ) ; }
192,male,8388436081,line 12,116,public static void main ( String [ ] args ) {
192,male,8388552077,line 12,112,public static void main ( String [ ] args ) {
192,male,8388824061,line 11,256,public double area ( ) { return this.width ( ) * this.height ( ) ; }
192,male,8388988077,line 10,108,public int height ( ) { return this.y2 - this.y1 ; }
192,male,8389088104,line 10,96,public int height ( ) { return this.y2 - this.y1 ; }
192,male,8389480069,line 13,168,"Rectangle rect1 = new Rectangle ( 0 , 0 , 10 , 10 ) ;"
192,male,8389552078,line 13,68,"Rectangle rect1 = new Rectangle ( 0 , 0 , 10 , 10 ) ;"
192,male,8389804010,line 15,136,"Rectangle rect2 = new Rectangle ( 5 , 5 , 10 , 10 ) ;"
192,male,8389899898,line 14,92,System.out.println ( rect1.area ( ) ) ;
192,male,8390127886,line 14,216,System.out.println ( rect1.area ( ) ) ;
192,male,8390343942,line 14,192,System.out.println ( rect1.area ( ) ) ;
192,male,8390467934,line 14,120,System.out.println ( rect1.area ( ) ) ;
192,male,8390719948,line 14,64,System.out.println ( rect1.area ( ) ) ;
192,male,8390959952,line 14,236,System.out.println ( rect1.area ( ) ) ;
192,male,8391091953,line 14,128,System.out.println ( rect1.area ( ) ) ;
192,male,8391163957,line 14,68,System.out.println ( rect1.area ( ) ) ;
192,male,8391391894,line 14,192,System.out.println ( rect1.area ( ) ) ;
192,male,8391519658,line 14,100,System.out.println ( rect1.area ( ) ) ;
192,male,8391639572,line 14,116,System.out.println ( rect1.area ( ) ) ;
192,male,8391715621,line 14,72,System.out.println ( rect1.area ( ) ) ;
192,male,8391939709,line 14,200,System.out.println ( rect1.area ( ) ) ;
192,male,8392107761,line 14,120,System.out.println ( rect1.area ( ) ) ;
192,male,8392259814,line 14,140,System.out.println ( rect1.area ( ) ) ;
192,male,8392363815,line 14,100,System.out.println ( rect1.area ( ) ) ;
192,male,8392727785,line 14,96,System.out.println ( rect1.area ( ) ) ;
192,male,8392807799,line 14,76,System.out.println ( rect1.area ( ) ) ;
192,male,8392947719,line 13,108,"Rectangle rect1 = new Rectangle ( 0 , 0 , 10 , 10 ) ;"
192,male,8393163634,line 13,212,"Rectangle rect1 = new Rectangle ( 0 , 0 , 10 , 10 ) ;"
192,male,8393267639,line 13,84,"Rectangle rect1 = new Rectangle ( 0 , 0 , 10 , 10 ) ;"
192,male,8393615657,line 13,72,"Rectangle rect1 = new Rectangle ( 0 , 0 , 10 , 10 ) ;"
192,male,8393807771,line 13,120,"Rectangle rect1 = new Rectangle ( 0 , 0 , 10 , 10 ) ;"
192,male,8394031719,line 13,204,"Rectangle rect1 = new Rectangle ( 0 , 0 , 10 , 10 ) ;"
192,male,8394115676,line 13,80,"Rectangle rect1 = new Rectangle ( 0 , 0 , 10 , 10 ) ;"
192,male,8394247633,line 13,120,"Rectangle rect1 = new Rectangle ( 0 , 0 , 10 , 10 ) ;"
192,male,8394331644,line 13,80,"Rectangle rect1 = new Rectangle ( 0 , 0 , 10 , 10 ) ;"
192,male,8394883237,line 13,228,"Rectangle rect1 = new Rectangle ( 0 , 0 , 10 , 10 ) ;"
192,male,8395243607,line 13,100,"Rectangle rect1 = new Rectangle ( 0 , 0 , 10 , 10 ) ;"
192,male,8395459612,line 13,212,"Rectangle rect1 = new Rectangle ( 0 , 0 , 10 , 10 ) ;"
192,male,8395975577,line 13,160,"Rectangle rect1 = new Rectangle ( 0 , 0 , 10 , 10 ) ;"
192,male,8396487429,line 13,236,"Rectangle rect1 = new Rectangle ( 0 , 0 , 10 , 10 ) ;"
192,male,8396611390,line 13,120,"Rectangle rect1 = new Rectangle ( 0 , 0 , 10 , 10 ) ;"
192,male,8396715498,line 13,88,"Rectangle rect1 = new Rectangle ( 0 , 0 , 10 , 10 ) ;"
192,male,8396847796,line 13,128,"Rectangle rect1 = new Rectangle ( 0 , 0 , 10 , 10 ) ;"
192,male,8396987554,line 13,116,"Rectangle rect1 = new Rectangle ( 0 , 0 , 10 , 10 ) ;"
192,male,8397347630,line 5,324,this.y1 = y1 ;
192,male,8397639461,line 5,248,this.y1 = y1 ;
192,male,8398055280,line 4,208,this.x1 = x1 ;
192,male,8398287141,line 3,60,"public Rectangle ( int x1 , int y1 , int x2 , int y2 ) {"
192,male,8398483233,line 3,100,"public Rectangle ( int x1 , int y1 , int x2 , int y2 ) {"
192,male,8398675266,line 3,76,"public Rectangle ( int x1 , int y1 , int x2 , int y2 ) {"
192,male,8401102937,line 3,168,"public Rectangle ( int x1 , int y1 , int x2 , int y2 ) {"
192,male,8401487042,line 3,96,"public Rectangle ( int x1 , int y1 , int x2 , int y2 ) {"
192,male,8401639052,line 3,148,"public Rectangle ( int x1 , int y1 , int x2 , int y2 ) {"
192,male,8402055039,line 5,204,this.y1 = y1 ;
192,male,8402171041,line 5,112,this.y1 = y1 ;
192,male,8402331072,line 5,64,this.y1 = y1 ;
192,male,8402578800,line 7,224,this.y2 = y2 ;
192,male,8403006916,line 9,96,public int width ( ) { return this.x2 - this.x1 ; }
192,male,8403139297,line 9,128,public int width ( ) { return this.x2 - this.x1 ; }
192,male,8403251373,line 11,92,public double area ( ) { return this.width ( ) * this.height ( ) ; }
192,male,8403331156,line 11,76,public double area ( ) { return this.width ( ) * this.height ( ) ; }
192,male,8403526829,line 11,168,public double area ( ) { return this.width ( ) * this.height ( ) ; }
192,male,8403742893,line 11,156,public double area ( ) { return this.width ( ) * this.height ( ) ; }
192,male,8403874933,line 10,108,public int height ( ) { return this.y2 - this.y1 ; }
192,male,8404014841,line 10,136,public int height ( ) { return this.y2 - this.y1 ; }
192,male,8404110801,line 10,80,public int height ( ) { return this.y2 - this.y1 ; }
192,male,8404242776,line 10,128,public int height ( ) { return this.y2 - this.y1 ; }
192,male,8404570727,line 10,108,public int height ( ) { return this.y2 - this.y1 ; }
192,male,8405030594,line 11,240,public double area ( ) { return this.width ( ) * this.height ( ) ; }
192,male,8405170695,line 10,124,public int height ( ) { return this.y2 - this.y1 ; }
192,male,8405230747,line 10,56,public int height ( ) { return this.y2 - this.y1 ; }
192,male,8405447049,line 10,56,public int height ( ) { return this.y2 - this.y1 ; }
192,male,8405554771,line 10,104,public int height ( ) { return this.y2 - this.y1 ; }
192,male,8405734538,line 10,160,public int height ( ) { return this.y2 - this.y1 ; }
192,male,8405998604,line 10,88,public int height ( ) { return this.y2 - this.y1 ; }
192,male,8406214611,line 11,148,public double area ( ) { return this.width ( ) * this.height ( ) ; }
192,male,8406698640,line 11,152,public double area ( ) { return this.width ( ) * this.height ( ) ; }
192,male,8407030637,line 10,216,public int height ( ) { return this.y2 - this.y1 ; }
192,male,8407546562,line 11,264,public double area ( ) { return this.width ( ) * this.height ( ) ; }
192,male,8408054453,line 11,504,public double area ( ) { return this.width ( ) * this.height ( ) ; }
192,male,8408250465,line 11,184,public double area ( ) { return this.width ( ) * this.height ( ) ; }
192,male,8409126378,line 11,364,public double area ( ) { return this.width ( ) * this.height ( ) ; }
192,male,8409538416,line 11,120,public double area ( ) { return this.width ( ) * this.height ( ) ; }
192,male,8409806371,line 12,188,public static void main ( String [ ] args ) {
192,male,8410038043,line 12,80,public static void main ( String [ ] args ) {
192,male,8410165925,line 11,108,public double area ( ) { return this.width ( ) * this.height ( ) ; }
192,male,8410361986,line 11,192,public double area ( ) { return this.width ( ) * this.height ( ) ; }
192,male,8410602036,line 11,172,public double area ( ) { return this.width ( ) * this.height ( ) ; }
192,male,8410918237,line 11,228,public double area ( ) { return this.width ( ) * this.height ( ) ; }
192,male,8411122200,line 11,176,public double area ( ) { return this.width ( ) * this.height ( ) ; }
192,male,8411226184,line 12,80,public static void main ( String [ ] args ) {
192,male,8411354179,line 12,124,public static void main ( String [ ] args ) {
192,male,8411666214,line 11,236,public double area ( ) { return this.width ( ) * this.height ( ) ; }
192,male,8411950012,line 11,56,public double area ( ) { return this.width ( ) * this.height ( ) ; }
192,male,8412025982,line 11,72,public double area ( ) { return this.width ( ) * this.height ( ) ; }
192,male,8412362141,line 11,304,public double area ( ) { return this.width ( ) * this.height ( ) ; }
192,male,8412458150,line 11,92,public double area ( ) { return this.width ( ) * this.height ( ) ; }
192,male,8412666162,line 11,152,public double area ( ) { return this.width ( ) * this.height ( ) ; }
192,male,8412989935,line 13,108,"Rectangle rect1 = new Rectangle ( 0 , 0 , 10 , 10 ) ;"
192,male,8413069969,line 12,76,public static void main ( String [ ] args ) {
192,male,8413138028,line 13,64,"Rectangle rect1 = new Rectangle ( 0 , 0 , 10 , 10 ) ;"
192,male,8413234090,line 13,92,"Rectangle rect1 = new Rectangle ( 0 , 0 , 10 , 10 ) ;"
192,male,8413418046,line 13,124,"Rectangle rect1 = new Rectangle ( 0 , 0 , 10 , 10 ) ;"
192,male,8413506037,line 13,84,"Rectangle rect1 = new Rectangle ( 0 , 0 , 10 , 10 ) ;"
192,male,8413717947,line 13,176,"Rectangle rect1 = new Rectangle ( 0 , 0 , 10 , 10 ) ;"
192,male,8413905948,line 16,104,System.out.println ( rect2.area ( ) ) ;
192,male,8413993974,line 15,60,"Rectangle rect2 = new Rectangle ( 5 , 5 , 10 , 10 ) ;"
192,male,8414145775,line 15,148,"Rectangle rect2 = new Rectangle ( 5 , 5 , 10 , 10 ) ;"
192,male,8414265682,line 15,104,"Rectangle rect2 = new Rectangle ( 5 , 5 , 10 , 10 ) ;"
192,male,8414357805,line 15,64,"Rectangle rect2 = new Rectangle ( 5 , 5 , 10 , 10 ) ;"
192,male,8414517928,line 15,156,"Rectangle rect2 = new Rectangle ( 5 , 5 , 10 , 10 ) ;"
192,male,8414737927,line 15,164,"Rectangle rect2 = new Rectangle ( 5 , 5 , 10 , 10 ) ;"
192,male,8414953801,line 15,148,"Rectangle rect2 = new Rectangle ( 5 , 5 , 10 , 10 ) ;"
192,male,8415285792,line 15,308,"Rectangle rect2 = new Rectangle ( 5 , 5 , 10 , 10 ) ;"
192,male,8415485833,line 15,196,"Rectangle rect2 = new Rectangle ( 5 , 5 , 10 , 10 ) ;"
192,male,8415753897,line 15,228,"Rectangle rect2 = new Rectangle ( 5 , 5 , 10 , 10 ) ;"
192,male,8415953889,line 14,152,System.out.println ( rect1.area ( ) ) ;
192,male,8416217840,line 13,220,"Rectangle rect1 = new Rectangle ( 0 , 0 , 10 , 10 ) ;"
192,male,8416525751,line 14,84,System.out.println ( rect1.area ( ) ) ;
192,male,8416846139,line 13,248,"Rectangle rect1 = new Rectangle ( 0 , 0 , 10 , 10 ) ;"
192,male,8417025830,line 13,136,"Rectangle rect1 = new Rectangle ( 0 , 0 , 10 , 10 ) ;"
192,male,8417109744,line 13,80,"Rectangle rect1 = new Rectangle ( 0 , 0 , 10 , 10 ) ;"
192,male,8417181718,line 13,68,"Rectangle rect1 = new Rectangle ( 0 , 0 , 10 , 10 ) ;"
192,male,8417397722,line 13,204,"Rectangle rect1 = new Rectangle ( 0 , 0 , 10 , 10 ) ;"
192,male,8417457739,line 13,56,"Rectangle rect1 = new Rectangle ( 0 , 0 , 10 , 10 ) ;"
192,male,8417761698,line 13,84,"Rectangle rect1 = new Rectangle ( 0 , 0 , 10 , 10 ) ;"
192,male,8417909699,line 13,144,"Rectangle rect1 = new Rectangle ( 0 , 0 , 10 , 10 ) ;"
192,male,8418213604,line 13,60,"Rectangle rect1 = new Rectangle ( 0 , 0 , 10 , 10 ) ;"
192,male,8418301574,line 13,84,"Rectangle rect1 = new Rectangle ( 0 , 0 , 10 , 10 ) ;"
192,male,8419005627,line 13,68,"Rectangle rect1 = new Rectangle ( 0 , 0 , 10 , 10 ) ;"
192,male,8419069643,line 13,60,"Rectangle rect1 = new Rectangle ( 0 , 0 , 10 , 10 ) ;"
192,male,8419237572,line 13,136,"Rectangle rect1 = new Rectangle ( 0 , 0 , 10 , 10 ) ;"
192,male,8419589326,line 13,120,"Rectangle rect1 = new Rectangle ( 0 , 0 , 10 , 10 ) ;"
192,male,8419905207,line 15,72,"Rectangle rect2 = new Rectangle ( 5 , 5 , 10 , 10 ) ;"
192,male,8420101445,line 15,192,"Rectangle rect2 = new Rectangle ( 5 , 5 , 10 , 10 ) ;"
192,male,8420181451,line 15,60,"Rectangle rect2 = new Rectangle ( 5 , 5 , 10 , 10 ) ;"
192,male,8420301446,line 15,116,"Rectangle rect2 = new Rectangle ( 5 , 5 , 10 , 10 ) ;"
192,male,8420529489,line 15,160,"Rectangle rect2 = new Rectangle ( 5 , 5 , 10 , 10 ) ;"
192,male,8420753470,line 16,192,System.out.println ( rect2.area ( ) ) ;
192,male,8420857844,line 16,92,System.out.println ( rect2.area ( ) ) ;
192,male,8421041821,line 16,180,System.out.println ( rect2.area ( ) ) ;
192,male,8421125665,line 16,64,System.out.println ( rect2.area ( ) ) ;
192,male,8421209463,line 16,80,System.out.println ( rect2.area ( ) ) ;
192,male,8421373193,line 16,152,System.out.println ( rect2.area ( ) ) ;
194,male,908597575,line 4,128,this.x1 = x1 ;
194,male,908669584,line 4,68,this.x1 = x1 ;
194,male,908973525,line 2,100,"private int x1 , y1 , x2 , y2 ;"
194,male,909233605,line 2,236,"private int x1 , y1 , x2 , y2 ;"
194,male,909481591,line 3,204,"public Rectangle ( int x1 , int y1 , int x2 , int y2 ) {"
194,male,909637469,line 3,116,"public Rectangle ( int x1 , int y1 , int x2 , int y2 ) {"
194,male,909701369,line 3,60,"public Rectangle ( int x1 , int y1 , int x2 , int y2 ) {"
194,male,909877376,line 3,172,"public Rectangle ( int x1 , int y1 , int x2 , int y2 ) {"
194,male,910053481,line 4,156,this.x1 = x1 ;
194,male,910165508,line 4,108,this.x1 = x1 ;
194,male,910281509,line 4,100,this.x1 = x1 ;
194,male,910373506,line 4,88,this.x1 = x1 ;
194,male,910685504,line 4,56,this.x1 = x1 ;
194,male,910897462,line 4,176,this.x1 = x1 ;
194,male,911789351,line 3,80,"public Rectangle ( int x1 , int y1 , int x2 , int y2 ) {"
194,male,911857347,line 3,64,"public Rectangle ( int x1 , int y1 , int x2 , int y2 ) {"
194,male,912001339,line 2,60,"private int x1 , y1 , x2 , y2 ;"
194,male,912077347,line 2,72,"private int x1 , y1 , x2 , y2 ;"
194,male,912217368,line 2,136,"private int x1 , y1 , x2 , y2 ;"
194,male,912293375,line 2,72,"private int x1 , y1 , x2 , y2 ;"
194,male,912357382,line 2,60,"private int x1 , y1 , x2 , y2 ;"
194,male,912489360,line 3,88,"public Rectangle ( int x1 , int y1 , int x2 , int y2 ) {"
194,male,912577331,line 3,84,"public Rectangle ( int x1 , int y1 , int x2 , int y2 ) {"
194,male,913653170,line 5,132,this.y1 = y1 ;
194,male,914481196,line 3,84,"public Rectangle ( int x1 , int y1 , int x2 , int y2 ) {"
194,male,915937082,line 5,64,this.y1 = y1 ;
194,male,916156971,line 5,216,this.y1 = y1 ;
194,male,916364824,line 5,120,this.y1 = y1 ;
194,male,916556990,line 5,188,this.y1 = y1 ;
194,male,916676951,line 5,92,this.y1 = y1 ;
194,male,916740930,line 5,60,this.y1 = y1 ;
194,male,916812938,line 5,68,this.y1 = y1 ;
194,male,917004954,line 6,116,this.x2 = x2 ;
194,male,917628675,line 6,56,this.x2 = x2 ;
194,male,917732803,line 6,100,this.x2 = x2 ;
194,male,917816845,line 7,80,this.y2 = y2 ;
194,male,918072846,line 7,104,this.y2 = y2 ;
194,male,918224829,line 7,148,this.y2 = y2 ;
194,male,918320854,line 9,56,public int width ( ) { return this.x2 - this.x1 ; }
194,male,918520827,line 10,92,public int height ( ) { return this.y2 - this.y1 ; }
194,male,919348637,line 9,68,public int width ( ) { return this.x2 - this.x1 ; }
194,male,919508702,line 9,156,public int width ( ) { return this.x2 - this.x1 ; }
194,male,919732706,line 9,84,public int width ( ) { return this.x2 - this.x1 ; }
194,male,919836702,line 9,100,public int width ( ) { return this.x2 - this.x1 ; }
194,male,919936700,line 9,96,public int width ( ) { return this.x2 - this.x1 ; }
194,male,920060710,line 9,84,public int width ( ) { return this.x2 - this.x1 ; }
194,male,920120717,line 9,56,public int width ( ) { return this.x2 - this.x1 ; }
194,male,920224714,line 9,56,public int width ( ) { return this.x2 - this.x1 ; }
194,male,920460685,line 10,168,public int height ( ) { return this.y2 - this.y1 ; }
194,male,920548699,line 10,84,public int height ( ) { return this.y2 - this.y1 ; }
194,male,920652634,line 9,100,public int width ( ) { return this.x2 - this.x1 ; }
194,male,920852546,line 10,96,public int height ( ) { return this.y2 - this.y1 ; }
194,male,920920555,line 10,64,public int height ( ) { return this.y2 - this.y1 ; }
194,male,921468561,line 9,68,public int width ( ) { return this.x2 - this.x1 ; }
194,male,921568588,line 9,96,public int width ( ) { return this.x2 - this.x1 ; }
194,male,921648591,line 9,76,public int width ( ) { return this.x2 - this.x1 ; }
194,male,921744572,line 10,92,public int height ( ) { return this.y2 - this.y1 ; }
194,male,921812559,line 9,64,public int width ( ) { return this.x2 - this.x1 ; }
194,male,921884557,line 10,68,public int height ( ) { return this.y2 - this.y1 ; }
194,male,922068556,line 10,60,public int height ( ) { return this.y2 - this.y1 ; }
194,male,922248359,line 11,88,public double area ( ) { return this.width ( ) * this.height ( ) ; }
194,male,922584400,line 11,220,public double area ( ) { return this.width ( ) * this.height ( ) ; }
194,male,922820442,line 11,136,public double area ( ) { return this.width ( ) * this.height ( ) ; }
194,male,922936466,line 11,68,public double area ( ) { return this.width ( ) * this.height ( ) ; }
194,male,924324319,line 12,92,public static void main ( String [ ] args ) {
194,male,924672365,line 13,88,"Rectangle rect1 = new Rectangle ( 0 , 0 , 10 , 10 ) ;"
194,male,924872294,line 12,64,public static void main ( String [ ] args ) {
194,male,925220204,line 12,96,public static void main ( String [ ] args ) {
194,male,925464121,line 13,80,"Rectangle rect1 = new Rectangle ( 0 , 0 , 10 , 10 ) ;"
194,male,925780087,line 12,60,public static void main ( String [ ] args ) {
194,male,926012140,line 13,60,"Rectangle rect1 = new Rectangle ( 0 , 0 , 10 , 10 ) ;"
194,male,926480114,line 14,172,System.out.println ( rect1.area ( ) ) ;
194,male,926740101,line 14,120,System.out.println ( rect1.area ( ) ) ;
194,male,926907932,line 14,108,System.out.println ( rect1.area ( ) ) ;
194,male,927039940,line 14,128,System.out.println ( rect1.area ( ) ) ;
194,male,927280031,line 14,128,System.out.println ( rect1.area ( ) ) ;
194,male,927388033,line 14,104,System.out.println ( rect1.area ( ) ) ;
194,male,927804111,line 14,112,System.out.println ( rect1.area ( ) ) ;
194,male,927952073,line 14,56,System.out.println ( rect1.area ( ) ) ;
194,male,928076072,line 14,56,System.out.println ( rect1.area ( ) ) ;
194,male,928280068,line 14,152,System.out.println ( rect1.area ( ) ) ;
194,male,928607866,line 14,56,System.out.println ( rect1.area ( ) ) ;
194,male,928715876,line 16,76,System.out.println ( rect2.area ( ) ) ;
194,male,928907939,line 15,96,"Rectangle rect2 = new Rectangle ( 5 , 5 , 10 , 10 ) ;"
194,male,929195935,line 16,116,System.out.println ( rect2.area ( ) ) ;
194,male,929595902,line 5,56,this.y1 = y1 ;
194,male,929747935,line 5,112,this.y1 = y1 ;
194,male,929839937,line 3,72,"public Rectangle ( int x1 , int y1 , int x2 , int y2 ) {"
194,male,930139784,line 4,112,this.x1 = x1 ;
194,male,930303748,line 3,92,"public Rectangle ( int x1 , int y1 , int x2 , int y2 ) {"
194,male,930531846,line 3,176,"public Rectangle ( int x1 , int y1 , int x2 , int y2 ) {"
194,male,930731820,line 3,80,"public Rectangle ( int x1 , int y1 , int x2 , int y2 ) {"
194,male,930791821,line 3,56,"public Rectangle ( int x1 , int y1 , int x2 , int y2 ) {"
194,male,930903821,line 3,96,"public Rectangle ( int x1 , int y1 , int x2 , int y2 ) {"
194,male,931043786,line 3,136,"public Rectangle ( int x1 , int y1 , int x2 , int y2 ) {"
194,male,931155763,line 3,84,"public Rectangle ( int x1 , int y1 , int x2 , int y2 ) {"
194,male,931315745,line 3,156,"public Rectangle ( int x1 , int y1 , int x2 , int y2 ) {"
194,male,931511673,line 3,132,"public Rectangle ( int x1 , int y1 , int x2 , int y2 ) {"
194,male,931823547,line 3,112,"public Rectangle ( int x1 , int y1 , int x2 , int y2 ) {"
194,male,931907574,line 3,80,"public Rectangle ( int x1 , int y1 , int x2 , int y2 ) {"
194,male,932103607,line 3,192,"public Rectangle ( int x1 , int y1 , int x2 , int y2 ) {"
194,male,932459753,line 3,168,"public Rectangle ( int x1 , int y1 , int x2 , int y2 ) {"
194,male,932671691,line 3,64,"public Rectangle ( int x1 , int y1 , int x2 , int y2 ) {"
194,male,932943738,line 3,132,"public Rectangle ( int x1 , int y1 , int x2 , int y2 ) {"
194,male,933171555,line 4,84,this.x1 = x1 ;
194,male,933335412,line 4,140,this.x1 = x1 ;
194,male,933439422,line 4,100,this.x1 = x1 ;
194,male,934123529,line 4,92,this.x1 = x1 ;
194,male,934323534,line 4,160,this.x1 = x1 ;
194,male,936067432,line 5,112,this.y1 = y1 ;
194,male,936147405,line 5,76,this.y1 = y1 ;
194,male,936243256,line 5,92,this.y1 = y1 ;
194,male,936359090,line 5,112,this.y1 = y1 ;
194,male,936439137,line 5,76,this.y1 = y1 ;
194,male,936543197,line 5,100,this.y1 = y1 ;
194,male,936663220,line 5,116,this.y1 = y1 ;
194,male,936831239,line 5,164,this.y1 = y1 ;
194,male,936935250,line 5,100,this.y1 = y1 ;
194,male,937071262,line 5,132,this.y1 = y1 ;
194,male,937175268,line 5,100,this.y1 = y1 ;
194,male,937239269,line 5,60,this.y1 = y1 ;
194,male,937391262,line 5,120,this.y1 = y1 ;
194,male,937495239,line 5,100,this.y1 = y1 ;
194,male,937579227,line 5,80,this.y1 = y1 ;
194,male,937655239,line 5,72,this.y1 = y1 ;
194,male,938007115,line 6,104,this.x2 = x2 ;
194,male,938291176,line 5,64,this.y1 = y1 ;
194,male,938603087,line 4,68,this.x1 = x1 ;
194,male,938775122,line 6,56,this.x2 = x2 ;
194,male,939379053,line 7,216,this.y2 = y2 ;
194,male,939606774,line 7,124,this.y2 = y2 ;
194,male,940031521,line 10,92,public int height ( ) { return this.y2 - this.y1 ; }
194,male,940111292,line 10,76,public int height ( ) { return this.y2 - this.y1 ; }
194,male,940207118,line 10,92,public int height ( ) { return this.y2 - this.y1 ; }
194,male,940358974,line 10,104,public int height ( ) { return this.y2 - this.y1 ; }
194,male,940506970,line 10,144,public int height ( ) { return this.y2 - this.y1 ; }
194,male,940618965,line 10,80,public int height ( ) { return this.y2 - this.y1 ; }
194,male,940978930,line 9,112,public int width ( ) { return this.x2 - this.x1 ; }
194,male,941066857,line 9,84,public int width ( ) { return this.x2 - this.x1 ; }
194,male,941250824,line 9,132,public int width ( ) { return this.x2 - this.x1 ; }
194,male,941322840,line 9,68,public int width ( ) { return this.x2 - this.x1 ; }
194,male,941518856,line 9,56,public int width ( ) { return this.x2 - this.x1 ; }
194,male,941710879,line 10,144,public int height ( ) { return this.y2 - this.y1 ; }
194,male,941882896,line 9,132,public int width ( ) { return this.x2 - this.x1 ; }
194,male,942134810,line 9,64,public int width ( ) { return this.x2 - this.x1 ; }
194,male,942246835,line 9,84,public int width ( ) { return this.x2 - this.x1 ; }
194,male,942350865,line 9,100,public int width ( ) { return this.x2 - this.x1 ; }
194,male,942434821,line 9,80,public int width ( ) { return this.x2 - this.x1 ; }
194,male,942530695,line 9,92,public int width ( ) { return this.x2 - this.x1 ; }
194,male,942718587,line 9,88,public int width ( ) { return this.x2 - this.x1 ; }
194,male,942922680,line 10,76,public int height ( ) { return this.y2 - this.y1 ; }
194,male,943034728,line 10,108,public int height ( ) { return this.y2 - this.y1 ; }
194,male,943222752,line 10,112,public int height ( ) { return this.y2 - this.y1 ; }
194,male,943754700,line 11,224,public double area ( ) { return this.width ( ) * this.height ( ) ; }
194,male,943922671,line 11,124,public double area ( ) { return this.width ( ) * this.height ( ) ; }
194,male,943994664,line 11,68,public double area ( ) { return this.width ( ) * this.height ( ) ; }
194,male,944154592,line 11,128,public double area ( ) { return this.width ( ) * this.height ( ) ; }
194,male,944366595,line 11,152,public double area ( ) { return this.width ( ) * this.height ( ) ; }
194,male,944890728,line 11,72,public double area ( ) { return this.width ( ) * this.height ( ) ; }
194,male,945022663,line 11,84,public double area ( ) { return this.width ( ) * this.height ( ) ; }
194,male,945214582,line 11,120,public double area ( ) { return this.width ( ) * this.height ( ) ; }
194,male,945298588,line 11,80,public double area ( ) { return this.width ( ) * this.height ( ) ; }
194,male,945450587,line 11,148,public double area ( ) { return this.width ( ) * this.height ( ) ; }
194,male,946058708,line 11,148,public double area ( ) { return this.width ( ) * this.height ( ) ; }
194,male,946206488,line 11,116,public double area ( ) { return this.width ( ) * this.height ( ) ; }
194,male,946266466,line 11,56,public double area ( ) { return this.width ( ) * this.height ( ) ; }
194,male,946474423,line 11,204,public double area ( ) { return this.width ( ) * this.height ( ) ; }
194,male,946666417,line 11,164,public double area ( ) { return this.width ( ) * this.height ( ) ; }
194,male,946754419,line 11,84,public double area ( ) { return this.width ( ) * this.height ( ) ; }
194,male,947006457,line 11,100,public double area ( ) { return this.width ( ) * this.height ( ) ; }
194,male,947274288,line 11,132,public double area ( ) { return this.width ( ) * this.height ( ) ; }
194,male,947702295,line 11,72,public double area ( ) { return this.width ( ) * this.height ( ) ; }
194,male,947822327,line 11,56,public double area ( ) { return this.width ( ) * this.height ( ) ; }
194,male,947886367,line 11,60,public double area ( ) { return this.width ( ) * this.height ( ) ; }
194,male,948018390,line 12,92,public static void main ( String [ ] args ) {
194,male,948246413,line 12,152,public static void main ( String [ ] args ) {
194,male,948578420,line 12,180,public static void main ( String [ ] args ) {
194,male,949786196,line 11,104,public double area ( ) { return this.width ( ) * this.height ( ) ; }
194,male,950318061,line 12,56,public static void main ( String [ ] args ) {
194,male,950477982,line 12,140,public static void main ( String [ ] args ) {
194,male,950553981,line 12,72,public static void main ( String [ ] args ) {
194,male,950818053,line 12,92,public static void main ( String [ ] args ) {
194,male,950994059,line 13,128,"Rectangle rect1 = new Rectangle ( 0 , 0 , 10 , 10 ) ;"
194,male,951250052,line 13,108,"Rectangle rect1 = new Rectangle ( 0 , 0 , 10 , 10 ) ;"
194,male,951438095,line 13,128,"Rectangle rect1 = new Rectangle ( 0 , 0 , 10 , 10 ) ;"
194,male,951630065,line 12,112,public static void main ( String [ ] args ) {
194,male,951937869,line 13,244,"Rectangle rect1 = new Rectangle ( 0 , 0 , 10 , 10 ) ;"
194,male,952181820,line 14,116,System.out.println ( rect1.area ( ) ) ;
194,male,952597900,line 13,168,"Rectangle rect1 = new Rectangle ( 0 , 0 , 10 , 10 ) ;"
194,male,952673898,line 13,72,"Rectangle rect1 = new Rectangle ( 0 , 0 , 10 , 10 ) ;"
194,male,952857921,line 13,112,"Rectangle rect1 = new Rectangle ( 0 , 0 , 10 , 10 ) ;"
194,male,953165891,line 12,196,public static void main ( String [ ] args ) {
194,male,953317923,line 13,112,"Rectangle rect1 = new Rectangle ( 0 , 0 , 10 , 10 ) ;"
194,male,953477873,line 13,120,"Rectangle rect1 = new Rectangle ( 0 , 0 , 10 , 10 ) ;"
194,male,953561819,line 14,80,System.out.println ( rect1.area ( ) ) ;
194,male,953621811,line 14,56,System.out.println ( rect1.area ( ) ) ;
194,male,954193587,line 5,200,this.y1 = y1 ;
194,male,954345755,line 4,120,this.x1 = x1 ;
194,male,956085658,line 15,80,"Rectangle rect2 = new Rectangle ( 5 , 5 , 10 , 10 ) ;"
194,male,956145653,line 15,56,"Rectangle rect2 = new Rectangle ( 5 , 5 , 10 , 10 ) ;"
194,male,956489667,line 14,136,System.out.println ( rect1.area ( ) ) ;
194,male,956553654,line 14,60,System.out.println ( rect1.area ( ) ) ;
194,male,956713554,line 3,64,"public Rectangle ( int x1 , int y1 , int x2 , int y2 ) {"
194,male,957405499,line 15,60,"Rectangle rect2 = new Rectangle ( 5 , 5 , 10 , 10 ) ;"
194,male,957501497,line 15,92,"Rectangle rect2 = new Rectangle ( 5 , 5 , 10 , 10 ) ;"
194,male,957733511,line 15,200,"Rectangle rect2 = new Rectangle ( 5 , 5 , 10 , 10 ) ;"
194,male,957861504,line 13,64,"Rectangle rect1 = new Rectangle ( 0 , 0 , 10 , 10 ) ;"
194,male,958093480,line 3,84,"public Rectangle ( int x1 , int y1 , int x2 , int y2 ) {"
194,male,958457386,line 3,68,"public Rectangle ( int x1 , int y1 , int x2 , int y2 ) {"
194,male,958777392,line 15,72,"Rectangle rect2 = new Rectangle ( 5 , 5 , 10 , 10 ) ;"
194,male,958985412,line 13,104,"Rectangle rect1 = new Rectangle ( 0 , 0 , 10 , 10 ) ;"
194,male,959233370,line 14,144,System.out.println ( rect1.area ( ) ) ;
194,male,959309371,line 14,72,System.out.println ( rect1.area ( ) ) ;
194,male,959681483,line 13,60,"Rectangle rect1 = new Rectangle ( 0 , 0 , 10 , 10 ) ;"
194,male,959785561,line 15,56,"Rectangle rect2 = new Rectangle ( 5 , 5 , 10 , 10 ) ;"
194,male,959885698,line 14,96,System.out.println ( rect1.area ( ) ) ;
194,male,960093569,line 15,108,"Rectangle rect2 = new Rectangle ( 5 , 5 , 10 , 10 ) ;"
194,male,960253334,line 15,72,"Rectangle rect2 = new Rectangle ( 5 , 5 , 10 , 10 ) ;"
194,male,960325282,line 15,68,"Rectangle rect2 = new Rectangle ( 5 , 5 , 10 , 10 ) ;"
194,male,960509268,line 15,108,"Rectangle rect2 = new Rectangle ( 5 , 5 , 10 , 10 ) ;"
194,male,960569273,line 15,56,"Rectangle rect2 = new Rectangle ( 5 , 5 , 10 , 10 ) ;"
194,male,960725266,line 15,116,"Rectangle rect2 = new Rectangle ( 5 , 5 , 10 , 10 ) ;"
194,male,960845271,line 14,116,System.out.println ( rect1.area ( ) ) ;
194,male,961009250,line 15,76,"Rectangle rect2 = new Rectangle ( 5 , 5 , 10 , 10 ) ;"
194,male,961101245,line 14,88,System.out.println ( rect1.area ( ) ) ;
194,male,961173235,line 15,68,"Rectangle rect2 = new Rectangle ( 5 , 5 , 10 , 10 ) ;"
194,male,961340983,line 15,164,"Rectangle rect2 = new Rectangle ( 5 , 5 , 10 , 10 ) ;"
194,male,961436929,line 15,56,"Rectangle rect2 = new Rectangle ( 5 , 5 , 10 , 10 ) ;"
194,male,961569058,line 14,128,System.out.println ( rect1.area ( ) ) ;
194,male,961801137,line 14,228,System.out.println ( rect1.area ( ) ) ;
194,male,961981108,line 15,128,"Rectangle rect2 = new Rectangle ( 5 , 5 , 10 , 10 ) ;"
194,male,962121122,line 15,64,"Rectangle rect2 = new Rectangle ( 5 , 5 , 10 , 10 ) ;"
194,male,962317307,line 15,116,"Rectangle rect2 = new Rectangle ( 5 , 5 , 10 , 10 ) ;"
194,male,962429479,line 15,108,"Rectangle rect2 = new Rectangle ( 5 , 5 , 10 , 10 ) ;"
194,male,962513393,line 15,64,"Rectangle rect2 = new Rectangle ( 5 , 5 , 10 , 10 ) ;"
194,male,962693162,line 15,96,"Rectangle rect2 = new Rectangle ( 5 , 5 , 10 , 10 ) ;"
194,male,962781082,line 15,84,"Rectangle rect2 = new Rectangle ( 5 , 5 , 10 , 10 ) ;"
194,male,962877033,line 14,92,System.out.println ( rect1.area ( ) ) ;
194,male,963053041,line 15,64,"Rectangle rect2 = new Rectangle ( 5 , 5 , 10 , 10 ) ;"
194,male,963173035,line 15,104,"Rectangle rect2 = new Rectangle ( 5 , 5 , 10 , 10 ) ;"
194,male,963341020,line 15,116,"Rectangle rect2 = new Rectangle ( 5 , 5 , 10 , 10 ) ;"
194,male,963785004,line 14,196,System.out.println ( rect1.area ( ) ) ;
194,male,963884995,line 14,96,System.out.println ( rect1.area ( ) ) ;
194,male,964096975,line 14,168,System.out.println ( rect1.area ( ) ) ;
194,male,964212987,line 14,112,System.out.println ( rect1.area ( ) ) ;
194,male,964508741,line 14,60,System.out.println ( rect1.area ( ) ) ;
194,male,964572759,line 14,60,System.out.println ( rect1.area ( ) ) ;
194,male,964648826,line 14,72,System.out.println ( rect1.area ( ) ) ;
194,male,964844898,line 14,68,System.out.println ( rect1.area ( ) ) ;
194,male,965012856,line 14,72,System.out.println ( rect1.area ( ) ) ;
194,male,965328851,line 15,188,"Rectangle rect2 = new Rectangle ( 5 , 5 , 10 , 10 ) ;"
194,male,965420846,line 15,88,"Rectangle rect2 = new Rectangle ( 5 , 5 , 10 , 10 ) ;"
194,male,965544838,line 15,108,"Rectangle rect2 = new Rectangle ( 5 , 5 , 10 , 10 ) ;"
194,male,965620838,line 15,72,"Rectangle rect2 = new Rectangle ( 5 , 5 , 10 , 10 ) ;"
194,male,965760846,line 15,136,"Rectangle rect2 = new Rectangle ( 5 , 5 , 10 , 10 ) ;"
194,male,965892871,line 15,128,"Rectangle rect2 = new Rectangle ( 5 , 5 , 10 , 10 ) ;"
194,male,966052797,line 15,88,"Rectangle rect2 = new Rectangle ( 5 , 5 , 10 , 10 ) ;"
194,male,966112748,line 15,56,"Rectangle rect2 = new Rectangle ( 5 , 5 , 10 , 10 ) ;"
194,male,966176719,line 15,60,"Rectangle rect2 = new Rectangle ( 5 , 5 , 10 , 10 ) ;"
194,male,966240728,line 15,60,"Rectangle rect2 = new Rectangle ( 5 , 5 , 10 , 10 ) ;"
194,male,966460750,line 15,156,"Rectangle rect2 = new Rectangle ( 5 , 5 , 10 , 10 ) ;"
194,male,966716754,line 15,92,"Rectangle rect2 = new Rectangle ( 5 , 5 , 10 , 10 ) ;"
194,male,966868740,line 15,148,"Rectangle rect2 = new Rectangle ( 5 , 5 , 10 , 10 ) ;"
194,male,967060722,line 15,124,"Rectangle rect2 = new Rectangle ( 5 , 5 , 10 , 10 ) ;"
194,male,967168728,line 15,64,"Rectangle rect2 = new Rectangle ( 5 , 5 , 10 , 10 ) ;"
194,male,967360783,line 14,76,System.out.println ( rect1.area ( ) ) ;
194,male,967508656,line 14,76,System.out.println ( rect1.area ( ) ) ;
194,male,967568611,line 14,56,System.out.println ( rect1.area ( ) ) ;
194,male,968032576,line 15,56,"Rectangle rect2 = new Rectangle ( 5 , 5 , 10 , 10 ) ;"
194,male,968272583,line 16,72,System.out.println ( rect2.area ( ) ) ;
194,male,968492584,line 13,176,"Rectangle rect1 = new Rectangle ( 0 , 0 , 10 , 10 ) ;"
194,male,968868568,line 5,68,this.y1 = y1 ;
194,male,968936574,line 5,64,this.y1 = y1 ;
194,male,969132311,line 4,108,this.x1 = x1 ;
194,male,969412469,line 3,68,"public Rectangle ( int x1 , int y1 , int x2 , int y2 ) {"
194,male,969476605,line 3,60,"public Rectangle ( int x1 , int y1 , int x2 , int y2 ) {"
194,male,969552768,line 4,72,this.x1 = x1 ;
194,male,969616742,line 4,60,this.x1 = x1 ;
194,male,969784518,line 16,64,System.out.println ( rect2.area ( ) ) ;
194,male,969864504,line 16,76,System.out.println ( rect2.area ( ) ) ;
194,male,969992493,line 16,104,System.out.println ( rect2.area ( ) ) ;
194,male,970064499,line 16,68,System.out.println ( rect2.area ( ) ) ;
194,male,970456472,line 16,56,System.out.println ( rect2.area ( ) ) ;
194,male,970908247,line 16,120,System.out.println ( rect2.area ( ) ) ;
194,male,971184319,line 13,64,"Rectangle rect1 = new Rectangle ( 0 , 0 , 10 , 10 ) ;"
194,male,971288325,line 13,76,"Rectangle rect1 = new Rectangle ( 0 , 0 , 10 , 10 ) ;"
194,male,971372332,line 13,80,"Rectangle rect1 = new Rectangle ( 0 , 0 , 10 , 10 ) ;"
194,male,971512334,line 13,64,"Rectangle rect1 = new Rectangle ( 0 , 0 , 10 , 10 ) ;"
194,male,971792298,line 13,116,"Rectangle rect1 = new Rectangle ( 0 , 0 , 10 , 10 ) ;"
194,male,972080319,line 12,80,public static void main ( String [ ] args ) {
194,male,972192293,line 12,108,public static void main ( String [ ] args ) {
194,male,972635834,line 13,104,"Rectangle rect1 = new Rectangle ( 0 , 0 , 10 , 10 ) ;"
194,male,972723915,line 13,68,"Rectangle rect1 = new Rectangle ( 0 , 0 , 10 , 10 ) ;"
194,male,972808007,line 13,80,"Rectangle rect1 = new Rectangle ( 0 , 0 , 10 , 10 ) ;"
194,male,973592212,line 3,128,"public Rectangle ( int x1 , int y1 , int x2 , int y2 ) {"
194,male,973843979,line 3,168,"public Rectangle ( int x1 , int y1 , int x2 , int y2 ) {"
194,male,973943938,line 13,72,"Rectangle rect1 = new Rectangle ( 0 , 0 , 10 , 10 ) ;"
194,male,974096058,line 13,148,"Rectangle rect1 = new Rectangle ( 0 , 0 , 10 , 10 ) ;"
194,male,974188081,line 13,88,"Rectangle rect1 = new Rectangle ( 0 , 0 , 10 , 10 ) ;"
194,male,974312052,line 13,68,"Rectangle rect1 = new Rectangle ( 0 , 0 , 10 , 10 ) ;"
194,male,974376046,line 13,60,"Rectangle rect1 = new Rectangle ( 0 , 0 , 10 , 10 ) ;"
194,male,974440050,line 13,60,"Rectangle rect1 = new Rectangle ( 0 , 0 , 10 , 10 ) ;"
194,male,974724083,line 15,164,"Rectangle rect2 = new Rectangle ( 5 , 5 , 10 , 10 ) ;"
194,male,974968121,line 14,156,System.out.println ( rect1.area ( ) ) ;
194,male,975623830,line 3,124,"public Rectangle ( int x1 , int y1 , int x2 , int y2 ) {"
194,male,975811900,line 3,152,"public Rectangle ( int x1 , int y1 , int x2 , int y2 ) {"
194,male,975919873,line 3,104,"public Rectangle ( int x1 , int y1 , int x2 , int y2 ) {"
194,male,976027897,line 13,60,"Rectangle rect1 = new Rectangle ( 0 , 0 , 10 , 10 ) ;"
194,male,976115921,line 13,84,"Rectangle rect1 = new Rectangle ( 0 , 0 , 10 , 10 ) ;"
194,male,977695868,line 14,100,System.out.println ( rect1.area ( ) ) ;
194,male,977779910,line 14,80,System.out.println ( rect1.area ( ) ) ;
194,male,978003804,line 14,128,System.out.println ( rect1.area ( ) ) ;
194,male,978475625,line 16,192,System.out.println ( rect2.area ( ) ) ;
194,male,979191690,line 15,84,"Rectangle rect2 = new Rectangle ( 5 , 5 , 10 , 10 ) ;"
194,male,979731622,line 16,92,System.out.println ( rect2.area ( ) ) ;
194,male,979971645,line 15,80,"Rectangle rect2 = new Rectangle ( 5 , 5 , 10 , 10 ) ;"
194,male,980059592,line 15,84,"Rectangle rect2 = new Rectangle ( 5 , 5 , 10 , 10 ) ;"
194,male,980295551,line 13,148,"Rectangle rect1 = new Rectangle ( 0 , 0 , 10 , 10 ) ;"
194,male,980755508,line 15,68,"Rectangle rect2 = new Rectangle ( 5 , 5 , 10 , 10 ) ;"
194,male,980835516,line 15,76,"Rectangle rect2 = new Rectangle ( 5 , 5 , 10 , 10 ) ;"
194,male,981099461,line 14,204,System.out.println ( rect1.area ( ) ) ;
194,male,981243462,line 14,140,System.out.println ( rect1.area ( ) ) ;
194,male,982383389,line 15,68,"Rectangle rect2 = new Rectangle ( 5 , 5 , 10 , 10 ) ;"
194,male,982487398,line 15,60,"Rectangle rect2 = new Rectangle ( 5 , 5 , 10 , 10 ) ;"
194,male,984407294,line 15,76,"Rectangle rect2 = new Rectangle ( 5 , 5 , 10 , 10 ) ;"
194,male,984471312,line 15,60,"Rectangle rect2 = new Rectangle ( 5 , 5 , 10 , 10 ) ;"
194,male,985627109,line 3,116,"public Rectangle ( int x1 , int y1 , int x2 , int y2 ) {"
194,male,987155018,line 13,56,"Rectangle rect1 = new Rectangle ( 0 , 0 , 10 , 10 ) ;"
194,male,987219016,line 13,60,"Rectangle rect1 = new Rectangle ( 0 , 0 , 10 , 10 ) ;"
194,male,987335001,line 13,112,"Rectangle rect1 = new Rectangle ( 0 , 0 , 10 , 10 ) ;"
194,male,987842820,line 6,140,this.x2 = x2 ;
194,male,988002633,line 6,156,this.x2 = x2 ;
194,male,988266863,line 14,164,System.out.println ( rect1.area ( ) ) ;
194,male,989178889,line 16,84,System.out.println ( rect2.area ( ) ) ;
194,male,989314850,line 16,80,System.out.println ( rect2.area ( ) ) ;
194,male,989430797,line 16,112,System.out.println ( rect2.area ( ) ) ;
194,male,989998685,line 4,136,this.x1 = x1 ;
194,male,990366399,line 4,132,this.x1 = x1 ;
194,male,990626600,line 3,92,"public Rectangle ( int x1 , int y1 , int x2 , int y2 ) {"
194,male,991414533,line 3,100,"public Rectangle ( int x1 , int y1 , int x2 , int y2 ) {"
194,male,994406309,line 6,96,this.x2 = x2 ;
194,male,994470321,line 5,60,this.y1 = y1 ;
194,male,994630334,line 6,128,this.x2 = x2 ;
194,male,995806070,line 6,56,this.x2 = x2 ;
194,male,995874137,line 6,64,this.x2 = x2 ;
194,male,995950210,line 6,72,this.x2 = x2 ;
194,male,996110187,line 6,156,this.x2 = x2 ;
194,male,996246172,line 6,108,this.x2 = x2 ;
194,male,996426176,line 6,176,this.x2 = x2 ;
194,male,996866057,line 6,68,this.x2 = x2 ;
194,male,996994202,line 6,124,this.x2 = x2 ;
194,male,997082259,line 5,84,this.y1 = y1 ;
194,male,997150304,line 6,64,this.x2 = x2 ;
194,male,997389901,line 6,180,this.x2 = x2 ;
194,male,997473996,line 6,80,this.x2 = x2 ;
194,male,997766097,line 6,236,this.x2 = x2 ;
194,male,997990073,line 13,120,"Rectangle rect1 = new Rectangle ( 0 , 0 , 10 , 10 ) ;"
194,male,998210030,line 14,72,System.out.println ( rect1.area ( ) ) ;
194,male,998278065,line 14,64,System.out.println ( rect1.area ( ) ) ;
194,male,998422105,line 14,92,System.out.println ( rect1.area ( ) ) ;
194,male,998538069,line 14,112,System.out.println ( rect1.area ( ) ) ;
194,male,998957981,line 16,148,System.out.println ( rect2.area ( ) ) ;
194,male,999053970,line 16,92,System.out.println ( rect2.area ( ) ) ;
194,male,999157958,line 15,100,"Rectangle rect2 = new Rectangle ( 5 , 5 , 10 , 10 ) ;"
194,male,999277959,line 16,116,System.out.println ( rect2.area ( ) ) ;
194,male,999517948,line 15,172,"Rectangle rect2 = new Rectangle ( 5 , 5 , 10 , 10 ) ;"
194,male,999681939,line 16,92,System.out.println ( rect2.area ( ) ) ;
194,male,999821931,line 16,80,System.out.println ( rect2.area ( ) ) ;
194,male,1000905701,line 14,220,System.out.println ( rect1.area ( ) ) ;
194,male,1001077577,line 14,96,System.out.println ( rect1.area ( ) ) ;
194,male,1001157645,line 14,76,System.out.println ( rect1.area ( ) ) ;
194,male,1001345790,line 14,144,System.out.println ( rect1.area ( ) ) ;
194,male,1001405824,line 14,56,System.out.println ( rect1.area ( ) ) ;
194,male,1002429665,line 15,64,"Rectangle rect2 = new Rectangle ( 5 , 5 , 10 , 10 ) ;"
194,male,1002621744,line 16,56,System.out.println ( rect2.area ( ) ) ;
194,male,1002717889,line 16,64,System.out.println ( rect2.area ( ) ) ;
194,male,1002797936,line 16,76,System.out.println ( rect2.area ( ) ) ;
194,male,1003049687,line 16,100,System.out.println ( rect2.area ( ) ) ;
194,male,1003121708,line 16,68,System.out.println ( rect2.area ( ) ) ;
194,male,1004829761,line 15,112,"Rectangle rect2 = new Rectangle ( 5 , 5 , 10 , 10 ) ;"
194,male,1004901976,line 15,68,"Rectangle rect2 = new Rectangle ( 5 , 5 , 10 , 10 ) ;"
194,male,1005061996,line 15,156,"Rectangle rect2 = new Rectangle ( 5 , 5 , 10 , 10 ) ;"
194,male,1005289521,line 15,224,"Rectangle rect2 = new Rectangle ( 5 , 5 , 10 , 10 ) ;"
194,male,1005489404,line 14,156,System.out.println ( rect1.area ( ) ) ;
194,male,1005641416,line 14,60,System.out.println ( rect1.area ( ) ) ;
194,male,1006085412,line 13,76,"Rectangle rect1 = new Rectangle ( 0 , 0 , 10 , 10 ) ;"
194,male,1006225390,line 13,92,"Rectangle rect1 = new Rectangle ( 0 , 0 , 10 , 10 ) ;"
194,male,1006321386,line 13,92,"Rectangle rect1 = new Rectangle ( 0 , 0 , 10 , 10 ) ;"
194,male,1006441387,line 13,116,"Rectangle rect1 = new Rectangle ( 0 , 0 , 10 , 10 ) ;"
194,male,1006529394,line 13,56,"Rectangle rect1 = new Rectangle ( 0 , 0 , 10 , 10 ) ;"
194,male,1006657343,line 13,120,"Rectangle rect1 = new Rectangle ( 0 , 0 , 10 , 10 ) ;"
194,male,1006805223,line 12,80,public static void main ( String [ ] args ) {
194,male,1006877229,line 12,64,public static void main ( String [ ] args ) {
194,male,1007097267,line 12,156,public static void main ( String [ ] args ) {
194,male,1007261297,line 12,160,public static void main ( String [ ] args ) {
194,male,1007465281,line 12,148,public static void main ( String [ ] args ) {
194,male,1007653292,line 11,96,public double area ( ) { return this.width ( ) * this.height ( ) ; }
194,male,1007853393,line 12,172,public static void main ( String [ ] args ) {
194,male,1007985836,line 11,72,public double area ( ) { return this.width ( ) * this.height ( ) ; }
194,male,1008181186,line 11,96,public double area ( ) { return this.width ( ) * this.height ( ) ; }
194,male,1008317086,line 10,92,public int height ( ) { return this.y2 - this.y1 ; }
194,male,1008437105,line 9,116,public int width ( ) { return this.x2 - this.x1 ; }
194,male,1008641145,line 9,168,public int width ( ) { return this.x2 - this.x1 ; }
194,male,1008997206,line 11,116,public double area ( ) { return this.width ( ) * this.height ( ) ; }
194,male,1009473095,line 16,148,System.out.println ( rect2.area ( ) ) ;
194,male,1009605122,line 16,128,System.out.println ( rect2.area ( ) ) ;
194,male,1009956959,line 15,76,"Rectangle rect2 = new Rectangle ( 5 , 5 , 10 , 10 ) ;"
194,male,1010065014,line 15,56,"Rectangle rect2 = new Rectangle ( 5 , 5 , 10 , 10 ) ;"
194,male,1010257029,line 14,164,System.out.println ( rect1.area ( ) ) ;
194,male,1010329034,line 14,68,System.out.println ( rect1.area ( ) ) ;
194,male,1010681024,line 15,92,"Rectangle rect2 = new Rectangle ( 5 , 5 , 10 , 10 ) ;"
194,male,1010749046,line 15,64,"Rectangle rect2 = new Rectangle ( 5 , 5 , 10 , 10 ) ;"
194,male,1011009043,line 15,104,"Rectangle rect2 = new Rectangle ( 5 , 5 , 10 , 10 ) ;"
194,male,1011273030,line 15,92,"Rectangle rect2 = new Rectangle ( 5 , 5 , 10 , 10 ) ;"
194,male,1011713058,line 15,108,"Rectangle rect2 = new Rectangle ( 5 , 5 , 10 , 10 ) ;"
194,male,1011793014,line 9,56,public int width ( ) { return this.x2 - this.x1 ; }
194,male,1012356884,line 11,68,public double area ( ) { return this.width ( ) * this.height ( ) ; }
194,male,1012516879,line 14,92,System.out.println ( rect1.area ( ) ) ;
194,male,1012916689,line 15,124,"Rectangle rect2 = new Rectangle ( 5 , 5 , 10 , 10 ) ;"
194,male,1013240769,line 14,172,System.out.println ( rect1.area ( ) ) ;
194,male,1013496760,line 15,168,"Rectangle rect2 = new Rectangle ( 5 , 5 , 10 , 10 ) ;"
194,male,1013924581,line 11,116,public double area ( ) { return this.width ( ) * this.height ( ) ; }
194,male,1014128747,line 11,68,public double area ( ) { return this.width ( ) * this.height ( ) ; }
194,male,1014336719,line 11,68,public double area ( ) { return this.width ( ) * this.height ( ) ; }
194,male,1014456666,line 12,88,public static void main ( String [ ] args ) {
194,male,1014532613,line 11,72,public double area ( ) { return this.width ( ) * this.height ( ) ; }
194,male,1015076571,line 12,92,public static void main ( String [ ] args ) {
194,male,1015972545,line 10,168,public int height ( ) { return this.y2 - this.y1 ; }
194,male,1016360494,line 10,136,public int height ( ) { return this.y2 - this.y1 ; }
194,male,1016476489,line 10,112,public int height ( ) { return this.y2 - this.y1 ; }
194,male,1016536488,line 10,56,public int height ( ) { return this.y2 - this.y1 ; }
194,male,1017052474,line 15,172,"Rectangle rect2 = new Rectangle ( 5 , 5 , 10 , 10 ) ;"
194,male,1017284473,line 14,60,System.out.println ( rect1.area ( ) ) ;
194,male,1017404473,line 14,116,System.out.println ( rect1.area ( ) ) ;
194,male,1018048276,line 3,220,"public Rectangle ( int x1 , int y1 , int x2 , int y2 ) {"
194,male,1019132296,line 3,268,"public Rectangle ( int x1 , int y1 , int x2 , int y2 ) {"
194,male,1019324279,line 15,56,"Rectangle rect2 = new Rectangle ( 5 , 5 , 10 , 10 ) ;"
194,male,1019388261,line 15,60,"Rectangle rect2 = new Rectangle ( 5 , 5 , 10 , 10 ) ;"
194,male,1021128113,line 16,96,System.out.println ( rect2.area ( ) ) ;
194,male,1021244095,line 16,112,System.out.println ( rect2.area ( ) ) ;
194,male,1022559890,line 15,184,"Rectangle rect2 = new Rectangle ( 5 , 5 , 10 , 10 ) ;"
195,male,680289398,line 2,72,"private int x1 , y1 , x2 , y2 ;"
195,male,680433416,line 2,140,"private int x1 , y1 , x2 , y2 ;"
195,male,680493421,line 1,56,public class Rectangle {
195,male,680849456,line 1,324,public class Rectangle {
195,male,681081401,line 2,196,"private int x1 , y1 , x2 , y2 ;"
195,male,681273398,line 2,140,"private int x1 , y1 , x2 , y2 ;"
195,male,681341389,line 2,64,"private int x1 , y1 , x2 , y2 ;"
195,male,681741220,line 2,388,"private int x1 , y1 , x2 , y2 ;"
195,male,681837313,line 2,92,"private int x1 , y1 , x2 , y2 ;"
195,male,682445243,line 2,272,"private int x1 , y1 , x2 , y2 ;"
195,male,682701285,line 2,168,"private int x1 , y1 , x2 , y2 ;"
195,male,682817287,line 2,112,"private int x1 , y1 , x2 , y2 ;"
195,male,682993273,line 2,136,"private int x1 , y1 , x2 , y2 ;"
195,male,683109254,line 2,112,"private int x1 , y1 , x2 , y2 ;"
195,male,683205245,line 2,92,"private int x1 , y1 , x2 , y2 ;"
195,male,683333223,line 2,124,"private int x1 , y1 , x2 , y2 ;"
195,male,683489209,line 2,116,"private int x1 , y1 , x2 , y2 ;"
195,male,683841202,line 2,136,"private int x1 , y1 , x2 , y2 ;"
195,male,683925220,line 3,80,"public Rectangle ( int x1 , int y1 , int x2 , int y2 ) {"
195,male,684165188,line 2,92,"private int x1 , y1 , x2 , y2 ;"
195,male,684397151,line 2,116,"private int x1 , y1 , x2 , y2 ;"
195,male,684609162,line 3,56,"public Rectangle ( int x1 , int y1 , int x2 , int y2 ) {"
195,male,684669151,line 3,56,"public Rectangle ( int x1 , int y1 , int x2 , int y2 ) {"
195,male,684917115,line 3,80,"public Rectangle ( int x1 , int y1 , int x2 , int y2 ) {"
195,male,685177017,line 3,136,"public Rectangle ( int x1 , int y1 , int x2 , int y2 ) {"
195,male,685473078,line 3,60,"public Rectangle ( int x1 , int y1 , int x2 , int y2 ) {"
195,male,685573072,line 3,96,"public Rectangle ( int x1 , int y1 , int x2 , int y2 ) {"
195,male,685949096,line 3,68,"public Rectangle ( int x1 , int y1 , int x2 , int y2 ) {"
195,male,686089098,line 3,136,"public Rectangle ( int x1 , int y1 , int x2 , int y2 ) {"
195,male,686261052,line 3,104,"public Rectangle ( int x1 , int y1 , int x2 , int y2 ) {"
195,male,686361013,line 3,96,"public Rectangle ( int x1 , int y1 , int x2 , int y2 ) {"
195,male,686516984,line 3,128,"public Rectangle ( int x1 , int y1 , int x2 , int y2 ) {"
195,male,686584981,line 3,64,"public Rectangle ( int x1 , int y1 , int x2 , int y2 ) {"
195,male,686829047,line 3,120,"public Rectangle ( int x1 , int y1 , int x2 , int y2 ) {"
195,male,686961031,line 3,128,"public Rectangle ( int x1 , int y1 , int x2 , int y2 ) {"
195,male,687100956,line 3,136,"public Rectangle ( int x1 , int y1 , int x2 , int y2 ) {"
195,male,687456870,line 3,84,"public Rectangle ( int x1 , int y1 , int x2 , int y2 ) {"
195,male,687720961,line 3,260,"public Rectangle ( int x1 , int y1 , int x2 , int y2 ) {"
195,male,687928911,line 3,96,"public Rectangle ( int x1 , int y1 , int x2 , int y2 ) {"
195,male,688080887,line 3,148,"public Rectangle ( int x1 , int y1 , int x2 , int y2 ) {"
195,male,688288865,line 3,164,"public Rectangle ( int x1 , int y1 , int x2 , int y2 ) {"
195,male,688480840,line 3,188,"public Rectangle ( int x1 , int y1 , int x2 , int y2 ) {"
195,male,688644861,line 3,160,"public Rectangle ( int x1 , int y1 , int x2 , int y2 ) {"
195,male,688908788,line 4,220,this.x1 = x1 ;
195,male,688980741,line 4,68,this.x1 = x1 ;
195,male,689180664,line 4,196,this.x1 = x1 ;
195,male,689300714,line 4,116,this.x1 = x1 ;
195,male,689424758,line 4,120,this.x1 = x1 ;
195,male,689664757,line 4,200,this.x1 = x1 ;
195,male,689792766,line 4,124,this.x1 = x1 ;
195,male,689904776,line 5,60,this.y1 = y1 ;
195,male,690216737,line 4,64,this.x1 = x1 ;
195,male,690508775,line 4,96,this.x1 = x1 ;
195,male,690668768,line 4,88,this.x1 = x1 ;
195,male,690748763,line 4,76,this.x1 = x1 ;
195,male,691076600,line 4,68,this.x1 = x1 ;
195,male,691180634,line 4,100,this.x1 = x1 ;
195,male,691312668,line 4,60,this.x1 = x1 ;
195,male,691680638,line 5,260,this.y1 = y1 ;
195,male,691928637,line 5,200,this.y1 = y1 ;
195,male,692092647,line 5,152,this.y1 = y1 ;
195,male,692276656,line 5,180,this.y1 = y1 ;
195,male,692428652,line 5,108,this.y1 = y1 ;
195,male,692592649,line 3,56,"public Rectangle ( int x1 , int y1 , int x2 , int y2 ) {"
195,male,692760550,line 3,164,"public Rectangle ( int x1 , int y1 , int x2 , int y2 ) {"
195,male,692884516,line 3,120,"public Rectangle ( int x1 , int y1 , int x2 , int y2 ) {"
195,male,693232511,line 3,252,"public Rectangle ( int x1 , int y1 , int x2 , int y2 ) {"
195,male,693516522,line 5,72,this.y1 = y1 ;
195,male,693636557,line 5,116,this.y1 = y1 ;
195,male,693776495,line 5,96,this.y1 = y1 ;
195,male,693960461,line 5,88,this.y1 = y1 ;
195,male,694028461,line 6,64,this.x2 = x2 ;
195,male,694160495,line 6,128,this.x2 = x2 ;
195,male,694228510,line 6,64,this.x2 = x2 ;
195,male,694292511,line 6,60,this.x2 = x2 ;
195,male,694512502,line 6,176,this.x2 = x2 ;
195,male,694620491,line 6,96,this.x2 = x2 ;
195,male,694756456,line 6,132,this.x2 = x2 ;
195,male,694880441,line 6,120,this.x2 = x2 ;
195,male,694964443,line 6,80,this.x2 = x2 ;
195,male,695108437,line 7,108,this.y2 = y2 ;
195,male,695444417,line 7,96,this.y2 = y2 ;
195,male,695556385,line 7,108,this.y2 = y2 ;
195,male,695620366,line 7,60,this.y2 = y2 ;
195,male,695780379,line 7,156,this.y2 = y2 ;
195,male,695840385,line 7,56,this.y2 = y2 ;
195,male,696076367,line 7,204,this.y2 = y2 ;
195,male,696148370,line 7,68,this.y2 = y2 ;
195,male,696324361,line 7,128,this.y2 = y2 ;
195,male,696436333,line 7,108,this.y2 = y2 ;
195,male,696736123,line 9,180,public int width ( ) { return this.x2 - this.x1 ; }
195,male,697524538,line 9,132,public int width ( ) { return this.x2 - this.x1 ; }
195,male,698896165,line 9,144,public int width ( ) { return this.x2 - this.x1 ; }
195,male,698964176,line 9,64,public int width ( ) { return this.x2 - this.x1 ; }
195,male,699348134,line 9,184,public int width ( ) { return this.x2 - this.x1 ; }
195,male,699500129,line 9,136,public int width ( ) { return this.x2 - this.x1 ; }
195,male,699560132,line 9,56,public int width ( ) { return this.x2 - this.x1 ; }
195,male,699680143,line 9,100,public int width ( ) { return this.x2 - this.x1 ; }
195,male,699804138,line 9,120,public int width ( ) { return this.x2 - this.x1 ; }
195,male,699868127,line 9,60,public int width ( ) { return this.x2 - this.x1 ; }
195,male,700148035,line 9,232,public int width ( ) { return this.x2 - this.x1 ; }
195,male,700212019,line 9,60,public int width ( ) { return this.x2 - this.x1 ; }
195,male,700467943,line 9,252,public int width ( ) { return this.x2 - this.x1 ; }
195,male,700624019,line 9,152,public int width ( ) { return this.x2 - this.x1 ; }
195,male,700748029,line 9,96,public int width ( ) { return this.x2 - this.x1 ; }
195,male,700864041,line 9,112,public int width ( ) { return this.x2 - this.x1 ; }
195,male,701264026,line 9,160,public int width ( ) { return this.x2 - this.x1 ; }
195,male,701648011,line 9,184,public int width ( ) { return this.x2 - this.x1 ; }
195,male,701839987,line 9,144,public int width ( ) { return this.x2 - this.x1 ; }
195,male,702083956,line 9,160,public int width ( ) { return this.x2 - this.x1 ; }
195,male,702283939,line 9,196,public int width ( ) { return this.x2 - this.x1 ; }
195,male,702499905,line 9,76,public int width ( ) { return this.x2 - this.x1 ; }
195,male,702627958,line 9,124,public int width ( ) { return this.x2 - this.x1 ; }
195,male,702711973,line 9,72,public int width ( ) { return this.x2 - this.x1 ; }
195,male,702967887,line 9,96,public int width ( ) { return this.x2 - this.x1 ; }
195,male,703103864,line 9,132,public int width ( ) { return this.x2 - this.x1 ; }
195,male,703295877,line 9,56,public int width ( ) { return this.x2 - this.x1 ; }
195,male,703363883,line 9,64,public int width ( ) { return this.x2 - this.x1 ; }
195,male,703519807,line 9,76,public int width ( ) { return this.x2 - this.x1 ; }
195,male,703691788,line 9,132,public int width ( ) { return this.x2 - this.x1 ; }
195,male,703787831,line 9,92,public int width ( ) { return this.x2 - this.x1 ; }
195,male,704135686,line 9,68,public int width ( ) { return this.x2 - this.x1 ; }
195,male,704903733,line 3,156,"public Rectangle ( int x1 , int y1 , int x2 , int y2 ) {"
195,male,705075724,line 4,144,this.x1 = x1 ;
195,male,705203669,line 4,124,this.x1 = x1 ;
195,male,705375694,line 5,132,this.y1 = y1 ;
195,male,705483742,line 5,104,this.y1 = y1 ;
195,male,705711793,line 6,128,this.x2 = x2 ;
195,male,705823752,line 6,108,this.x2 = x2 ;
195,male,706087552,line 6,172,this.x2 = x2 ;
195,male,706335629,line 3,188,"public Rectangle ( int x1 , int y1 , int x2 , int y2 ) {"
195,male,706459610,line 3,112,"public Rectangle ( int x1 , int y1 , int x2 , int y2 ) {"
195,male,706535620,line 3,72,"public Rectangle ( int x1 , int y1 , int x2 , int y2 ) {"
195,male,706607630,line 3,68,"public Rectangle ( int x1 , int y1 , int x2 , int y2 ) {"
195,male,706703640,line 3,64,"public Rectangle ( int x1 , int y1 , int x2 , int y2 ) {"
195,male,706847631,line 3,92,"public Rectangle ( int x1 , int y1 , int x2 , int y2 ) {"
195,male,706999600,line 2,116,"private int x1 , y1 , x2 , y2 ;"
195,male,707075593,line 2,72,"private int x1 , y1 , x2 , y2 ;"
195,male,707247564,line 2,72,"private int x1 , y1 , x2 , y2 ;"
195,male,707307564,line 2,56,"private int x1 , y1 , x2 , y2 ;"
195,male,707587579,line 2,136,"private int x1 , y1 , x2 , y2 ;"
195,male,707755507,line 2,112,"private int x1 , y1 , x2 , y2 ;"
195,male,707819447,line 2,60,"private int x1 , y1 , x2 , y2 ;"
195,male,707903394,line 3,72,"public Rectangle ( int x1 , int y1 , int x2 , int y2 ) {"
195,male,707991415,line 3,84,"public Rectangle ( int x1 , int y1 , int x2 , int y2 ) {"
195,male,708051432,line 3,56,"public Rectangle ( int x1 , int y1 , int x2 , int y2 ) {"
195,male,708171464,line 3,76,"public Rectangle ( int x1 , int y1 , int x2 , int y2 ) {"
195,male,708399455,line 3,224,"public Rectangle ( int x1 , int y1 , int x2 , int y2 ) {"
195,male,708635439,line 3,188,"public Rectangle ( int x1 , int y1 , int x2 , int y2 ) {"
195,male,708787466,line 10,88,public int height ( ) { return this.y2 - this.y1 ; }
195,male,708999532,line 10,204,public int height ( ) { return this.y2 - this.y1 ; }
195,male,710623445,line 9,100,public int width ( ) { return this.x2 - this.x1 ; }
195,male,710751769,line 9,60,public int width ( ) { return this.x2 - this.x1 ; }
195,male,711435383,line 9,160,public int width ( ) { return this.x2 - this.x1 ; }
195,male,711499367,line 9,60,public int width ( ) { return this.x2 - this.x1 ; }
195,male,712079226,line 9,56,public int width ( ) { return this.x2 - this.x1 ; }
195,male,712203239,line 9,64,public int width ( ) { return this.x2 - this.x1 ; }
195,male,712355197,line 9,148,public int width ( ) { return this.x2 - this.x1 ; }
195,male,712491192,line 9,132,public int width ( ) { return this.x2 - this.x1 ; }
195,male,712715231,line 10,96,public int height ( ) { return this.y2 - this.y1 ; }
195,male,713115229,line 10,76,public int height ( ) { return this.y2 - this.y1 ; }
195,male,713315217,line 10,136,public int height ( ) { return this.y2 - this.y1 ; }
195,male,713491200,line 10,172,public int height ( ) { return this.y2 - this.y1 ; }
195,male,713599133,line 11,64,public double area ( ) { return this.width ( ) * this.height ( ) ; }
195,male,713759094,line 10,64,public int height ( ) { return this.y2 - this.y1 ; }
195,male,714003080,line 10,156,public int height ( ) { return this.y2 - this.y1 ; }
195,male,714079098,line 10,72,public int height ( ) { return this.y2 - this.y1 ; }
195,male,714203192,line 10,84,public int height ( ) { return this.y2 - this.y1 ; }
195,male,714311184,line 10,104,public int height ( ) { return this.y2 - this.y1 ; }
195,male,714411109,line 10,76,public int height ( ) { return this.y2 - this.y1 ; }
195,male,714527076,line 11,64,public double area ( ) { return this.width ( ) * this.height ( ) ; }
195,male,714751073,line 10,84,public int height ( ) { return this.y2 - this.y1 ; }
195,male,714811078,line 10,56,public int height ( ) { return this.y2 - this.y1 ; }
195,male,714947097,line 11,84,public double area ( ) { return this.width ( ) * this.height ( ) ; }
195,male,715135141,line 11,76,public double area ( ) { return this.width ( ) * this.height ( ) ; }
195,male,715211172,line 10,72,public int height ( ) { return this.y2 - this.y1 ; }
195,male,715522841,line 11,64,public double area ( ) { return this.width ( ) * this.height ( ) ; }
195,male,715582875,line 11,56,public double area ( ) { return this.width ( ) * this.height ( ) ; }
195,male,716134914,line 12,100,public static void main ( String [ ] args ) {
195,male,716206909,line 11,56,public double area ( ) { return this.width ( ) * this.height ( ) ; }
195,male,716326912,line 11,116,public double area ( ) { return this.width ( ) * this.height ( ) ; }
195,male,716470937,line 11,84,public double area ( ) { return this.width ( ) * this.height ( ) ; }
195,male,716530946,line 11,56,public double area ( ) { return this.width ( ) * this.height ( ) ; }
195,male,716758971,line 11,140,public double area ( ) { return this.width ( ) * this.height ( ) ; }
195,male,716902991,line 11,96,public double area ( ) { return this.width ( ) * this.height ( ) ; }
195,male,717178844,line 13,92,"Rectangle rect1 = new Rectangle ( 0 , 0 , 10 , 10 ) ;"
195,male,717458712,line 12,196,public static void main ( String [ ] args ) {
195,male,717546776,line 12,56,public static void main ( String [ ] args ) {
195,male,717614827,line 12,64,public static void main ( String [ ] args ) {
195,male,717866791,line 11,60,public double area ( ) { return this.width ( ) * this.height ( ) ; }
195,male,718454838,line 13,108,"Rectangle rect1 = new Rectangle ( 0 , 0 , 10 , 10 ) ;"
195,male,718582864,line 13,72,"Rectangle rect1 = new Rectangle ( 0 , 0 , 10 , 10 ) ;"
195,male,718942832,line 13,80,"Rectangle rect1 = new Rectangle ( 0 , 0 , 10 , 10 ) ;"
195,male,719082808,line 13,76,"Rectangle rect1 = new Rectangle ( 0 , 0 , 10 , 10 ) ;"
195,male,719374744,line 13,224,"Rectangle rect1 = new Rectangle ( 0 , 0 , 10 , 10 ) ;"
195,male,719446726,line 13,60,"Rectangle rect1 = new Rectangle ( 0 , 0 , 10 , 10 ) ;"
195,male,719606667,line 13,92,"Rectangle rect1 = new Rectangle ( 0 , 0 , 10 , 10 ) ;"
195,male,719806652,line 12,92,public static void main ( String [ ] args ) {
195,male,719966632,line 12,72,public static void main ( String [ ] args ) {
195,male,720034652,line 13,64,"Rectangle rect1 = new Rectangle ( 0 , 0 , 10 , 10 ) ;"
195,male,720230704,line 13,116,"Rectangle rect1 = new Rectangle ( 0 , 0 , 10 , 10 ) ;"
195,male,720322701,line 13,88,"Rectangle rect1 = new Rectangle ( 0 , 0 , 10 , 10 ) ;"
195,male,720562670,line 13,132,"Rectangle rect1 = new Rectangle ( 0 , 0 , 10 , 10 ) ;"
195,male,720754687,line 13,100,"Rectangle rect1 = new Rectangle ( 0 , 0 , 10 , 10 ) ;"
195,male,721330540,line 13,76,"Rectangle rect1 = new Rectangle ( 0 , 0 , 10 , 10 ) ;"
195,male,721526546,line 13,92,"Rectangle rect1 = new Rectangle ( 0 , 0 , 10 , 10 ) ;"
195,male,721746540,line 13,84,"Rectangle rect1 = new Rectangle ( 0 , 0 , 10 , 10 ) ;"
195,male,721886598,line 13,56,"Rectangle rect1 = new Rectangle ( 0 , 0 , 10 , 10 ) ;"
195,male,722430524,line 12,148,public static void main ( String [ ] args ) {
195,male,722510546,line 12,76,public static void main ( String [ ] args ) {
195,male,722614574,line 12,100,public static void main ( String [ ] args ) {
195,male,722834600,line 12,108,public static void main ( String [ ] args ) {
195,male,723162333,line 2,80,"private int x1 , y1 , x2 , y2 ;"
195,male,723294474,line 2,72,"private int x1 , y1 , x2 , y2 ;"
195,male,723358464,line 2,60,"private int x1 , y1 , x2 , y2 ;"
195,male,723438451,line 2,76,"private int x1 , y1 , x2 , y2 ;"
195,male,723522454,line 2,80,"private int x1 , y1 , x2 , y2 ;"
195,male,723678454,line 3,132,"public Rectangle ( int x1 , int y1 , int x2 , int y2 ) {"
195,male,723794439,line 3,112,"public Rectangle ( int x1 , int y1 , int x2 , int y2 ) {"
195,male,723994417,line 3,148,"public Rectangle ( int x1 , int y1 , int x2 , int y2 ) {"
195,male,724346380,line 2,96,"private int x1 , y1 , x2 , y2 ;"
195,male,724454383,line 3,104,"public Rectangle ( int x1 , int y1 , int x2 , int y2 ) {"
195,male,724558412,line 3,100,"public Rectangle ( int x1 , int y1 , int x2 , int y2 ) {"
195,male,724694364,line 3,88,"public Rectangle ( int x1 , int y1 , int x2 , int y2 ) {"
195,male,724762238,line 3,64,"public Rectangle ( int x1 , int y1 , int x2 , int y2 ) {"
195,male,724850082,line 3,84,"public Rectangle ( int x1 , int y1 , int x2 , int y2 ) {"
195,male,724930133,line 3,76,"public Rectangle ( int x1 , int y1 , int x2 , int y2 ) {"
195,male,725010198,line 3,76,"public Rectangle ( int x1 , int y1 , int x2 , int y2 ) {"
195,male,725098245,line 3,84,"public Rectangle ( int x1 , int y1 , int x2 , int y2 ) {"
195,male,725230307,line 3,56,"public Rectangle ( int x1 , int y1 , int x2 , int y2 ) {"
195,male,725338294,line 3,76,"public Rectangle ( int x1 , int y1 , int x2 , int y2 ) {"
195,male,725446257,line 3,104,"public Rectangle ( int x1 , int y1 , int x2 , int y2 ) {"
195,male,725514264,line 3,64,"public Rectangle ( int x1 , int y1 , int x2 , int y2 ) {"
195,male,725614293,line 3,96,"public Rectangle ( int x1 , int y1 , int x2 , int y2 ) {"
195,male,725818306,line 3,60,"public Rectangle ( int x1 , int y1 , int x2 , int y2 ) {"
195,male,725946327,line 12,80,public static void main ( String [ ] args ) {
195,male,726086343,line 12,136,public static void main ( String [ ] args ) {
195,male,726746242,line 13,84,"Rectangle rect1 = new Rectangle ( 0 , 0 , 10 , 10 ) ;"
195,male,727582137,line 12,64,public static void main ( String [ ] args ) {
195,male,727882138,line 12,132,public static void main ( String [ ] args ) {
195,male,728042093,line 12,76,public static void main ( String [ ] args ) {
195,male,728166078,line 12,60,public static void main ( String [ ] args ) {
195,male,728402084,line 14,96,System.out.println ( rect1.area ( ) ) ;
195,male,728478073,line 14,72,System.out.println ( rect1.area ( ) ) ;
195,male,728594024,line 14,96,System.out.println ( rect1.area ( ) ) ;
195,male,728698007,line 15,64,"Rectangle rect2 = new Rectangle ( 5 , 5 , 10 , 10 ) ;"
195,male,728966047,line 14,84,System.out.println ( rect1.area ( ) ) ;
195,male,729290031,line 15,80,"Rectangle rect2 = new Rectangle ( 5 , 5 , 10 , 10 ) ;"
195,male,729382028,line 15,88,"Rectangle rect2 = new Rectangle ( 5 , 5 , 10 , 10 ) ;"
195,male,730017995,line 15,84,"Rectangle rect2 = new Rectangle ( 5 , 5 , 10 , 10 ) ;"
195,male,730254035,line 15,232,"Rectangle rect2 = new Rectangle ( 5 , 5 , 10 , 10 ) ;"
195,male,730693787,line 14,72,System.out.println ( rect1.area ( ) ) ;
195,male,730829886,line 14,132,System.out.println ( rect1.area ( ) ) ;
195,male,731205905,line 2,68,"private int x1 , y1 , x2 , y2 ;"
195,male,731409850,line 3,60,"public Rectangle ( int x1 , int y1 , int x2 , int y2 ) {"
195,male,731545830,line 2,76,"private int x1 , y1 , x2 , y2 ;"
195,male,731625825,line 3,76,"public Rectangle ( int x1 , int y1 , int x2 , int y2 ) {"
195,male,731709833,line 3,80,"public Rectangle ( int x1 , int y1 , int x2 , int y2 ) {"
195,male,731777840,line 3,64,"public Rectangle ( int x1 , int y1 , int x2 , int y2 ) {"
195,male,732081901,line 3,100,"public Rectangle ( int x1 , int y1 , int x2 , int y2 ) {"
195,male,732597742,line 3,72,"public Rectangle ( int x1 , int y1 , int x2 , int y2 ) {"
195,male,732689766,line 3,88,"public Rectangle ( int x1 , int y1 , int x2 , int y2 ) {"
195,male,732789753,line 3,76,"public Rectangle ( int x1 , int y1 , int x2 , int y2 ) {"
195,male,732893744,line 3,56,"public Rectangle ( int x1 , int y1 , int x2 , int y2 ) {"
195,male,732973742,line 3,76,"public Rectangle ( int x1 , int y1 , int x2 , int y2 ) {"
195,male,733157751,line 3,80,"public Rectangle ( int x1 , int y1 , int x2 , int y2 ) {"
195,male,733277757,line 4,92,this.x1 = x1 ;
195,male,733345758,line 4,64,this.x1 = x1 ;
195,male,733529786,line 5,84,this.y1 = y1 ;
195,male,733861790,line 5,120,this.y1 = y1 ;
195,male,734073703,line 5,60,this.y1 = y1 ;
195,male,734257536,line 9,80,public int width ( ) { return this.x2 - this.x1 ; }
195,male,734513603,line 9,108,public int width ( ) { return this.x2 - this.x1 ; }
195,male,734633602,line 9,116,public int width ( ) { return this.x2 - this.x1 ; }
195,male,734825603,line 9,84,public int width ( ) { return this.x2 - this.x1 ; }
195,male,734973643,line 9,108,public int width ( ) { return this.x2 - this.x1 ; }
195,male,735149649,line 9,116,public int width ( ) { return this.x2 - this.x1 ; }
195,male,735225630,line 9,72,public int width ( ) { return this.x2 - this.x1 ; }
195,male,735285626,line 9,56,public int width ( ) { return this.x2 - this.x1 ; }
195,male,735405626,line 9,60,public int width ( ) { return this.x2 - this.x1 ; }
195,male,735525643,line 9,116,public int width ( ) { return this.x2 - this.x1 ; }
195,male,735601668,line 9,72,public int width ( ) { return this.x2 - this.x1 ; }
195,male,735669680,line 9,64,public int width ( ) { return this.x2 - this.x1 ; }
195,male,736073625,line 9,100,public int width ( ) { return this.x2 - this.x1 ; }
195,male,736265530,line 9,92,public int width ( ) { return this.x2 - this.x1 ; }
195,male,736333517,line 9,64,public int width ( ) { return this.x2 - this.x1 ; }
195,male,736425489,line 9,88,public int width ( ) { return this.x2 - this.x1 ; }
195,male,736697496,line 3,124,"public Rectangle ( int x1 , int y1 , int x2 , int y2 ) {"
195,male,736909517,line 2,104,"private int x1 , y1 , x2 , y2 ;"
195,male,737021588,line 2,108,"private int x1 , y1 , x2 , y2 ;"
195,male,737229571,line 2,156,"private int x1 , y1 , x2 , y2 ;"
195,male,737425483,line 2,192,"private int x1 , y1 , x2 , y2 ;"
195,male,737613451,line 10,96,public int height ( ) { return this.y2 - this.y1 ; }
195,male,737705446,line 10,88,public int height ( ) { return this.y2 - this.y1 ; }
195,male,737937363,line 9,128,public int width ( ) { return this.x2 - this.x1 ; }
195,male,738053165,line 9,112,public int width ( ) { return this.x2 - this.x1 ; }
195,male,738225236,line 9,68,public int width ( ) { return this.x2 - this.x1 ; }
195,male,738353319,line 10,76,public int height ( ) { return this.y2 - this.y1 ; }
195,male,738425341,line 10,68,public int height ( ) { return this.y2 - this.y1 ; }
195,male,738621380,line 10,96,public int height ( ) { return this.y2 - this.y1 ; }
195,male,738725377,line 9,100,public int width ( ) { return this.x2 - this.x1 ; }
195,male,738869360,line 10,140,public int height ( ) { return this.y2 - this.y1 ; }
195,male,739013391,line 9,84,public int width ( ) { return this.x2 - this.x1 ; }
195,male,739085405,line 9,68,public int width ( ) { return this.x2 - this.x1 ; }
195,male,739193401,line 9,104,public int width ( ) { return this.x2 - this.x1 ; }
195,male,739365386,line 9,116,public int width ( ) { return this.x2 - this.x1 ; }
195,male,739529436,line 9,160,public int width ( ) { return this.x2 - this.x1 ; }
195,male,739717482,line 9,124,public int width ( ) { return this.x2 - this.x1 ; }
195,male,739777451,line 9,56,public int width ( ) { return this.x2 - this.x1 ; }
195,male,741509201,line 15,60,"Rectangle rect2 = new Rectangle ( 5 , 5 , 10 , 10 ) ;"
195,male,741856870,line 15,60,"Rectangle rect2 = new Rectangle ( 5 , 5 , 10 , 10 ) ;"
195,male,742169124,line 15,72,"Rectangle rect2 = new Rectangle ( 5 , 5 , 10 , 10 ) ;"
195,male,742781096,line 13,88,"Rectangle rect1 = new Rectangle ( 0 , 0 , 10 , 10 ) ;"
195,male,742969070,line 13,60,"Rectangle rect1 = new Rectangle ( 0 , 0 , 10 , 10 ) ;"
195,male,743061066,line 13,88,"Rectangle rect1 = new Rectangle ( 0 , 0 , 10 , 10 ) ;"
195,male,743297114,line 12,80,public static void main ( String [ ] args ) {
195,male,743445111,line 13,144,"Rectangle rect1 = new Rectangle ( 0 , 0 , 10 , 10 ) ;"
195,male,745052939,line 13,68,"Rectangle rect1 = new Rectangle ( 0 , 0 , 10 , 10 ) ;"
195,male,745152950,line 12,60,public static void main ( String [ ] args ) {
195,male,746308844,line 12,208,public static void main ( String [ ] args ) {
195,male,746460843,line 9,60,public int width ( ) { return this.x2 - this.x1 ; }
195,male,746640889,line 9,176,public int width ( ) { return this.x2 - this.x1 ; }
195,male,746760860,line 10,92,public int height ( ) { return this.y2 - this.y1 ; }
195,male,746856826,line 10,92,public int height ( ) { return this.y2 - this.y1 ; }
195,male,747068811,line 12,160,public static void main ( String [ ] args ) {
195,male,747132816,line 12,60,public static void main ( String [ ] args ) {
195,male,747356698,line 12,68,public static void main ( String [ ] args ) {
195,male,747476507,line 12,116,public static void main ( String [ ] args ) {
195,male,747588559,line 12,56,public static void main ( String [ ] args ) {
195,male,747704636,line 12,112,public static void main ( String [ ] args ) {
195,male,747856743,line 12,148,public static void main ( String [ ] args ) {
195,male,747960741,line 13,80,"Rectangle rect1 = new Rectangle ( 0 , 0 , 10 , 10 ) ;"
195,male,748052724,line 13,88,"Rectangle rect1 = new Rectangle ( 0 , 0 , 10 , 10 ) ;"
195,male,748156714,line 13,56,"Rectangle rect1 = new Rectangle ( 0 , 0 , 10 , 10 ) ;"
195,male,748296698,line 15,128,"Rectangle rect2 = new Rectangle ( 5 , 5 , 10 , 10 ) ;"
195,male,749068822,line 15,108,"Rectangle rect2 = new Rectangle ( 5 , 5 , 10 , 10 ) ;"
195,male,749280571,line 15,96,"Rectangle rect2 = new Rectangle ( 5 , 5 , 10 , 10 ) ;"
195,male,749816593,line 13,60,"Rectangle rect1 = new Rectangle ( 0 , 0 , 10 , 10 ) ;"
195,male,750040558,line 13,92,"Rectangle rect1 = new Rectangle ( 0 , 0 , 10 , 10 ) ;"
195,male,750196564,line 14,60,System.out.println ( rect1.area ( ) ) ;
195,male,750580631,line 14,108,System.out.println ( rect1.area ( ) ) ;
195,male,750800609,line 14,60,System.out.println ( rect1.area ( ) ) ;
195,male,751056577,line 14,84,System.out.println ( rect1.area ( ) ) ;
195,male,751120542,line 14,60,System.out.println ( rect1.area ( ) ) ;
195,male,751228491,line 14,76,System.out.println ( rect1.area ( ) ) ;
195,male,751340494,line 14,76,System.out.println ( rect1.area ( ) ) ;
195,male,751404500,line 14,60,System.out.println ( rect1.area ( ) ) ;
195,male,752476487,line 13,56,"Rectangle rect1 = new Rectangle ( 0 , 0 , 10 , 10 ) ;"
195,male,752552449,line 13,72,"Rectangle rect1 = new Rectangle ( 0 , 0 , 10 , 10 ) ;"
195,male,752696413,line 14,104,System.out.println ( rect1.area ( ) ) ;
195,male,752988455,line 14,56,System.out.println ( rect1.area ( ) ) ;
195,male,753247949,line 14,56,System.out.println ( rect1.area ( ) ) ;
195,male,753504307,line 11,88,public double area ( ) { return this.width ( ) * this.height ( ) ; }
195,male,753672331,line 11,100,public double area ( ) { return this.width ( ) * this.height ( ) ; }
195,male,753808347,line 10,112,public int height ( ) { return this.y2 - this.y1 ; }
195,male,753880358,line 11,68,public double area ( ) { return this.width ( ) * this.height ( ) ; }
195,male,754032383,line 10,72,public int height ( ) { return this.y2 - this.y1 ; }
195,male,754188274,line 11,152,public double area ( ) { return this.width ( ) * this.height ( ) ; }
195,male,754300258,line 10,64,public int height ( ) { return this.y2 - this.y1 ; }
195,male,754392317,line 10,88,public int height ( ) { return this.y2 - this.y1 ; }
195,male,754548314,line 10,148,public int height ( ) { return this.y2 - this.y1 ; }
195,male,754624277,line 10,72,public int height ( ) { return this.y2 - this.y1 ; }
195,male,754784316,line 11,144,public double area ( ) { return this.width ( ) * this.height ( ) ; }
195,male,754976216,line 11,188,public double area ( ) { return this.width ( ) * this.height ( ) ; }
195,male,755172178,line 11,112,public double area ( ) { return this.width ( ) * this.height ( ) ; }
195,male,755248223,line 11,64,public double area ( ) { return this.width ( ) * this.height ( ) ; }
195,male,755432202,line 11,180,public double area ( ) { return this.width ( ) * this.height ( ) ; }
195,male,755616242,line 11,116,public double area ( ) { return this.width ( ) * this.height ( ) ; }
195,male,755688252,line 11,68,public double area ( ) { return this.width ( ) * this.height ( ) ; }
195,male,755820079,line 11,68,public double area ( ) { return this.width ( ) * this.height ( ) ; }
195,male,756072174,line 11,92,public double area ( ) { return this.width ( ) * this.height ( ) ; }
195,male,756216172,line 11,140,public double area ( ) { return this.width ( ) * this.height ( ) ; }
195,male,756292167,line 11,72,public double area ( ) { return this.width ( ) * this.height ( ) ; }
195,male,756568145,line 16,96,System.out.println ( rect2.area ( ) ) ;
195,male,756628139,line 16,56,System.out.println ( rect2.area ( ) ) ;
197,male,13088543408,line 3,128,"public Rectangle ( int x1 , int y1 , int x2 , int y2 ) {"
197,male,13088759427,line 2,176,"private int x1 , y1 , x2 , y2 ;"
197,male,13088883413,line 2,120,"private int x1 , y1 , x2 , y2 ;"
197,male,13089339477,line 1,84,public class Rectangle {
197,male,13089675367,line 2,332,"private int x1 , y1 , x2 , y2 ;"
197,male,13089839358,line 2,160,"private int x1 , y1 , x2 , y2 ;"
197,male,13090139272,line 2,256,"private int x1 , y1 , x2 , y2 ;"
197,male,13090387374,line 2,244,"private int x1 , y1 , x2 , y2 ;"
197,male,13090671388,line 2,220,"private int x1 , y1 , x2 , y2 ;"
197,male,13091007234,line 2,168,"private int x1 , y1 , x2 , y2 ;"
197,male,13091151161,line 3,140,"public Rectangle ( int x1 , int y1 , int x2 , int y2 ) {"
197,male,13091259172,line 2,104,"private int x1 , y1 , x2 , y2 ;"
197,male,13091559299,line 3,200,"public Rectangle ( int x1 , int y1 , int x2 , int y2 ) {"
197,male,13091619313,line 3,56,"public Rectangle ( int x1 , int y1 , int x2 , int y2 ) {"
197,male,13091703328,line 3,80,"public Rectangle ( int x1 , int y1 , int x2 , int y2 ) {"
197,male,13092039117,line 4,104,this.x1 = x1 ;
197,male,13093142983,line 3,112,"public Rectangle ( int x1 , int y1 , int x2 , int y2 ) {"
197,male,13093202997,line 3,56,"public Rectangle ( int x1 , int y1 , int x2 , int y2 ) {"
197,male,13093443026,line 3,184,"public Rectangle ( int x1 , int y1 , int x2 , int y2 ) {"
197,male,13093535034,line 3,56,"public Rectangle ( int x1 , int y1 , int x2 , int y2 ) {"
197,male,13093627066,line 3,88,"public Rectangle ( int x1 , int y1 , int x2 , int y2 ) {"
197,male,13093687087,line 3,56,"public Rectangle ( int x1 , int y1 , int x2 , int y2 ) {"
197,male,13094171036,line 3,100,"public Rectangle ( int x1 , int y1 , int x2 , int y2 ) {"
197,male,13096338768,line 4,196,this.x1 = x1 ;
197,male,13096454768,line 4,112,this.x1 = x1 ;
197,male,13096594754,line 6,100,this.x2 = x2 ;
197,male,13096930814,line 6,332,this.x2 = x2 ;
197,male,13097534560,line 9,132,public int width ( ) { return this.x2 - this.x1 ; }
197,male,13097782648,line 9,220,public int width ( ) { return this.x2 - this.x1 ; }
197,male,13097846635,line 9,60,public int width ( ) { return this.x2 - this.x1 ; }
197,male,13097918616,line 9,60,public int width ( ) { return this.x2 - this.x1 ; }
197,male,13098118634,line 9,144,public int width ( ) { return this.x2 - this.x1 ; }
197,male,13098218651,line 9,96,public int width ( ) { return this.x2 - this.x1 ; }
197,male,13098318658,line 9,96,public int width ( ) { return this.x2 - this.x1 ; }
197,male,13098546646,line 9,120,public int width ( ) { return this.x2 - this.x1 ; }
197,male,13098646643,line 9,96,public int width ( ) { return this.x2 - this.x1 ; }
197,male,13099362539,line 9,228,public int width ( ) { return this.x2 - this.x1 ; }
197,male,13099498536,line 9,132,public int width ( ) { return this.x2 - this.x1 ; }
197,male,13099590531,line 9,68,public int width ( ) { return this.x2 - this.x1 ; }
197,male,13099694526,line 9,100,public int width ( ) { return this.x2 - this.x1 ; }
197,male,13099858682,line 9,160,public int width ( ) { return this.x2 - this.x1 ; }
197,male,13099946704,line 9,64,public int width ( ) { return this.x2 - this.x1 ; }
197,male,13100066590,line 9,116,public int width ( ) { return this.x2 - this.x1 ; }
197,male,13100150549,line 9,80,public int width ( ) { return this.x2 - this.x1 ; }
197,male,13100278542,line 9,100,public int width ( ) { return this.x2 - this.x1 ; }
197,male,13100382413,line 9,100,public int width ( ) { return this.x2 - this.x1 ; }
197,male,13100454308,line 10,68,public int height ( ) { return this.y2 - this.y1 ; }
197,male,13100598318,line 9,80,public int width ( ) { return this.x2 - this.x1 ; }
197,male,13100742397,line 9,140,public int width ( ) { return this.x2 - this.x1 ; }
197,male,13100938346,line 9,160,public int width ( ) { return this.x2 - this.x1 ; }
197,male,13101198361,line 9,196,public int width ( ) { return this.x2 - this.x1 ; }
197,male,13101274344,line 9,72,public int width ( ) { return this.x2 - this.x1 ; }
197,male,13101454369,line 9,108,public int width ( ) { return this.x2 - this.x1 ; }
197,male,13101534384,line 9,76,public int width ( ) { return this.x2 - this.x1 ; }
197,male,13101750404,line 9,140,public int width ( ) { return this.x2 - this.x1 ; }
197,male,13101842387,line 9,88,public int width ( ) { return this.x2 - this.x1 ; }
197,male,13101942330,line 9,96,public int width ( ) { return this.x2 - this.x1 ; }
197,male,13102050141,line 9,76,public int width ( ) { return this.x2 - this.x1 ; }
197,male,13102222122,line 9,168,public int width ( ) { return this.x2 - this.x1 ; }
197,male,13102298192,line 9,72,public int width ( ) { return this.x2 - this.x1 ; }
197,male,13102569887,line 9,244,public int width ( ) { return this.x2 - this.x1 ; }
197,male,13102738218,line 9,108,public int width ( ) { return this.x2 - this.x1 ; }
197,male,13102826264,line 9,84,public int width ( ) { return this.x2 - this.x1 ; }
197,male,13103050284,line 9,96,public int width ( ) { return this.x2 - this.x1 ; }
197,male,13103266274,line 9,104,public int width ( ) { return this.x2 - this.x1 ; }
197,male,13103818119,line 9,140,public int width ( ) { return this.x2 - this.x1 ; }
197,male,13103918117,line 9,96,public int width ( ) { return this.x2 - this.x1 ; }
197,male,13103994143,line 9,72,public int width ( ) { return this.x2 - this.x1 ; }
197,male,13104174178,line 9,64,public int width ( ) { return this.x2 - this.x1 ; }
197,male,13104250152,line 9,72,public int width ( ) { return this.x2 - this.x1 ; }
197,male,13104494443,line 9,96,public int width ( ) { return this.x2 - this.x1 ; }
197,male,13104618454,line 9,116,public int width ( ) { return this.x2 - this.x1 ; }
197,male,13104774225,line 9,120,public int width ( ) { return this.x2 - this.x1 ; }
197,male,13104870132,line 10,92,public int height ( ) { return this.y2 - this.y1 ; }
197,male,13105105964,line 9,212,public int width ( ) { return this.x2 - this.x1 ; }
197,male,13105169904,line 9,60,public int width ( ) { return this.x2 - this.x1 ; }
197,male,13105289892,line 9,116,public int width ( ) { return this.x2 - this.x1 ; }
197,male,13105565969,line 10,272,public int height ( ) { return this.y2 - this.y1 ; }
197,male,13105778062,line 9,112,public int width ( ) { return this.x2 - this.x1 ; }
197,male,13106201997,line 10,172,public int height ( ) { return this.y2 - this.y1 ; }
197,male,13106266116,line 10,60,public int height ( ) { return this.y2 - this.y1 ; }
197,male,13106338255,line 10,64,public int height ( ) { return this.y2 - this.y1 ; }
197,male,13106538202,line 10,196,public int height ( ) { return this.y2 - this.y1 ; }
197,male,13106797957,line 10,220,public int height ( ) { return this.y2 - this.y1 ; }
197,male,13107041839,line 10,240,public int height ( ) { return this.y2 - this.y1 ; }
197,male,13107229852,line 9,184,public int width ( ) { return this.x2 - this.x1 ; }
197,male,13107441870,line 9,204,public int width ( ) { return this.x2 - this.x1 ; }
197,male,13107561871,line 9,92,public int width ( ) { return this.x2 - this.x1 ; }
197,male,13107629857,line 9,64,public int width ( ) { return this.x2 - this.x1 ; }
197,male,13108001874,line 9,356,public int width ( ) { return this.x2 - this.x1 ; }
197,male,13108201814,line 9,152,public int width ( ) { return this.x2 - this.x1 ; }
197,male,13108485712,line 9,132,public int width ( ) { return this.x2 - this.x1 ; }
197,male,13108729735,line 9,96,public int width ( ) { return this.x2 - this.x1 ; }
197,male,13108889748,line 10,84,public int height ( ) { return this.y2 - this.y1 ; }
197,male,13108957721,line 10,64,public int height ( ) { return this.y2 - this.y1 ; }
197,male,13109245865,line 9,228,public int width ( ) { return this.x2 - this.x1 ; }
197,male,13109577924,line 11,180,public double area ( ) { return this.width ( ) * this.height ( ) ; }
197,male,13109778952,line 11,164,public double area ( ) { return this.width ( ) * this.height ( ) ; }
197,male,13110021473,line 10,116,public int height ( ) { return this.y2 - this.y1 ; }
197,male,13110401555,line 11,240,public double area ( ) { return this.width ( ) * this.height ( ) ; }
197,male,13110637830,line 11,172,public double area ( ) { return this.width ( ) * this.height ( ) ; }
197,male,13110817967,line 10,56,public int height ( ) { return this.y2 - this.y1 ; }
197,male,13110949596,line 11,128,public double area ( ) { return this.width ( ) * this.height ( ) ; }
197,male,13111081613,line 11,100,public double area ( ) { return this.width ( ) * this.height ( ) ; }
197,male,13111221613,line 11,136,public double area ( ) { return this.width ( ) * this.height ( ) ; }
197,male,13111333595,line 11,80,public double area ( ) { return this.width ( ) * this.height ( ) ; }
197,male,13111685300,line 11,132,public double area ( ) { return this.width ( ) * this.height ( ) ; }
197,male,13111829494,line 11,140,public double area ( ) { return this.width ( ) * this.height ( ) ; }
197,male,13112201530,line 10,336,public int height ( ) { return this.y2 - this.y1 ; }
197,male,13113169340,line 11,116,public double area ( ) { return this.width ( ) * this.height ( ) ; }
197,male,13113309336,line 12,88,public static void main ( String [ ] args ) {
197,male,13113381333,line 12,68,public static void main ( String [ ] args ) {
197,male,13113441337,line 12,56,public static void main ( String [ ] args ) {
197,male,13113733340,line 11,148,public double area ( ) { return this.width ( ) * this.height ( ) ; }
197,male,13113793334,line 11,56,public double area ( ) { return this.width ( ) * this.height ( ) ; }
197,male,13113913571,line 11,116,public double area ( ) { return this.width ( ) * this.height ( ) ; }
197,male,13114061631,line 12,72,public static void main ( String [ ] args ) {
197,male,13114157488,line 12,92,public static void main ( String [ ] args ) {
197,male,13114257407,line 12,96,public static void main ( String [ ] args ) {
197,male,13114469393,line 11,100,public double area ( ) { return this.width ( ) * this.height ( ) ; }
197,male,13114813101,line 12,280,public static void main ( String [ ] args ) {
197,male,13115041166,line 12,184,public static void main ( String [ ] args ) {
197,male,13115241557,line 12,196,public static void main ( String [ ] args ) {
197,male,13115301503,line 12,56,public static void main ( String [ ] args ) {
197,male,13115489276,line 11,108,public double area ( ) { return this.width ( ) * this.height ( ) ; }
197,male,13115613197,line 12,120,public static void main ( String [ ] args ) {
197,male,13115753204,line 13,72,"Rectangle rect1 = new Rectangle ( 0 , 0 , 10 , 10 ) ;"
197,male,13115857218,line 13,96,"Rectangle rect1 = new Rectangle ( 0 , 0 , 10 , 10 ) ;"
197,male,13116141058,line 12,240,public static void main ( String [ ] args ) {
197,male,13117337052,line 13,60,"Rectangle rect1 = new Rectangle ( 0 , 0 , 10 , 10 ) ;"
197,male,13117409037,line 13,68,"Rectangle rect1 = new Rectangle ( 0 , 0 , 10 , 10 ) ;"
197,male,13117572995,line 13,144,"Rectangle rect1 = new Rectangle ( 0 , 0 , 10 , 10 ) ;"
197,male,13117692925,line 13,116,"Rectangle rect1 = new Rectangle ( 0 , 0 , 10 , 10 ) ;"
197,male,13118208928,line 14,160,System.out.println ( rect1.area ( ) ) ;
197,male,13118272952,line 14,60,System.out.println ( rect1.area ( ) ) ;
197,male,13118597248,line 12,60,public static void main ( String [ ] args ) {
197,male,13118776940,line 13,124,"Rectangle rect1 = new Rectangle ( 0 , 0 , 10 , 10 ) ;"
197,male,13118932941,line 13,92,"Rectangle rect1 = new Rectangle ( 0 , 0 , 10 , 10 ) ;"
197,male,13119084991,line 13,60,"Rectangle rect1 = new Rectangle ( 0 , 0 , 10 , 10 ) ;"
197,male,13119208859,line 13,84,"Rectangle rect1 = new Rectangle ( 0 , 0 , 10 , 10 ) ;"
197,male,13119288687,line 13,76,"Rectangle rect1 = new Rectangle ( 0 , 0 , 10 , 10 ) ;"
197,male,13119384602,line 13,68,"Rectangle rect1 = new Rectangle ( 0 , 0 , 10 , 10 ) ;"
197,male,13119568791,line 12,72,public static void main ( String [ ] args ) {
197,male,13119760838,line 13,120,"Rectangle rect1 = new Rectangle ( 0 , 0 , 10 , 10 ) ;"
197,male,13120372815,line 14,228,System.out.println ( rect1.area ( ) ) ;
197,male,13120852615,line 14,180,System.out.println ( rect1.area ( ) ) ;
197,male,13120948510,line 14,92,System.out.println ( rect1.area ( ) ) ;
197,male,13121036550,line 14,84,System.out.println ( rect1.area ( ) ) ;
197,male,13121144647,line 13,104,"Rectangle rect1 = new Rectangle ( 0 , 0 , 10 , 10 ) ;"
197,male,13121260675,line 14,112,System.out.println ( rect1.area ( ) ) ;
197,male,13121384694,line 14,120,System.out.println ( rect1.area ( ) ) ;
197,male,13121852629,line 14,108,System.out.println ( rect1.area ( ) ) ;
197,male,13122516303,line 15,92,"Rectangle rect2 = new Rectangle ( 5 , 5 , 10 , 10 ) ;"
197,male,13122628202,line 15,108,"Rectangle rect2 = new Rectangle ( 5 , 5 , 10 , 10 ) ;"
197,male,13122824451,line 15,156,"Rectangle rect2 = new Rectangle ( 5 , 5 , 10 , 10 ) ;"
197,male,13122904484,line 15,76,"Rectangle rect2 = new Rectangle ( 5 , 5 , 10 , 10 ) ;"
197,male,13123096554,line 15,188,"Rectangle rect2 = new Rectangle ( 5 , 5 , 10 , 10 ) ;"
197,male,13123304536,line 15,136,"Rectangle rect2 = new Rectangle ( 5 , 5 , 10 , 10 ) ;"
197,male,13123428474,line 12,56,public static void main ( String [ ] args ) {
197,male,13123628527,line 13,60,"Rectangle rect1 = new Rectangle ( 0 , 0 , 10 , 10 ) ;"
197,male,13123708537,line 13,76,"Rectangle rect1 = new Rectangle ( 0 , 0 , 10 , 10 ) ;"
197,male,13123944368,line 10,68,public int height ( ) { return this.y2 - this.y1 ; }
197,male,13124056284,line 10,108,public int height ( ) { return this.y2 - this.y1 ; }
197,male,13124492401,line 9,100,public int width ( ) { return this.x2 - this.x1 ; }
197,male,13124696413,line 9,128,public int width ( ) { return this.x2 - this.x1 ; }
197,male,13125008440,line 11,56,public double area ( ) { return this.width ( ) * this.height ( ) ; }
197,male,13125148425,line 11,56,public double area ( ) { return this.width ( ) * this.height ( ) ; }
197,male,13125244400,line 11,92,public double area ( ) { return this.width ( ) * this.height ( ) ; }
197,male,13125496276,line 12,120,public static void main ( String [ ] args ) {
197,male,13125796162,line 11,80,public double area ( ) { return this.width ( ) * this.height ( ) ; }
197,male,13126036268,line 10,188,public int height ( ) { return this.y2 - this.y1 ; }
197,male,13126144273,line 10,100,public int height ( ) { return this.y2 - this.y1 ; }
197,male,13126664262,line 11,164,public double area ( ) { return this.width ( ) * this.height ( ) ; }
197,male,13127572044,line 9,64,public int width ( ) { return this.x2 - this.x1 ; }
197,male,13127656052,line 9,80,public int width ( ) { return this.x2 - this.x1 ; }
197,male,13127960135,line 15,104,"Rectangle rect2 = new Rectangle ( 5 , 5 , 10 , 10 ) ;"
197,male,13128124154,line 15,132,"Rectangle rect2 = new Rectangle ( 5 , 5 , 10 , 10 ) ;"
198,male,3299083575,line 5,216,this.y1 = y1 ;
198,male,3299247039,line 3,68,"public Rectangle ( int x1 , int y1 , int x2 , int y2 ) {"
198,male,3300046677,line 2,180,"private int x1 , y1 , x2 , y2 ;"
198,male,3300266795,line 2,176,"private int x1 , y1 , x2 , y2 ;"
198,male,3300422772,line 2,108,"private int x1 , y1 , x2 , y2 ;"
198,male,3300758466,line 3,132,"public Rectangle ( int x1 , int y1 , int x2 , int y2 ) {"
198,male,3300842207,line 3,80,"public Rectangle ( int x1 , int y1 , int x2 , int y2 ) {"
198,male,3301086571,line 3,164,"public Rectangle ( int x1 , int y1 , int x2 , int y2 ) {"
198,male,3301150639,line 3,60,"public Rectangle ( int x1 , int y1 , int x2 , int y2 ) {"
198,male,3301438667,line 3,268,"public Rectangle ( int x1 , int y1 , int x2 , int y2 ) {"
198,male,3301526671,line 3,68,"public Rectangle ( int x1 , int y1 , int x2 , int y2 ) {"
198,male,3301714365,line 3,184,"public Rectangle ( int x1 , int y1 , int x2 , int y2 ) {"
198,male,3301838835,line 3,68,"public Rectangle ( int x1 , int y1 , int x2 , int y2 ) {"
198,male,3302114635,line 3,272,"public Rectangle ( int x1 , int y1 , int x2 , int y2 ) {"
198,male,3302530537,line 3,356,"public Rectangle ( int x1 , int y1 , int x2 , int y2 ) {"
198,male,3303114588,line 4,88,this.x1 = x1 ;
198,male,3303290491,line 4,172,this.x1 = x1 ;
198,male,3304274423,line 3,268,"public Rectangle ( int x1 , int y1 , int x2 , int y2 ) {"
198,male,3305134283,line 3,224,"public Rectangle ( int x1 , int y1 , int x2 , int y2 ) {"
198,male,3305194287,line 3,56,"public Rectangle ( int x1 , int y1 , int x2 , int y2 ) {"
198,male,3305354263,line 3,156,"public Rectangle ( int x1 , int y1 , int x2 , int y2 ) {"
198,male,3305806224,line 3,192,"public Rectangle ( int x1 , int y1 , int x2 , int y2 ) {"
198,male,3306474041,line 4,384,this.x1 = x1 ;
198,male,3306702160,line 5,192,this.y1 = y1 ;
198,male,3306898167,line 5,156,this.y1 = y1 ;
198,male,3307130162,line 5,176,this.y1 = y1 ;
198,male,3307574224,line 6,412,this.x2 = x2 ;
198,male,3307854125,line 3,196,"public Rectangle ( int x1 , int y1 , int x2 , int y2 ) {"
198,male,3307942021,line 3,72,"public Rectangle ( int x1 , int y1 , int x2 , int y2 ) {"
198,male,3308150051,line 3,204,"public Rectangle ( int x1 , int y1 , int x2 , int y2 ) {"
198,male,3308494067,line 3,304,"public Rectangle ( int x1 , int y1 , int x2 , int y2 ) {"
198,male,3308586080,line 3,68,"public Rectangle ( int x1 , int y1 , int x2 , int y2 ) {"
198,male,3308862242,line 7,140,this.y2 = y2 ;
198,male,3309186029,line 7,280,this.y2 = y2 ;
198,male,3309513723,line 7,324,this.y2 = y2 ;
198,male,3309677833,line 7,160,this.y2 = y2 ;
198,male,3309781854,line 6,100,this.x2 = x2 ;
198,male,3309985882,line 6,200,this.x2 = x2 ;
198,male,3310477852,line 9,192,public int width ( ) { return this.x2 - this.x1 ; }
198,male,3310761835,line 9,236,public int width ( ) { return this.x2 - this.x1 ; }
198,male,3310973717,line 9,88,public int width ( ) { return this.x2 - this.x1 ; }
198,male,3311089508,line 9,112,public int width ( ) { return this.x2 - this.x1 ; }
198,male,3311357738,line 9,220,public int width ( ) { return this.x2 - this.x1 ; }
198,male,3311629723,line 9,140,public int width ( ) { return this.x2 - this.x1 ; }
198,male,3311946162,line 9,228,public int width ( ) { return this.x2 - this.x1 ; }
198,male,3312113721,line 9,120,public int width ( ) { return this.x2 - this.x1 ; }
198,male,3312193715,line 9,76,public int width ( ) { return this.x2 - this.x1 ; }
198,male,3312265711,line 9,56,public int width ( ) { return this.x2 - this.x1 ; }
198,male,3312397706,line 9,128,public int width ( ) { return this.x2 - this.x1 ; }
198,male,3312497704,line 9,96,public int width ( ) { return this.x2 - this.x1 ; }
198,male,3312589666,line 9,88,public int width ( ) { return this.x2 - this.x1 ; }
198,male,3312873521,line 9,248,public int width ( ) { return this.x2 - this.x1 ; }
198,male,3313025573,line 9,108,public int width ( ) { return this.x2 - this.x1 ; }
198,male,3313329635,line 9,268,public int width ( ) { return this.x2 - this.x1 ; }
198,male,3313577626,line 9,212,public int width ( ) { return this.x2 - this.x1 ; }
198,male,3313669624,line 9,72,public int width ( ) { return this.x2 - this.x1 ; }
198,male,3313781621,line 9,108,public int width ( ) { return this.x2 - this.x1 ; }
198,male,3313869616,line 9,68,public int width ( ) { return this.x2 - this.x1 ; }
198,male,3314037477,line 9,164,public int width ( ) { return this.x2 - this.x1 ; }
198,male,3314213373,line 9,172,public int width ( ) { return this.x2 - this.x1 ; }
198,male,3314513487,line 9,296,public int width ( ) { return this.x2 - this.x1 ; }
198,male,3314645451,line 9,128,public int width ( ) { return this.x2 - this.x1 ; }
198,male,3314821409,line 9,80,public int width ( ) { return this.x2 - this.x1 ; }
198,male,3315281462,line 9,380,public int width ( ) { return this.x2 - this.x1 ; }
198,male,3315689122,line 9,348,public int width ( ) { return this.x2 - this.x1 ; }
198,male,3315801108,line 9,84,public int width ( ) { return this.x2 - this.x1 ; }
198,male,3315873177,line 9,68,public int width ( ) { return this.x2 - this.x1 ; }
198,male,3315957239,line 9,72,public int width ( ) { return this.x2 - this.x1 ; }
198,male,3316045277,line 9,84,public int width ( ) { return this.x2 - this.x1 ; }
198,male,3316249330,line 9,136,public int width ( ) { return this.x2 - this.x1 ; }
198,male,3316353340,line 9,100,public int width ( ) { return this.x2 - this.x1 ; }
198,male,3316545366,line 9,164,public int width ( ) { return this.x2 - this.x1 ; }
198,male,3316625368,line 9,76,public int width ( ) { return this.x2 - this.x1 ; }
198,male,3316801428,line 9,148,public int width ( ) { return this.x2 - this.x1 ; }
198,male,3316877446,line 9,56,public int width ( ) { return this.x2 - this.x1 ; }
198,male,3317364949,line 9,484,public int width ( ) { return this.x2 - this.x1 ; }
198,male,3317465129,line 9,96,public int width ( ) { return this.x2 - this.x1 ; }
198,male,3317861275,line 9,208,public int width ( ) { return this.x2 - this.x1 ; }
198,male,3318313197,line 9,348,public int width ( ) { return this.x2 - this.x1 ; }
198,male,3318545198,line 9,180,public int width ( ) { return this.x2 - this.x1 ; }
198,male,3318757082,line 10,176,public int height ( ) { return this.y2 - this.y1 ; }
198,male,3318872937,line 10,112,public int height ( ) { return this.y2 - this.y1 ; }
198,male,3319101065,line 10,176,public int height ( ) { return this.y2 - this.y1 ; }
198,male,3319357036,line 9,92,public int width ( ) { return this.x2 - this.x1 ; }
198,male,3319513002,line 9,152,public int width ( ) { return this.x2 - this.x1 ; }
198,male,3319853809,line 10,336,public int height ( ) { return this.y2 - this.y1 ; }
198,male,3319977702,line 10,88,public int height ( ) { return this.y2 - this.y1 ; }
198,male,3320113099,line 10,132,public int height ( ) { return this.y2 - this.y1 ; }
198,male,3320217092,line 10,88,public int height ( ) { return this.y2 - this.y1 ; }
198,male,3320432847,line 10,212,public int height ( ) { return this.y2 - this.y1 ; }
198,male,3320588797,line 9,100,public int width ( ) { return this.x2 - this.x1 ; }
198,male,3321044815,line 10,340,public int height ( ) { return this.y2 - this.y1 ; }
198,male,3321300913,line 10,208,public int height ( ) { return this.y2 - this.y1 ; }
198,male,3321672932,line 10,296,public int height ( ) { return this.y2 - this.y1 ; }
198,male,3321884973,line 10,144,public int height ( ) { return this.y2 - this.y1 ; }
198,male,3322032891,line 11,144,public double area ( ) { return this.width ( ) * this.height ( ) ; }
198,male,3322172826,line 10,56,public int height ( ) { return this.y2 - this.y1 ; }
198,male,3322252842,line 11,76,public double area ( ) { return this.width ( ) * this.height ( ) ; }
198,male,3322592854,line 10,116,public int height ( ) { return this.y2 - this.y1 ; }
198,male,3322932827,line 11,80,public double area ( ) { return this.width ( ) * this.height ( ) ; }
198,male,3323040809,line 11,104,public double area ( ) { return this.width ( ) * this.height ( ) ; }
198,male,3323540498,line 10,164,public int height ( ) { return this.y2 - this.y1 ; }
198,male,3324116997,line 10,224,public int height ( ) { return this.y2 - this.y1 ; }
198,male,3324328819,line 11,148,public double area ( ) { return this.width ( ) * this.height ( ) ; }
198,male,3324420731,line 12,80,public static void main ( String [ ] args ) {
198,male,3324500622,line 12,76,public static void main ( String [ ] args ) {
198,male,3324756660,line 12,212,public static void main ( String [ ] args ) {
198,male,3324968639,line 12,208,public static void main ( String [ ] args ) {
198,male,3325196392,line 12,108,public static void main ( String [ ] args ) {
198,male,3325400405,line 12,64,public static void main ( String [ ] args ) {
198,male,3325492465,line 11,76,public double area ( ) { return this.width ( ) * this.height ( ) ; }
198,male,3325576495,line 11,56,public double area ( ) { return this.width ( ) * this.height ( ) ; }
198,male,3325988687,line 11,84,public double area ( ) { return this.width ( ) * this.height ( ) ; }
198,male,3326360550,line 11,68,public double area ( ) { return this.width ( ) * this.height ( ) ; }
198,male,3326436555,line 12,72,public static void main ( String [ ] args ) {
198,male,3326544539,line 12,104,public static void main ( String [ ] args ) {
198,male,3326604496,line 12,56,public static void main ( String [ ] args ) {
198,male,3326820412,line 11,100,public double area ( ) { return this.width ( ) * this.height ( ) ; }
198,male,3326912407,line 12,88,public static void main ( String [ ] args ) {
198,male,3327240424,line 11,84,public double area ( ) { return this.width ( ) * this.height ( ) ; }
198,male,3327404419,line 12,104,public static void main ( String [ ] args ) {
198,male,3327488416,line 12,80,public static void main ( String [ ] args ) {
198,male,3327560408,line 12,68,public static void main ( String [ ] args ) {
198,male,3327640398,line 12,76,public static void main ( String [ ] args ) {
198,male,3327852405,line 12,200,public static void main ( String [ ] args ) {
198,male,3327980372,line 12,124,public static void main ( String [ ] args ) {
198,male,3328216266,line 12,188,public static void main ( String [ ] args ) {
198,male,3328316287,line 12,96,public static void main ( String [ ] args ) {
198,male,3328436285,line 11,76,public double area ( ) { return this.width ( ) * this.height ( ) ; }
198,male,3330480142,line 9,56,public int width ( ) { return this.x2 - this.x1 ; }
198,male,3330604138,line 9,120,public int width ( ) { return this.x2 - this.x1 ; }
198,male,3330772130,line 12,60,public static void main ( String [ ] args ) {
198,male,3330872129,line 12,96,public static void main ( String [ ] args ) {
198,male,3331339946,line 6,60,this.x2 = x2 ;
198,male,3331407954,line 6,64,this.x2 = x2 ;
198,male,3332080022,line 12,88,public static void main ( String [ ] args ) {
198,male,3333575910,line 13,56,"Rectangle rect1 = new Rectangle ( 0 , 0 , 10 , 10 ) ;"
198,male,3333643903,line 13,64,"Rectangle rect1 = new Rectangle ( 0 , 0 , 10 , 10 ) ;"
198,male,3334728059,line 12,60,public static void main ( String [ ] args ) {
198,male,3336027992,line 12,56,public static void main ( String [ ] args ) {
198,male,3340243354,line 15,100,"Rectangle rect2 = new Rectangle ( 5 , 5 , 10 , 10 ) ;"
198,male,3340551322,line 10,56,public int height ( ) { return this.y2 - this.y1 ; }
199,male,14582611296,line 3,100,"public Rectangle ( int x1 , int y1 , int x2 , int y2 ) {"
199,male,14582846010,line 3,208,"public Rectangle ( int x1 , int y1 , int x2 , int y2 ) {"
199,male,14582906237,line 3,56,"public Rectangle ( int x1 , int y1 , int x2 , int y2 ) {"
199,male,14584477467,line 5,64,this.y1 = y1 ;
199,male,14587037208,line 3,92,"public Rectangle ( int x1 , int y1 , int x2 , int y2 ) {"
199,male,14615841336,line 14,56,System.out.println ( rect1.area ( ) ) ;
200,male,1895185249,line 3,200,"public Rectangle ( int x1 , int y1 , int x2 , int y2 ) {"
200,male,1895285643,line 3,76,"public Rectangle ( int x1 , int y1 , int x2 , int y2 ) {"
200,male,1895808845,line 1,80,public class Rectangle {
200,male,1896052872,line 1,56,public class Rectangle {
200,male,1896460679,line 1,184,public class Rectangle {
200,male,1896748767,line 3,68,"public Rectangle ( int x1 , int y1 , int x2 , int y2 ) {"
200,male,1897024735,line 2,92,"private int x1 , y1 , x2 , y2 ;"
200,male,1897112744,line 3,84,"public Rectangle ( int x1 , int y1 , int x2 , int y2 ) {"
200,male,1897212751,line 3,96,"public Rectangle ( int x1 , int y1 , int x2 , int y2 ) {"
200,male,1897472741,line 3,256,"public Rectangle ( int x1 , int y1 , int x2 , int y2 ) {"
200,male,1897784721,line 3,252,"public Rectangle ( int x1 , int y1 , int x2 , int y2 ) {"
200,male,1898000425,line 3,156,"public Rectangle ( int x1 , int y1 , int x2 , int y2 ) {"
200,male,1898184518,line 3,180,"public Rectangle ( int x1 , int y1 , int x2 , int y2 ) {"
200,male,1898412648,line 3,224,"public Rectangle ( int x1 , int y1 , int x2 , int y2 ) {"
200,male,1898488658,line 3,72,"public Rectangle ( int x1 , int y1 , int x2 , int y2 ) {"
200,male,1898804550,line 3,312,"public Rectangle ( int x1 , int y1 , int x2 , int y2 ) {"
200,male,1899108575,line 3,264,"public Rectangle ( int x1 , int y1 , int x2 , int y2 ) {"
200,male,1899220577,line 3,108,"public Rectangle ( int x1 , int y1 , int x2 , int y2 ) {"
200,male,1899376569,line 3,152,"public Rectangle ( int x1 , int y1 , int x2 , int y2 ) {"
200,male,1899620494,line 3,200,"public Rectangle ( int x1 , int y1 , int x2 , int y2 ) {"
200,male,1900104560,line 3,56,"public Rectangle ( int x1 , int y1 , int x2 , int y2 ) {"
200,male,1900284504,line 3,128,"public Rectangle ( int x1 , int y1 , int x2 , int y2 ) {"
200,male,1900344481,line 3,56,"public Rectangle ( int x1 , int y1 , int x2 , int y2 ) {"
200,male,1900428480,line 3,80,"public Rectangle ( int x1 , int y1 , int x2 , int y2 ) {"
200,male,1900564482,line 3,132,"public Rectangle ( int x1 , int y1 , int x2 , int y2 ) {"
200,male,1900740481,line 3,172,"public Rectangle ( int x1 , int y1 , int x2 , int y2 ) {"
200,male,1900852493,line 3,108,"public Rectangle ( int x1 , int y1 , int x2 , int y2 ) {"
200,male,1901128225,line 3,120,"public Rectangle ( int x1 , int y1 , int x2 , int y2 ) {"
200,male,1901280322,line 3,136,"public Rectangle ( int x1 , int y1 , int x2 , int y2 ) {"
200,male,1901832511,line 2,56,"private int x1 , y1 , x2 , y2 ;"
200,male,1901924279,line 2,88,"private int x1 , y1 , x2 , y2 ;"
200,male,1902052312,line 3,124,"public Rectangle ( int x1 , int y1 , int x2 , int y2 ) {"
200,male,1902488328,line 3,376,"public Rectangle ( int x1 , int y1 , int x2 , int y2 ) {"
200,male,1902676083,line 3,168,"public Rectangle ( int x1 , int y1 , int x2 , int y2 ) {"
200,male,1902912241,line 3,232,"public Rectangle ( int x1 , int y1 , int x2 , int y2 ) {"
200,male,1903060280,line 3,144,"public Rectangle ( int x1 , int y1 , int x2 , int y2 ) {"
200,male,1903184264,line 3,120,"public Rectangle ( int x1 , int y1 , int x2 , int y2 ) {"
200,male,1903440194,line 3,64,"public Rectangle ( int x1 , int y1 , int x2 , int y2 ) {"
200,male,1903700340,line 3,60,"public Rectangle ( int x1 , int y1 , int x2 , int y2 ) {"
200,male,1904236154,line 3,532,"public Rectangle ( int x1 , int y1 , int x2 , int y2 ) {"
200,male,1904400095,line 3,160,"public Rectangle ( int x1 , int y1 , int x2 , int y2 ) {"
200,male,1904460113,line 3,56,"public Rectangle ( int x1 , int y1 , int x2 , int y2 ) {"
200,male,1904668120,line 3,132,"public Rectangle ( int x1 , int y1 , int x2 , int y2 ) {"
200,male,1904800104,line 3,128,"public Rectangle ( int x1 , int y1 , int x2 , int y2 ) {"
200,male,1905056093,line 3,248,"public Rectangle ( int x1 , int y1 , int x2 , int y2 ) {"
200,male,1905232087,line 3,108,"public Rectangle ( int x1 , int y1 , int x2 , int y2 ) {"
200,male,1905332062,line 3,96,"public Rectangle ( int x1 , int y1 , int x2 , int y2 ) {"
200,male,1905428061,line 3,92,"public Rectangle ( int x1 , int y1 , int x2 , int y2 ) {"
200,male,1905624016,line 3,140,"public Rectangle ( int x1 , int y1 , int x2 , int y2 ) {"
200,male,1906395961,line 3,80,"public Rectangle ( int x1 , int y1 , int x2 , int y2 ) {"
200,male,1906620105,line 3,116,"public Rectangle ( int x1 , int y1 , int x2 , int y2 ) {"
200,male,1906748309,line 4,96,this.x1 = x1 ;
200,male,1906983891,line 5,112,this.y1 = y1 ;
200,male,1907227875,line 5,240,this.y1 = y1 ;
200,male,1907559703,line 5,288,this.y1 = y1 ;
200,male,1907723777,line 5,108,this.y1 = y1 ;
200,male,1907996148,line 4,100,this.x1 = x1 ;
200,male,1908387814,line 3,56,"public Rectangle ( int x1 , int y1 , int x2 , int y2 ) {"
200,male,1909139985,line 3,60,"public Rectangle ( int x1 , int y1 , int x2 , int y2 ) {"
200,male,1909695664,line 4,104,this.x1 = x1 ;
200,male,1909903701,line 6,84,this.x2 = x2 ;
200,male,1910236670,line 6,324,this.x2 = x2 ;
200,male,1910328132,line 7,88,this.y2 = y2 ;
200,male,1910603581,line 7,240,this.y2 = y2 ;
200,male,1910803530,line 7,196,this.y2 = y2 ;
200,male,1911223526,line 7,228,this.y2 = y2 ;
200,male,1911303545,line 7,76,this.y2 = y2 ;
200,male,1911491526,line 7,184,this.y2 = y2 ;
200,male,1911871654,line 4,68,this.x1 = x1 ;
200,male,1912039213,line 3,164,"public Rectangle ( int x1 , int y1 , int x2 , int y2 ) {"
200,male,1912607902,line 9,96,public int width ( ) { return this.x2 - this.x1 ; }
200,male,1912739868,line 9,92,public int width ( ) { return this.x2 - this.x1 ; }
200,male,1912839709,line 9,60,public int width ( ) { return this.x2 - this.x1 ; }
200,male,1912959564,line 9,116,public int width ( ) { return this.x2 - this.x1 ; }
200,male,1913147483,line 7,112,this.y2 = y2 ;
200,male,1913419404,line 9,144,public int width ( ) { return this.x2 - this.x1 ; }
200,male,1913499404,line 9,64,public int width ( ) { return this.x2 - this.x1 ; }
200,male,1913591370,line 9,88,public int width ( ) { return this.x2 - this.x1 ; }
200,male,1914059263,line 10,96,public int height ( ) { return this.y2 - this.y1 ; }
200,male,1914135271,line 10,72,public int height ( ) { return this.y2 - this.y1 ; }
200,male,1914267260,line 10,92,public int height ( ) { return this.y2 - this.y1 ; }
200,male,1914507264,line 9,80,public int width ( ) { return this.x2 - this.x1 ; }
200,male,1914679276,line 9,56,public int width ( ) { return this.x2 - this.x1 ; }
200,male,1914767268,line 9,84,public int width ( ) { return this.x2 - this.x1 ; }
200,male,1914851257,line 9,80,public int width ( ) { return this.x2 - this.x1 ; }
200,male,1919770673,line 10,84,public int height ( ) { return this.y2 - this.y1 ; }
200,male,1919994717,line 10,184,public int height ( ) { return this.y2 - this.y1 ; }
200,male,1920098767,line 10,60,public int height ( ) { return this.y2 - this.y1 ; }
200,male,1920982769,line 10,72,public int height ( ) { return this.y2 - this.y1 ; }
200,male,1921522493,line 12,64,public static void main ( String [ ] args ) {
200,male,1921926634,line 12,64,public static void main ( String [ ] args ) {
200,male,1921986611,line 12,56,public static void main ( String [ ] args ) {
200,male,1922794629,line 10,88,public int height ( ) { return this.y2 - this.y1 ; }
200,male,1923042485,line 10,80,public int height ( ) { return this.y2 - this.y1 ; }
200,male,1923390597,line 10,56,public int height ( ) { return this.y2 - this.y1 ; }
200,male,1924002462,line 12,60,public static void main ( String [ ] args ) {
200,male,1924090463,line 12,84,public static void main ( String [ ] args ) {
200,male,1925886326,line 10,60,public int height ( ) { return this.y2 - this.y1 ; }
200,male,1926006303,line 10,80,public int height ( ) { return this.y2 - this.y1 ; }
200,male,1926454226,line 9,244,public int width ( ) { return this.x2 - this.x1 ; }
200,male,1927094314,line 10,88,public int height ( ) { return this.y2 - this.y1 ; }
200,male,1927362291,line 10,56,public int height ( ) { return this.y2 - this.y1 ; }
200,male,1929241801,line 9,60,public int width ( ) { return this.x2 - this.x1 ; }
200,male,1929481998,line 10,180,public int height ( ) { return this.y2 - this.y1 ; }
200,male,1929941754,line 10,112,public int height ( ) { return this.y2 - this.y1 ; }
200,male,1930197936,line 9,72,public int width ( ) { return this.x2 - this.x1 ; }
200,male,1930638036,line 10,88,public int height ( ) { return this.y2 - this.y1 ; }
200,male,1930761820,line 10,56,public int height ( ) { return this.y2 - this.y1 ; }
200,male,1931645956,line 10,60,public int height ( ) { return this.y2 - this.y1 ; }
200,male,1931877631,line 11,168,public double area ( ) { return this.width ( ) * this.height ( ) ; }
200,male,1932097785,line 10,64,public int height ( ) { return this.y2 - this.y1 ; }
200,male,1932297860,line 9,68,public int width ( ) { return this.x2 - this.x1 ; }
200,male,1933885545,line 11,56,public double area ( ) { return this.width ( ) * this.height ( ) ; }
200,male,1934049672,line 10,64,public int height ( ) { return this.y2 - this.y1 ; }
200,male,1934157833,line 10,104,public int height ( ) { return this.y2 - this.y1 ; }
200,male,1934314066,line 10,72,public int height ( ) { return this.y2 - this.y1 ; }
200,male,1934398220,line 10,64,public int height ( ) { return this.y2 - this.y1 ; }
200,male,1934761867,line 11,72,public double area ( ) { return this.width ( ) * this.height ( ) ; }
200,male,1934961353,line 12,128,public static void main ( String [ ] args ) {
200,male,1936473461,line 9,56,public int width ( ) { return this.x2 - this.x1 ; }
200,male,1936589428,line 8,68,}
200,male,1938353414,line 9,64,public int width ( ) { return this.x2 - this.x1 ; }
200,male,1938917225,line 13,92,"Rectangle rect1 = new Rectangle ( 0 , 0 , 10 , 10 ) ;"
200,male,1939965159,line 14,56,System.out.println ( rect1.area ( ) ) ;
200,male,1940172967,line 14,80,System.out.println ( rect1.area ( ) ) ;
200,male,1940332908,line 13,72,"Rectangle rect1 = new Rectangle ( 0 , 0 , 10 , 10 ) ;"
200,male,1940708820,line 12,204,public static void main ( String [ ] args ) {
200,male,1940913024,line 13,140,"Rectangle rect1 = new Rectangle ( 0 , 0 , 10 , 10 ) ;"
200,male,1941061054,line 13,144,"Rectangle rect1 = new Rectangle ( 0 , 0 , 10 , 10 ) ;"
200,male,1941145031,line 13,72,"Rectangle rect1 = new Rectangle ( 0 , 0 , 10 , 10 ) ;"
200,male,1941252998,line 13,104,"Rectangle rect1 = new Rectangle ( 0 , 0 , 10 , 10 ) ;"
200,male,1941445173,line 12,148,public static void main ( String [ ] args ) {
200,male,1941788943,line 12,96,public static void main ( String [ ] args ) {
200,male,1942748902,line 12,228,public static void main ( String [ ] args ) {
200,male,1942852934,line 12,84,public static void main ( String [ ] args ) {
200,male,1942952934,line 12,96,public static void main ( String [ ] args ) {
200,male,1944372813,line 12,56,public static void main ( String [ ] args ) {
200,male,1944676830,line 12,76,public static void main ( String [ ] args ) {
200,male,1945480581,line 12,68,public static void main ( String [ ] args ) {
200,male,1946060686,line 12,120,public static void main ( String [ ] args ) {
200,male,1946184625,line 12,120,public static void main ( String [ ] args ) {
200,male,1946624480,line 14,104,System.out.println ( rect1.area ( ) ) ;
200,male,1946968510,line 13,60,"Rectangle rect1 = new Rectangle ( 0 , 0 , 10 , 10 ) ;"
200,male,1947160516,line 12,188,public static void main ( String [ ] args ) {
200,male,1947316522,line 12,96,public static void main ( String [ ] args ) {
200,male,1947540517,line 12,176,public static void main ( String [ ] args ) {
200,male,1947716525,line 12,116,public static void main ( String [ ] args ) {
200,male,1947976349,line 13,172,"Rectangle rect1 = new Rectangle ( 0 , 0 , 10 , 10 ) ;"
200,male,1948076222,line 13,96,"Rectangle rect1 = new Rectangle ( 0 , 0 , 10 , 10 ) ;"
200,male,1948280364,line 12,176,public static void main ( String [ ] args ) {
200,male,1948468349,line 13,156,"Rectangle rect1 = new Rectangle ( 0 , 0 , 10 , 10 ) ;"
200,male,1948580382,line 13,108,"Rectangle rect1 = new Rectangle ( 0 , 0 , 10 , 10 ) ;"
200,male,1948648402,line 12,64,public static void main ( String [ ] args ) {
200,male,1948788402,line 13,136,"Rectangle rect1 = new Rectangle ( 0 , 0 , 10 , 10 ) ;"
200,male,1949016736,line 13,144,"Rectangle rect1 = new Rectangle ( 0 , 0 , 10 , 10 ) ;"
200,male,1949204575,line 13,120,"Rectangle rect1 = new Rectangle ( 0 , 0 , 10 , 10 ) ;"
200,male,1949388459,line 14,92,System.out.println ( rect1.area ( ) ) ;
200,male,1949544505,line 14,92,System.out.println ( rect1.area ( ) ) ;
200,male,1950040290,line 9,104,public int width ( ) { return this.x2 - this.x1 ; }
200,male,1950164272,line 3,60,"public Rectangle ( int x1 , int y1 , int x2 , int y2 ) {"
200,male,1951456091,line 12,160,public static void main ( String [ ] args ) {
200,male,1951736219,line 12,76,public static void main ( String [ ] args ) {
200,male,1951916274,line 12,84,public static void main ( String [ ] args ) {
200,male,1952296119,line 12,356,public static void main ( String [ ] args ) {
200,male,1952672023,line 12,320,public static void main ( String [ ] args ) {
200,male,1952839906,line 12,148,public static void main ( String [ ] args ) {
200,male,1952975941,line 13,68,"Rectangle rect1 = new Rectangle ( 0 , 0 , 10 , 10 ) ;"
200,male,1953076006,line 13,96,"Rectangle rect1 = new Rectangle ( 0 , 0 , 10 , 10 ) ;"
200,male,1953260011,line 13,56,"Rectangle rect1 = new Rectangle ( 0 , 0 , 10 , 10 ) ;"
200,male,1953947985,line 14,64,System.out.println ( rect1.area ( ) ) ;
200,male,1954027979,line 14,64,System.out.println ( rect1.area ( ) ) ;
200,male,1954271836,line 14,120,System.out.println ( rect1.area ( ) ) ;
200,male,1954955859,line 12,84,public static void main ( String [ ] args ) {
200,male,1955103844,line 12,144,public static void main ( String [ ] args ) {
200,male,1955591843,line 13,164,"Rectangle rect1 = new Rectangle ( 0 , 0 , 10 , 10 ) ;"
200,male,1955707732,line 13,84,"Rectangle rect1 = new Rectangle ( 0 , 0 , 10 , 10 ) ;"
200,male,1957835532,line 9,164,public int width ( ) { return this.x2 - this.x1 ; }
200,male,1958567600,line 2,84,"private int x1 , y1 , x2 , y2 ;"
200,male,1958907573,line 3,60,"public Rectangle ( int x1 , int y1 , int x2 , int y2 ) {"
200,male,1959195228,line 3,72,"public Rectangle ( int x1 , int y1 , int x2 , int y2 ) {"
200,male,1960195626,line 3,120,"public Rectangle ( int x1 , int y1 , int x2 , int y2 ) {"
200,male,1960795300,line 13,60,"Rectangle rect1 = new Rectangle ( 0 , 0 , 10 , 10 ) ;"
200,male,1961435274,line 14,76,System.out.println ( rect1.area ( ) ) ;
200,male,1961583304,line 14,96,System.out.println ( rect1.area ( ) ) ;
200,male,1961687347,line 13,64,"Rectangle rect1 = new Rectangle ( 0 , 0 , 10 , 10 ) ;"
200,male,1962007206,line 13,56,"Rectangle rect1 = new Rectangle ( 0 , 0 , 10 , 10 ) ;"
200,male,1962763153,line 13,112,"Rectangle rect1 = new Rectangle ( 0 , 0 , 10 , 10 ) ;"
200,male,1963195144,line 14,60,System.out.println ( rect1.area ( ) ) ;
200,male,1963271125,line 13,72,"Rectangle rect1 = new Rectangle ( 0 , 0 , 10 , 10 ) ;"
200,male,1963387108,line 14,96,System.out.println ( rect1.area ( ) ) ;
200,male,1963959057,line 13,84,"Rectangle rect1 = new Rectangle ( 0 , 0 , 10 , 10 ) ;"
200,male,1964027057,line 14,56,System.out.println ( rect1.area ( ) ) ;
200,male,1964791076,line 15,56,"Rectangle rect2 = new Rectangle ( 5 , 5 , 10 , 10 ) ;"
200,male,1965434876,line 15,64,"Rectangle rect2 = new Rectangle ( 5 , 5 , 10 , 10 ) ;"
200,male,1967038803,line 12,80,public static void main ( String [ ] args ) {
200,male,1967418788,line 11,156,public double area ( ) { return this.width ( ) * this.height ( ) ; }
200,male,1967726809,line 16,72,System.out.println ( rect2.area ( ) ) ;
200,male,1967822791,line 16,92,System.out.println ( rect2.area ( ) ) ;
200,male,1968038634,line 15,128,"Rectangle rect2 = new Rectangle ( 5 , 5 , 10 , 10 ) ;"
200,male,1968158627,line 15,64,"Rectangle rect2 = new Rectangle ( 5 , 5 , 10 , 10 ) ;"
200,male,1968306726,line 15,108,"Rectangle rect2 = new Rectangle ( 5 , 5 , 10 , 10 ) ;"
200,male,1969098650,line 16,76,System.out.println ( rect2.area ( ) ) ;
200,male,1969358673,line 15,56,"Rectangle rect2 = new Rectangle ( 5 , 5 , 10 , 10 ) ;"
200,male,1970122426,line 15,84,"Rectangle rect2 = new Rectangle ( 5 , 5 , 10 , 10 ) ;"
200,male,1970194452,line 15,60,"Rectangle rect2 = new Rectangle ( 5 , 5 , 10 , 10 ) ;"
200,male,1970922502,line 15,64,"Rectangle rect2 = new Rectangle ( 5 , 5 , 10 , 10 ) ;"
200,male,1971982395,line 15,68,"Rectangle rect2 = new Rectangle ( 5 , 5 , 10 , 10 ) ;"
200,male,1972078604,line 15,92,"Rectangle rect2 = new Rectangle ( 5 , 5 , 10 , 10 ) ;"
200,male,1972366520,line 15,84,"Rectangle rect2 = new Rectangle ( 5 , 5 , 10 , 10 ) ;"
200,male,1972490398,line 15,56,"Rectangle rect2 = new Rectangle ( 5 , 5 , 10 , 10 ) ;"
200,male,1972750379,line 15,88,"Rectangle rect2 = new Rectangle ( 5 , 5 , 10 , 10 ) ;"
200,male,1972822365,line 15,68,"Rectangle rect2 = new Rectangle ( 5 , 5 , 10 , 10 ) ;"
200,male,1973370258,line 15,80,"Rectangle rect2 = new Rectangle ( 5 , 5 , 10 , 10 ) ;"
200,male,1973898280,line 16,176,System.out.println ( rect2.area ( ) ) ;
200,male,1973966286,line 16,64,System.out.println ( rect2.area ( ) ) ;
200,male,1974054283,line 16,84,System.out.println ( rect2.area ( ) ) ;
200,male,1974838289,line 16,132,System.out.println ( rect2.area ( ) ) ;
200,male,1974906127,line 16,64,System.out.println ( rect2.area ( ) ) ;
200,male,1974994152,line 16,84,System.out.println ( rect2.area ( ) ) ;
200,male,1975074165,line 16,76,System.out.println ( rect2.area ( ) ) ;
200,male,1975578132,line 16,64,System.out.println ( rect2.area ( ) ) ;
200,male,1976430305,line 16,68,System.out.println ( rect2.area ( ) ) ;
200,male,1979677925,line 16,104,System.out.println ( rect2.area ( ) ) ;
200,male,1980749677,line 13,56,"Rectangle rect1 = new Rectangle ( 0 , 0 , 10 , 10 ) ;"
200,male,1980861476,line 13,60,"Rectangle rect1 = new Rectangle ( 0 , 0 , 10 , 10 ) ;"
200,male,1981161508,line 12,68,public static void main ( String [ ] args ) {
200,male,1981589563,line 14,80,System.out.println ( rect1.area ( ) ) ;
200,male,1982173589,line 13,92,"Rectangle rect1 = new Rectangle ( 0 , 0 , 10 , 10 ) ;"
200,male,1982945465,line 14,148,System.out.println ( rect1.area ( ) ) ;
200,male,1983089447,line 14,140,System.out.println ( rect1.area ( ) ) ;
200,male,1983445499,line 14,84,System.out.println ( rect1.area ( ) ) ;
200,male,1983549458,line 14,100,System.out.println ( rect1.area ( ) ) ;
200,male,1983665428,line 14,72,System.out.println ( rect1.area ( ) ) ;
200,male,1983745451,line 14,64,System.out.println ( rect1.area ( ) ) ;
200,male,1983869438,line 14,96,System.out.println ( rect1.area ( ) ) ;
200,male,1984321325,line 13,56,"Rectangle rect1 = new Rectangle ( 0 , 0 , 10 , 10 ) ;"
200,male,1984737330,line 13,56,"Rectangle rect1 = new Rectangle ( 0 , 0 , 10 , 10 ) ;"
200,male,1985101354,line 12,116,public static void main ( String [ ] args ) {
200,male,1985181339,line 12,76,public static void main ( String [ ] args ) {
200,male,1985461393,line 13,136,"Rectangle rect1 = new Rectangle ( 0 , 0 , 10 , 10 ) ;"
200,male,1985629080,line 14,60,System.out.println ( rect1.area ( ) ) ;
200,male,1986153215,line 15,216,"Rectangle rect2 = new Rectangle ( 5 , 5 , 10 , 10 ) ;"
200,male,1986273210,line 15,72,"Rectangle rect2 = new Rectangle ( 5 , 5 , 10 , 10 ) ;"
200,male,1986357203,line 15,80,"Rectangle rect2 = new Rectangle ( 5 , 5 , 10 , 10 ) ;"
200,male,1986429198,line 15,68,"Rectangle rect2 = new Rectangle ( 5 , 5 , 10 , 10 ) ;"
200,male,1987741079,line 14,76,System.out.println ( rect1.area ( ) ) ;
200,male,1988700776,line 14,60,System.out.println ( rect1.area ( ) ) ;
200,male,1988796836,line 14,64,System.out.println ( rect1.area ( ) ) ;
200,male,1988868896,line 13,68,"Rectangle rect1 = new Rectangle ( 0 , 0 , 10 , 10 ) ;"
200,male,1988996929,line 14,124,System.out.println ( rect1.area ( ) ) ;
200,male,1990148814,line 15,92,"Rectangle rect2 = new Rectangle ( 5 , 5 , 10 , 10 ) ;"
200,male,1990304630,line 16,56,System.out.println ( rect2.area ( ) ) ;
200,male,1990412783,line 16,104,System.out.println ( rect2.area ( ) ) ;
200,male,1990640972,line 15,108,"Rectangle rect2 = new Rectangle ( 5 , 5 , 10 , 10 ) ;"
200,male,1991592653,line 16,72,System.out.println ( rect2.area ( ) ) ;
200,male,1991860653,line 15,104,"Rectangle rect2 = new Rectangle ( 5 , 5 , 10 , 10 ) ;"
200,male,1992024657,line 15,160,"Rectangle rect2 = new Rectangle ( 5 , 5 , 10 , 10 ) ;"
200,male,1992356686,line 16,132,System.out.println ( rect2.area ( ) ) ;
200,male,1992684644,line 16,60,System.out.println ( rect2.area ( ) ) ;
200,male,1993080634,line 15,84,"Rectangle rect2 = new Rectangle ( 5 , 5 , 10 , 10 ) ;"
200,male,1994764565,line 13,100,"Rectangle rect1 = new Rectangle ( 0 , 0 , 10 , 10 ) ;"
200,male,1994932439,line 15,56,"Rectangle rect2 = new Rectangle ( 5 , 5 , 10 , 10 ) ;"
200,male,1995192334,line 15,140,"Rectangle rect2 = new Rectangle ( 5 , 5 , 10 , 10 ) ;"
200,male,1995328410,line 14,64,System.out.println ( rect1.area ( ) ) ;
200,male,1995704431,line 15,64,"Rectangle rect2 = new Rectangle ( 5 , 5 , 10 , 10 ) ;"
200,male,1995916373,line 15,96,"Rectangle rect2 = new Rectangle ( 5 , 5 , 10 , 10 ) ;"
200,male,1996068372,line 15,84,"Rectangle rect2 = new Rectangle ( 5 , 5 , 10 , 10 ) ;"
200,male,1996144376,line 15,72,"Rectangle rect2 = new Rectangle ( 5 , 5 , 10 , 10 ) ;"
200,male,1996592536,line 15,104,"Rectangle rect2 = new Rectangle ( 5 , 5 , 10 , 10 ) ;"
200,male,1996652381,line 15,56,"Rectangle rect2 = new Rectangle ( 5 , 5 , 10 , 10 ) ;"
200,male,1996776242,line 15,60,"Rectangle rect2 = new Rectangle ( 5 , 5 , 10 , 10 ) ;"
200,male,1998528083,line 16,56,System.out.println ( rect2.area ( ) ) ;
200,male,1999460206,line 15,56,"Rectangle rect2 = new Rectangle ( 5 , 5 , 10 , 10 ) ;"
200,male,1999576078,line 15,112,"Rectangle rect2 = new Rectangle ( 5 , 5 , 10 , 10 ) ;"
200,male,1999747873,line 15,60,"Rectangle rect2 = new Rectangle ( 5 , 5 , 10 , 10 ) ;"
200,male,2000075970,line 15,84,"Rectangle rect2 = new Rectangle ( 5 , 5 , 10 , 10 ) ;"
200,male,2000651999,line 12,108,public static void main ( String [ ] args ) {
200,male,2000876040,line 13,60,"Rectangle rect1 = new Rectangle ( 0 , 0 , 10 , 10 ) ;"
200,male,2001032038,line 13,56,"Rectangle rect1 = new Rectangle ( 0 , 0 , 10 , 10 ) ;"
200,male,2002715727,line 16,64,System.out.println ( rect2.area ( ) ) ;
200,male,2003087706,line 15,56,"Rectangle rect2 = new Rectangle ( 5 , 5 , 10 , 10 ) ;"
200,male,2003535710,line 12,92,public static void main ( String [ ] args ) {
200,male,2003615691,line 12,76,public static void main ( String [ ] args ) {
200,male,2003679697,line 12,60,public static void main ( String [ ] args ) {
200,male,2003783831,line 12,64,public static void main ( String [ ] args ) {
200,male,2005991254,line 14,104,System.out.println ( rect1.area ( ) ) ;
202,male,1915059094,line 3,108,"public Rectangle ( int x1 , int y1 , int x2 , int y2 ) {"
202,male,1915266844,line 2,132,"private int x1 , y1 , x2 , y2 ;"
202,male,1915630946,line 2,296,"private int x1 , y1 , x2 , y2 ;"
202,male,1915823018,line 2,188,"private int x1 , y1 , x2 , y2 ;"
202,male,1915974877,line 2,148,"private int x1 , y1 , x2 , y2 ;"
202,male,1916287006,line 3,156,"public Rectangle ( int x1 , int y1 , int x2 , int y2 ) {"
202,male,1916474983,line 3,176,"public Rectangle ( int x1 , int y1 , int x2 , int y2 ) {"
202,male,1916934717,line 2,148,"private int x1 , y1 , x2 , y2 ;"
202,male,1917226877,line 3,64,"public Rectangle ( int x1 , int y1 , int x2 , int y2 ) {"
202,male,1917338922,line 3,108,"public Rectangle ( int x1 , int y1 , int x2 , int y2 ) {"
202,male,1917510938,line 3,132,"public Rectangle ( int x1 , int y1 , int x2 , int y2 ) {"
202,male,1917726880,line 2,172,"private int x1 , y1 , x2 , y2 ;"
202,male,1918122849,line 2,324,"private int x1 , y1 , x2 , y2 ;"
202,male,1918478679,line 3,84,"public Rectangle ( int x1 , int y1 , int x2 , int y2 ) {"
202,male,1918634804,line 3,152,"public Rectangle ( int x1 , int y1 , int x2 , int y2 ) {"
202,male,1918710787,line 3,72,"public Rectangle ( int x1 , int y1 , int x2 , int y2 ) {"
202,male,1918978702,line 10,124,public int height ( ) { return this.y2 - this.y1 ; }
202,male,1919230686,line 9,168,public int width ( ) { return this.x2 - this.x1 ; }
202,male,1919362690,line 5,92,this.y1 = y1 ;
202,male,1919510702,line 5,140,this.y1 = y1 ;
202,male,1919674717,line 3,116,"public Rectangle ( int x1 , int y1 , int x2 , int y2 ) {"
202,male,1919962498,line 3,284,"public Rectangle ( int x1 , int y1 , int x2 , int y2 ) {"
202,male,1920110606,line 3,100,"public Rectangle ( int x1 , int y1 , int x2 , int y2 ) {"
202,male,1920182606,line 3,68,"public Rectangle ( int x1 , int y1 , int x2 , int y2 ) {"
202,male,1920454588,line 3,148,"public Rectangle ( int x1 , int y1 , int x2 , int y2 ) {"
202,male,1920854596,line 1,140,public class Rectangle {
202,male,1921286546,line 2,160,"private int x1 , y1 , x2 , y2 ;"
202,male,1921438350,line 3,124,"public Rectangle ( int x1 , int y1 , int x2 , int y2 ) {"
202,male,1921686387,line 3,244,"public Rectangle ( int x1 , int y1 , int x2 , int y2 ) {"
202,male,1921910411,line 3,148,"public Rectangle ( int x1 , int y1 , int x2 , int y2 ) {"
202,male,1922090394,line 2,96,"private int x1 , y1 , x2 , y2 ;"
202,male,1922402445,line 2,308,"private int x1 , y1 , x2 , y2 ;"
202,male,1922502475,line 2,96,"private int x1 , y1 , x2 , y2 ;"
202,male,1922930432,line 2,112,"private int x1 , y1 , x2 , y2 ;"
202,male,1923102364,line 3,136,"public Rectangle ( int x1 , int y1 , int x2 , int y2 ) {"
202,male,1923302350,line 3,196,"public Rectangle ( int x1 , int y1 , int x2 , int y2 ) {"
202,male,1923406354,line 3,76,"public Rectangle ( int x1 , int y1 , int x2 , int y2 ) {"
202,male,1923770319,line 2,68,"private int x1 , y1 , x2 , y2 ;"
202,male,1923914358,line 3,116,"public Rectangle ( int x1 , int y1 , int x2 , int y2 ) {"
202,male,1924050343,line 3,132,"public Rectangle ( int x1 , int y1 , int x2 , int y2 ) {"
202,male,1925474176,line 3,92,"public Rectangle ( int x1 , int y1 , int x2 , int y2 ) {"
202,male,1925690164,line 4,176,this.x1 = x1 ;
202,male,1926046173,line 4,352,this.x1 = x1 ;
202,male,1926378073,line 4,172,this.x1 = x1 ;
202,male,1926546007,line 2,60,"private int x1 , y1 , x2 , y2 ;"
202,male,1926753972,line 4,168,this.x1 = x1 ;
202,male,1926930010,line 4,88,this.x1 = x1 ;
202,male,1927118043,line 4,184,this.x1 = x1 ;
202,male,1927314067,line 3,72,"public Rectangle ( int x1 , int y1 , int x2 , int y2 ) {"
202,male,1927510048,line 3,192,"public Rectangle ( int x1 , int y1 , int x2 , int y2 ) {"
202,male,1928050007,line 9,56,public int width ( ) { return this.x2 - this.x1 ; }
202,male,1928217961,line 3,100,"public Rectangle ( int x1 , int y1 , int x2 , int y2 ) {"
202,male,1928542014,line 3,320,"public Rectangle ( int x1 , int y1 , int x2 , int y2 ) {"
202,male,1928701909,line 3,120,"public Rectangle ( int x1 , int y1 , int x2 , int y2 ) {"
202,male,1929137809,line 3,76,"public Rectangle ( int x1 , int y1 , int x2 , int y2 ) {"
202,male,1929417737,line 3,276,"public Rectangle ( int x1 , int y1 , int x2 , int y2 ) {"
202,male,1929641800,line 3,220,"public Rectangle ( int x1 , int y1 , int x2 , int y2 ) {"
202,male,1929789797,line 3,100,"public Rectangle ( int x1 , int y1 , int x2 , int y2 ) {"
202,male,1930805569,line 11,160,public double area ( ) { return this.width ( ) * this.height ( ) ; }
202,male,1930929436,line 10,68,public int height ( ) { return this.y2 - this.y1 ; }
202,male,1931013468,line 10,80,public int height ( ) { return this.y2 - this.y1 ; }
202,male,1931681554,line 10,112,public int height ( ) { return this.y2 - this.y1 ; }
202,male,1931813577,line 10,128,public int height ( ) { return this.y2 - this.y1 ; }
202,male,1931925599,line 10,108,public int height ( ) { return this.y2 - this.y1 ; }
202,male,1931989605,line 10,60,public int height ( ) { return this.y2 - this.y1 ; }
202,male,1932233637,line 9,72,public int width ( ) { return this.x2 - this.x1 ; }
202,male,1932329605,line 9,92,public int width ( ) { return this.x2 - this.x1 ; }
202,male,1933009555,line 9,64,public int width ( ) { return this.x2 - this.x1 ; }
202,male,1933193860,line 9,72,public int width ( ) { return this.x2 - this.x1 ; }
202,male,1933329809,line 9,60,public int width ( ) { return this.x2 - this.x1 ; }
202,male,1933685501,line 3,56,"public Rectangle ( int x1 , int y1 , int x2 , int y2 ) {"
202,male,1933757505,line 3,68,"public Rectangle ( int x1 , int y1 , int x2 , int y2 ) {"
202,male,1934361316,line 3,88,"public Rectangle ( int x1 , int y1 , int x2 , int y2 ) {"
202,male,1934437356,line 3,72,"public Rectangle ( int x1 , int y1 , int x2 , int y2 ) {"
202,male,1934549352,line 2,60,"private int x1 , y1 , x2 , y2 ;"
202,male,1934705348,line 2,152,"private int x1 , y1 , x2 , y2 ;"
202,male,1934765351,line 2,56,"private int x1 , y1 , x2 , y2 ;"
202,male,1935217303,line 3,172,"public Rectangle ( int x1 , int y1 , int x2 , int y2 ) {"
202,male,1935325266,line 3,104,"public Rectangle ( int x1 , int y1 , int x2 , int y2 ) {"
202,male,1935561128,line 3,196,"public Rectangle ( int x1 , int y1 , int x2 , int y2 ) {"
202,male,1935641116,line 3,76,"public Rectangle ( int x1 , int y1 , int x2 , int y2 ) {"
202,male,1935825305,line 3,144,"public Rectangle ( int x1 , int y1 , int x2 , int y2 ) {"
202,male,1935953288,line 3,124,"public Rectangle ( int x1 , int y1 , int x2 , int y2 ) {"
202,male,1936121240,line 2,104,"private int x1 , y1 , x2 , y2 ;"
202,male,1936753265,line 2,368,"private int x1 , y1 , x2 , y2 ;"
202,male,1936833248,line 2,76,"private int x1 , y1 , x2 , y2 ;"
202,male,1936933255,line 3,84,"public Rectangle ( int x1 , int y1 , int x2 , int y2 ) {"
202,male,1937085255,line 3,148,"public Rectangle ( int x1 , int y1 , int x2 , int y2 ) {"
202,male,1937145212,line 3,56,"public Rectangle ( int x1 , int y1 , int x2 , int y2 ) {"
202,male,1937209165,line 3,60,"public Rectangle ( int x1 , int y1 , int x2 , int y2 ) {"
202,male,1937389198,line 3,176,"public Rectangle ( int x1 , int y1 , int x2 , int y2 ) {"
202,male,1937681102,line 4,252,this.x1 = x1 ;
202,male,1938089033,line 3,96,"public Rectangle ( int x1 , int y1 , int x2 , int y2 ) {"
202,male,1938301158,line 3,208,"public Rectangle ( int x1 , int y1 , int x2 , int y2 ) {"
202,male,1938365106,line 3,60,"public Rectangle ( int x1 , int y1 , int x2 , int y2 ) {"
202,male,1938516944,line 3,132,"public Rectangle ( int x1 , int y1 , int x2 , int y2 ) {"
202,male,1938592832,line 3,72,"public Rectangle ( int x1 , int y1 , int x2 , int y2 ) {"
202,male,1938792875,line 3,172,"public Rectangle ( int x1 , int y1 , int x2 , int y2 ) {"
202,male,1938896938,line 3,100,"public Rectangle ( int x1 , int y1 , int x2 , int y2 ) {"
202,male,1939356959,line 4,152,this.x1 = x1 ;
202,male,1939452986,line 4,92,this.x1 = x1 ;
202,male,1939596978,line 3,100,"public Rectangle ( int x1 , int y1 , int x2 , int y2 ) {"
202,male,1939680974,line 2,80,"private int x1 , y1 , x2 , y2 ;"
202,male,1939784991,line 3,100,"public Rectangle ( int x1 , int y1 , int x2 , int y2 ) {"
202,male,1940116940,line 2,76,"private int x1 , y1 , x2 , y2 ;"
202,male,1940392742,line 2,56,"private int x1 , y1 , x2 , y2 ;"
202,male,1940528810,line 2,60,"private int x1 , y1 , x2 , y2 ;"
202,male,1940892849,line 3,104,"public Rectangle ( int x1 , int y1 , int x2 , int y2 ) {"
202,male,1941080870,line 4,128,this.x1 = x1 ;
202,male,1941440895,line 3,80,"public Rectangle ( int x1 , int y1 , int x2 , int y2 ) {"
202,male,1941608869,line 3,164,"public Rectangle ( int x1 , int y1 , int x2 , int y2 ) {"
202,male,1941700835,line 3,88,"public Rectangle ( int x1 , int y1 , int x2 , int y2 ) {"
202,male,1942428751,line 2,424,"private int x1 , y1 , x2 , y2 ;"
202,male,1942644716,line 3,136,"public Rectangle ( int x1 , int y1 , int x2 , int y2 ) {"
202,male,1942800712,line 3,124,"public Rectangle ( int x1 , int y1 , int x2 , int y2 ) {"
202,male,1943136715,line 3,80,"public Rectangle ( int x1 , int y1 , int x2 , int y2 ) {"
202,male,1947412321,line 9,172,public int width ( ) { return this.x2 - this.x1 ; }
202,male,1947496324,line 9,80,public int width ( ) { return this.x2 - this.x1 ; }
202,male,1947916221,line 10,108,public int height ( ) { return this.y2 - this.y1 ; }
202,male,1948120085,line 2,124,"private int x1 , y1 , x2 , y2 ;"
202,male,1948552175,line 11,140,public double area ( ) { return this.width ( ) * this.height ( ) ; }
202,male,1948708156,line 10,132,public int height ( ) { return this.y2 - this.y1 ; }
202,male,1948788164,line 10,76,public int height ( ) { return this.y2 - this.y1 ; }
202,male,1948988143,line 11,136,public double area ( ) { return this.width ( ) * this.height ( ) ; }
202,male,1949212111,line 11,64,public double area ( ) { return this.width ( ) * this.height ( ) ; }
202,male,1949288125,line 11,64,public double area ( ) { return this.width ( ) * this.height ( ) ; }
202,male,1949416227,line 11,124,public double area ( ) { return this.width ( ) * this.height ( ) ; }
202,male,1949619757,line 11,100,public double area ( ) { return this.width ( ) * this.height ( ) ; }
202,male,1949783865,line 11,64,public double area ( ) { return this.width ( ) * this.height ( ) ; }
202,male,1950168159,line 10,92,public int height ( ) { return this.y2 - this.y1 ; }
202,male,1950232266,line 10,60,public int height ( ) { return this.y2 - this.y1 ; }
202,male,1950584622,line 10,108,public int height ( ) { return this.y2 - this.y1 ; }
202,male,1950740527,line 10,108,public int height ( ) { return this.y2 - this.y1 ; }
202,male,1950892230,line 10,80,public int height ( ) { return this.y2 - this.y1 ; }
202,male,1951096067,line 11,132,public double area ( ) { return this.width ( ) * this.height ( ) ; }
202,male,1951347995,line 11,156,public double area ( ) { return this.width ( ) * this.height ( ) ; }
202,male,1951719921,line 11,64,public double area ( ) { return this.width ( ) * this.height ( ) ; }
202,male,1951915970,line 10,88,public int height ( ) { return this.y2 - this.y1 ; }
202,male,1951975971,line 11,56,public double area ( ) { return this.width ( ) * this.height ( ) ; }
202,male,1952131955,line 11,152,public double area ( ) { return this.width ( ) * this.height ( ) ; }
202,male,1952223910,line 11,60,public double area ( ) { return this.width ( ) * this.height ( ) ; }
202,male,1952399923,line 10,172,public int height ( ) { return this.y2 - this.y1 ; }
202,male,1952607854,line 11,140,public double area ( ) { return this.width ( ) * this.height ( ) ; }
202,male,1952851658,line 11,136,public double area ( ) { return this.width ( ) * this.height ( ) ; }
202,male,1953027720,line 10,100,public int height ( ) { return this.y2 - this.y1 ; }
202,male,1953291843,line 11,176,public double area ( ) { return this.width ( ) * this.height ( ) ; }
202,male,1953359852,line 11,64,public double area ( ) { return this.width ( ) * this.height ( ) ; }
202,male,1953671807,line 12,56,public static void main ( String [ ] args ) {
202,male,1953839819,line 12,128,public static void main ( String [ ] args ) {
202,male,1953907817,line 12,64,public static void main ( String [ ] args ) {
202,male,1954359598,line 12,124,public static void main ( String [ ] args ) {
202,male,1954451543,line 12,84,public static void main ( String [ ] args ) {
202,male,1954667741,line 12,176,public static void main ( String [ ] args ) {
202,male,1954751735,line 12,60,public static void main ( String [ ] args ) {
202,male,1954907693,line 12,152,public static void main ( String [ ] args ) {
202,male,1955027666,line 13,80,"Rectangle rect1 = new Rectangle ( 0 , 0 , 10 , 10 ) ;"
202,male,1955115673,line 13,84,"Rectangle rect1 = new Rectangle ( 0 , 0 , 10 , 10 ) ;"
202,male,1955267701,line 13,148,"Rectangle rect1 = new Rectangle ( 0 , 0 , 10 , 10 ) ;"
202,male,1955407709,line 13,124,"Rectangle rect1 = new Rectangle ( 0 , 0 , 10 , 10 ) ;"
202,male,1955623707,line 13,76,"Rectangle rect1 = new Rectangle ( 0 , 0 , 10 , 10 ) ;"
202,male,1955859543,line 13,72,"Rectangle rect1 = new Rectangle ( 0 , 0 , 10 , 10 ) ;"
202,male,1956047542,line 12,68,public static void main ( String [ ] args ) {
202,male,1956335557,line 13,220,"Rectangle rect1 = new Rectangle ( 0 , 0 , 10 , 10 ) ;"
202,male,1956463580,line 13,76,"Rectangle rect1 = new Rectangle ( 0 , 0 , 10 , 10 ) ;"
202,male,1956607580,line 13,80,"Rectangle rect1 = new Rectangle ( 0 , 0 , 10 , 10 ) ;"
202,male,1956707576,line 13,96,"Rectangle rect1 = new Rectangle ( 0 , 0 , 10 , 10 ) ;"
202,male,1956779572,line 13,68,"Rectangle rect1 = new Rectangle ( 0 , 0 , 10 , 10 ) ;"
202,male,1956991577,line 13,104,"Rectangle rect1 = new Rectangle ( 0 , 0 , 10 , 10 ) ;"
202,male,1957267570,line 13,220,"Rectangle rect1 = new Rectangle ( 0 , 0 , 10 , 10 ) ;"
202,male,1957507236,line 13,208,"Rectangle rect1 = new Rectangle ( 0 , 0 , 10 , 10 ) ;"
202,male,1957747319,line 13,180,"Rectangle rect1 = new Rectangle ( 0 , 0 , 10 , 10 ) ;"
202,male,1958126948,line 13,88,"Rectangle rect1 = new Rectangle ( 0 , 0 , 10 , 10 ) ;"
202,male,1958203177,line 13,72,"Rectangle rect1 = new Rectangle ( 0 , 0 , 10 , 10 ) ;"
202,male,1958371389,line 13,164,"Rectangle rect1 = new Rectangle ( 0 , 0 , 10 , 10 ) ;"
202,male,1958451404,line 13,60,"Rectangle rect1 = new Rectangle ( 0 , 0 , 10 , 10 ) ;"
202,male,1958543431,line 13,88,"Rectangle rect1 = new Rectangle ( 0 , 0 , 10 , 10 ) ;"
202,male,1958679477,line 13,84,"Rectangle rect1 = new Rectangle ( 0 , 0 , 10 , 10 ) ;"
202,male,1959071149,line 13,136,"Rectangle rect1 = new Rectangle ( 0 , 0 , 10 , 10 ) ;"
202,male,1959151398,line 13,76,"Rectangle rect1 = new Rectangle ( 0 , 0 , 10 , 10 ) ;"
202,male,1959295851,line 13,108,"Rectangle rect1 = new Rectangle ( 0 , 0 , 10 , 10 ) ;"
202,male,1959699334,line 12,140,public static void main ( String [ ] args ) {
202,male,1959759321,line 12,56,public static void main ( String [ ] args ) {
202,male,1960275282,line 3,104,"public Rectangle ( int x1 , int y1 , int x2 , int y2 ) {"
202,male,1960371277,line 3,92,"public Rectangle ( int x1 , int y1 , int x2 , int y2 ) {"
202,male,1960563205,line 3,148,"public Rectangle ( int x1 , int y1 , int x2 , int y2 ) {"
202,male,1960691148,line 3,124,"public Rectangle ( int x1 , int y1 , int x2 , int y2 ) {"
202,male,1960759153,line 2,64,"private int x1 , y1 , x2 , y2 ;"
202,male,1960899152,line 3,88,"public Rectangle ( int x1 , int y1 , int x2 , int y2 ) {"
202,male,1961095145,line 3,192,"public Rectangle ( int x1 , int y1 , int x2 , int y2 ) {"
202,male,1961231137,line 3,132,"public Rectangle ( int x1 , int y1 , int x2 , int y2 ) {"
202,male,1961295135,line 3,60,"public Rectangle ( int x1 , int y1 , int x2 , int y2 ) {"
202,male,1961387150,line 3,88,"public Rectangle ( int x1 , int y1 , int x2 , int y2 ) {"
202,male,1961603163,line 3,176,"public Rectangle ( int x1 , int y1 , int x2 , int y2 ) {"
202,male,1962035056,line 4,68,this.x1 = x1 ;
202,male,1963579004,line 14,116,System.out.println ( rect1.area ( ) ) ;
202,male,1963714875,line 14,132,System.out.println ( rect1.area ( ) ) ;
202,male,1963794800,line 14,76,System.out.println ( rect1.area ( ) ) ;
202,male,1964338857,line 14,132,System.out.println ( rect1.area ( ) ) ;
202,male,1964518846,line 14,96,System.out.println ( rect1.area ( ) ) ;
202,male,1964618841,line 14,88,System.out.println ( rect1.area ( ) ) ;
202,male,1964746839,line 14,76,System.out.println ( rect1.area ( ) ) ;
202,male,1964806841,line 14,56,System.out.println ( rect1.area ( ) ) ;
202,male,1964954861,line 14,144,System.out.println ( rect1.area ( ) ) ;
202,male,1965018869,line 14,60,System.out.println ( rect1.area ( ) ) ;
202,male,1965102848,line 14,72,System.out.println ( rect1.area ( ) ) ;
202,male,1965298721,line 15,96,"Rectangle rect2 = new Rectangle ( 5 , 5 , 10 , 10 ) ;"
202,male,1965418707,line 14,80,System.out.println ( rect1.area ( ) ) ;
202,male,1965654687,line 14,72,System.out.println ( rect1.area ( ) ) ;
202,male,1965814717,line 14,72,System.out.println ( rect1.area ( ) ) ;
202,male,1966042744,line 14,192,System.out.println ( rect1.area ( ) ) ;
202,male,1966162777,line 14,96,System.out.println ( rect1.area ( ) ) ;
202,male,1966350779,line 14,184,System.out.println ( rect1.area ( ) ) ;
202,male,1967166596,line 15,80,"Rectangle rect2 = new Rectangle ( 5 , 5 , 10 , 10 ) ;"
202,male,1967286613,line 15,76,"Rectangle rect2 = new Rectangle ( 5 , 5 , 10 , 10 ) ;"
202,male,1967446606,line 15,156,"Rectangle rect2 = new Rectangle ( 5 , 5 , 10 , 10 ) ;"
202,male,1968162649,line 15,148,"Rectangle rect2 = new Rectangle ( 5 , 5 , 10 , 10 ) ;"
202,male,1968338516,line 15,100,"Rectangle rect2 = new Rectangle ( 5 , 5 , 10 , 10 ) ;"
202,male,1968726472,line 16,64,System.out.println ( rect2.area ( ) ) ;
202,male,1969018439,line 16,136,System.out.println ( rect2.area ( ) ) ;
203,male,14807205886,line 4,76,this.x1 = x1 ;
203,male,14808105811,line 1,112,public class Rectangle {
203,male,14808289789,line 2,128,"private int x1 , y1 , x2 , y2 ;"
203,male,14808465735,line 2,100,"private int x1 , y1 , x2 , y2 ;"
203,male,14808689474,line 3,148,"public Rectangle ( int x1 , int y1 , int x2 , int y2 ) {"
203,male,14808821196,line 3,124,"public Rectangle ( int x1 , int y1 , int x2 , int y2 ) {"
203,male,14809033658,line 3,152,"public Rectangle ( int x1 , int y1 , int x2 , int y2 ) {"
203,male,14809261506,line 3,88,"public Rectangle ( int x1 , int y1 , int x2 , int y2 ) {"
203,male,14809477494,line 2,76,"private int x1 , y1 , x2 , y2 ;"
203,male,14809629626,line 2,148,"private int x1 , y1 , x2 , y2 ;"
203,male,14809745592,line 4,60,this.x1 = x1 ;
203,male,14810013626,line 3,64,"public Rectangle ( int x1 , int y1 , int x2 , int y2 ) {"
203,male,14810161617,line 4,64,this.x1 = x1 ;
203,male,14810361638,line 3,88,"public Rectangle ( int x1 , int y1 , int x2 , int y2 ) {"
203,male,14810541781,line 4,80,this.x1 = x1 ;
203,male,14810625814,line 4,80,this.x1 = x1 ;
203,male,14810865599,line 4,68,this.x1 = x1 ;
203,male,14811093373,line 4,100,this.x1 = x1 ;
203,male,14811157439,line 4,60,this.x1 = x1 ;
203,male,14811261521,line 4,100,this.x1 = x1 ;
203,male,14811465488,line 5,160,this.y1 = y1 ;
203,male,14811533460,line 5,64,this.y1 = y1 ;
203,male,14812057521,line 11,72,public double area ( ) { return this.width ( ) * this.height ( ) ; }
203,male,14812257505,line 10,64,public int height ( ) { return this.y2 - this.y1 ; }
203,male,14812457469,line 9,124,public int width ( ) { return this.x2 - this.x1 ; }
203,male,14812517419,line 9,56,public int width ( ) { return this.x2 - this.x1 ; }
203,male,14812801307,line 9,128,public int width ( ) { return this.x2 - this.x1 ; }
203,male,14812933339,line 9,60,public int width ( ) { return this.x2 - this.x1 ; }
203,male,14813145385,line 9,56,public int width ( ) { return this.x2 - this.x1 ; }
203,male,14813417346,line 9,56,public int width ( ) { return this.x2 - this.x1 ; }
203,male,14813541345,line 9,60,public int width ( ) { return this.x2 - this.x1 ; }
203,male,14813693337,line 10,60,public int height ( ) { return this.y2 - this.y1 ; }
203,male,14813857370,line 9,72,public int width ( ) { return this.x2 - this.x1 ; }
203,male,14813933365,line 9,72,public int width ( ) { return this.x2 - this.x1 ; }
203,male,14814117142,line 9,84,public int width ( ) { return this.x2 - this.x1 ; }
203,male,14814245142,line 9,124,public int width ( ) { return this.x2 - this.x1 ; }
203,male,14814448935,line 9,68,public int width ( ) { return this.x2 - this.x1 ; }
203,male,14814548823,line 9,96,public int width ( ) { return this.x2 - this.x1 ; }
203,male,14814793159,line 10,128,public int height ( ) { return this.y2 - this.y1 ; }
203,male,14815353210,line 10,84,public int height ( ) { return this.y2 - this.y1 ; }
203,male,14815489247,line 10,132,public int height ( ) { return this.y2 - this.y1 ; }
203,male,14815649151,line 9,84,public int width ( ) { return this.x2 - this.x1 ; }
203,male,14815792989,line 9,140,public int width ( ) { return this.x2 - this.x1 ; }
203,male,14815897010,line 9,100,public int width ( ) { return this.x2 - this.x1 ; }
203,male,14816077060,line 11,92,public double area ( ) { return this.width ( ) * this.height ( ) ; }
203,male,14816233098,line 9,64,public int width ( ) { return this.x2 - this.x1 ; }
203,male,14816413123,line 9,76,public int width ( ) { return this.x2 - this.x1 ; }
203,male,14817245151,line 9,64,public int width ( ) { return this.x2 - this.x1 ; }
203,male,14817552933,line 9,88,public int width ( ) { return this.x2 - this.x1 ; }
203,male,14818425058,line 7,56,this.y2 = y2 ;
203,male,14818512983,line 7,84,this.y2 = y2 ;
203,male,14818868645,line 2,96,"private int x1 , y1 , x2 , y2 ;"
203,male,14819044819,line 2,56,"private int x1 , y1 , x2 , y2 ;"
203,male,14819232821,line 1,132,public class Rectangle {
203,male,14820780711,line 10,64,public int height ( ) { return this.y2 - this.y1 ; }
203,male,14821460716,line 9,64,public int width ( ) { return this.x2 - this.x1 ; }
203,male,14821764641,line 10,56,public int height ( ) { return this.y2 - this.y1 ; }
203,male,14821860616,line 9,88,public int width ( ) { return this.x2 - this.x1 ; }
203,male,14822276452,line 12,140,public static void main ( String [ ] args ) {
203,male,14822336554,line 12,56,public static void main ( String [ ] args ) {
203,male,14822400671,line 12,60,public static void main ( String [ ] args ) {
203,male,14822836504,line 11,96,public double area ( ) { return this.width ( ) * this.height ( ) ; }
203,male,14822944505,line 11,68,public double area ( ) { return this.width ( ) * this.height ( ) ; }
203,male,14823100639,line 11,64,public double area ( ) { return this.width ( ) * this.height ( ) ; }
203,male,14823228969,line 11,124,public double area ( ) { return this.width ( ) * this.height ( ) ; }
203,male,14823288961,line 11,56,public double area ( ) { return this.width ( ) * this.height ( ) ; }
203,male,14823700353,line 11,76,public double area ( ) { return this.width ( ) * this.height ( ) ; }
203,male,14823760389,line 10,56,public int height ( ) { return this.y2 - this.y1 ; }
203,male,14824328452,line 10,80,public int height ( ) { return this.y2 - this.y1 ; }
203,male,14824564509,line 10,56,public int height ( ) { return this.y2 - this.y1 ; }
203,male,14825468335,line 10,64,public int height ( ) { return this.y2 - this.y1 ; }
203,male,14828240028,line 9,88,public int width ( ) { return this.x2 - this.x1 ; }
203,male,14829687950,line 9,68,public int width ( ) { return this.x2 - this.x1 ; }
203,male,14829839719,line 10,60,public int height ( ) { return this.y2 - this.y1 ; }
203,male,14829967856,line 10,80,public int height ( ) { return this.y2 - this.y1 ; }
203,male,14830087926,line 9,72,public int width ( ) { return this.x2 - this.x1 ; }
203,male,14830191925,line 9,100,public int width ( ) { return this.x2 - this.x1 ; }
203,male,14830255919,line 9,60,public int width ( ) { return this.x2 - this.x1 ; }
203,male,14831091896,line 7,152,this.y2 = y2 ;
203,male,14831183881,line 7,88,this.y2 = y2 ;
203,male,14831259845,line 7,72,this.y2 = y2 ;
203,male,14842007038,line 1,60,public class Rectangle {
203,male,14842210635,line 2,92,"private int x1 , y1 , x2 , y2 ;"
203,male,14842498615,line 4,60,this.x1 = x1 ;
203,male,14842702768,line 3,68,"public Rectangle ( int x1 , int y1 , int x2 , int y2 ) {"
203,male,14842866832,line 4,64,this.x1 = x1 ;
203,male,14843022824,line 3,72,"public Rectangle ( int x1 , int y1 , int x2 , int y2 ) {"
203,male,14843246847,line 4,76,this.x1 = x1 ;
203,male,14843530764,line 9,80,public int width ( ) { return this.x2 - this.x1 ; }
203,male,14845042925,line 2,112,"private int x1 , y1 , x2 , y2 ;"
203,male,14845710591,line 10,68,public int height ( ) { return this.y2 - this.y1 ; }
203,male,14846894560,line 9,72,public int width ( ) { return this.x2 - this.x1 ; }
203,male,14847118523,line 9,92,public int width ( ) { return this.x2 - this.x1 ; }
203,male,14847854444,line 10,64,public int height ( ) { return this.y2 - this.y1 ; }
203,male,14848070531,line 4,148,this.x1 = x1 ;
203,male,14848178467,line 4,104,this.x1 = x1 ;
204,female,6132703510,line 4,68,this.x1 = x1 ;
204,female,6135335345,line 5,72,this.y1 = y1 ;
204,female,6135419345,line 5,72,this.y1 = y1 ;
204,female,6136015307,line 5,56,this.y1 = y1 ;
204,female,6136095310,line 5,68,this.y1 = y1 ;
204,female,6136395318,line 5,76,this.y1 = y1 ;
