participant_id,gender,timestamp,aoi_name,duration,aoi_token
1,male,1020767309,line 7,84,this.topSpeed = tp ;
1,male,1020867339,line 6,96,this.type = t ;
1,male,1023355043,line 1,60,public class Vehicle {
1,male,1023467040,line 1,108,public class Vehicle {
1,male,1024710911,line 1,96,public class Vehicle {
1,male,1024818917,line 1,104,public class Vehicle {
1,male,1025130969,line 1,72,public class Vehicle {
1,male,1025358970,line 2,76,"String producer , type ;"
1,male,1025426988,line 2,64,"String producer , type ;"
1,male,1025506932,line 2,76,"String producer , type ;"
1,male,1025922763,line 2,72,"String producer , type ;"
1,male,1025994771,line 2,68,"String producer , type ;"
1,male,1026366836,line 3,72,"int topSpeed , currentSpeed ;"
1,male,1026554867,line 3,184,"int topSpeed , currentSpeed ;"
1,male,1028206661,line 4,140,"public Vehicle ( String p , String t , int tp ) {"
1,male,1028818715,line 3,92,"int topSpeed , currentSpeed ;"
1,male,1028942643,line 3,120,"int topSpeed , currentSpeed ;"
1,male,1029382519,line 4,84,"public Vehicle ( String p , String t , int tp ) {"
1,male,1029570527,line 4,128,"public Vehicle ( String p , String t , int tp ) {"
1,male,1030286521,line 5,132,this.producer = p ;
1,male,1030470518,line 5,180,this.producer = p ;
1,male,1031330449,line 8,68,this.currentSpeed = 0 ;
1,male,1031470421,line 7,112,this.topSpeed = tp ;
1,male,1031594431,line 7,120,this.topSpeed = tp ;
1,male,1034114203,line 10,68,public int accelerate ( int kmh ) {
1,male,1034270144,line 10,152,public int accelerate ( int kmh ) {
1,male,1034454144,line 10,56,public int accelerate ( int kmh ) {
1,male,1035022168,line 10,100,public int accelerate ( int kmh ) {
1,male,1036174043,line 11,64,if ( ( this.currentSpeed + kmh ) > this.topSpeed ) {
1,male,1036266043,line 11,88,if ( ( this.currentSpeed + kmh ) > this.topSpeed ) {
1,male,1036442033,line 10,68,public int accelerate ( int kmh ) {
1,male,1036846004,line 10,60,public int accelerate ( int kmh ) {
1,male,1036937961,line 10,88,public int accelerate ( int kmh ) {
1,male,1038313911,line 10,64,public int accelerate ( int kmh ) {
1,male,1038397724,line 10,80,public int accelerate ( int kmh ) {
1,male,1039381781,line 10,136,public int accelerate ( int kmh ) {
1,male,1039449782,line 10,64,public int accelerate ( int kmh ) {
1,male,1039813776,line 10,68,public int accelerate ( int kmh ) {
1,male,1039905778,line 10,80,public int accelerate ( int kmh ) {
1,male,1041969578,line 11,68,if ( ( this.currentSpeed + kmh ) > this.topSpeed ) {
1,male,1042481499,line 11,140,if ( ( this.currentSpeed + kmh ) > this.topSpeed ) {
1,male,1042621514,line 11,68,if ( ( this.currentSpeed + kmh ) > this.topSpeed ) {
1,male,1042693516,line 10,68,public int accelerate ( int kmh ) {
1,male,1042781500,line 10,76,public int accelerate ( int kmh ) {
1,male,1043269275,line 10,104,public int accelerate ( int kmh ) {
1,male,1043381310,line 11,108,if ( ( this.currentSpeed + kmh ) > this.topSpeed ) {
1,male,1044745180,line 10,100,public int accelerate ( int kmh ) {
1,male,1044905134,line 10,108,public int accelerate ( int kmh ) {
1,male,1046005236,line 10,92,public int accelerate ( int kmh ) {
1,male,1047573121,line 12,76,this.currentSpeed = this.topSpeed ;
1,male,1047685090,line 12,84,this.currentSpeed = this.topSpeed ;
1,male,1048697006,line 12,152,this.currentSpeed = this.topSpeed ;
1,male,1049388485,line 12,80,this.currentSpeed = this.topSpeed ;
1,male,1049524615,line 12,72,this.currentSpeed = this.topSpeed ;
1,male,1049680792,line 12,152,this.currentSpeed = this.topSpeed ;
1,male,1050456809,line 10,60,public int accelerate ( int kmh ) {
1,male,1050532828,line 10,72,public int accelerate ( int kmh ) {
1,male,1050648993,line 10,80,public int accelerate ( int kmh ) {
1,male,1050924887,line 10,160,public int accelerate ( int kmh ) {
1,male,1051068734,line 10,140,public int accelerate ( int kmh ) {
1,male,1053192290,line 11,112,if ( ( this.currentSpeed + kmh ) > this.topSpeed ) {
1,male,1053416482,line 11,172,if ( ( this.currentSpeed + kmh ) > this.topSpeed ) {
1,male,1054308373,line 12,56,this.currentSpeed = this.topSpeed ;
1,male,1057104360,line 11,84,if ( ( this.currentSpeed + kmh ) > this.topSpeed ) {
1,male,1057220266,line 11,112,if ( ( this.currentSpeed + kmh ) > this.topSpeed ) {
1,male,1057308197,line 11,84,if ( ( this.currentSpeed + kmh ) > this.topSpeed ) {
1,male,1057620210,line 12,76,this.currentSpeed = this.topSpeed ;
1,male,1057752188,line 10,56,public int accelerate ( int kmh ) {
1,male,1057848147,line 10,92,public int accelerate ( int kmh ) {
1,male,1057960139,line 11,56,if ( ( this.currentSpeed + kmh ) > this.topSpeed ) {
1,male,1058116181,line 11,152,if ( ( this.currentSpeed + kmh ) > this.topSpeed ) {
1,male,1058472164,line 12,84,this.currentSpeed = this.topSpeed ;
1,male,1058568168,line 12,92,this.currentSpeed = this.topSpeed ;
1,male,1059324037,line 14,60,this.currentSpeed = this.currentSpeed + kmh ;
1,male,1059727953,line 14,60,this.currentSpeed = this.currentSpeed + kmh ;
1,male,1059819956,line 14,84,this.currentSpeed = this.currentSpeed + kmh ;
1,male,1061423733,line 11,56,if ( ( this.currentSpeed + kmh ) > this.topSpeed ) {
1,male,1062110440,line 11,56,if ( ( this.currentSpeed + kmh ) > this.topSpeed ) {
1,male,1062174440,line 11,60,if ( ( this.currentSpeed + kmh ) > this.topSpeed ) {
1,male,1062710442,line 11,64,if ( ( this.currentSpeed + kmh ) > this.topSpeed ) {
1,male,1062886396,line 10,128,public int accelerate ( int kmh ) {
1,male,1064170316,line 10,124,public int accelerate ( int kmh ) {
1,male,1065598136,line 11,112,if ( ( this.currentSpeed + kmh ) > this.topSpeed ) {
1,male,1065698141,line 11,96,if ( ( this.currentSpeed + kmh ) > this.topSpeed ) {
1,male,1065862157,line 11,124,if ( ( this.currentSpeed + kmh ) > this.topSpeed ) {
1,male,1066013905,line 11,68,if ( ( this.currentSpeed + kmh ) > this.topSpeed ) {
1,male,1066242012,line 11,168,if ( ( this.currentSpeed + kmh ) > this.topSpeed ) {
1,male,1066810007,line 11,100,if ( ( this.currentSpeed + kmh ) > this.topSpeed ) {
1,male,1066954070,line 11,140,if ( ( this.currentSpeed + kmh ) > this.topSpeed ) {
1,male,1067166062,line 11,196,if ( ( this.currentSpeed + kmh ) > this.topSpeed ) {
1,male,1067418016,line 10,80,public int accelerate ( int kmh ) {
1,male,1067861921,line 11,76,if ( ( this.currentSpeed + kmh ) > this.topSpeed ) {
1,male,1068101949,line 11,236,if ( ( this.currentSpeed + kmh ) > this.topSpeed ) {
1,male,1068509876,line 10,68,public int accelerate ( int kmh ) {
1,male,1068617881,line 11,104,if ( ( this.currentSpeed + kmh ) > this.topSpeed ) {
1,male,1069305809,line 12,68,this.currentSpeed = this.topSpeed ;
1,male,1069437807,line 12,96,this.currentSpeed = this.topSpeed ;
1,male,1069757751,line 12,72,this.currentSpeed = this.topSpeed ;
1,male,1070701567,line 14,80,this.currentSpeed = this.currentSpeed + kmh ;
1,male,1074397445,line 18,64,public static void main ( String args [ ] ) {
1,male,1074889233,line 18,64,public static void main ( String args [ ] ) {
1,male,1075541147,line 18,56,public static void main ( String args [ ] ) {
1,male,1075757250,line 18,100,public static void main ( String args [ ] ) {
1,male,1075825260,line 18,64,public static void main ( String args [ ] ) {
1,male,1075949253,line 18,120,public static void main ( String args [ ] ) {
1,male,1076561395,line 19,144,"Vehicle v = new Vehicle ( ""Audi"" , ""A6"" , 200 ) ;"
1,male,1077721106,line 19,68,"Vehicle v = new Vehicle ( ""Audi"" , ""A6"" , 200 ) ;"
1,male,1077821123,line 19,84,"Vehicle v = new Vehicle ( ""Audi"" , ""A6"" , 200 ) ;"
1,male,1081040867,line 19,76,"Vehicle v = new Vehicle ( ""Audi"" , ""A6"" , 200 ) ;"
1,male,1081376864,line 18,212,public static void main ( String args [ ] ) {
1,male,1083476608,line 4,80,"public Vehicle ( String p , String t , int tp ) {"
1,male,1083584589,line 4,104,"public Vehicle ( String p , String t , int tp ) {"
1,male,1084092799,line 4,84,"public Vehicle ( String p , String t , int tp ) {"
1,male,1085600435,line 5,164,this.producer = p ;
1,male,1085708459,line 5,56,this.producer = p ;
1,male,1085792481,line 5,80,this.producer = p ;
1,male,1085896471,line 5,100,this.producer = p ;
1,male,1086220375,line 6,112,this.type = t ;
1,male,1086344267,line 6,120,this.type = t ;
1,male,1086968282,line 7,176,this.topSpeed = tp ;
1,male,1089208246,line 20,140,v.accelerate ( 10 ) ;
1,male,1089296304,line 20,84,v.accelerate ( 10 ) ;
1,male,1089436118,line 20,128,v.accelerate ( 10 ) ;
1,male,1090528040,line 11,88,if ( ( this.currentSpeed + kmh ) > this.topSpeed ) {
1,male,1090632071,line 11,56,if ( ( this.currentSpeed + kmh ) > this.topSpeed ) {
1,male,1092503848,line 4,72,"public Vehicle ( String p , String t , int tp ) {"
1,male,1092563812,line 4,56,"public Vehicle ( String p , String t , int tp ) {"
1,male,1092699766,line 5,132,this.producer = p ;
1,male,1093203745,line 7,76,this.topSpeed = tp ;
1,male,1093351784,line 7,84,this.topSpeed = tp ;
1,male,1093467889,line 7,112,this.topSpeed = tp ;
1,male,1093547916,line 7,76,this.topSpeed = tp ;
1,male,1093739852,line 7,188,this.topSpeed = tp ;
1,male,1093819790,line 7,76,this.topSpeed = tp ;
1,male,1094083763,line 7,72,this.topSpeed = tp ;
1,male,1094275672,line 7,72,this.topSpeed = tp ;
1,male,1094455660,line 8,56,this.currentSpeed = 0 ;
1,male,1094607825,line 8,148,this.currentSpeed = 0 ;
1,male,1095507638,line 10,120,public int accelerate ( int kmh ) {
1,male,1095595631,line 10,84,public int accelerate ( int kmh ) {
1,male,1095819371,line 10,152,public int accelerate ( int kmh ) {
1,male,1096495479,line 19,56,"Vehicle v = new Vehicle ( ""Audi"" , ""A6"" , 200 ) ;"
1,male,1096619549,line 19,120,"Vehicle v = new Vehicle ( ""Audi"" , ""A6"" , 200 ) ;"
6,male,2831027173,line 7,68,this.topSpeed = tp ;
6,male,2831091160,line 7,60,this.topSpeed = tp ;
6,male,2831155155,line 7,60,this.topSpeed = tp ;
6,male,2831439217,line 1,88,public class Vehicle {
6,male,2832543099,line 1,80,public class Vehicle {
6,male,2832767088,line 1,92,public class Vehicle {
6,male,2834042819,line 1,124,public class Vehicle {
6,male,2834434900,line 1,136,public class Vehicle {
6,male,2834754905,line 1,112,public class Vehicle {
6,male,2834878835,line 1,120,public class Vehicle {
6,male,2835042992,line 1,124,public class Vehicle {
6,male,2835107065,line 1,60,public class Vehicle {
6,male,2835314975,line 1,204,public class Vehicle {
6,male,2835398890,line 1,80,public class Vehicle {
6,male,2836314615,line 1,88,public class Vehicle {
6,male,2836594658,line 1,96,public class Vehicle {
6,male,2836722721,line 1,124,public class Vehicle {
6,male,2836802730,line 1,76,public class Vehicle {
6,male,2837114711,line 1,56,public class Vehicle {
6,male,2838066307,line 2,128,"String producer , type ;"
6,male,2838246487,line 2,104,"String producer , type ;"
6,male,2838458812,line 2,56,"String producer , type ;"
6,male,2838570893,line 2,56,"String producer , type ;"
6,male,2838738775,line 2,100,"String producer , type ;"
6,male,2839246553,line 2,76,"String producer , type ;"
6,male,2839442526,line 1,104,public class Vehicle {
6,male,2839734450,line 1,92,public class Vehicle {
6,male,2839862401,line 1,124,public class Vehicle {
6,male,2840182480,line 1,244,public class Vehicle {
6,male,2840250479,line 1,64,public class Vehicle {
6,male,2840394120,line 1,76,public class Vehicle {
6,male,2841314213,line 3,64,"int topSpeed , currentSpeed ;"
6,male,2841502278,line 3,132,"int topSpeed , currentSpeed ;"
6,male,2841774254,line 3,188,"int topSpeed , currentSpeed ;"
6,male,2841942280,line 3,92,"int topSpeed , currentSpeed ;"
6,male,2842050303,line 3,104,"int topSpeed , currentSpeed ;"
6,male,2842134313,line 3,60,"int topSpeed , currentSpeed ;"
6,male,2842258324,line 3,76,"int topSpeed , currentSpeed ;"
6,male,2842342324,line 3,80,"int topSpeed , currentSpeed ;"
6,male,2842418328,line 3,72,"int topSpeed , currentSpeed ;"
6,male,2842514276,line 3,60,"int topSpeed , currentSpeed ;"
6,male,2842686088,line 3,168,"int topSpeed , currentSpeed ;"
6,male,2842794178,line 3,104,"int topSpeed , currentSpeed ;"
6,male,2846077905,line 3,76,"int topSpeed , currentSpeed ;"
6,male,2846293856,line 3,72,"int topSpeed , currentSpeed ;"
6,male,2846485866,line 3,84,"int topSpeed , currentSpeed ;"
6,male,2846585868,line 1,68,public class Vehicle {
6,male,2846681873,line 1,92,public class Vehicle {
6,male,2847049891,line 1,124,public class Vehicle {
6,male,2847285741,line 3,64,"int topSpeed , currentSpeed ;"
6,male,2848245718,line 1,156,public class Vehicle {
6,male,2848509714,line 2,72,"String producer , type ;"
6,male,2848669717,line 2,156,"String producer , type ;"
6,male,2848737708,line 2,64,"String producer , type ;"
6,male,2850185631,line 2,84,"String producer , type ;"
6,male,2850249645,line 2,60,"String producer , type ;"
6,male,2850337906,line 2,84,"String producer , type ;"
6,male,2850454232,line 2,72,"String producer , type ;"
6,male,2851253502,line 2,72,"String producer , type ;"
6,male,2851361556,line 2,104,"String producer , type ;"
6,male,2851477575,line 2,60,"String producer , type ;"
6,male,2851645387,line 2,84,"String producer , type ;"
6,male,2851809382,line 2,108,"String producer , type ;"
6,male,2851913316,line 2,100,"String producer , type ;"
6,male,2852589365,line 3,124,"int topSpeed , currentSpeed ;"
6,male,2852825355,line 4,80,"public Vehicle ( String p , String t , int tp ) {"
6,male,2853037352,line 4,76,"public Vehicle ( String p , String t , int tp ) {"
6,male,2853117344,line 4,76,"public Vehicle ( String p , String t , int tp ) {"
6,male,2853229315,line 4,56,"public Vehicle ( String p , String t , int tp ) {"
6,male,2853305296,line 4,72,"public Vehicle ( String p , String t , int tp ) {"
6,male,2853397287,line 4,88,"public Vehicle ( String p , String t , int tp ) {"
6,male,2853553240,line 4,56,"public Vehicle ( String p , String t , int tp ) {"
6,male,2853809510,line 4,100,"public Vehicle ( String p , String t , int tp ) {"
6,male,2853993559,line 4,128,"public Vehicle ( String p , String t , int tp ) {"
6,male,2854069442,line 4,72,"public Vehicle ( String p , String t , int tp ) {"
6,male,2854189317,line 5,64,this.producer = p ;
6,male,2854389229,line 5,196,this.producer = p ;
6,male,2854904948,line 6,108,this.type = t ;
6,male,2855160922,line 7,64,this.topSpeed = tp ;
6,male,2855425103,line 8,64,this.currentSpeed = 0 ;
6,male,2855725154,line 8,72,this.currentSpeed = 0 ;
6,male,2855964988,line 7,56,this.topSpeed = tp ;
6,male,2856397044,line 7,72,this.topSpeed = tp ;
6,male,2856569062,line 7,56,this.topSpeed = tp ;
6,male,2857184967,line 7,92,this.topSpeed = tp ;
6,male,2857268991,line 7,80,this.topSpeed = tp ;
6,male,2857445023,line 7,92,this.topSpeed = tp ;
6,male,2858033422,line 8,56,this.currentSpeed = 0 ;
6,male,2858888833,line 8,68,this.currentSpeed = 0 ;
6,male,2859792489,line 10,76,public int accelerate ( int kmh ) {
6,male,2859964549,line 11,80,if ( ( this.currentSpeed + kmh ) > this.topSpeed ) {
6,male,2860104707,line 11,60,if ( ( this.currentSpeed + kmh ) > this.topSpeed ) {
6,male,2860244722,line 11,64,if ( ( this.currentSpeed + kmh ) > this.topSpeed ) {
6,male,2860312711,line 11,64,if ( ( this.currentSpeed + kmh ) > this.topSpeed ) {
6,male,2860508657,line 10,60,public int accelerate ( int kmh ) {
6,male,2860960673,line 11,76,if ( ( this.currentSpeed + kmh ) > this.topSpeed ) {
6,male,2861064622,line 11,100,if ( ( this.currentSpeed + kmh ) > this.topSpeed ) {
6,male,2861220663,line 11,112,if ( ( this.currentSpeed + kmh ) > this.topSpeed ) {
6,male,2861284627,line 11,60,if ( ( this.currentSpeed + kmh ) > this.topSpeed ) {
6,male,2861528418,line 11,76,if ( ( this.currentSpeed + kmh ) > this.topSpeed ) {
6,male,2861696533,line 11,80,if ( ( this.currentSpeed + kmh ) > this.topSpeed ) {
6,male,2861768565,line 11,68,if ( ( this.currentSpeed + kmh ) > this.topSpeed ) {
6,male,2861896615,line 11,60,if ( ( this.currentSpeed + kmh ) > this.topSpeed ) {
6,male,2862100681,line 11,56,if ( ( this.currentSpeed + kmh ) > this.topSpeed ) {
6,male,2862204626,line 11,64,if ( ( this.currentSpeed + kmh ) > this.topSpeed ) {
6,male,2862352593,line 10,84,public int accelerate ( int kmh ) {
6,male,2862476592,line 10,120,public int accelerate ( int kmh ) {
6,male,2862720530,line 11,76,if ( ( this.currentSpeed + kmh ) > this.topSpeed ) {
6,male,2862868489,line 11,92,if ( ( this.currentSpeed + kmh ) > this.topSpeed ) {
6,male,2863008401,line 12,56,this.currentSpeed = this.topSpeed ;
6,male,2863148374,line 12,80,this.currentSpeed = this.topSpeed ;
6,male,2863220374,line 12,68,this.currentSpeed = this.topSpeed ;
6,male,2863392362,line 12,112,this.currentSpeed = this.topSpeed ;
6,male,2864056411,line 12,112,this.currentSpeed = this.topSpeed ;
6,male,2864256423,line 12,152,this.currentSpeed = this.topSpeed ;
6,male,2864456250,line 11,60,if ( ( this.currentSpeed + kmh ) > this.topSpeed ) {
6,male,2864588163,line 12,128,this.currentSpeed = this.topSpeed ;
6,male,2864804398,line 11,128,if ( ( this.currentSpeed + kmh ) > this.topSpeed ) {
6,male,2864880483,line 11,72,if ( ( this.currentSpeed + kmh ) > this.topSpeed ) {
6,male,2864980538,line 11,96,if ( ( this.currentSpeed + kmh ) > this.topSpeed ) {
6,male,2865248231,line 12,60,this.currentSpeed = this.topSpeed ;
6,male,2865388233,line 12,92,this.currentSpeed = this.topSpeed ;
6,male,2865492260,line 12,56,this.currentSpeed = this.topSpeed ;
6,male,2865556276,line 12,60,this.currentSpeed = this.topSpeed ;
6,male,2865632331,line 12,72,this.currentSpeed = this.topSpeed ;
6,male,2865812332,line 12,92,this.currentSpeed = this.topSpeed ;
6,male,2865936262,line 12,68,this.currentSpeed = this.topSpeed ;
6,male,2866060097,line 12,76,this.currentSpeed = this.topSpeed ;
6,male,2866172058,line 12,56,this.currentSpeed = this.topSpeed ;
6,male,2866284116,line 12,68,this.currentSpeed = this.topSpeed ;
6,male,2866348132,line 12,60,this.currentSpeed = this.topSpeed ;
6,male,2866692149,line 12,76,this.currentSpeed = this.topSpeed ;
6,male,2866964175,line 11,128,if ( ( this.currentSpeed + kmh ) > this.topSpeed ) {
6,male,2867040160,line 12,72,this.currentSpeed = this.topSpeed ;
6,male,2867548078,line 10,76,public int accelerate ( int kmh ) {
6,male,2867836026,line 11,84,if ( ( this.currentSpeed + kmh ) > this.topSpeed ) {
6,male,2868056037,line 11,96,if ( ( this.currentSpeed + kmh ) > this.topSpeed ) {
6,male,2868588025,line 11,72,if ( ( this.currentSpeed + kmh ) > this.topSpeed ) {
6,male,2868704024,line 11,112,if ( ( this.currentSpeed + kmh ) > this.topSpeed ) {
6,male,2868828012,line 10,56,public int accelerate ( int kmh ) {
6,male,2869019989,line 10,76,public int accelerate ( int kmh ) {
6,male,2869275834,line 11,72,if ( ( this.currentSpeed + kmh ) > this.topSpeed ) {
6,male,2869755871,line 12,56,this.currentSpeed = this.topSpeed ;
6,male,2870163828,line 10,112,public int accelerate ( int kmh ) {
6,male,2870287813,line 10,88,public int accelerate ( int kmh ) {
6,male,2870431829,line 10,140,public int accelerate ( int kmh ) {
6,male,2870783543,line 12,112,this.currentSpeed = this.topSpeed ;
6,male,2870851472,line 12,64,this.currentSpeed = this.topSpeed ;
6,male,2871059767,line 12,72,this.currentSpeed = this.topSpeed ;
6,male,2871143767,line 12,56,this.currentSpeed = this.topSpeed ;
6,male,2871207767,line 12,60,this.currentSpeed = this.topSpeed ;
6,male,2871435728,line 10,60,public int accelerate ( int kmh ) {
6,male,2872387649,line 10,92,public int accelerate ( int kmh ) {
6,male,2872467616,line 10,76,public int accelerate ( int kmh ) {
6,male,2872671619,line 10,96,public int accelerate ( int kmh ) {
6,male,2872791635,line 10,116,public int accelerate ( int kmh ) {
6,male,2873075610,line 11,88,if ( ( this.currentSpeed + kmh ) > this.topSpeed ) {
6,male,2873155627,line 11,76,if ( ( this.currentSpeed + kmh ) > this.topSpeed ) {
6,male,2873247648,line 11,68,if ( ( this.currentSpeed + kmh ) > this.topSpeed ) {
6,male,2873907358,line 10,56,public int accelerate ( int kmh ) {
6,male,2874591733,line 2,76,"String producer , type ;"
6,male,2874919450,line 10,68,public int accelerate ( int kmh ) {
6,male,2875079506,line 10,76,public int accelerate ( int kmh ) {
6,male,2875335424,line 10,96,public int accelerate ( int kmh ) {
6,male,2875487226,line 11,92,if ( ( this.currentSpeed + kmh ) > this.topSpeed ) {
6,male,2875615275,line 10,124,public int accelerate ( int kmh ) {
6,male,2875727346,line 12,56,this.currentSpeed = this.topSpeed ;
6,male,2875899380,line 11,168,if ( ( this.currentSpeed + kmh ) > this.topSpeed ) {
6,male,2876131315,line 11,224,if ( ( this.currentSpeed + kmh ) > this.topSpeed ) {
6,male,2876239273,line 10,60,public int accelerate ( int kmh ) {
6,male,2876515303,line 10,176,public int accelerate ( int kmh ) {
6,male,2876751334,line 10,200,public int accelerate ( int kmh ) {
6,male,2876863353,line 10,64,public int accelerate ( int kmh ) {
6,male,2877047261,line 10,180,public int accelerate ( int kmh ) {
6,male,2877119251,line 10,68,public int accelerate ( int kmh ) {
6,male,2877299214,line 11,108,if ( ( this.currentSpeed + kmh ) > this.topSpeed ) {
6,male,2877523214,line 11,172,if ( ( this.currentSpeed + kmh ) > this.topSpeed ) {
6,male,2877763233,line 11,96,if ( ( this.currentSpeed + kmh ) > this.topSpeed ) {
6,male,2877831221,line 11,64,if ( ( this.currentSpeed + kmh ) > this.topSpeed ) {
6,male,2878075289,line 12,100,this.currentSpeed = this.topSpeed ;
6,male,2878251452,line 12,172,this.currentSpeed = this.topSpeed ;
6,male,2878535207,line 12,188,this.currentSpeed = this.topSpeed ;
6,male,2878615215,line 12,76,this.currentSpeed = this.topSpeed ;
6,male,2881810804,line 14,68,this.currentSpeed = this.currentSpeed + kmh ;
6,male,2881882823,line 14,68,this.currentSpeed = this.currentSpeed + kmh ;
6,male,2882571028,line 13,64,} else {
6,male,2882842865,line 13,60,} else {
6,male,2883218505,line 11,104,if ( ( this.currentSpeed + kmh ) > this.topSpeed ) {
6,male,2883434170,line 12,56,this.currentSpeed = this.topSpeed ;
6,male,2883886662,line 14,64,this.currentSpeed = this.currentSpeed + kmh ;
6,male,2885162573,line 11,148,if ( ( this.currentSpeed + kmh ) > this.topSpeed ) {
6,male,2885570493,line 11,60,if ( ( this.currentSpeed + kmh ) > this.topSpeed ) {
6,male,2885686502,line 11,56,if ( ( this.currentSpeed + kmh ) > this.topSpeed ) {
6,male,2885754521,line 11,64,if ( ( this.currentSpeed + kmh ) > this.topSpeed ) {
6,male,2886814421,line 11,88,if ( ( this.currentSpeed + kmh ) > this.topSpeed ) {
6,male,2886914390,line 11,96,if ( ( this.currentSpeed + kmh ) > this.topSpeed ) {
6,male,2887234369,line 12,92,this.currentSpeed = this.topSpeed ;
6,male,2887374389,line 12,96,this.currentSpeed = this.topSpeed ;
6,male,2887526401,line 12,68,this.currentSpeed = this.topSpeed ;
6,male,2887690411,line 12,108,this.currentSpeed = this.topSpeed ;
6,male,2888534358,line 12,112,this.currentSpeed = this.topSpeed ;
6,male,2888598372,line 12,60,this.currentSpeed = this.topSpeed ;
6,male,2888850243,line 11,60,if ( ( this.currentSpeed + kmh ) > this.topSpeed ) {
6,male,2889218266,line 12,64,this.currentSpeed = this.topSpeed ;
6,male,2889278287,line 12,56,this.currentSpeed = this.topSpeed ;
6,male,2889442374,line 12,104,this.currentSpeed = this.topSpeed ;
6,male,2889874226,line 11,92,if ( ( this.currentSpeed + kmh ) > this.topSpeed ) {
6,male,2892366032,line 12,68,this.currentSpeed = this.topSpeed ;
6,male,2894201823,line 12,164,this.currentSpeed = this.topSpeed ;
6,male,2894581835,line 12,76,this.currentSpeed = this.topSpeed ;
6,male,2896325550,line 18,68,public static void main ( String args [ ] ) {
6,male,2896745328,line 19,84,"Vehicle v = new Vehicle ( ""Audi"" , ""A6"" , 200 ) ;"
6,male,2896905344,line 19,104,"Vehicle v = new Vehicle ( ""Audi"" , ""A6"" , 200 ) ;"
6,male,2897033548,line 19,56,"Vehicle v = new Vehicle ( ""Audi"" , ""A6"" , 200 ) ;"
6,male,2897129624,line 19,92,"Vehicle v = new Vehicle ( ""Audi"" , ""A6"" , 200 ) ;"
6,male,2897261578,line 19,76,"Vehicle v = new Vehicle ( ""Audi"" , ""A6"" , 200 ) ;"
6,male,2897393378,line 19,100,"Vehicle v = new Vehicle ( ""Audi"" , ""A6"" , 200 ) ;"
6,male,2897821515,line 19,72,"Vehicle v = new Vehicle ( ""Audi"" , ""A6"" , 200 ) ;"
6,male,2898021498,line 20,140,v.accelerate ( 10 ) ;
6,male,2898121500,line 20,96,v.accelerate ( 10 ) ;
6,male,2898193505,line 20,68,v.accelerate ( 10 ) ;
6,male,2898277514,line 20,80,v.accelerate ( 10 ) ;
6,male,2898485526,line 20,132,v.accelerate ( 10 ) ;
6,male,2898669476,line 20,152,v.accelerate ( 10 ) ;
6,male,2899201427,line 19,192,"Vehicle v = new Vehicle ( ""Audi"" , ""A6"" , 200 ) ;"
6,male,2899389408,line 19,68,"Vehicle v = new Vehicle ( ""Audi"" , ""A6"" , 200 ) ;"
6,male,2901121423,line 19,232,"Vehicle v = new Vehicle ( ""Audi"" , ""A6"" , 200 ) ;"
6,male,2902501130,line 4,104,"public Vehicle ( String p , String t , int tp ) {"
6,male,2903085131,line 2,68,"String producer , type ;"
6,male,2903153114,line 2,64,"String producer , type ;"
6,male,2903321094,line 2,68,"String producer , type ;"
6,male,2903381102,line 2,56,"String producer , type ;"
6,male,2903469124,line 2,56,"String producer , type ;"
6,male,2903557084,line 2,84,"String producer , type ;"
6,male,2903749026,line 2,136,"String producer , type ;"
6,male,2903952954,line 2,108,"String producer , type ;"
6,male,2904040964,line 2,84,"String producer , type ;"
6,male,2904148968,line 2,96,"String producer , type ;"
6,male,2904224966,line 2,72,"String producer , type ;"
6,male,2908424580,line 11,152,if ( ( this.currentSpeed + kmh ) > this.topSpeed ) {
6,male,2908568539,line 11,88,if ( ( this.currentSpeed + kmh ) > this.topSpeed ) {
6,male,2908792566,line 11,80,if ( ( this.currentSpeed + kmh ) > this.topSpeed ) {
6,male,2909088561,line 11,96,if ( ( this.currentSpeed + kmh ) > this.topSpeed ) {
10,male,2494310919,line 10,72,public int accelerate ( int kmh ) {
10,male,2494506953,line 10,192,public int accelerate ( int kmh ) {
10,male,2494702876,line 2,124,"String producer , type ;"
10,male,2494810876,line 2,104,"String producer , type ;"
10,male,2494930885,line 2,112,"String producer , type ;"
10,male,2495346798,line 1,76,public class Vehicle {
10,male,2495542641,line 1,152,public class Vehicle {
10,male,2495614685,line 1,68,public class Vehicle {
10,male,2495842776,line 1,224,public class Vehicle {
10,male,2495998779,line 1,152,public class Vehicle {
10,male,2496098778,line 2,72,"String producer , type ;"
10,male,2496158770,line 2,56,"String producer , type ;"
10,male,2496454764,line 2,260,"String producer , type ;"
10,male,2496882702,line 2,120,"String producer , type ;"
10,male,2496966664,line 2,80,"String producer , type ;"
10,male,2497126471,line 2,124,"String producer , type ;"
10,male,2497322589,line 2,156,"String producer , type ;"
10,male,2497446612,line 3,80,"int topSpeed , currentSpeed ;"
10,male,2497522609,line 3,72,"int topSpeed , currentSpeed ;"
10,male,2497594612,line 3,68,"int topSpeed , currentSpeed ;"
10,male,2497834645,line 3,208,"int topSpeed , currentSpeed ;"
10,male,2498034701,line 3,196,"int topSpeed , currentSpeed ;"
10,male,2498266613,line 3,228,"int topSpeed , currentSpeed ;"
10,male,2498390550,line 3,120,"int topSpeed , currentSpeed ;"
10,male,2498654559,line 3,192,"int topSpeed , currentSpeed ;"
10,male,2499226484,line 3,124,"int topSpeed , currentSpeed ;"
10,male,2499394483,line 3,164,"int topSpeed , currentSpeed ;"
10,male,2499674862,line 3,100,"int topSpeed , currentSpeed ;"
10,male,2499834967,line 4,112,"public Vehicle ( String p , String t , int tp ) {"
10,male,2499974569,line 4,136,"public Vehicle ( String p , String t , int tp ) {"
10,male,2500146230,line 4,148,"public Vehicle ( String p , String t , int tp ) {"
10,male,2500554395,line 4,104,"public Vehicle ( String p , String t , int tp ) {"
10,male,2500826351,line 4,96,"public Vehicle ( String p , String t , int tp ) {"
10,male,2501110366,line 5,120,this.producer = p ;
10,male,2501230372,line 5,116,this.producer = p ;
10,male,2501698130,line 4,156,"public Vehicle ( String p , String t , int tp ) {"
10,male,2501862003,line 4,160,"public Vehicle ( String p , String t , int tp ) {"
10,male,2502018156,line 4,116,"public Vehicle ( String p , String t , int tp ) {"
10,male,2502106200,line 4,84,"public Vehicle ( String p , String t , int tp ) {"
10,male,2502170227,line 4,60,"public Vehicle ( String p , String t , int tp ) {"
10,male,2502314225,line 4,140,"public Vehicle ( String p , String t , int tp ) {"
10,male,2502470231,line 4,120,"public Vehicle ( String p , String t , int tp ) {"
10,male,2502562224,line 5,60,this.producer = p ;
10,male,2502714192,line 5,148,this.producer = p ;
10,male,2502846175,line 4,104,"public Vehicle ( String p , String t , int tp ) {"
10,male,2502926164,line 4,76,"public Vehicle ( String p , String t , int tp ) {"
10,male,2503238184,line 5,96,this.producer = p ;
10,male,2503438127,line 4,124,"public Vehicle ( String p , String t , int tp ) {"
10,male,2503590147,line 4,104,"public Vehicle ( String p , String t , int tp ) {"
10,male,2504190091,line 4,188,"public Vehicle ( String p , String t , int tp ) {"
10,male,2504378058,line 5,108,this.producer = p ;
10,male,2504466039,line 4,84,"public Vehicle ( String p , String t , int tp ) {"
10,male,2504530041,line 4,60,"public Vehicle ( String p , String t , int tp ) {"
10,male,2504690043,line 4,104,"public Vehicle ( String p , String t , int tp ) {"
10,male,2504861891,line 5,80,this.producer = p ;
10,male,2505313951,line 5,212,this.producer = p ;
10,male,2505701915,line 6,260,this.type = t ;
10,male,2505849933,line 6,116,this.type = t ;
10,male,2505929934,line 6,76,this.type = t ;
10,male,2506037928,line 6,104,this.type = t ;
10,male,2506173930,line 5,64,this.producer = p ;
10,male,2506361860,line 7,100,this.topSpeed = tp ;
10,male,2506561606,line 6,188,this.type = t ;
10,male,2506997891,line 7,108,this.topSpeed = tp ;
10,male,2507181895,line 7,180,this.topSpeed = tp ;
10,male,2507309844,line 7,100,this.topSpeed = tp ;
10,male,2507553815,line 7,240,this.topSpeed = tp ;
10,male,2507665721,line 10,56,public int accelerate ( int kmh ) {
10,male,2507781643,line 10,112,public int accelerate ( int kmh ) {
10,male,2507841657,line 10,56,public int accelerate ( int kmh ) {
10,male,2508013687,line 10,164,public int accelerate ( int kmh ) {
10,male,2508133672,line 10,84,public int accelerate ( int kmh ) {
10,male,2508301640,line 10,124,public int accelerate ( int kmh ) {
10,male,2508377624,line 10,72,public int accelerate ( int kmh ) {
10,male,2508673710,line 11,60,if ( ( this.currentSpeed + kmh ) > this.topSpeed ) {
10,male,2508753735,line 11,76,if ( ( this.currentSpeed + kmh ) > this.topSpeed ) {
10,male,2508837731,line 11,72,if ( ( this.currentSpeed + kmh ) > this.topSpeed ) {
10,male,2508985691,line 11,144,if ( ( this.currentSpeed + kmh ) > this.topSpeed ) {
10,male,2509233716,line 10,104,public int accelerate ( int kmh ) {
10,male,2509441626,line 11,76,if ( ( this.currentSpeed + kmh ) > this.topSpeed ) {
10,male,2509513513,line 11,68,if ( ( this.currentSpeed + kmh ) > this.topSpeed ) {
10,male,2509637431,line 11,104,if ( ( this.currentSpeed + kmh ) > this.topSpeed ) {
10,male,2509709494,line 11,68,if ( ( this.currentSpeed + kmh ) > this.topSpeed ) {
10,male,2509801559,line 11,88,if ( ( this.currentSpeed + kmh ) > this.topSpeed ) {
10,male,2509953545,line 11,148,if ( ( this.currentSpeed + kmh ) > this.topSpeed ) {
10,male,2510217573,line 11,168,if ( ( this.currentSpeed + kmh ) > this.topSpeed ) {
10,male,2510301576,line 11,80,if ( ( this.currentSpeed + kmh ) > this.topSpeed ) {
10,male,2510557537,line 12,100,this.currentSpeed = this.topSpeed ;
10,male,2510653534,line 12,92,this.currentSpeed = this.topSpeed ;
10,male,2510845546,line 10,112,public int accelerate ( int kmh ) {
10,male,2511009505,line 10,160,public int accelerate ( int kmh ) {
10,male,2511077384,line 10,64,public int accelerate ( int kmh ) {
10,male,2511149214,line 10,68,public int accelerate ( int kmh ) {
10,male,2511293188,line 10,140,public int accelerate ( int kmh ) {
10,male,2511401321,line 10,104,public int accelerate ( int kmh ) {
10,male,2511525425,line 10,120,public int accelerate ( int kmh ) {
10,male,2511633461,line 10,104,public int accelerate ( int kmh ) {
10,male,2511837393,line 11,88,if ( ( this.currentSpeed + kmh ) > this.topSpeed ) {
10,male,2511953375,line 11,112,if ( ( this.currentSpeed + kmh ) > this.topSpeed ) {
10,male,2512113398,line 11,156,if ( ( this.currentSpeed + kmh ) > this.topSpeed ) {
10,male,2512525476,line 12,204,this.currentSpeed = this.topSpeed ;
10,male,2512633484,line 11,64,if ( ( this.currentSpeed + kmh ) > this.topSpeed ) {
10,male,2512745364,line 11,104,if ( ( this.currentSpeed + kmh ) > this.topSpeed ) {
10,male,2512913330,line 11,140,if ( ( this.currentSpeed + kmh ) > this.topSpeed ) {
10,male,2513045357,line 11,128,if ( ( this.currentSpeed + kmh ) > this.topSpeed ) {
10,male,2513121353,line 11,64,if ( ( this.currentSpeed + kmh ) > this.topSpeed ) {
10,male,2513249345,line 11,124,if ( ( this.currentSpeed + kmh ) > this.topSpeed ) {
10,male,2513517318,line 11,232,if ( ( this.currentSpeed + kmh ) > this.topSpeed ) {
10,male,2514001324,line 11,72,if ( ( this.currentSpeed + kmh ) > this.topSpeed ) {
10,male,2514105332,line 11,96,if ( ( this.currentSpeed + kmh ) > this.topSpeed ) {
10,male,2514376954,line 11,172,if ( ( this.currentSpeed + kmh ) > this.topSpeed ) {
10,male,2514517135,line 11,108,if ( ( this.currentSpeed + kmh ) > this.topSpeed ) {
10,male,2514837165,line 11,64,if ( ( this.currentSpeed + kmh ) > this.topSpeed ) {
10,male,2515117248,line 12,140,this.currentSpeed = this.topSpeed ;
10,male,2515593155,line 12,84,this.currentSpeed = this.topSpeed ;
10,male,2515741076,line 12,144,this.currentSpeed = this.topSpeed ;
10,male,2516073063,line 12,80,this.currentSpeed = this.topSpeed ;
10,male,2516285069,line 12,208,this.currentSpeed = this.topSpeed ;
10,male,2516389065,line 12,100,this.currentSpeed = this.topSpeed ;
10,male,2516660837,line 12,104,this.currentSpeed = this.topSpeed ;
10,male,2517096759,line 14,172,this.currentSpeed = this.currentSpeed + kmh ;
10,male,2517540841,line 14,96,this.currentSpeed = this.currentSpeed + kmh ;
10,male,2519580774,line 16,72,return this.currentSpeed ;
10,male,2519864784,line 11,216,if ( ( this.currentSpeed + kmh ) > this.topSpeed ) {
10,male,2520096801,line 11,168,if ( ( this.currentSpeed + kmh ) > this.topSpeed ) {
10,male,2520320813,line 10,192,public int accelerate ( int kmh ) {
10,male,2520480746,line 10,120,public int accelerate ( int kmh ) {
10,male,2520568689,line 10,84,public int accelerate ( int kmh ) {
10,male,2520652656,line 10,80,public int accelerate ( int kmh ) {
10,male,2520844654,line 10,160,public int accelerate ( int kmh ) {
10,male,2521004650,line 10,64,public int accelerate ( int kmh ) {
10,male,2521196655,line 11,160,if ( ( this.currentSpeed + kmh ) > this.topSpeed ) {
10,male,2521440637,line 11,200,if ( ( this.currentSpeed + kmh ) > this.topSpeed ) {
10,male,2521524641,line 12,80,this.currentSpeed = this.topSpeed ;
10,male,2521824659,line 10,272,public int accelerate ( int kmh ) {
10,male,2521976598,line 10,116,public int accelerate ( int kmh ) {
10,male,2522108434,line 10,108,public int accelerate ( int kmh ) {
10,male,2522280333,line 10,104,public int accelerate ( int kmh ) {
10,male,2522628553,line 10,296,public int accelerate ( int kmh ) {
10,male,2522708607,line 10,76,public int accelerate ( int kmh ) {
10,male,2522776612,line 10,64,public int accelerate ( int kmh ) {
10,male,2522848564,line 10,68,public int accelerate ( int kmh ) {
10,male,2523200515,line 14,148,this.currentSpeed = this.currentSpeed + kmh ;
10,male,2524000365,line 16,180,return this.currentSpeed ;
10,male,2524944364,line 18,112,public static void main ( String args [ ] ) {
10,male,2525152286,line 18,184,public static void main ( String args [ ] ) {
10,male,2525232244,line 18,76,public static void main ( String args [ ] ) {
10,male,2525300245,line 18,64,public static void main ( String args [ ] ) {
10,male,2526096223,line 18,788,public static void main ( String args [ ] ) {
10,male,2526232233,line 19,132,"Vehicle v = new Vehicle ( ""Audi"" , ""A6"" , 200 ) ;"
10,male,2526428225,line 19,144,"Vehicle v = new Vehicle ( ""Audi"" , ""A6"" , 200 ) ;"
10,male,2526516218,line 19,84,"Vehicle v = new Vehicle ( ""Audi"" , ""A6"" , 200 ) ;"
10,male,2526584210,line 19,64,"Vehicle v = new Vehicle ( ""Audi"" , ""A6"" , 200 ) ;"
10,male,2526795971,line 20,172,v.accelerate ( 10 ) ;
10,male,2526863897,line 20,64,v.accelerate ( 10 ) ;
10,male,2526992075,line 20,124,v.accelerate ( 10 ) ;
10,male,2527076150,line 20,80,v.accelerate ( 10 ) ;
10,male,2527320141,line 20,240,v.accelerate ( 10 ) ;
10,male,2527472125,line 20,116,v.accelerate ( 10 ) ;
10,male,2527628084,line 20,152,v.accelerate ( 10 ) ;
10,male,2528252079,line 19,96,"Vehicle v = new Vehicle ( ""Audi"" , ""A6"" , 200 ) ;"
10,male,2528751973,line 19,244,"Vehicle v = new Vehicle ( ""Audi"" , ""A6"" , 200 ) ;"
10,male,2528959983,line 20,100,v.accelerate ( 10 ) ;
10,male,2529211928,line 20,120,v.accelerate ( 10 ) ;
10,male,2529567921,line 20,148,v.accelerate ( 10 ) ;
10,male,2529835810,line 20,200,v.accelerate ( 10 ) ;
10,male,2530251996,line 20,348,v.accelerate ( 10 ) ;
10,male,2531191842,line 20,248,v.accelerate ( 10 ) ;
10,male,2531427807,line 8,160,this.currentSpeed = 0 ;
11,male,9497829435,line 1,60,public class Vehicle {
11,male,9497957465,line 1,92,public class Vehicle {
11,male,9498029492,line 1,68,public class Vehicle {
11,male,9498157497,line 1,68,public class Vehicle {
11,male,9498441476,line 1,84,public class Vehicle {
11,male,9498649308,line 2,80,"String producer , type ;"
11,male,9498773318,line 2,120,"String producer , type ;"
11,male,9499057307,line 2,76,"String producer , type ;"
11,male,9499237365,line 2,56,"String producer , type ;"
11,male,9499465288,line 2,68,"String producer , type ;"
11,male,9499557292,line 3,88,"int topSpeed , currentSpeed ;"
11,male,9499669314,line 3,108,"int topSpeed , currentSpeed ;"
11,male,9499837324,line 2,56,"String producer , type ;"
11,male,9499897323,line 3,56,"int topSpeed , currentSpeed ;"
11,male,9500701161,line 3,56,"int topSpeed , currentSpeed ;"
11,male,9501385183,line 3,56,"int topSpeed , currentSpeed ;"
11,male,9501513170,line 3,80,"int topSpeed , currentSpeed ;"
11,male,9501820962,line 3,60,"int topSpeed , currentSpeed ;"
11,male,9501905012,line 3,80,"int topSpeed , currentSpeed ;"
11,male,9501965065,line 3,56,"int topSpeed , currentSpeed ;"
11,male,9502097136,line 4,76,"public Vehicle ( String p , String t , int tp ) {"
11,male,9502561061,line 3,144,"int topSpeed , currentSpeed ;"
11,male,9502725039,line 3,104,"int topSpeed , currentSpeed ;"
11,male,9503408960,line 4,76,"public Vehicle ( String p , String t , int tp ) {"
11,male,9503512903,line 4,100,"public Vehicle ( String p , String t , int tp ) {"
11,male,9503692878,line 4,100,"public Vehicle ( String p , String t , int tp ) {"
11,male,9504120930,line 4,96,"public Vehicle ( String p , String t , int tp ) {"
11,male,9504252935,line 4,128,"public Vehicle ( String p , String t , int tp ) {"
11,male,9504328920,line 4,72,"public Vehicle ( String p , String t , int tp ) {"
11,male,9504400906,line 4,68,"public Vehicle ( String p , String t , int tp ) {"
11,male,9504552901,line 4,76,"public Vehicle ( String p , String t , int tp ) {"
11,male,9504632876,line 4,76,"public Vehicle ( String p , String t , int tp ) {"
11,male,9504752704,line 4,116,"public Vehicle ( String p , String t , int tp ) {"
11,male,9504852624,line 4,56,"public Vehicle ( String p , String t , int tp ) {"
11,male,9505048797,line 4,72,"public Vehicle ( String p , String t , int tp ) {"
11,male,9505168776,line 4,68,"public Vehicle ( String p , String t , int tp ) {"
11,male,9505352783,line 4,92,"public Vehicle ( String p , String t , int tp ) {"
11,male,9505456795,line 4,76,"public Vehicle ( String p , String t , int tp ) {"
11,male,9505588797,line 4,128,"public Vehicle ( String p , String t , int tp ) {"
11,male,9506116824,line 4,80,"public Vehicle ( String p , String t , int tp ) {"
11,male,9506256759,line 2,64,"String producer , type ;"
11,male,9506340649,line 2,80,"String producer , type ;"
11,male,9506440523,line 2,96,"String producer , type ;"
11,male,9506608668,line 3,96,"int topSpeed , currentSpeed ;"
11,male,9506732695,line 3,56,"int topSpeed , currentSpeed ;"
11,male,9506792694,line 3,56,"int topSpeed , currentSpeed ;"
11,male,9507072681,line 2,172,"String producer , type ;"
11,male,9507696687,line 4,108,"public Vehicle ( String p , String t , int tp ) {"
11,male,9507880623,line 4,104,"public Vehicle ( String p , String t , int tp ) {"
11,male,9507952505,line 4,68,"public Vehicle ( String p , String t , int tp ) {"
11,male,9508156437,line 5,80,this.producer = p ;
11,male,9508588572,line 5,80,this.producer = p ;
11,male,9508884555,line 5,56,this.producer = p ;
11,male,9508968588,line 2,68,"String producer , type ;"
11,male,9509080623,line 2,108,"String producer , type ;"
11,male,9509144610,line 2,60,"String producer , type ;"
11,male,9509448533,line 3,88,"int topSpeed , currentSpeed ;"
11,male,9509772362,line 2,224,"String producer , type ;"
11,male,9509836355,line 2,60,"String producer , type ;"
11,male,9510292396,line 5,96,this.producer = p ;
11,male,9510352385,line 5,56,this.producer = p ;
11,male,9510480375,line 5,60,this.producer = p ;
11,male,9510588363,line 5,56,this.producer = p ;
11,male,9510808379,line 4,68,"public Vehicle ( String p , String t , int tp ) {"
11,male,9511104149,line 5,60,this.producer = p ;
11,male,9511240087,line 5,56,this.producer = p ;
11,male,9512008318,line 4,104,"public Vehicle ( String p , String t , int tp ) {"
11,male,9512452626,line 5,80,this.producer = p ;
11,male,9512516518,line 5,60,this.producer = p ;
11,male,9513056152,line 4,80,"public Vehicle ( String p , String t , int tp ) {"
11,male,9513524143,line 3,60,"int topSpeed , currentSpeed ;"
11,male,9513632129,line 3,64,"int topSpeed , currentSpeed ;"
11,male,9513768104,line 3,68,"int topSpeed , currentSpeed ;"
11,male,9513836092,line 3,64,"int topSpeed , currentSpeed ;"
11,male,9514296153,line 7,120,this.topSpeed = tp ;
11,male,9514592027,line 6,120,this.type = t ;
11,male,9515127980,line 4,68,"public Vehicle ( String p , String t , int tp ) {"
11,male,9515259985,line 4,128,"public Vehicle ( String p , String t , int tp ) {"
11,male,9515351971,line 4,88,"public Vehicle ( String p , String t , int tp ) {"
11,male,9515483953,line 4,72,"public Vehicle ( String p , String t , int tp ) {"
11,male,9515551947,line 4,64,"public Vehicle ( String p , String t , int tp ) {"
11,male,9515631959,line 4,76,"public Vehicle ( String p , String t , int tp ) {"
11,male,9515724021,line 4,88,"public Vehicle ( String p , String t , int tp ) {"
11,male,9515923999,line 7,56,this.topSpeed = tp ;
11,male,9515991940,line 7,64,this.topSpeed = tp ;
11,male,9516228420,line 7,84,this.topSpeed = tp ;
11,male,9516615860,line 8,68,this.currentSpeed = 0 ;
11,male,9516727889,line 8,64,this.currentSpeed = 0 ;
11,male,9517015942,line 8,84,this.currentSpeed = 0 ;
11,male,9517503586,line 10,56,public int accelerate ( int kmh ) {
11,male,9517851757,line 10,64,public int accelerate ( int kmh ) {
11,male,9518279628,line 10,64,public int accelerate ( int kmh ) {
11,male,9518931560,line 10,68,public int accelerate ( int kmh ) {
11,male,9519207666,line 10,56,public int accelerate ( int kmh ) {
11,male,9519375644,line 10,72,public int accelerate ( int kmh ) {
11,male,9519439618,line 10,60,public int accelerate ( int kmh ) {
11,male,9519711646,line 10,60,public int accelerate ( int kmh ) {
11,male,9519799927,line 10,56,public int accelerate ( int kmh ) {
11,male,9519860074,line 10,56,public int accelerate ( int kmh ) {
11,male,9520095764,line 10,124,public int accelerate ( int kmh ) {
11,male,9520207665,line 10,68,public int accelerate ( int kmh ) {
11,male,9520279639,line 10,68,public int accelerate ( int kmh ) {
11,male,9520363563,line 10,80,public int accelerate ( int kmh ) {
11,male,9520627397,line 10,92,public int accelerate ( int kmh ) {
11,male,9520883462,line 11,68,if ( ( this.currentSpeed + kmh ) > this.topSpeed ) {
11,male,9520943459,line 11,56,if ( ( this.currentSpeed + kmh ) > this.topSpeed ) {
11,male,9521175476,line 10,60,public int accelerate ( int kmh ) {
11,male,9521235475,line 10,56,public int accelerate ( int kmh ) {
11,male,9521531461,line 10,76,public int accelerate ( int kmh ) {
11,male,9521703485,line 10,60,public int accelerate ( int kmh ) {
11,male,9521811479,line 10,104,public int accelerate ( int kmh ) {
11,male,9522623284,line 10,56,public int accelerate ( int kmh ) {
11,male,9522827344,line 10,68,public int accelerate ( int kmh ) {
11,male,9522891356,line 10,60,public int accelerate ( int kmh ) {
11,male,9523103379,line 11,68,if ( ( this.currentSpeed + kmh ) > this.topSpeed ) {
11,male,9523671251,line 12,68,this.currentSpeed = this.topSpeed ;
11,male,9527294951,line 19,68,"Vehicle v = new Vehicle ( ""Audi"" , ""A6"" , 200 ) ;"
11,male,9527394940,line 19,96,"Vehicle v = new Vehicle ( ""Audi"" , ""A6"" , 200 ) ;"
11,male,9527686909,line 19,132,"Vehicle v = new Vehicle ( ""Audi"" , ""A6"" , 200 ) ;"
11,male,9528546715,line 20,160,v.accelerate ( 10 ) ;
11,male,9528714806,line 20,56,v.accelerate ( 10 ) ;
11,male,9530302661,line 4,56,"public Vehicle ( String p , String t , int tp ) {"
11,male,9530478656,line 4,60,"public Vehicle ( String p , String t , int tp ) {"
11,male,9531178671,line 4,96,"public Vehicle ( String p , String t , int tp ) {"
11,male,9531482495,line 4,188,"public Vehicle ( String p , String t , int tp ) {"
11,male,9531566434,line 4,80,"public Vehicle ( String p , String t , int tp ) {"
11,male,9531650428,line 5,68,this.producer = p ;
11,male,9531966527,line 5,72,this.producer = p ;
11,male,9532118571,line 5,72,this.producer = p ;
11,male,9532178569,line 5,56,this.producer = p ;
11,male,9532266557,line 3,56,"int topSpeed , currentSpeed ;"
11,male,9532694531,line 3,56,"int topSpeed , currentSpeed ;"
11,male,9532986499,line 3,84,"int topSpeed , currentSpeed ;"
11,male,9533394334,line 4,68,"public Vehicle ( String p , String t , int tp ) {"
11,male,9533482378,line 4,84,"public Vehicle ( String p , String t , int tp ) {"
11,male,9533746379,line 3,92,"int topSpeed , currentSpeed ;"
11,male,9533866394,line 2,64,"String producer , type ;"
11,male,9533982515,line 3,112,"int topSpeed , currentSpeed ;"
11,male,9534054576,line 2,68,"String producer , type ;"
11,male,9534274453,line 3,100,"int topSpeed , currentSpeed ;"
11,male,9534658453,line 19,128,"Vehicle v = new Vehicle ( ""Audi"" , ""A6"" , 200 ) ;"
11,male,9535026239,line 4,96,"public Vehicle ( String p , String t , int tp ) {"
11,male,9535090247,line 4,60,"public Vehicle ( String p , String t , int tp ) {"
11,male,9535174261,line 4,56,"public Vehicle ( String p , String t , int tp ) {"
11,male,9535334280,line 6,68,this.type = t ;
11,male,9535398287,line 6,60,this.type = t ;
11,male,9535506297,line 6,104,this.type = t ;
11,male,9535666285,line 6,80,this.type = t ;
11,male,9535942284,line 4,84,"public Vehicle ( String p , String t , int tp ) {"
11,male,9536110174,line 3,88,"int topSpeed , currentSpeed ;"
11,male,9536257999,line 3,56,"int topSpeed , currentSpeed ;"
11,male,9536366057,line 3,104,"int topSpeed , currentSpeed ;"
11,male,9537182150,line 4,88,"public Vehicle ( String p , String t , int tp ) {"
11,male,9537298179,line 4,72,"public Vehicle ( String p , String t , int tp ) {"
11,male,9537518155,line 6,136,this.type = t ;
11,male,9537694042,line 7,56,this.topSpeed = tp ;
11,male,9537881845,line 7,64,this.topSpeed = tp ;
11,male,9537989956,line 7,68,this.topSpeed = tp ;
11,male,9538282045,line 4,76,"public Vehicle ( String p , String t , int tp ) {"
11,male,9538374006,line 4,88,"public Vehicle ( String p , String t , int tp ) {"
11,male,9538562063,line 4,184,"public Vehicle ( String p , String t , int tp ) {"
11,male,9538722108,line 4,100,"public Vehicle ( String p , String t , int tp ) {"
11,male,9538794080,line 4,68,"public Vehicle ( String p , String t , int tp ) {"
11,male,9539993912,line 20,64,v.accelerate ( 10 ) ;
11,male,9540473906,line 20,72,v.accelerate ( 10 ) ;
11,male,9542445590,line 7,92,this.topSpeed = tp ;
11,male,9542513511,line 7,64,this.topSpeed = tp ;
15,male,15553773620,line 4,188,"public Vehicle ( String p , String t , int tp ) {"
15,male,15553957505,line 1,88,public class Vehicle {
15,male,15554653500,line 1,112,public class Vehicle {
15,male,15554857508,line 1,72,public class Vehicle {
15,male,15554933513,line 1,72,public class Vehicle {
15,male,15555137541,line 1,176,public class Vehicle {
15,male,15555253511,line 1,112,public class Vehicle {
15,male,15555445268,line 2,144,"String producer , type ;"
15,male,15555713379,line 2,184,"String producer , type ;"
15,male,15556129384,line 4,72,"public Vehicle ( String p , String t , int tp ) {"
15,male,15556509578,line 4,84,"public Vehicle ( String p , String t , int tp ) {"
15,male,15556736949,line 5,120,this.producer = p ;
15,male,15556825136,line 5,84,this.producer = p ;
15,male,15556981224,line 4,152,"public Vehicle ( String p , String t , int tp ) {"
15,male,15557077139,line 4,92,"public Vehicle ( String p , String t , int tp ) {"
15,male,15557217278,line 10,64,public int accelerate ( int kmh ) {
15,male,15557333452,line 10,56,public int accelerate ( int kmh ) {
15,male,15557473301,line 10,60,public int accelerate ( int kmh ) {
15,male,15557609242,line 10,124,public int accelerate ( int kmh ) {
15,male,15557797229,line 10,92,public int accelerate ( int kmh ) {
15,male,15557873227,line 10,72,public int accelerate ( int kmh ) {
15,male,15558305174,line 19,108,"Vehicle v = new Vehicle ( ""Audi"" , ""A6"" , 200 ) ;"
15,male,15558457193,line 19,96,"Vehicle v = new Vehicle ( ""Audi"" , ""A6"" , 200 ) ;"
15,male,15558549194,line 19,88,"Vehicle v = new Vehicle ( ""Audi"" , ""A6"" , 200 ) ;"
15,male,15558697126,line 19,108,"Vehicle v = new Vehicle ( ""Audi"" , ""A6"" , 200 ) ;"
15,male,15558845100,line 19,96,"Vehicle v = new Vehicle ( ""Audi"" , ""A6"" , 200 ) ;"
15,male,15558957093,line 19,108,"Vehicle v = new Vehicle ( ""Audi"" , ""A6"" , 200 ) ;"
15,male,15559161259,line 19,184,"Vehicle v = new Vehicle ( ""Audi"" , ""A6"" , 200 ) ;"
15,male,15559561051,line 20,144,v.accelerate ( 10 ) ;
15,male,15560396918,line 4,96,"public Vehicle ( String p , String t , int tp ) {"
15,male,15560656970,line 1,132,public class Vehicle {
15,male,15560812940,line 1,56,public class Vehicle {
15,male,15560968943,line 1,72,public class Vehicle {
15,male,15561164945,line 1,68,public class Vehicle {
15,male,15561464833,line 1,144,public class Vehicle {
15,male,15561868794,line 2,104,"String producer , type ;"
15,male,15561960848,line 2,88,"String producer , type ;"
15,male,15562124847,line 2,68,"String producer , type ;"
15,male,15562228857,line 2,100,"String producer , type ;"
15,male,15562288858,line 2,56,"String producer , type ;"
15,male,15562492849,line 3,136,"int topSpeed , currentSpeed ;"
15,male,15562664823,line 2,60,"String producer , type ;"
15,male,15562912789,line 2,196,"String producer , type ;"
15,male,15562984780,line 3,68,"int topSpeed , currentSpeed ;"
15,male,15563280678,line 1,64,public class Vehicle {
15,male,15563512677,line 2,148,"String producer , type ;"
15,male,15564992488,line 4,64,"public Vehicle ( String p , String t , int tp ) {"
15,male,15565228454,line 4,72,"public Vehicle ( String p , String t , int tp ) {"
15,male,15565352493,line 4,120,"public Vehicle ( String p , String t , int tp ) {"
15,male,15565520713,line 4,128,"public Vehicle ( String p , String t , int tp ) {"
15,male,15565680774,line 4,108,"public Vehicle ( String p , String t , int tp ) {"
15,male,15565792667,line 4,108,"public Vehicle ( String p , String t , int tp ) {"
15,male,15566104552,line 4,76,"public Vehicle ( String p , String t , int tp ) {"
15,male,15566176559,line 4,68,"public Vehicle ( String p , String t , int tp ) {"
15,male,15566292504,line 4,76,"public Vehicle ( String p , String t , int tp ) {"
15,male,15566432373,line 4,84,"public Vehicle ( String p , String t , int tp ) {"
15,male,15566512377,line 4,76,"public Vehicle ( String p , String t , int tp ) {"
15,male,15566904472,line 4,84,"public Vehicle ( String p , String t , int tp ) {"
15,male,15567408443,line 4,204,"public Vehicle ( String p , String t , int tp ) {"
15,male,15567700558,line 6,64,this.type = t ;
15,male,15568136272,line 5,124,this.producer = p ;
15,male,15568328267,line 4,104,"public Vehicle ( String p , String t , int tp ) {"
15,male,15568460286,line 4,128,"public Vehicle ( String p , String t , int tp ) {"
15,male,15568528306,line 5,64,this.producer = p ;
15,male,15568772342,line 5,76,this.producer = p ;
15,male,15568868337,line 6,92,this.type = t ;
15,male,15568928329,line 6,56,this.type = t ;
15,male,15569188294,line 6,208,this.type = t ;
15,male,15569292298,line 7,72,this.topSpeed = tp ;
15,male,15569492169,line 8,92,this.currentSpeed = 0 ;
15,male,15569564232,line 7,68,this.topSpeed = tp ;
15,male,15570144159,line 10,76,public int accelerate ( int kmh ) {
15,male,15571531899,line 10,56,public int accelerate ( int kmh ) {
15,male,15571663961,line 10,128,public int accelerate ( int kmh ) {
15,male,15571792012,line 10,124,public int accelerate ( int kmh ) {
15,male,15572432044,line 11,96,if ( ( this.currentSpeed + kmh ) > this.topSpeed ) {
15,male,15572619993,line 11,140,if ( ( this.currentSpeed + kmh ) > this.topSpeed ) {
15,male,15572771891,line 11,64,if ( ( this.currentSpeed + kmh ) > this.topSpeed ) {
15,male,15572859894,line 11,84,if ( ( this.currentSpeed + kmh ) > this.topSpeed ) {
15,male,15572955897,line 11,60,if ( ( this.currentSpeed + kmh ) > this.topSpeed ) {
15,male,15573027886,line 11,68,if ( ( this.currentSpeed + kmh ) > this.topSpeed ) {
15,male,15573447880,line 11,60,if ( ( this.currentSpeed + kmh ) > this.topSpeed ) {
15,male,15573511894,line 11,60,if ( ( this.currentSpeed + kmh ) > this.topSpeed ) {
15,male,15573671915,line 11,100,if ( ( this.currentSpeed + kmh ) > this.topSpeed ) {
15,male,15573871965,line 11,92,if ( ( this.currentSpeed + kmh ) > this.topSpeed ) {
15,male,15573967986,line 11,92,if ( ( this.currentSpeed + kmh ) > this.topSpeed ) {
15,male,15574127938,line 12,76,this.currentSpeed = this.topSpeed ;
15,male,15574191891,line 12,60,this.currentSpeed = this.topSpeed ;
15,male,15574351794,line 12,56,this.currentSpeed = this.topSpeed ;
15,male,15574415797,line 12,60,this.currentSpeed = this.topSpeed ;
15,male,15574531792,line 12,64,this.currentSpeed = this.topSpeed ;
15,male,15574719741,line 11,72,if ( ( this.currentSpeed + kmh ) > this.topSpeed ) {
15,male,15574867743,line 10,144,public int accelerate ( int kmh ) {
15,male,15574983753,line 10,84,public int accelerate ( int kmh ) {
15,male,15575491991,line 10,64,public int accelerate ( int kmh ) {
15,male,15575619865,line 10,88,public int accelerate ( int kmh ) {
15,male,15575755619,line 10,132,public int accelerate ( int kmh ) {
15,male,15575819544,line 10,60,public int accelerate ( int kmh ) {
15,male,15576267634,line 10,104,public int accelerate ( int kmh ) {
15,male,15576395607,line 10,92,public int accelerate ( int kmh ) {
15,male,15576639612,line 10,72,public int accelerate ( int kmh ) {
15,male,15576999656,line 10,56,public int accelerate ( int kmh ) {
15,male,15577151677,line 10,76,public int accelerate ( int kmh ) {
15,male,15577255662,line 10,100,public int accelerate ( int kmh ) {
15,male,15577407466,line 10,124,public int accelerate ( int kmh ) {
15,male,15577671496,line 10,136,public int accelerate ( int kmh ) {
15,male,15578011475,line 11,96,if ( ( this.currentSpeed + kmh ) > this.topSpeed ) {
15,male,15578115473,line 11,100,if ( ( this.currentSpeed + kmh ) > this.topSpeed ) {
15,male,15578255474,line 11,136,if ( ( this.currentSpeed + kmh ) > this.topSpeed ) {
15,male,15578467488,line 11,92,if ( ( this.currentSpeed + kmh ) > this.topSpeed ) {
15,male,15579043404,line 11,64,if ( ( this.currentSpeed + kmh ) > this.topSpeed ) {
15,male,15579539391,line 2,124,"String producer , type ;"
15,male,15579603399,line 1,60,public class Vehicle {
15,male,15579679410,line 2,72,"String producer , type ;"
15,male,15580347302,line 11,68,if ( ( this.currentSpeed + kmh ) > this.topSpeed ) {
15,male,15580554815,line 11,64,if ( ( this.currentSpeed + kmh ) > this.topSpeed ) {
15,male,15580835188,line 12,60,this.currentSpeed = this.topSpeed ;
15,male,15580947231,line 12,108,this.currentSpeed = this.topSpeed ;
15,male,15581387249,line 12,56,this.currentSpeed = this.topSpeed ;
15,male,15581507346,line 12,56,this.currentSpeed = this.topSpeed ;
15,male,15581579335,line 12,68,this.currentSpeed = this.topSpeed ;
15,male,15581779226,line 14,100,this.currentSpeed = this.currentSpeed + kmh ;
15,male,15583003144,line 14,68,this.currentSpeed = this.currentSpeed + kmh ;
15,male,15583439482,line 14,100,this.currentSpeed = this.currentSpeed + kmh ;
15,male,15583695014,line 14,72,this.currentSpeed = this.currentSpeed + kmh ;
15,male,15584374989,line 14,96,this.currentSpeed = this.currentSpeed + kmh ;
15,male,15584610992,line 14,56,this.currentSpeed = this.currentSpeed + kmh ;
15,male,15585614875,line 16,140,return this.currentSpeed ;
15,male,15586586815,line 19,200,"Vehicle v = new Vehicle ( ""Audi"" , ""A6"" , 200 ) ;"
15,male,15586718714,line 19,104,"Vehicle v = new Vehicle ( ""Audi"" , ""A6"" , 200 ) ;"
15,male,15587178725,line 19,156,"Vehicle v = new Vehicle ( ""Audi"" , ""A6"" , 200 ) ;"
15,male,15587366694,line 19,96,"Vehicle v = new Vehicle ( ""Audi"" , ""A6"" , 200 ) ;"
15,male,15587614694,line 20,68,v.accelerate ( 10 ) ;
15,male,15587714685,line 20,84,v.accelerate ( 10 ) ;
15,male,15587802675,line 20,84,v.accelerate ( 10 ) ;
15,male,15587962677,line 20,80,v.accelerate ( 10 ) ;
15,male,15588050688,line 20,84,v.accelerate ( 10 ) ;
15,male,15588230771,line 20,168,v.accelerate ( 10 ) ;
15,male,15588310836,line 20,76,v.accelerate ( 10 ) ;
15,male,15590194289,line 4,56,"public Vehicle ( String p , String t , int tp ) {"
15,male,15590410459,line 2,124,"String producer , type ;"
15,male,15590490498,line 2,76,"String producer , type ;"
15,male,15590586509,line 6,64,this.type = t ;
15,male,15590706499,line 6,116,this.type = t ;
15,male,15590890442,line 11,68,if ( ( this.currentSpeed + kmh ) > this.topSpeed ) {
15,male,15592414567,line 2,120,"String producer , type ;"
15,male,15592526334,line 2,72,"String producer , type ;"
15,male,15592746325,line 4,100,"public Vehicle ( String p , String t , int tp ) {"
15,male,15593518160,line 3,80,"int topSpeed , currentSpeed ;"
15,male,15593782093,line 4,56,"public Vehicle ( String p , String t , int tp ) {"
15,male,15594141995,line 19,108,"Vehicle v = new Vehicle ( ""Audi"" , ""A6"" , 200 ) ;"
15,male,15597109867,line 19,112,"Vehicle v = new Vehicle ( ""Audi"" , ""A6"" , 200 ) ;"
15,male,15597209869,line 19,96,"Vehicle v = new Vehicle ( ""Audi"" , ""A6"" , 200 ) ;"
15,male,15597509490,line 19,68,"Vehicle v = new Vehicle ( ""Audi"" , ""A6"" , 200 ) ;"
15,male,15597605692,line 19,92,"Vehicle v = new Vehicle ( ""Audi"" , ""A6"" , 200 ) ;"
15,male,15597729936,line 14,76,this.currentSpeed = this.currentSpeed + kmh ;
15,male,15597829869,line 14,96,this.currentSpeed = this.currentSpeed + kmh ;
15,male,15598265814,line 16,188,return this.currentSpeed ;
15,male,15598697721,line 10,120,public int accelerate ( int kmh ) {
15,male,15599573660,line 10,64,public int accelerate ( int kmh ) {
15,male,15599937609,line 20,56,v.accelerate ( 10 ) ;
15,male,15600037643,line 20,96,v.accelerate ( 10 ) ;
15,male,15602317775,line 11,72,if ( ( this.currentSpeed + kmh ) > this.topSpeed ) {
15,male,15602405610,line 11,84,if ( ( this.currentSpeed + kmh ) > this.topSpeed ) {
15,male,15602473481,line 11,64,if ( ( this.currentSpeed + kmh ) > this.topSpeed ) {
15,male,15603813336,line 13,60,} else {
15,male,15603981296,line 13,164,} else {
15,male,15604829261,line 16,124,return this.currentSpeed ;
15,male,15604969274,line 8,72,this.currentSpeed = 0 ;
15,male,15605033268,line 7,60,this.topSpeed = tp ;
15,male,15605249256,line 6,172,this.type = t ;
15,male,15605333276,line 7,80,this.topSpeed = tp ;
15,male,15605497203,line 6,160,this.type = t ;
15,male,15605609065,line 6,108,this.type = t ;
15,male,15605677030,line 6,64,this.type = t ;
15,male,15605833074,line 6,116,this.type = t ;
15,male,15606045202,line 6,132,this.type = t ;
15,male,15606209242,line 7,96,this.topSpeed = tp ;
15,male,15606317204,line 7,72,this.topSpeed = tp ;
15,male,15606457148,line 7,136,this.topSpeed = tp ;
15,male,15606669117,line 7,64,this.topSpeed = tp ;
15,male,15607585014,line 6,108,this.type = t ;
15,male,15607697002,line 4,60,"public Vehicle ( String p , String t , int tp ) {"
15,male,15608068993,line 4,192,"public Vehicle ( String p , String t , int tp ) {"
15,male,15608140987,line 4,68,"public Vehicle ( String p , String t , int tp ) {"
15,male,15608204980,line 4,60,"public Vehicle ( String p , String t , int tp ) {"
15,male,15608373024,line 4,164,"public Vehicle ( String p , String t , int tp ) {"
15,male,15608473129,line 5,80,this.producer = p ;
15,male,15608625008,line 5,148,this.producer = p ;
15,male,15608728851,line 5,100,this.producer = p ;
15,male,15608848873,line 5,116,this.producer = p ;
15,male,15609016870,line 5,120,this.producer = p ;
15,male,15609220850,line 6,176,this.type = t ;
15,male,15609460916,line 4,128,"public Vehicle ( String p , String t , int tp ) {"
15,male,15609640887,line 18,112,public static void main ( String args [ ] ) {
15,male,15610252650,line 7,112,this.topSpeed = tp ;
15,male,15610504618,line 7,204,this.topSpeed = tp ;
15,male,15610608673,line 7,100,this.topSpeed = tp ;
15,male,15610816694,line 16,140,return this.currentSpeed ;
15,male,15614076411,line 20,128,v.accelerate ( 10 ) ;
15,male,15614552456,line 14,124,this.currentSpeed = this.currentSpeed + kmh ;
15,male,15615228298,line 14,168,this.currentSpeed = this.currentSpeed + kmh ;
15,male,15616476312,line 12,104,this.currentSpeed = this.topSpeed ;
15,male,15616844230,line 11,100,if ( ( this.currentSpeed + kmh ) > this.topSpeed ) {
15,male,15617268214,line 12,100,this.currentSpeed = this.topSpeed ;
15,male,15618476061,line 12,112,this.currentSpeed = this.topSpeed ;
15,male,15618700107,line 11,60,if ( ( this.currentSpeed + kmh ) > this.topSpeed ) {
15,male,15618876090,line 11,112,if ( ( this.currentSpeed + kmh ) > this.topSpeed ) {
15,male,15619092070,line 11,56,if ( ( this.currentSpeed + kmh ) > this.topSpeed ) {
15,male,15620131948,line 12,64,this.currentSpeed = this.topSpeed ;
15,male,15620347969,line 19,60,"Vehicle v = new Vehicle ( ""Audi"" , ""A6"" , 200 ) ;"
15,male,15620423958,line 19,72,"Vehicle v = new Vehicle ( ""Audi"" , ""A6"" , 200 ) ;"
15,male,15620827900,line 12,64,this.currentSpeed = this.topSpeed ;
15,male,15621071945,line 12,80,this.currentSpeed = this.topSpeed ;
15,male,15621163937,line 12,88,this.currentSpeed = this.topSpeed ;
15,male,15621283899,line 12,64,this.currentSpeed = this.topSpeed ;
15,male,15621343882,line 12,56,this.currentSpeed = this.topSpeed ;
15,male,15622115821,line 19,84,"Vehicle v = new Vehicle ( ""Audi"" , ""A6"" , 200 ) ;"
15,male,15622627855,line 4,132,"public Vehicle ( String p , String t , int tp ) {"
15,male,15622691754,line 4,60,"public Vehicle ( String p , String t , int tp ) {"
15,male,15622863603,line 1,128,public class Vehicle {
18,female,26131985695,line 5,64,this.producer = p ;
18,female,26132333670,line 2,104,"String producer , type ;"
18,female,26132453665,line 2,116,"String producer , type ;"
18,female,26132653586,line 2,148,"String producer , type ;"
18,female,26132945488,line 2,148,"String producer , type ;"
18,female,26133109544,line 3,128,"int topSpeed , currentSpeed ;"
18,female,26133301535,line 3,104,"int topSpeed , currentSpeed ;"
18,female,26133417533,line 3,112,"int topSpeed , currentSpeed ;"
18,female,26133673515,line 3,192,"int topSpeed , currentSpeed ;"
18,female,26133845509,line 3,168,"int topSpeed , currentSpeed ;"
18,female,26133917528,line 3,68,"int topSpeed , currentSpeed ;"
18,female,26134277510,line 3,296,"int topSpeed , currentSpeed ;"
18,female,26134417264,line 3,136,"int topSpeed , currentSpeed ;"
18,female,26134813417,line 3,96,"int topSpeed , currentSpeed ;"
18,female,26134949423,line 3,120,"int topSpeed , currentSpeed ;"
18,female,26135245417,line 3,136,"int topSpeed , currentSpeed ;"
18,female,26135373438,line 3,124,"int topSpeed , currentSpeed ;"
18,female,26135469431,line 3,72,"int topSpeed , currentSpeed ;"
18,female,26135533412,line 3,60,"int topSpeed , currentSpeed ;"
18,female,26135689387,line 3,116,"int topSpeed , currentSpeed ;"
18,female,26136065314,line 4,60,"public Vehicle ( String p , String t , int tp ) {"
18,female,26136233288,line 4,164,"public Vehicle ( String p , String t , int tp ) {"
18,female,26137081266,line 4,104,"public Vehicle ( String p , String t , int tp ) {"
18,female,26138737152,line 5,104,this.producer = p ;
18,female,26138853149,line 5,112,this.producer = p ;
18,female,26139072969,line 5,136,this.producer = p ;
18,female,26139417004,line 5,120,this.producer = p ;
18,female,26139481014,line 5,60,this.producer = p ;
18,female,26139736988,line 5,124,this.producer = p ;
18,female,26140169018,line 5,116,this.producer = p ;
18,female,26140237005,line 5,64,this.producer = p ;
18,female,26141120893,line 3,136,"int topSpeed , currentSpeed ;"
18,female,26141316905,line 3,192,"int topSpeed , currentSpeed ;"
18,female,26141652869,line 4,88,"public Vehicle ( String p , String t , int tp ) {"
18,female,26142028857,line 5,60,this.producer = p ;
18,female,26142180535,line 5,68,this.producer = p ;
18,female,26142304600,line 5,88,this.producer = p ;
18,female,26142472772,line 5,132,this.producer = p ;
18,female,26142540787,line 5,64,this.producer = p ;
18,female,26144344592,line 6,76,this.type = t ;
18,female,26144440566,line 6,92,this.type = t ;
18,female,26144672612,line 5,56,this.producer = p ;
18,female,26144744606,line 6,68,this.type = t ;
18,female,26145008625,line 5,68,this.producer = p ;
18,female,26145072629,line 5,60,this.producer = p ;
18,female,26145148626,line 5,72,this.producer = p ;
18,female,26145344567,line 3,104,"int topSpeed , currentSpeed ;"
18,female,26145536516,line 4,104,"public Vehicle ( String p , String t , int tp ) {"
18,female,26145972474,line 3,128,"int topSpeed , currentSpeed ;"
18,female,26146268393,line 4,132,"public Vehicle ( String p , String t , int tp ) {"
18,female,26146328404,line 4,56,"public Vehicle ( String p , String t , int tp ) {"
18,female,26146460442,line 3,84,"int topSpeed , currentSpeed ;"
18,female,26146532445,line 3,68,"int topSpeed , currentSpeed ;"
18,female,26146716428,line 3,140,"int topSpeed , currentSpeed ;"
18,female,26146864321,line 2,116,"String producer , type ;"
18,female,26146940291,line 2,72,"String producer , type ;"
18,female,26147384387,line 6,116,this.type = t ;
18,female,26147472385,line 6,84,this.type = t ;
18,female,26147584516,line 6,108,this.type = t ;
18,female,26147756625,line 6,112,this.type = t ;
18,female,26147820567,line 6,60,this.type = t ;
18,female,26147944529,line 6,72,this.type = t ;
18,female,26148040482,line 6,92,this.type = t ;
18,female,26148192382,line 6,108,this.type = t ;
18,female,26148712221,line 4,112,"public Vehicle ( String p , String t , int tp ) {"
18,female,26149156208,line 7,104,this.topSpeed = tp ;
18,female,26149312189,line 7,120,this.topSpeed = tp ;
18,female,26149408182,line 7,92,this.topSpeed = tp ;
18,female,26149536191,line 7,76,this.topSpeed = tp ;
18,female,26149628194,line 7,88,this.topSpeed = tp ;
18,female,26149860183,line 8,172,this.currentSpeed = 0 ;
18,female,26149956131,line 8,92,this.currentSpeed = 0 ;
18,female,26150116107,line 8,104,this.currentSpeed = 0 ;
18,female,26150364125,line 8,84,this.currentSpeed = 0 ;
18,female,26150564076,line 8,156,this.currentSpeed = 0 ;
18,female,26150636073,line 8,68,this.currentSpeed = 0 ;
18,female,26150888072,line 7,228,this.topSpeed = tp ;
18,female,26151004062,line 7,112,this.topSpeed = tp ;
18,female,26151188108,line 5,68,this.producer = p ;
18,female,26151436087,line 6,76,this.type = t ;
18,female,26151652034,line 7,156,this.topSpeed = tp ;
18,female,26151748026,line 7,92,this.topSpeed = tp ;
18,female,26151979969,line 6,204,this.type = t ;
18,female,26152099960,line 5,116,this.producer = p ;
18,female,26152191965,line 8,56,this.currentSpeed = 0 ;
18,female,26152259960,line 8,64,this.currentSpeed = 0 ;
18,female,26152663955,line 8,148,this.currentSpeed = 0 ;
18,female,26152763945,line 8,96,this.currentSpeed = 0 ;
18,female,26153023934,line 3,156,"int topSpeed , currentSpeed ;"
18,female,26153459781,line 2,128,"String producer , type ;"
18,female,26153635789,line 2,144,"String producer , type ;"
18,female,26153855853,line 11,80,if ( ( this.currentSpeed + kmh ) > this.topSpeed ) {
18,female,26153999812,line 11,116,if ( ( this.currentSpeed + kmh ) > this.topSpeed ) {
18,female,26155187731,line 10,96,public int accelerate ( int kmh ) {
18,female,26155323764,line 10,132,public int accelerate ( int kmh ) {
18,female,26155475854,line 10,68,public int accelerate ( int kmh ) {
18,female,26155608061,line 10,128,public int accelerate ( int kmh ) {
18,female,26155668038,line 10,56,public int accelerate ( int kmh ) {
18,female,26156131488,line 10,80,public int accelerate ( int kmh ) {
18,female,26156207190,line 11,72,if ( ( this.currentSpeed + kmh ) > this.topSpeed ) {
18,female,26156351114,line 11,108,if ( ( this.currentSpeed + kmh ) > this.topSpeed ) {
18,female,26156607466,line 11,112,if ( ( this.currentSpeed + kmh ) > this.topSpeed ) {
18,female,26156783522,line 12,80,this.currentSpeed = this.topSpeed ;
18,female,26157183573,line 11,84,if ( ( this.currentSpeed + kmh ) > this.topSpeed ) {
18,female,26157271564,line 11,72,if ( ( this.currentSpeed + kmh ) > this.topSpeed ) {
18,female,26157627556,line 12,184,this.currentSpeed = this.topSpeed ;
18,female,26157935340,line 11,64,if ( ( this.currentSpeed + kmh ) > this.topSpeed ) {
18,female,26158039309,line 10,100,public int accelerate ( int kmh ) {
18,female,26158195369,line 10,96,public int accelerate ( int kmh ) {
18,female,26158639451,line 11,56,if ( ( this.currentSpeed + kmh ) > this.topSpeed ) {
18,female,26159155497,line 11,172,if ( ( this.currentSpeed + kmh ) > this.topSpeed ) {
18,female,26159359721,line 11,156,if ( ( this.currentSpeed + kmh ) > this.topSpeed ) {
18,female,26159783301,line 11,116,if ( ( this.currentSpeed + kmh ) > this.topSpeed ) {
18,female,26159959269,line 11,144,if ( ( this.currentSpeed + kmh ) > this.topSpeed ) {
18,female,26160119301,line 11,156,if ( ( this.currentSpeed + kmh ) > this.topSpeed ) {
18,female,26160367354,line 11,216,if ( ( this.currentSpeed + kmh ) > this.topSpeed ) {
18,female,26160451348,line 11,68,if ( ( this.currentSpeed + kmh ) > this.topSpeed ) {
18,female,26160527341,line 11,72,if ( ( this.currentSpeed + kmh ) > this.topSpeed ) {
18,female,26160603324,line 11,64,if ( ( this.currentSpeed + kmh ) > this.topSpeed ) {
18,female,26160711301,line 11,104,if ( ( this.currentSpeed + kmh ) > this.topSpeed ) {
18,female,26160975032,line 11,224,if ( ( this.currentSpeed + kmh ) > this.topSpeed ) {
18,female,26161071048,line 11,92,if ( ( this.currentSpeed + kmh ) > this.topSpeed ) {
18,female,26161135103,line 11,60,if ( ( this.currentSpeed + kmh ) > this.topSpeed ) {
18,female,26161367119,line 11,228,if ( ( this.currentSpeed + kmh ) > this.topSpeed ) {
18,female,26161571140,line 11,88,if ( ( this.currentSpeed + kmh ) > this.topSpeed ) {
18,female,26161683134,line 10,108,public int accelerate ( int kmh ) {
18,female,26162827035,line 5,76,this.producer = p ;
18,female,26163478975,line 7,232,this.topSpeed = tp ;
18,female,26163751049,line 8,116,this.currentSpeed = 0 ;
18,female,26164710910,line 10,104,public int accelerate ( int kmh ) {
18,female,26164894913,line 11,160,if ( ( this.currentSpeed + kmh ) > this.topSpeed ) {
18,female,26164978899,line 11,56,if ( ( this.currentSpeed + kmh ) > this.topSpeed ) {
18,female,26165818702,line 11,80,if ( ( this.currentSpeed + kmh ) > this.topSpeed ) {
18,female,26166058749,line 11,236,if ( ( this.currentSpeed + kmh ) > this.topSpeed ) {
18,female,26166154751,line 11,92,if ( ( this.currentSpeed + kmh ) > this.topSpeed ) {
18,female,26166306753,line 12,108,this.currentSpeed = this.topSpeed ;
18,female,26166858754,line 11,188,if ( ( this.currentSpeed + kmh ) > this.topSpeed ) {
18,female,26167214645,line 11,112,if ( ( this.currentSpeed + kmh ) > this.topSpeed ) {
18,female,26167302553,line 11,84,if ( ( this.currentSpeed + kmh ) > this.topSpeed ) {
18,female,26167686624,line 11,68,if ( ( this.currentSpeed + kmh ) > this.topSpeed ) {
18,female,26167778624,line 11,88,if ( ( this.currentSpeed + kmh ) > this.topSpeed ) {
18,female,26167874617,line 11,92,if ( ( this.currentSpeed + kmh ) > this.topSpeed ) {
18,female,26168290299,line 11,264,if ( ( this.currentSpeed + kmh ) > this.topSpeed ) {
18,female,26168466449,line 11,172,if ( ( this.currentSpeed + kmh ) > this.topSpeed ) {
18,female,26168614598,line 11,72,if ( ( this.currentSpeed + kmh ) > this.topSpeed ) {
18,female,26168690582,line 11,72,if ( ( this.currentSpeed + kmh ) > this.topSpeed ) {
18,female,26168830507,line 11,100,if ( ( this.currentSpeed + kmh ) > this.topSpeed ) {
18,female,26169262549,line 11,428,if ( ( this.currentSpeed + kmh ) > this.topSpeed ) {
18,female,26169382578,line 10,88,public int accelerate ( int kmh ) {
18,female,26169594542,line 10,148,public int accelerate ( int kmh ) {
18,female,26169966451,line 11,64,if ( ( this.currentSpeed + kmh ) > this.topSpeed ) {
18,female,26170178463,line 11,184,if ( ( this.currentSpeed + kmh ) > this.topSpeed ) {
18,female,26170462400,line 11,252,if ( ( this.currentSpeed + kmh ) > this.topSpeed ) {
18,female,26170634421,line 11,108,if ( ( this.currentSpeed + kmh ) > this.topSpeed ) {
18,female,26170730421,line 11,72,if ( ( this.currentSpeed + kmh ) > this.topSpeed ) {
18,female,26170870357,line 11,136,if ( ( this.currentSpeed + kmh ) > this.topSpeed ) {
18,female,26171278338,line 11,236,if ( ( this.currentSpeed + kmh ) > this.topSpeed ) {
18,female,26171418330,line 11,136,if ( ( this.currentSpeed + kmh ) > this.topSpeed ) {
18,female,26171522347,line 11,100,if ( ( this.currentSpeed + kmh ) > this.topSpeed ) {
18,female,26171946156,line 11,112,if ( ( this.currentSpeed + kmh ) > this.topSpeed ) {
18,female,26172122161,line 11,144,if ( ( this.currentSpeed + kmh ) > this.topSpeed ) {
18,female,26172230237,line 11,84,if ( ( this.currentSpeed + kmh ) > this.topSpeed ) {
18,female,26172370228,line 11,136,if ( ( this.currentSpeed + kmh ) > this.topSpeed ) {
18,female,26172542222,line 11,144,if ( ( this.currentSpeed + kmh ) > this.topSpeed ) {
18,female,26172638224,line 11,92,if ( ( this.currentSpeed + kmh ) > this.topSpeed ) {
18,female,26172722227,line 11,80,if ( ( this.currentSpeed + kmh ) > this.topSpeed ) {
18,female,26172798229,line 11,72,if ( ( this.currentSpeed + kmh ) > this.topSpeed ) {
18,female,26173242218,line 5,104,this.producer = p ;
18,female,26173314166,line 5,68,this.producer = p ;
18,female,26173609886,line 11,56,if ( ( this.currentSpeed + kmh ) > this.topSpeed ) {
18,female,26173778072,line 10,120,public int accelerate ( int kmh ) {
18,female,26173858142,line 10,76,public int accelerate ( int kmh ) {
18,female,26174422108,line 12,132,this.currentSpeed = this.topSpeed ;
18,female,26174598079,line 12,172,this.currentSpeed = this.topSpeed ;
18,female,26174742098,line 12,116,this.currentSpeed = this.topSpeed ;
18,female,26175166007,line 12,184,this.currentSpeed = this.topSpeed ;
18,female,26175425992,line 12,60,this.currentSpeed = this.topSpeed ;
18,female,26175613682,line 12,184,this.currentSpeed = this.topSpeed ;
18,female,26175737755,line 12,104,this.currentSpeed = this.topSpeed ;
18,female,26175837907,line 12,72,this.currentSpeed = this.topSpeed ;
18,female,26176349960,line 11,232,if ( ( this.currentSpeed + kmh ) > this.topSpeed ) {
18,female,26176609827,line 11,124,if ( ( this.currentSpeed + kmh ) > this.topSpeed ) {
18,female,26176789802,line 12,76,this.currentSpeed = this.topSpeed ;
18,female,26176901846,line 11,64,if ( ( this.currentSpeed + kmh ) > this.topSpeed ) {
18,female,26177117886,line 12,88,this.currentSpeed = this.topSpeed ;
18,female,26177369885,line 12,192,this.currentSpeed = this.topSpeed ;
18,female,26177473873,line 12,56,this.currentSpeed = this.topSpeed ;
18,female,26177781816,line 13,132,} else {
18,female,26177889800,line 13,56,} else {
18,female,26178109742,line 14,104,this.currentSpeed = this.currentSpeed + kmh ;
18,female,26178213598,line 14,100,this.currentSpeed = this.currentSpeed + kmh ;
18,female,26178377561,line 14,92,this.currentSpeed = this.currentSpeed + kmh ;
18,female,26178549637,line 14,128,this.currentSpeed = this.currentSpeed + kmh ;
18,female,26178633690,line 14,80,this.currentSpeed = this.currentSpeed + kmh ;
18,female,26179189692,line 14,88,this.currentSpeed = this.currentSpeed + kmh ;
18,female,26179253691,line 14,60,this.currentSpeed = this.currentSpeed + kmh ;
18,female,26179377675,line 11,60,if ( ( this.currentSpeed + kmh ) > this.topSpeed ) {
18,female,26179445677,line 11,64,if ( ( this.currentSpeed + kmh ) > this.topSpeed ) {
18,female,26179657802,line 11,172,if ( ( this.currentSpeed + kmh ) > this.topSpeed ) {
18,female,26179821402,line 11,160,if ( ( this.currentSpeed + kmh ) > this.topSpeed ) {
18,female,26180505605,line 11,380,if ( ( this.currentSpeed + kmh ) > this.topSpeed ) {
18,female,26180657629,line 14,112,this.currentSpeed = this.currentSpeed + kmh ;
18,female,26180725607,line 14,64,this.currentSpeed = this.currentSpeed + kmh ;
18,female,26180793584,line 14,64,this.currentSpeed = this.currentSpeed + kmh ;
18,female,26180861570,line 14,64,this.currentSpeed = this.currentSpeed + kmh ;
18,female,26180981572,line 14,96,this.currentSpeed = this.currentSpeed + kmh ;
18,female,26181181543,line 14,96,this.currentSpeed = this.currentSpeed + kmh ;
18,female,26181377326,line 14,192,this.currentSpeed = this.currentSpeed + kmh ;
18,female,26181469354,line 14,88,this.currentSpeed = this.currentSpeed + kmh ;
18,female,26181573436,line 14,76,this.currentSpeed = this.currentSpeed + kmh ;
18,female,26182081415,line 13,124,} else {
18,female,26182249480,line 14,136,this.currentSpeed = this.currentSpeed + kmh ;
18,female,26182485504,line 14,232,this.currentSpeed = this.currentSpeed + kmh ;
18,female,26182593390,line 14,76,this.currentSpeed = this.currentSpeed + kmh ;
18,female,26182661357,line 14,64,this.currentSpeed = this.currentSpeed + kmh ;
18,female,26182785380,line 14,60,this.currentSpeed = this.currentSpeed + kmh ;
18,female,26182997370,line 14,160,this.currentSpeed = this.currentSpeed + kmh ;
18,female,26183077321,line 14,76,this.currentSpeed = this.currentSpeed + kmh ;
18,female,26183157268,line 14,68,this.currentSpeed = this.currentSpeed + kmh ;
18,female,26183645254,line 14,156,this.currentSpeed = this.currentSpeed + kmh ;
18,female,26184021328,line 11,128,if ( ( this.currentSpeed + kmh ) > this.topSpeed ) {
18,female,26184341310,line 10,68,public int accelerate ( int kmh ) {
18,female,26184477288,line 10,96,public int accelerate ( int kmh ) {
18,female,26184565242,line 10,84,public int accelerate ( int kmh ) {
18,female,26185545156,line 14,112,this.currentSpeed = this.currentSpeed + kmh ;
18,female,26185813174,line 13,156,} else {
18,female,26185953076,line 11,116,if ( ( this.currentSpeed + kmh ) > this.topSpeed ) {
18,female,26186148993,line 11,108,if ( ( this.currentSpeed + kmh ) > this.topSpeed ) {
18,female,26186237037,line 11,68,if ( ( this.currentSpeed + kmh ) > this.topSpeed ) {
18,female,26186365053,line 11,124,if ( ( this.currentSpeed + kmh ) > this.topSpeed ) {
18,female,26186697123,line 12,140,this.currentSpeed = this.topSpeed ;
18,female,26186801060,line 12,72,this.currentSpeed = this.topSpeed ;
18,female,26186989007,line 12,184,this.currentSpeed = this.topSpeed ;
18,female,26187221071,line 12,216,this.currentSpeed = this.topSpeed ;
18,female,26187305067,line 12,80,this.currentSpeed = this.topSpeed ;
18,female,26187421034,line 12,88,this.currentSpeed = this.topSpeed ;
18,female,26187760784,line 12,92,this.currentSpeed = this.topSpeed ;
18,female,26187984903,line 12,192,this.currentSpeed = this.topSpeed ;
18,female,26188124926,line 12,136,this.currentSpeed = this.topSpeed ;
18,female,26188320994,line 12,144,this.currentSpeed = this.topSpeed ;
18,female,26188397018,line 12,72,this.currentSpeed = this.topSpeed ;
18,female,26188700912,line 12,236,this.currentSpeed = this.topSpeed ;
18,female,26188792930,line 12,68,this.currentSpeed = this.topSpeed ;
18,female,26189144836,line 10,72,public int accelerate ( int kmh ) {
18,female,26189476804,line 11,328,if ( ( this.currentSpeed + kmh ) > this.topSpeed ) {
18,female,26189592792,line 8,72,this.currentSpeed = 0 ;
18,female,26189940757,line 16,112,return this.currentSpeed ;
18,female,26190160757,line 18,72,public static void main ( String args [ ] ) {
18,female,26190552754,line 16,68,return this.currentSpeed ;
18,female,26190640696,line 16,68,return this.currentSpeed ;
18,female,26190728593,line 16,84,return this.currentSpeed ;
18,female,26190800563,line 16,68,return this.currentSpeed ;
18,female,26190888621,line 16,84,return this.currentSpeed ;
18,female,26191692690,line 11,84,if ( ( this.currentSpeed + kmh ) > this.topSpeed ) {
18,female,26191844695,line 13,92,} else {
18,female,26191984671,line 13,136,} else {
18,female,26192212635,line 19,60,"Vehicle v = new Vehicle ( ""Audi"" , ""A6"" , 200 ) ;"
18,female,26192292561,line 19,76,"Vehicle v = new Vehicle ( ""Audi"" , ""A6"" , 200 ) ;"
18,female,26192484451,line 19,124,"Vehicle v = new Vehicle ( ""Audi"" , ""A6"" , 200 ) ;"
18,female,26192848462,line 20,64,v.accelerate ( 10 ) ;
18,female,26193040307,line 19,56,"Vehicle v = new Vehicle ( ""Audi"" , ""A6"" , 200 ) ;"
18,female,26193364575,line 18,64,public static void main ( String args [ ] ) {
18,female,26193496616,line 18,60,public static void main ( String args [ ] ) {
18,female,26195296357,line 18,60,public static void main ( String args [ ] ) {
18,female,26195364219,line 18,60,public static void main ( String args [ ] ) {
18,female,26195980231,line 20,68,v.accelerate ( 10 ) ;
18,female,26196336216,line 19,152,"Vehicle v = new Vehicle ( ""Audi"" , ""A6"" , 200 ) ;"
18,female,26196536241,line 19,104,"Vehicle v = new Vehicle ( ""Audi"" , ""A6"" , 200 ) ;"
18,female,26196748229,line 18,56,public static void main ( String args [ ] ) {
18,female,26196960137,line 19,68,"Vehicle v = new Vehicle ( ""Audi"" , ""A6"" , 200 ) ;"
18,female,26197688135,line 18,72,public static void main ( String args [ ] ) {
18,female,26197844112,line 18,56,public static void main ( String args [ ] ) {
18,female,26198092100,line 20,164,v.accelerate ( 10 ) ;
18,female,26198420118,line 18,60,public static void main ( String args [ ] ) {
18,female,26199092054,line 19,60,"Vehicle v = new Vehicle ( ""Audi"" , ""A6"" , 200 ) ;"
18,female,26200675910,line 19,64,"Vehicle v = new Vehicle ( ""Audi"" , ""A6"" , 200 ) ;"
18,female,26201223892,line 19,96,"Vehicle v = new Vehicle ( ""Audi"" , ""A6"" , 200 ) ;"
18,female,26201403847,line 18,100,public static void main ( String args [ ] ) {
18,female,26201567791,line 19,56,"Vehicle v = new Vehicle ( ""Audi"" , ""A6"" , 200 ) ;"
18,female,26201863521,line 19,148,"Vehicle v = new Vehicle ( ""Audi"" , ""A6"" , 200 ) ;"
18,female,26203135627,line 5,72,this.producer = p ;
18,female,26205175481,line 19,96,"Vehicle v = new Vehicle ( ""Audi"" , ""A6"" , 200 ) ;"
18,female,26205283434,line 19,84,"Vehicle v = new Vehicle ( ""Audi"" , ""A6"" , 200 ) ;"
18,female,26206079494,line 4,116,"public Vehicle ( String p , String t , int tp ) {"
18,female,26206363507,line 4,96,"public Vehicle ( String p , String t , int tp ) {"
18,female,26206595178,line 8,60,this.currentSpeed = 0 ;
18,female,26207195049,line 11,76,if ( ( this.currentSpeed + kmh ) > this.topSpeed ) {
18,female,26207367259,line 12,92,this.currentSpeed = this.topSpeed ;
18,female,26207591349,line 10,76,public int accelerate ( int kmh ) {
18,female,26207739342,line 11,64,if ( ( this.currentSpeed + kmh ) > this.topSpeed ) {
18,female,26207823327,line 11,68,if ( ( this.currentSpeed + kmh ) > this.topSpeed ) {
18,female,26208375189,line 11,60,if ( ( this.currentSpeed + kmh ) > this.topSpeed ) {
18,female,26209099252,line 11,80,if ( ( this.currentSpeed + kmh ) > this.topSpeed ) {
18,female,26209319227,line 11,100,if ( ( this.currentSpeed + kmh ) > this.topSpeed ) {
18,female,26210115085,line 11,64,if ( ( this.currentSpeed + kmh ) > this.topSpeed ) {
18,female,26210207056,line 11,88,if ( ( this.currentSpeed + kmh ) > this.topSpeed ) {
18,female,26210299066,line 11,84,if ( ( this.currentSpeed + kmh ) > this.topSpeed ) {
18,female,26210483271,line 5,68,this.producer = p ;
18,female,26211166860,line 6,84,this.type = t ;
18,female,26211294755,line 8,112,this.currentSpeed = 0 ;
18,female,26211418793,line 8,120,this.currentSpeed = 0 ;
18,female,26212042941,line 8,72,this.currentSpeed = 0 ;
18,female,26212934798,line 11,80,if ( ( this.currentSpeed + kmh ) > this.topSpeed ) {
18,female,26213114812,line 12,88,this.currentSpeed = this.topSpeed ;
18,female,26213222792,line 12,104,this.currentSpeed = this.topSpeed ;
18,female,26213314797,line 12,88,this.currentSpeed = this.topSpeed ;
18,female,26213422820,line 12,104,this.currentSpeed = this.topSpeed ;
18,female,26213682814,line 12,60,this.currentSpeed = this.topSpeed ;
18,female,26213746820,line 12,60,this.currentSpeed = this.topSpeed ;
18,female,26213826827,line 12,76,this.currentSpeed = this.topSpeed ;
18,female,26214182738,line 12,76,this.currentSpeed = this.topSpeed ;
18,female,26214354700,line 12,168,this.currentSpeed = this.topSpeed ;
18,female,26214602679,line 11,72,if ( ( this.currentSpeed + kmh ) > this.topSpeed ) {
18,female,26214934603,line 12,116,this.currentSpeed = this.topSpeed ;
18,female,26215326620,line 11,72,if ( ( this.currentSpeed + kmh ) > this.topSpeed ) {
18,female,26215714945,line 10,144,public int accelerate ( int kmh ) {
18,female,26215946461,line 11,120,if ( ( this.currentSpeed + kmh ) > this.topSpeed ) {
18,female,26216018478,line 11,68,if ( ( this.currentSpeed + kmh ) > this.topSpeed ) {
18,female,26216098514,line 11,60,if ( ( this.currentSpeed + kmh ) > this.topSpeed ) {
18,female,26216570441,line 11,56,if ( ( this.currentSpeed + kmh ) > this.topSpeed ) {
18,female,26216694414,line 11,84,if ( ( this.currentSpeed + kmh ) > this.topSpeed ) {
18,female,26216794451,line 11,96,if ( ( this.currentSpeed + kmh ) > this.topSpeed ) {
18,female,26216874491,line 11,76,if ( ( this.currentSpeed + kmh ) > this.topSpeed ) {
18,female,26217142556,line 12,64,this.currentSpeed = this.topSpeed ;
18,female,26217358490,line 14,96,this.currentSpeed = this.currentSpeed + kmh ;
18,female,26217518397,line 14,104,this.currentSpeed = this.currentSpeed + kmh ;
18,female,26217642392,line 14,72,this.currentSpeed = this.currentSpeed + kmh ;
18,female,26217826405,line 14,180,this.currentSpeed = this.currentSpeed + kmh ;
18,female,26217914404,line 14,56,this.currentSpeed = this.currentSpeed + kmh ;
18,female,26219374260,line 19,92,"Vehicle v = new Vehicle ( ""Audi"" , ""A6"" , 200 ) ;"
18,female,26219674337,line 11,88,if ( ( this.currentSpeed + kmh ) > this.topSpeed ) {
18,female,26220066220,line 10,112,public int accelerate ( int kmh ) {
18,female,26220466210,line 20,68,v.accelerate ( 10 ) ;
18,female,26220702024,line 10,84,public int accelerate ( int kmh ) {
18,female,26221042144,line 12,60,this.currentSpeed = this.topSpeed ;
18,female,26221274217,line 12,148,this.currentSpeed = this.topSpeed ;
18,female,26221646109,line 11,180,if ( ( this.currentSpeed + kmh ) > this.topSpeed ) {
18,female,26221822154,line 10,64,public int accelerate ( int kmh ) {
18,female,26222206047,line 11,56,if ( ( this.currentSpeed + kmh ) > this.topSpeed ) {
18,female,26222377975,line 11,60,if ( ( this.currentSpeed + kmh ) > this.topSpeed ) {
18,female,26223477963,line 10,68,public int accelerate ( int kmh ) {
18,female,26223729831,line 11,92,if ( ( this.currentSpeed + kmh ) > this.topSpeed ) {
18,female,26224101779,line 12,60,this.currentSpeed = this.topSpeed ;
18,female,26224681949,line 11,164,if ( ( this.currentSpeed + kmh ) > this.topSpeed ) {
18,female,26225069905,line 11,180,if ( ( this.currentSpeed + kmh ) > this.topSpeed ) {
18,female,26225865744,line 12,72,this.currentSpeed = this.topSpeed ;
18,female,26226197798,line 12,72,this.currentSpeed = this.topSpeed ;
18,female,26226353747,line 11,80,if ( ( this.currentSpeed + kmh ) > this.topSpeed ) {
18,female,26226849624,line 11,56,if ( ( this.currentSpeed + kmh ) > this.topSpeed ) {
18,female,26227769608,line 11,164,if ( ( this.currentSpeed + kmh ) > this.topSpeed ) {
18,female,26228173778,line 14,196,this.currentSpeed = this.currentSpeed + kmh ;
18,female,26228401409,line 14,72,this.currentSpeed = this.currentSpeed + kmh ;
18,female,26228581424,line 19,56,"Vehicle v = new Vehicle ( ""Audi"" , ""A6"" , 200 ) ;"
18,female,26229273440,line 12,60,this.currentSpeed = this.topSpeed ;
18,female,26229621467,line 20,92,v.accelerate ( 10 ) ;
18,female,26229909364,line 7,96,this.topSpeed = tp ;
18,female,26230041236,line 7,108,this.topSpeed = tp ;
19,female,2889610907,line 3,84,"int topSpeed , currentSpeed ;"
19,female,2889718930,line 3,104,"int topSpeed , currentSpeed ;"
19,female,2891478869,line 3,160,"int topSpeed , currentSpeed ;"
19,female,2891694790,line 3,160,"int topSpeed , currentSpeed ;"
19,female,2892314730,line 3,84,"int topSpeed , currentSpeed ;"
19,female,2892634711,line 4,64,"public Vehicle ( String p , String t , int tp ) {"
19,female,2892730705,line 4,92,"public Vehicle ( String p , String t , int tp ) {"
19,female,2892874701,line 4,56,"public Vehicle ( String p , String t , int tp ) {"
19,female,2893174659,line 4,68,"public Vehicle ( String p , String t , int tp ) {"
19,female,2893442565,line 4,100,"public Vehicle ( String p , String t , int tp ) {"
19,female,2893502578,line 4,56,"public Vehicle ( String p , String t , int tp ) {"
19,female,2894106588,line 5,184,this.producer = p ;
19,female,2894174579,line 5,64,this.producer = p ;
19,female,2894662514,line 6,132,this.type = t ;
19,female,2895310506,line 7,96,this.topSpeed = tp ;
19,female,2895982437,line 7,236,this.topSpeed = tp ;
19,female,2896546145,line 7,108,this.topSpeed = tp ;
19,female,2896626151,line 7,76,this.topSpeed = tp ;
19,female,2897042275,line 7,140,this.topSpeed = tp ;
19,female,2897722149,line 8,144,this.currentSpeed = 0 ;
19,female,2898254251,line 8,136,this.currentSpeed = 0 ;
19,female,2898390210,line 8,84,this.currentSpeed = 0 ;
19,female,2898726341,line 7,72,this.topSpeed = tp ;
19,female,2898814267,line 7,84,this.topSpeed = tp ;
19,female,2899186160,line 8,132,this.currentSpeed = 0 ;
19,female,2900110038,line 11,176,if ( ( this.currentSpeed + kmh ) > this.topSpeed ) {
19,female,2900342076,line 11,184,if ( ( this.currentSpeed + kmh ) > this.topSpeed ) {
19,female,2900942033,line 11,108,if ( ( this.currentSpeed + kmh ) > this.topSpeed ) {
19,female,2901002025,line 11,56,if ( ( this.currentSpeed + kmh ) > this.topSpeed ) {
19,female,2901074013,line 11,68,if ( ( this.currentSpeed + kmh ) > this.topSpeed ) {
19,female,2901169913,line 11,72,if ( ( this.currentSpeed + kmh ) > this.topSpeed ) {
19,female,2901345788,line 11,172,if ( ( this.currentSpeed + kmh ) > this.topSpeed ) {
19,female,2901445834,line 11,96,if ( ( this.currentSpeed + kmh ) > this.topSpeed ) {
19,female,2901585910,line 11,124,if ( ( this.currentSpeed + kmh ) > this.topSpeed ) {
19,female,2901729946,line 11,140,if ( ( this.currentSpeed + kmh ) > this.topSpeed ) {
19,female,2902065915,line 12,68,this.currentSpeed = this.topSpeed ;
19,female,2902337944,line 12,228,this.currentSpeed = this.topSpeed ;
19,female,2902425930,line 12,84,this.currentSpeed = this.topSpeed ;
19,female,2902673812,line 12,244,this.currentSpeed = this.topSpeed ;
19,female,2902789776,line 12,112,this.currentSpeed = this.topSpeed ;
19,female,2902969818,line 12,176,this.currentSpeed = this.topSpeed ;
19,female,2903057824,line 12,60,this.currentSpeed = this.topSpeed ;
19,female,2903141824,line 12,80,this.currentSpeed = this.topSpeed ;
19,female,2903209815,line 12,64,this.currentSpeed = this.topSpeed ;
19,female,2903373790,line 12,160,this.currentSpeed = this.topSpeed ;
19,female,2903537803,line 12,160,this.currentSpeed = this.topSpeed ;
19,female,2903881851,line 12,76,this.currentSpeed = this.topSpeed ;
19,female,2903989851,line 12,80,this.currentSpeed = this.topSpeed ;
19,female,2904117795,line 12,124,this.currentSpeed = this.topSpeed ;
19,female,2904233626,line 13,56,} else {
19,female,2904465501,line 13,228,} else {
19,female,2905333630,line 12,100,this.currentSpeed = this.topSpeed ;
19,female,2905633631,line 12,120,this.currentSpeed = this.topSpeed ;
19,female,2908577444,line 4,120,"public Vehicle ( String p , String t , int tp ) {"
19,female,2910601128,line 18,84,public static void main ( String args [ ] ) {
19,female,2910741044,line 18,104,public static void main ( String args [ ] ) {
19,female,2911401154,line 20,108,v.accelerate ( 10 ) ;
19,female,2911473178,line 20,68,v.accelerate ( 10 ) ;
19,female,2911569188,line 20,92,v.accelerate ( 10 ) ;
19,female,2913696748,line 19,96,"Vehicle v = new Vehicle ( ""Audi"" , ""A6"" , 200 ) ;"
19,female,2914168889,line 19,72,"Vehicle v = new Vehicle ( ""Audi"" , ""A6"" , 200 ) ;"
19,female,2914312838,line 19,56,"Vehicle v = new Vehicle ( ""Audi"" , ""A6"" , 200 ) ;"
19,female,2916208698,line 4,88,"public Vehicle ( String p , String t , int tp ) {"
19,female,2916368678,line 4,96,"public Vehicle ( String p , String t , int tp ) {"
19,female,2916432704,line 4,60,"public Vehicle ( String p , String t , int tp ) {"
19,female,2916756731,line 2,84,"String producer , type ;"
19,female,2917388660,line 4,156,"public Vehicle ( String p , String t , int tp ) {"
19,female,2918624411,line 7,156,this.topSpeed = tp ;
19,female,2919240498,line 8,68,this.currentSpeed = 0 ;
19,female,2919376510,line 8,132,this.currentSpeed = 0 ;
19,female,2919560633,line 8,156,this.currentSpeed = 0 ;
19,female,2920356356,line 8,320,this.currentSpeed = 0 ;
19,female,2920452366,line 8,92,this.currentSpeed = 0 ;
19,female,2920836341,line 8,204,this.currentSpeed = 0 ;
19,female,2921608239,line 12,112,this.currentSpeed = this.topSpeed ;
19,female,2921676248,line 12,64,this.currentSpeed = this.topSpeed ;
19,female,2921992188,line 11,96,if ( ( this.currentSpeed + kmh ) > this.topSpeed ) {
19,female,2922220201,line 11,200,if ( ( this.currentSpeed + kmh ) > this.topSpeed ) {
19,female,2922760216,line 11,64,if ( ( this.currentSpeed + kmh ) > this.topSpeed ) {
19,female,2922876196,line 11,112,if ( ( this.currentSpeed + kmh ) > this.topSpeed ) {
19,female,2923251737,line 12,100,this.currentSpeed = this.topSpeed ;
19,female,2923796041,line 14,96,this.currentSpeed = this.currentSpeed + kmh ;
19,female,2923956077,line 14,156,this.currentSpeed = this.currentSpeed + kmh ;
19,female,2924895875,line 16,92,return this.currentSpeed ;
27,male,237707944,line 1,60,public class Vehicle {
27,male,238092119,line 1,184,public class Vehicle {
27,male,238220073,line 1,124,public class Vehicle {
27,male,238452039,line 1,64,public class Vehicle {
27,male,238524044,line 1,68,public class Vehicle {
27,male,238816037,line 1,64,public class Vehicle {
27,male,239371763,line 2,208,"String producer , type ;"
27,male,239487840,line 2,64,"String producer , type ;"
27,male,239619916,line 3,92,"int topSpeed , currentSpeed ;"
27,male,239755913,line 3,132,"int topSpeed , currentSpeed ;"
27,male,239975921,line 3,120,"int topSpeed , currentSpeed ;"
27,male,240103908,line 2,100,"String producer , type ;"
27,male,240195882,line 2,88,"String producer , type ;"
27,male,240327859,line 2,128,"String producer , type ;"
27,male,240431865,line 2,64,"String producer , type ;"
27,male,240507878,line 2,72,"String producer , type ;"
27,male,240659829,line 3,100,"int topSpeed , currentSpeed ;"
27,male,240775751,line 3,56,"int topSpeed , currentSpeed ;"
27,male,240903774,line 3,68,"int topSpeed , currentSpeed ;"
27,male,241167897,line 3,168,"int topSpeed , currentSpeed ;"
27,male,241295852,line 3,96,"int topSpeed , currentSpeed ;"
27,male,241371806,line 3,72,"int topSpeed , currentSpeed ;"
27,male,241475788,line 4,80,"public Vehicle ( String p , String t , int tp ) {"
27,male,241619775,line 4,92,"public Vehicle ( String p , String t , int tp ) {"
27,male,241803743,line 4,56,"public Vehicle ( String p , String t , int tp ) {"
27,male,241891731,line 4,60,"public Vehicle ( String p , String t , int tp ) {"
27,male,241955722,line 4,60,"public Vehicle ( String p , String t , int tp ) {"
27,male,242083743,line 4,80,"public Vehicle ( String p , String t , int tp ) {"
27,male,242179754,line 4,92,"public Vehicle ( String p , String t , int tp ) {"
27,male,242315556,line 5,60,this.producer = p ;
27,male,242815737,line 6,84,this.type = t ;
27,male,243267667,line 8,60,this.currentSpeed = 0 ;
27,male,243431654,line 4,56,"public Vehicle ( String p , String t , int tp ) {"
27,male,243511604,line 4,56,"public Vehicle ( String p , String t , int tp ) {"
27,male,243675588,line 4,116,"public Vehicle ( String p , String t , int tp ) {"
27,male,243899567,line 4,64,"public Vehicle ( String p , String t , int tp ) {"
27,male,244243505,line 12,76,this.currentSpeed = this.topSpeed ;
27,male,244343610,line 12,96,this.currentSpeed = this.topSpeed ;
27,male,245827375,line 12,80,this.currentSpeed = this.topSpeed ;
27,male,247087149,line 13,120,} else {
27,male,249771073,line 14,84,this.currentSpeed = this.currentSpeed + kmh ;
27,male,249927075,line 14,152,this.currentSpeed = this.currentSpeed + kmh ;
27,male,250123012,line 14,152,this.currentSpeed = this.currentSpeed + kmh ;
27,male,250871247,line 14,180,this.currentSpeed = this.currentSpeed + kmh ;
27,male,251095145,line 14,140,this.currentSpeed = this.currentSpeed + kmh ;
27,male,251198910,line 14,100,this.currentSpeed = this.currentSpeed + kmh ;
27,male,251270927,line 14,68,this.currentSpeed = this.currentSpeed + kmh ;
27,male,251334943,line 14,60,this.currentSpeed = this.currentSpeed + kmh ;
27,male,251442960,line 14,104,this.currentSpeed = this.currentSpeed + kmh ;
27,male,251738700,line 14,116,this.currentSpeed = this.currentSpeed + kmh ;
27,male,251818661,line 14,76,this.currentSpeed = this.currentSpeed + kmh ;
27,male,251894727,line 14,72,this.currentSpeed = this.currentSpeed + kmh ;
27,male,252022803,line 14,124,this.currentSpeed = this.currentSpeed + kmh ;
27,male,252446839,line 14,92,this.currentSpeed = this.currentSpeed + kmh ;
27,male,253471120,line 11,68,if ( ( this.currentSpeed + kmh ) > this.topSpeed ) {
27,male,253539636,line 11,64,if ( ( this.currentSpeed + kmh ) > this.topSpeed ) {
27,male,255065254,line 14,72,this.currentSpeed = this.currentSpeed + kmh ;
27,male,255165244,line 14,96,this.currentSpeed = this.currentSpeed + kmh ;
27,male,255861089,line 14,60,this.currentSpeed = this.currentSpeed + kmh ;
27,male,255933103,line 14,60,this.currentSpeed = this.currentSpeed + kmh ;
27,male,256221124,line 14,60,this.currentSpeed = this.currentSpeed + kmh ;
27,male,256385119,line 16,76,return this.currentSpeed ;
27,male,256497149,line 16,108,return this.currentSpeed ;
27,male,257180941,line 18,88,public static void main ( String args [ ] ) {
27,male,257560934,line 18,56,public static void main ( String args [ ] ) {
27,male,257740876,line 18,100,public static void main ( String args [ ] ) {
27,male,257957005,line 18,64,public static void main ( String args [ ] ) {
27,male,258496983,line 18,60,public static void main ( String args [ ] ) {
27,male,258652945,line 18,60,public static void main ( String args [ ] ) {
27,male,259032666,line 18,64,public static void main ( String args [ ] ) {
27,male,259168876,line 18,68,public static void main ( String args [ ] ) {
27,male,259357331,line 19,68,"Vehicle v = new Vehicle ( ""Audi"" , ""A6"" , 200 ) ;"
27,male,260100863,line 19,104,"Vehicle v = new Vehicle ( ""Audi"" , ""A6"" , 200 ) ;"
27,male,260168883,line 19,64,"Vehicle v = new Vehicle ( ""Audi"" , ""A6"" , 200 ) ;"
27,male,260384796,line 19,64,"Vehicle v = new Vehicle ( ""Audi"" , ""A6"" , 200 ) ;"
27,male,260920646,line 19,92,"Vehicle v = new Vehicle ( ""Audi"" , ""A6"" , 200 ) ;"
27,male,261384631,line 18,60,public static void main ( String args [ ] ) {
27,male,261508629,line 18,64,public static void main ( String args [ ] ) {
27,male,261768712,line 20,84,v.accelerate ( 10 ) ;
27,male,261852681,line 20,80,v.accelerate ( 10 ) ;
27,male,262124470,line 14,176,this.currentSpeed = this.currentSpeed + kmh ;
27,male,262328525,line 5,56,this.producer = p ;
36,female,6723083463,line 7,64,this.topSpeed = tp ;
36,female,6723171366,line 7,84,this.topSpeed = tp ;
36,female,6723611282,line 3,76,"int topSpeed , currentSpeed ;"
36,female,6723791320,line 4,60,"public Vehicle ( String p , String t , int tp ) {"
36,female,6724051280,line 5,60,this.producer = p ;
36,female,6724167219,line 5,112,this.producer = p ;
36,female,6724971163,line 5,152,this.producer = p ;
36,female,6725351196,line 6,80,this.type = t ;
36,female,6725843512,line 6,100,this.type = t ;
36,female,6725983274,line 6,136,this.type = t ;
36,female,6726111212,line 7,124,this.topSpeed = tp ;
36,female,6726203176,line 6,88,this.type = t ;
36,female,6726275077,line 6,68,this.type = t ;
36,female,6727591058,line 7,60,this.topSpeed = tp ;
36,female,6727667043,line 7,72,this.topSpeed = tp ;
36,female,6727779023,line 7,96,this.topSpeed = tp ;
36,female,6727858991,line 7,76,this.topSpeed = tp ;
36,female,6727918960,line 7,56,this.topSpeed = tp ;
36,female,6728162904,line 8,84,this.currentSpeed = 0 ;
36,female,6728410911,line 7,60,this.topSpeed = tp ;
36,female,6728506914,line 7,92,this.topSpeed = tp ;
36,female,6728722900,line 7,132,this.topSpeed = tp ;
36,female,6729222876,line 7,72,this.topSpeed = tp ;
36,female,6729734831,line 7,108,this.topSpeed = tp ;
36,female,6730778817,line 8,84,this.currentSpeed = 0 ;
36,female,6731098487,line 8,116,this.currentSpeed = 0 ;
36,female,6731362612,line 8,128,this.currentSpeed = 0 ;
36,female,6731426621,line 8,60,this.currentSpeed = 0 ;
36,female,6731542622,line 8,112,this.currentSpeed = 0 ;
36,female,6731670636,line 8,64,this.currentSpeed = 0 ;
36,female,6732050655,line 8,56,this.currentSpeed = 0 ;
36,female,6732362628,line 8,76,this.currentSpeed = 0 ;
36,female,6732434613,line 8,68,this.currentSpeed = 0 ;
36,female,6732530563,line 8,92,this.currentSpeed = 0 ;
36,female,6732610519,line 8,76,this.currentSpeed = 0 ;
36,female,6732754525,line 8,140,this.currentSpeed = 0 ;
36,female,6732862538,line 8,72,this.currentSpeed = 0 ;
36,female,6732930552,line 8,64,this.currentSpeed = 0 ;
36,female,6733010584,line 8,76,this.currentSpeed = 0 ;
36,female,6733394508,line 7,56,this.topSpeed = tp ;
36,female,6733578507,line 8,76,this.currentSpeed = 0 ;
36,female,6733726498,line 8,96,this.currentSpeed = 0 ;
36,female,6733874530,line 8,144,this.currentSpeed = 0 ;
36,female,6734046455,line 8,92,this.currentSpeed = 0 ;
36,female,6734518392,line 8,76,this.currentSpeed = 0 ;
36,female,6734630374,line 8,80,this.currentSpeed = 0 ;
36,female,6735150604,line 7,104,this.topSpeed = tp ;
36,female,6735210639,line 7,56,this.topSpeed = tp ;
36,female,6735370329,line 7,156,this.topSpeed = tp ;
36,female,6736398286,line 8,108,this.currentSpeed = 0 ;
36,female,6736690262,line 8,152,this.currentSpeed = 0 ;
36,female,6736814255,line 7,72,this.topSpeed = tp ;
36,female,6736914266,line 8,96,this.currentSpeed = 0 ;
36,female,6737058257,line 8,108,this.currentSpeed = 0 ;
36,female,6737238198,line 8,108,this.currentSpeed = 0 ;
36,female,6737326165,line 8,84,this.currentSpeed = 0 ;
36,female,6737530144,line 8,168,this.currentSpeed = 0 ;
36,female,6738102185,line 8,56,this.currentSpeed = 0 ;
36,female,6738214203,line 7,92,this.topSpeed = tp ;
36,female,6738298184,line 8,80,this.currentSpeed = 0 ;
36,female,6738394162,line 8,92,this.currentSpeed = 0 ;
36,female,6740166007,line 12,68,this.currentSpeed = this.topSpeed ;
36,female,6740413724,line 12,244,this.currentSpeed = this.topSpeed ;
36,female,6740541774,line 12,72,this.currentSpeed = this.topSpeed ;
36,female,6740657840,line 11,56,if ( ( this.currentSpeed + kmh ) > this.topSpeed ) {
36,female,6740929874,line 13,104,} else {
36,female,6741373866,line 12,88,this.currentSpeed = this.topSpeed ;
36,female,6741781864,line 13,108,} else {
36,female,6741873833,line 13,64,} else {
36,female,6741937795,line 13,60,} else {
36,female,6742065750,line 13,124,} else {
36,female,6742213735,line 13,108,} else {
36,female,6742501730,line 12,68,this.currentSpeed = this.topSpeed ;
36,female,6742809725,line 12,64,this.currentSpeed = this.topSpeed ;
36,female,6744601644,line 14,80,this.currentSpeed = this.currentSpeed + kmh ;
36,female,6745225341,line 16,72,return this.currentSpeed ;
36,female,6746145468,line 16,76,return this.currentSpeed ;
36,female,6746253475,line 16,104,return this.currentSpeed ;
36,female,6747721362,line 12,132,this.currentSpeed = this.topSpeed ;
36,female,6748105286,line 16,148,return this.currentSpeed ;
36,female,6748297245,line 16,128,return this.currentSpeed ;
36,female,6749197248,line 18,156,public static void main ( String args [ ] ) {
36,female,6749289251,line 18,88,public static void main ( String args [ ] ) {
36,female,6750597039,line 18,64,public static void main ( String args [ ] ) {
36,female,6750749037,line 18,108,public static void main ( String args [ ] ) {
36,female,6751405014,line 15,72,}
36,female,6751500996,line 13,68,} else {
36,female,6752376897,line 14,92,this.currentSpeed = this.currentSpeed + kmh ;
36,female,6752464894,line 14,56,this.currentSpeed = this.currentSpeed + kmh ;
36,female,6752596909,line 18,80,public static void main ( String args [ ] ) {
36,female,6752656917,line 18,56,public static void main ( String args [ ] ) {
36,female,6752736893,line 18,76,public static void main ( String args [ ] ) {
36,female,6753248825,line 20,168,v.accelerate ( 10 ) ;
36,female,6753360820,line 20,92,v.accelerate ( 10 ) ;
36,female,6753500787,line 20,136,v.accelerate ( 10 ) ;
36,female,6753616773,line 20,60,v.accelerate ( 10 ) ;
36,female,6755172709,line 20,64,v.accelerate ( 10 ) ;
36,female,6755680658,line 19,68,"Vehicle v = new Vehicle ( ""Audi"" , ""A6"" , 200 ) ;"
36,female,6756112649,line 20,60,v.accelerate ( 10 ) ;
36,female,6759568322,line 16,80,return this.currentSpeed ;
36,female,6759660332,line 16,88,return this.currentSpeed ;
36,female,6759980260,line 16,72,return this.currentSpeed ;
36,female,6760948153,line 12,64,this.currentSpeed = this.topSpeed ;
39,female,4781067527,line 3,68,"int topSpeed , currentSpeed ;"
39,female,4781140238,line 2,68,"String producer , type ;"
39,female,4781216841,line 2,68,"String producer , type ;"
39,female,4781336903,line 1,112,public class Vehicle {
39,female,4781548942,line 1,164,public class Vehicle {
39,female,4781620923,line 1,64,public class Vehicle {
39,female,4782244880,line 2,124,"String producer , type ;"
39,female,4782336785,line 2,80,"String producer , type ;"
39,female,4782800699,line 2,80,"String producer , type ;"
39,female,4782996760,line 2,192,"String producer , type ;"
39,female,4783344796,line 2,96,"String producer , type ;"
39,female,4783412778,line 2,64,"String producer , type ;"
39,female,4783528759,line 2,112,"String producer , type ;"
39,female,4783780759,line 2,116,"String producer , type ;"
39,female,4783892760,line 2,76,"String producer , type ;"
39,female,4784357110,line 2,164,"String producer , type ;"
39,female,4784556748,line 2,84,"String producer , type ;"
39,female,4784672680,line 2,112,"String producer , type ;"
39,female,4784968660,line 3,132,"int topSpeed , currentSpeed ;"
39,female,4785152659,line 3,76,"int topSpeed , currentSpeed ;"
39,female,4785668535,line 4,172,"public Vehicle ( String p , String t , int tp ) {"
39,female,4785744478,line 4,72,"public Vehicle ( String p , String t , int tp ) {"
39,female,4785968516,line 4,84,"public Vehicle ( String p , String t , int tp ) {"
39,female,4786356568,line 4,172,"public Vehicle ( String p , String t , int tp ) {"
39,female,4786612505,line 5,92,this.producer = p ;
39,female,4787299965,line 6,84,this.type = t ;
39,female,4787387917,line 6,84,this.type = t ;
39,female,4787744397,line 5,104,this.producer = p ;
39,female,4788548603,line 7,220,this.topSpeed = tp ;
39,female,4788660387,line 7,64,this.topSpeed = tp ;
39,female,4788852258,line 7,136,this.topSpeed = tp ;
39,female,4789032268,line 8,144,this.currentSpeed = 0 ;
39,female,4789368283,line 8,176,this.currentSpeed = 0 ;
39,female,4789456280,line 8,84,this.currentSpeed = 0 ;
39,female,4789720280,line 8,76,this.currentSpeed = 0 ;
39,female,4790212247,line 11,96,if ( ( this.currentSpeed + kmh ) > this.topSpeed ) {
39,female,4790336080,line 11,92,if ( ( this.currentSpeed + kmh ) > this.topSpeed ) {
39,female,4790499970,line 11,160,if ( ( this.currentSpeed + kmh ) > this.topSpeed ) {
39,female,4790612074,line 11,64,if ( ( this.currentSpeed + kmh ) > this.topSpeed ) {
39,female,4790920115,line 11,248,if ( ( this.currentSpeed + kmh ) > this.topSpeed ) {
39,female,4790984116,line 11,60,if ( ( this.currentSpeed + kmh ) > this.topSpeed ) {
39,female,4791140122,line 11,68,if ( ( this.currentSpeed + kmh ) > this.topSpeed ) {
39,female,4791228128,line 11,84,if ( ( this.currentSpeed + kmh ) > this.topSpeed ) {
39,female,4791568066,line 12,124,this.currentSpeed = this.topSpeed ;
39,female,4791732162,line 12,92,this.currentSpeed = this.topSpeed ;
39,female,4791852179,line 12,116,this.currentSpeed = this.topSpeed ;
39,female,4791952209,line 11,80,if ( ( this.currentSpeed + kmh ) > this.topSpeed ) {
39,female,4792092378,line 11,136,if ( ( this.currentSpeed + kmh ) > this.topSpeed ) {
39,female,4792276928,line 11,140,if ( ( this.currentSpeed + kmh ) > this.topSpeed ) {
39,female,4792476038,line 11,168,if ( ( this.currentSpeed + kmh ) > this.topSpeed ) {
39,female,4792584336,line 13,56,} else {
39,female,4792772248,line 13,60,} else {
39,female,4793216119,line 20,92,v.accelerate ( 10 ) ;
39,female,4794179872,line 20,60,v.accelerate ( 10 ) ;
40,male,25370748230,line 5,296,this.producer = p ;
40,male,25371500394,line 2,108,"String producer , type ;"
40,male,25371608271,line 2,80,"String producer , type ;"
40,male,25371684217,line 2,72,"String producer , type ;"
40,male,25371844202,line 2,100,"String producer , type ;"
40,male,25371948201,line 2,64,"String producer , type ;"
40,male,25372063999,line 2,112,"String producer , type ;"
40,male,25372139876,line 2,68,"String producer , type ;"
40,male,25372243978,line 2,100,"String producer , type ;"
40,male,25372408110,line 3,136,"int topSpeed , currentSpeed ;"
40,male,25372620099,line 3,164,"int topSpeed , currentSpeed ;"
40,male,25372756058,line 3,112,"int topSpeed , currentSpeed ;"
40,male,25372952232,line 3,192,"int topSpeed , currentSpeed ;"
40,male,25373028078,line 3,64,"int topSpeed , currentSpeed ;"
40,male,25373271875,line 3,240,"int topSpeed , currentSpeed ;"
40,male,25373516076,line 3,204,"int topSpeed , currentSpeed ;"
40,male,25373776365,line 3,240,"int topSpeed , currentSpeed ;"
40,male,25374004103,line 3,180,"int topSpeed , currentSpeed ;"
40,male,25374144018,line 3,92,"int topSpeed , currentSpeed ;"
40,male,25374228142,line 3,80,"int topSpeed , currentSpeed ;"
40,male,25374340273,line 3,108,"int topSpeed , currentSpeed ;"
40,male,25374504088,line 3,160,"int topSpeed , currentSpeed ;"
40,male,25374648001,line 3,120,"int topSpeed , currentSpeed ;"
40,male,25374783949,line 3,124,"int topSpeed , currentSpeed ;"
40,male,25374903955,line 3,116,"int topSpeed , currentSpeed ;"
40,male,25375115840,line 3,184,"int topSpeed , currentSpeed ;"
40,male,25375367754,line 3,148,"int topSpeed , currentSpeed ;"
40,male,25375539843,line 3,168,"int topSpeed , currentSpeed ;"
40,male,25375707865,line 3,124,"int topSpeed , currentSpeed ;"
40,male,25375891861,line 3,180,"int topSpeed , currentSpeed ;"
40,male,25376067846,line 3,152,"int topSpeed , currentSpeed ;"
40,male,25376359815,line 3,68,"int topSpeed , currentSpeed ;"
40,male,25376459811,line 3,60,"int topSpeed , currentSpeed ;"
40,male,25376603818,line 3,108,"int topSpeed , currentSpeed ;"
40,male,25376791684,line 4,108,"public Vehicle ( String p , String t , int tp ) {"
40,male,25376887611,line 4,92,"public Vehicle ( String p , String t , int tp ) {"
40,male,25377047689,line 4,116,"public Vehicle ( String p , String t , int tp ) {"
40,male,25377223878,line 4,148,"public Vehicle ( String p , String t , int tp ) {"
40,male,25377355883,line 4,128,"public Vehicle ( String p , String t , int tp ) {"
40,male,25377535772,line 4,140,"public Vehicle ( String p , String t , int tp ) {"
40,male,25377623738,line 4,56,"public Vehicle ( String p , String t , int tp ) {"
40,male,25377767717,line 4,140,"public Vehicle ( String p , String t , int tp ) {"
40,male,25377911769,line 4,112,"public Vehicle ( String p , String t , int tp ) {"
40,male,25377995752,line 4,80,"public Vehicle ( String p , String t , int tp ) {"
40,male,25378163705,line 4,164,"public Vehicle ( String p , String t , int tp ) {"
40,male,25378495577,line 4,260,"public Vehicle ( String p , String t , int tp ) {"
40,male,25378611557,line 4,112,"public Vehicle ( String p , String t , int tp ) {"
40,male,25378903574,line 4,244,"public Vehicle ( String p , String t , int tp ) {"
40,male,25379127541,line 5,164,this.producer = p ;
40,male,25379419584,line 5,260,this.producer = p ;
40,male,25379483599,line 5,60,this.producer = p ;
40,male,25379755533,line 5,248,this.producer = p ;
40,male,25379859391,line 5,84,this.producer = p ;
40,male,25379955271,line 5,92,this.producer = p ;
40,male,25380135213,line 4,132,"public Vehicle ( String p , String t , int tp ) {"
40,male,25380279549,line 4,124,"public Vehicle ( String p , String t , int tp ) {"
40,male,25380755509,line 6,124,this.type = t ;
40,male,25380867464,line 6,108,this.type = t ;
40,male,25381043461,line 6,84,this.type = t ;
40,male,25381107475,line 6,60,this.type = t ;
40,male,25381195480,line 6,84,this.type = t ;
40,male,25381279479,line 6,80,this.type = t ;
40,male,25381387393,line 6,72,this.type = t ;
40,male,25381631234,line 4,112,"public Vehicle ( String p , String t , int tp ) {"
40,male,25381791345,line 4,128,"public Vehicle ( String p , String t , int tp ) {"
40,male,25382115343,line 6,200,this.type = t ;
40,male,25382227472,line 6,108,this.type = t ;
40,male,25382463519,line 7,204,this.topSpeed = tp ;
40,male,25382691317,line 7,188,this.topSpeed = tp ;
40,male,25383035230,line 4,220,"public Vehicle ( String p , String t , int tp ) {"
40,male,25383175149,line 4,120,"public Vehicle ( String p , String t , int tp ) {"
40,male,25383343194,line 6,108,this.type = t ;
40,male,25383451185,line 7,84,this.topSpeed = tp ;
40,male,25383511180,line 7,56,this.topSpeed = tp ;
40,male,25383695185,line 7,88,this.topSpeed = tp ;
40,male,25383899184,line 3,168,"int topSpeed , currentSpeed ;"
40,male,25384011165,line 3,80,"int topSpeed , currentSpeed ;"
40,male,25384179166,line 1,128,public class Vehicle {
40,male,25384347249,line 2,104,"String producer , type ;"
40,male,25384783061,line 4,64,"public Vehicle ( String p , String t , int tp ) {"
40,male,25384931097,line 4,136,"public Vehicle ( String p , String t , int tp ) {"
40,male,25385023094,line 4,88,"public Vehicle ( String p , String t , int tp ) {"
40,male,25385087067,line 4,60,"public Vehicle ( String p , String t , int tp ) {"
40,male,25385331026,line 4,192,"public Vehicle ( String p , String t , int tp ) {"
40,male,25385495028,line 6,112,this.type = t ;
40,male,25385667034,line 7,96,this.topSpeed = tp ;
40,male,25385855009,line 7,184,this.topSpeed = tp ;
40,male,25386078717,line 7,192,this.topSpeed = tp ;
40,male,25386426863,line 7,96,this.topSpeed = tp ;
40,male,25386602900,line 5,104,this.producer = p ;
40,male,25386786941,line 6,156,this.type = t ;
40,male,25386950949,line 4,100,"public Vehicle ( String p , String t , int tp ) {"
40,male,25387038940,line 4,84,"public Vehicle ( String p , String t , int tp ) {"
40,male,25387262919,line 8,100,this.currentSpeed = 0 ;
40,male,25387402964,line 7,100,this.topSpeed = tp ;
40,male,25387478985,line 7,72,this.topSpeed = tp ;
40,male,25390702711,line 10,180,public int accelerate ( int kmh ) {
40,male,25390934612,line 10,72,public int accelerate ( int kmh ) {
40,male,25391198519,line 10,236,public int accelerate ( int kmh ) {
40,male,25391522496,line 10,300,public int accelerate ( int kmh ) {
40,male,25392270533,line 10,244,public int accelerate ( int kmh ) {
40,male,25392874387,line 5,68,this.producer = p ;
40,male,25393030399,line 5,152,this.producer = p ;
40,male,25393102418,line 5,68,this.producer = p ;
40,male,25393230410,line 7,96,this.topSpeed = tp ;
40,male,25393438401,line 10,72,public int accelerate ( int kmh ) {
40,male,25393550435,line 10,88,public int accelerate ( int kmh ) {
40,male,25393622415,line 10,68,public int accelerate ( int kmh ) {
40,male,25395274271,line 10,72,public int accelerate ( int kmh ) {
40,male,25395446179,line 10,64,public int accelerate ( int kmh ) {
40,male,25395654020,line 11,60,if ( ( this.currentSpeed + kmh ) > this.topSpeed ) {
40,male,25395942192,line 10,148,public int accelerate ( int kmh ) {
40,male,25396194163,line 10,80,public int accelerate ( int kmh ) {
40,male,25396294134,line 11,96,if ( ( this.currentSpeed + kmh ) > this.topSpeed ) {
40,male,25396626125,line 10,60,public int accelerate ( int kmh ) {
40,male,25396714132,line 10,84,public int accelerate ( int kmh ) {
40,male,25396910143,line 11,60,if ( ( this.currentSpeed + kmh ) > this.topSpeed ) {
40,male,25397082059,line 11,80,if ( ( this.currentSpeed + kmh ) > this.topSpeed ) {
40,male,25397513983,line 11,124,if ( ( this.currentSpeed + kmh ) > this.topSpeed ) {
40,male,25397786014,line 11,204,if ( ( this.currentSpeed + kmh ) > this.topSpeed ) {
40,male,25397978035,line 11,188,if ( ( this.currentSpeed + kmh ) > this.topSpeed ) {
40,male,25398249998,line 11,184,if ( ( this.currentSpeed + kmh ) > this.topSpeed ) {
40,male,25398685825,line 11,80,if ( ( this.currentSpeed + kmh ) > this.topSpeed ) {
40,male,25398773840,line 11,68,if ( ( this.currentSpeed + kmh ) > this.topSpeed ) {
40,male,25398953888,line 10,60,public int accelerate ( int kmh ) {
40,male,25399161858,line 10,80,public int accelerate ( int kmh ) {
40,male,25399249866,line 10,84,public int accelerate ( int kmh ) {
40,male,25399581981,line 11,60,if ( ( this.currentSpeed + kmh ) > this.topSpeed ) {
40,male,25399681923,line 11,96,if ( ( this.currentSpeed + kmh ) > this.topSpeed ) {
40,male,25399745887,line 11,60,if ( ( this.currentSpeed + kmh ) > this.topSpeed ) {
40,male,25399985863,line 12,60,this.currentSpeed = this.topSpeed ;
40,male,25400465699,line 12,56,this.currentSpeed = this.topSpeed ;
40,male,25400617766,line 12,60,this.currentSpeed = this.topSpeed ;
40,male,25400965718,line 12,100,this.currentSpeed = this.topSpeed ;
40,male,25401241699,line 12,220,this.currentSpeed = this.topSpeed ;
40,male,25402037512,line 12,68,this.currentSpeed = this.topSpeed ;
40,male,25402301653,line 12,108,this.currentSpeed = this.topSpeed ;
40,male,25403021634,line 12,68,this.currentSpeed = this.topSpeed ;
40,male,25403973443,line 10,76,public int accelerate ( int kmh ) {
40,male,25404513457,line 10,60,public int accelerate ( int kmh ) {
40,male,25404649463,line 10,96,public int accelerate ( int kmh ) {
40,male,25404877617,line 12,92,this.currentSpeed = this.topSpeed ;
40,male,25405021424,line 12,60,this.currentSpeed = this.topSpeed ;
40,male,25405129240,line 12,104,this.currentSpeed = this.topSpeed ;
40,male,25405541331,line 12,56,this.currentSpeed = this.topSpeed ;
40,male,25406197451,line 14,60,this.currentSpeed = this.currentSpeed + kmh ;
40,male,25406797141,line 14,76,this.currentSpeed = this.currentSpeed + kmh ;
40,male,25407765208,line 18,104,public static void main ( String args [ ] ) {
40,male,25407937198,line 18,76,public static void main ( String args [ ] ) {
40,male,25409049057,line 19,136,"Vehicle v = new Vehicle ( ""Audi"" , ""A6"" , 200 ) ;"
40,male,25409277095,line 18,176,public static void main ( String args [ ] ) {
40,male,25409349095,line 18,68,public static void main ( String args [ ] ) {
40,male,25409481060,line 18,96,public static void main ( String args [ ] ) {
40,male,25409760811,line 18,252,public static void main ( String args [ ] ) {
40,male,25410188942,line 18,160,public static void main ( String args [ ] ) {
40,male,25410660942,line 18,84,public static void main ( String args [ ] ) {
40,male,25410756949,line 18,92,public static void main ( String args [ ] ) {
40,male,25410940936,line 18,160,public static void main ( String args [ ] ) {
40,male,25411304638,line 18,152,public static void main ( String args [ ] ) {
40,male,25411932830,line 20,144,v.accelerate ( 10 ) ;
40,male,25412628826,line 19,144,"Vehicle v = new Vehicle ( ""Audi"" , ""A6"" , 200 ) ;"
40,male,25412824756,line 19,152,"Vehicle v = new Vehicle ( ""Audi"" , ""A6"" , 200 ) ;"
40,male,25413224686,line 20,120,v.accelerate ( 10 ) ;
40,male,25413696654,line 4,96,"public Vehicle ( String p , String t , int tp ) {"
40,male,25413852633,line 4,120,"public Vehicle ( String p , String t , int tp ) {"
40,male,25413932637,line 4,76,"public Vehicle ( String p , String t , int tp ) {"
40,male,25414056671,line 4,120,"public Vehicle ( String p , String t , int tp ) {"
40,male,25414196689,line 10,80,public int accelerate ( int kmh ) {
40,male,25415224532,line 8,160,this.currentSpeed = 0 ;
40,male,25415448538,line 19,68,"Vehicle v = new Vehicle ( ""Audi"" , ""A6"" , 200 ) ;"
40,male,25415616547,line 19,88,"Vehicle v = new Vehicle ( ""Audi"" , ""A6"" , 200 ) ;"
40,male,25415956385,line 11,68,if ( ( this.currentSpeed + kmh ) > this.topSpeed ) {
40,male,25416248409,line 3,140,"int topSpeed , currentSpeed ;"
40,male,25416448417,line 4,120,"public Vehicle ( String p , String t , int tp ) {"
40,male,25416616419,line 3,120,"int topSpeed , currentSpeed ;"
40,male,25416788416,line 3,148,"int topSpeed , currentSpeed ;"
40,male,25416984423,line 2,144,"String producer , type ;"
40,male,25417176372,line 3,144,"int topSpeed , currentSpeed ;"
40,male,25417244357,line 3,64,"int topSpeed , currentSpeed ;"
40,male,25417328357,line 3,80,"int topSpeed , currentSpeed ;"
40,male,25417516397,line 4,88,"public Vehicle ( String p , String t , int tp ) {"
40,male,25417720247,line 4,200,"public Vehicle ( String p , String t , int tp ) {"
40,male,25417876279,line 4,152,"public Vehicle ( String p , String t , int tp ) {"
40,male,25418188250,line 7,68,this.topSpeed = tp ;
40,male,25418268244,line 7,76,this.topSpeed = tp ;
40,male,25418496259,line 7,168,this.topSpeed = tp ;
40,male,25418748235,line 6,204,this.type = t ;
40,male,25418868209,line 6,88,this.type = t ;
40,male,25419484088,line 10,100,public int accelerate ( int kmh ) {
40,male,25419552105,line 10,64,public int accelerate ( int kmh ) {
40,male,25419696129,line 10,72,public int accelerate ( int kmh ) {
40,male,25419876349,line 10,108,public int accelerate ( int kmh ) {
40,male,25419996331,line 10,116,public int accelerate ( int kmh ) {
40,male,25420244110,line 3,60,"int topSpeed , currentSpeed ;"
40,male,25420428129,line 3,60,"int topSpeed , currentSpeed ;"
40,male,25420592019,line 3,136,"int topSpeed , currentSpeed ;"
40,male,25420952006,line 18,76,public static void main ( String args [ ] ) {
40,male,25421135917,line 19,108,"Vehicle v = new Vehicle ( ""Audi"" , ""A6"" , 200 ) ;"
40,male,25421491884,line 4,100,"public Vehicle ( String p , String t , int tp ) {"
40,male,25421680009,line 3,92,"int topSpeed , currentSpeed ;"
40,male,25421812006,line 3,128,"int topSpeed , currentSpeed ;"
40,male,25421932001,line 3,68,"int topSpeed , currentSpeed ;"
40,male,25422007983,line 3,56,"int topSpeed , currentSpeed ;"
40,male,25422123952,line 3,112,"int topSpeed , currentSpeed ;"
40,male,25422347834,line 5,184,this.producer = p ;
40,male,25422447920,line 5,96,this.producer = p ;
40,male,25422623953,line 6,152,this.type = t ;
40,male,25422779884,line 6,128,this.type = t ;
40,male,25422983904,line 4,144,"public Vehicle ( String p , String t , int tp ) {"
40,male,25423127892,line 4,108,"public Vehicle ( String p , String t , int tp ) {"
40,male,25423303855,line 4,136,"public Vehicle ( String p , String t , int tp ) {"
40,male,25423439965,line 5,108,this.producer = p ;
40,male,25423596112,line 5,152,this.producer = p ;
40,male,25423799863,line 3,80,"int topSpeed , currentSpeed ;"
40,male,25423903747,line 2,68,"String producer , type ;"
40,male,25424147727,line 16,108,return this.currentSpeed ;
40,male,25424523741,line 7,88,this.topSpeed = tp ;
40,male,25424647749,line 8,92,this.currentSpeed = 0 ;
40,male,25424843768,line 7,104,this.topSpeed = tp ;
40,male,25425263690,line 7,388,this.topSpeed = tp ;
40,male,25425811151,line 20,88,v.accelerate ( 10 ) ;
40,male,25425923310,line 20,108,v.accelerate ( 10 ) ;
40,male,25426031460,line 20,84,v.accelerate ( 10 ) ;
40,male,25426255630,line 20,220,v.accelerate ( 10 ) ;
40,male,25426543656,line 18,204,public static void main ( String args [ ] ) {
40,male,25426867546,line 10,84,public int accelerate ( int kmh ) {
40,male,25427103503,line 18,104,public static void main ( String args [ ] ) {
40,male,25427791520,line 12,96,this.currentSpeed = this.topSpeed ;
45,male,528246055,line 4,84,"public Vehicle ( String p , String t , int tp ) {"
45,male,528310064,line 5,60,this.producer = p ;
45,male,528638089,line 1,120,public class Vehicle {
45,male,529733981,line 2,144,"String producer , type ;"
45,male,530013970,line 3,176,"int topSpeed , currentSpeed ;"
45,male,530117982,line 3,64,"int topSpeed , currentSpeed ;"
45,male,530393978,line 3,272,"int topSpeed , currentSpeed ;"
45,male,530505963,line 3,84,"int topSpeed , currentSpeed ;"
45,male,530645945,line 3,136,"int topSpeed , currentSpeed ;"
45,male,530841991,line 3,192,"int topSpeed , currentSpeed ;"
45,male,531217844,line 3,344,"int topSpeed , currentSpeed ;"
45,male,531317828,line 3,96,"int topSpeed , currentSpeed ;"
45,male,531729900,line 3,84,"int topSpeed , currentSpeed ;"
45,male,531797873,line 3,64,"int topSpeed , currentSpeed ;"
45,male,531933845,line 3,68,"int topSpeed , currentSpeed ;"
45,male,532049825,line 3,112,"int topSpeed , currentSpeed ;"
45,male,532117826,line 3,64,"int topSpeed , currentSpeed ;"
45,male,532177832,line 3,56,"int topSpeed , currentSpeed ;"
45,male,532297835,line 3,116,"int topSpeed , currentSpeed ;"
45,male,532449808,line 2,96,"String producer , type ;"
45,male,532545810,line 2,92,"String producer , type ;"
45,male,532625817,line 2,76,"String producer , type ;"
45,male,532825723,line 2,124,"String producer , type ;"
45,male,532969716,line 2,140,"String producer , type ;"
45,male,533053705,line 2,80,"String producer , type ;"
45,male,533469739,line 3,144,"int topSpeed , currentSpeed ;"
45,male,533565719,line 3,92,"int topSpeed , currentSpeed ;"
45,male,533673704,line 3,104,"int topSpeed , currentSpeed ;"
45,male,533777718,line 3,100,"int topSpeed , currentSpeed ;"
45,male,534045750,line 3,208,"int topSpeed , currentSpeed ;"
45,male,534225803,line 3,148,"int topSpeed , currentSpeed ;"
45,male,534313793,line 3,84,"int topSpeed , currentSpeed ;"
45,male,534545596,line 3,180,"int topSpeed , currentSpeed ;"
45,male,534625534,line 3,76,"int topSpeed , currentSpeed ;"
45,male,534809581,line 3,180,"int topSpeed , currentSpeed ;"
45,male,535093607,line 3,120,"int topSpeed , currentSpeed ;"
45,male,535661500,line 2,84,"String producer , type ;"
45,male,535829510,line 2,72,"String producer , type ;"
45,male,536473608,line 2,100,"String producer , type ;"
45,male,536597559,line 2,120,"String producer , type ;"
45,male,536657534,line 2,56,"String producer , type ;"
45,male,536849485,line 5,124,this.producer = p ;
45,male,537353511,line 6,84,this.type = t ;
45,male,537761453,line 5,128,this.producer = p ;
45,male,537945451,line 4,84,"public Vehicle ( String p , String t , int tp ) {"
45,male,538041465,line 5,92,this.producer = p ;
45,male,538189510,line 5,116,this.producer = p ;
45,male,538257445,line 5,64,this.producer = p ;
45,male,538329308,line 5,68,this.producer = p ;
45,male,538485194,line 5,116,this.producer = p ;
45,male,538637343,line 5,148,this.producer = p ;
45,male,539201321,line 5,60,this.producer = p ;
45,male,539377326,line 5,172,this.producer = p ;
45,male,539473325,line 5,72,this.producer = p ;
45,male,539601306,line 5,124,this.producer = p ;
45,male,539797286,line 4,80,"public Vehicle ( String p , String t , int tp ) {"
45,male,540013328,line 4,212,"public Vehicle ( String p , String t , int tp ) {"
45,male,540517226,line 5,200,this.producer = p ;
45,male,540665259,line 5,76,this.producer = p ;
45,male,540917239,line 5,56,this.producer = p ;
45,male,541905180,line 4,56,"public Vehicle ( String p , String t , int tp ) {"
45,male,541973071,line 4,64,"public Vehicle ( String p , String t , int tp ) {"
45,male,542637120,line 4,80,"public Vehicle ( String p , String t , int tp ) {"
45,male,542797042,line 2,60,"String producer , type ;"
45,male,543089016,line 2,156,"String producer , type ;"
45,male,543169039,line 2,76,"String producer , type ;"
45,male,543493062,line 2,100,"String producer , type ;"
45,male,543633080,line 4,96,"public Vehicle ( String p , String t , int tp ) {"
45,male,543920869,line 4,140,"public Vehicle ( String p , String t , int tp ) {"
45,male,544052872,line 4,60,"public Vehicle ( String p , String t , int tp ) {"
45,male,544124910,line 4,68,"public Vehicle ( String p , String t , int tp ) {"
45,male,544404999,line 4,128,"public Vehicle ( String p , String t , int tp ) {"
45,male,544521000,line 4,84,"public Vehicle ( String p , String t , int tp ) {"
45,male,544604975,line 4,80,"public Vehicle ( String p , String t , int tp ) {"
45,male,544788943,line 5,148,this.producer = p ;
45,male,544848947,line 5,56,this.producer = p ;
45,male,545020982,line 5,128,this.producer = p ;
45,male,545208979,line 5,184,this.producer = p ;
45,male,545968800,line 5,100,this.producer = p ;
45,male,546168812,line 4,76,"public Vehicle ( String p , String t , int tp ) {"
45,male,546252787,line 4,80,"public Vehicle ( String p , String t , int tp ) {"
45,male,546496787,line 6,120,this.type = t ;
45,male,547012853,line 6,100,this.type = t ;
45,male,547156918,line 5,140,this.producer = p ;
45,male,547384819,line 7,200,this.topSpeed = tp ;
45,male,547464795,line 5,60,this.producer = p ;
45,male,547532780,line 5,64,this.producer = p ;
45,male,547940717,line 2,88,"String producer , type ;"
45,male,548052715,line 2,108,"String producer , type ;"
45,male,548216746,line 2,72,"String producer , type ;"
45,male,548336749,line 2,64,"String producer , type ;"
45,male,548536765,line 8,112,this.currentSpeed = 0 ;
45,male,548644777,line 7,80,this.topSpeed = tp ;
45,male,548916758,line 7,216,this.topSpeed = tp ;
45,male,549344610,line 4,92,"public Vehicle ( String p , String t , int tp ) {"
45,male,549572574,line 8,128,this.currentSpeed = 0 ;
45,male,549696587,line 7,92,this.topSpeed = tp ;
45,male,549952617,line 7,56,this.topSpeed = tp ;
45,male,550116622,line 2,124,"String producer , type ;"
45,male,550468595,line 3,76,"int topSpeed , currentSpeed ;"
45,male,550528605,line 3,56,"int topSpeed , currentSpeed ;"
45,male,550616620,line 3,84,"int topSpeed , currentSpeed ;"
45,male,550784662,line 7,80,this.topSpeed = tp ;
45,male,550852679,line 7,64,this.topSpeed = tp ;
45,male,551144619,line 8,96,this.currentSpeed = 0 ;
45,male,551320504,line 8,172,this.currentSpeed = 0 ;
45,male,552136563,line 5,64,this.producer = p ;
45,male,552524494,line 3,68,"int topSpeed , currentSpeed ;"
45,male,552832495,line 3,144,"int topSpeed , currentSpeed ;"
45,male,552956477,line 3,120,"int topSpeed , currentSpeed ;"
45,male,553024460,line 3,64,"int topSpeed , currentSpeed ;"
45,male,553656354,line 8,240,this.currentSpeed = 0 ;
45,male,553916354,line 8,76,this.currentSpeed = 0 ;
45,male,554560327,line 4,72,"public Vehicle ( String p , String t , int tp ) {"
45,male,554736320,line 10,88,public int accelerate ( int kmh ) {
45,male,554912236,line 8,120,this.currentSpeed = 0 ;
45,male,555056238,line 8,140,this.currentSpeed = 0 ;
45,male,555224259,line 8,132,this.currentSpeed = 0 ;
45,male,555460241,line 3,140,"int topSpeed , currentSpeed ;"
45,male,555612259,line 4,96,"public Vehicle ( String p , String t , int tp ) {"
45,male,555760253,line 4,92,"public Vehicle ( String p , String t , int tp ) {"
45,male,555948246,line 8,132,this.currentSpeed = 0 ;
45,male,556188255,line 7,208,this.topSpeed = tp ;
45,male,556320252,line 2,60,"String producer , type ;"
45,male,556632239,line 3,84,"int topSpeed , currentSpeed ;"
45,male,556760225,line 2,68,"String producer , type ;"
45,male,556868104,line 2,56,"String producer , type ;"
45,male,557011961,line 5,100,this.producer = p ;
45,male,557092015,line 5,76,this.producer = p ;
45,male,557944087,line 5,144,this.producer = p ;
45,male,558100074,line 5,124,this.producer = p ;
45,male,558428192,line 4,132,"public Vehicle ( String p , String t , int tp ) {"
45,male,558715950,line 2,164,"String producer , type ;"
45,male,559636013,line 1,164,public class Vehicle {
45,male,559779987,line 2,92,"String producer , type ;"
45,male,559843978,line 2,60,"String producer , type ;"
45,male,560039963,line 4,156,"public Vehicle ( String p , String t , int tp ) {"
45,male,560103965,line 4,60,"public Vehicle ( String p , String t , int tp ) {"
45,male,560215968,line 4,108,"public Vehicle ( String p , String t , int tp ) {"
45,male,560671698,line 10,212,public int accelerate ( int kmh ) {
45,male,560887869,line 10,168,public int accelerate ( int kmh ) {
45,male,561311830,line 10,120,public int accelerate ( int kmh ) {
45,male,561407825,line 10,92,public int accelerate ( int kmh ) {
45,male,561523811,line 11,92,if ( ( this.currentSpeed + kmh ) > this.topSpeed ) {
45,male,561639789,line 11,112,if ( ( this.currentSpeed + kmh ) > this.topSpeed ) {
45,male,562015820,line 3,112,"int topSpeed , currentSpeed ;"
45,male,562215887,line 12,112,this.currentSpeed = this.topSpeed ;
45,male,562347812,line 10,92,public int accelerate ( int kmh ) {
45,male,562427721,line 10,76,public int accelerate ( int kmh ) {
45,male,562839738,line 11,80,if ( ( this.currentSpeed + kmh ) > this.topSpeed ) {
45,male,563043764,line 11,200,if ( ( this.currentSpeed + kmh ) > this.topSpeed ) {
45,male,563195736,line 12,72,this.currentSpeed = this.topSpeed ;
45,male,563283719,line 12,84,this.currentSpeed = this.topSpeed ;
45,male,563419714,line 11,80,if ( ( this.currentSpeed + kmh ) > this.topSpeed ) {
45,male,563571758,line 11,68,if ( ( this.currentSpeed + kmh ) > this.topSpeed ) {
45,male,563727769,line 11,152,if ( ( this.currentSpeed + kmh ) > this.topSpeed ) {
45,male,563863765,line 10,108,public int accelerate ( int kmh ) {
45,male,564059789,line 10,192,public int accelerate ( int kmh ) {
45,male,564187719,line 10,124,public int accelerate ( int kmh ) {
45,male,564311564,line 11,92,if ( ( this.currentSpeed + kmh ) > this.topSpeed ) {
45,male,564383538,line 11,68,if ( ( this.currentSpeed + kmh ) > this.topSpeed ) {
45,male,564587619,line 10,64,public int accelerate ( int kmh ) {
45,male,564659642,line 11,68,if ( ( this.currentSpeed + kmh ) > this.topSpeed ) {
45,male,564859641,line 10,144,public int accelerate ( int kmh ) {
45,male,565207594,line 11,116,if ( ( this.currentSpeed + kmh ) > this.topSpeed ) {
45,male,565367603,line 11,156,if ( ( this.currentSpeed + kmh ) > this.topSpeed ) {
45,male,565531620,line 11,92,if ( ( this.currentSpeed + kmh ) > this.topSpeed ) {
45,male,566043635,line 11,60,if ( ( this.currentSpeed + kmh ) > this.topSpeed ) {
45,male,566255498,line 11,208,if ( ( this.currentSpeed + kmh ) > this.topSpeed ) {
45,male,566491495,line 12,144,this.currentSpeed = this.topSpeed ;
45,male,566967531,line 12,132,this.currentSpeed = this.topSpeed ;
45,male,567079522,line 12,108,this.currentSpeed = this.topSpeed ;
45,male,567207487,line 12,124,this.currentSpeed = this.topSpeed ;
45,male,567279477,line 12,68,this.currentSpeed = this.topSpeed ;
45,male,567363472,line 12,80,this.currentSpeed = this.topSpeed ;
45,male,567919459,line 10,268,public int accelerate ( int kmh ) {
45,male,568055436,line 12,76,this.currentSpeed = this.topSpeed ;
45,male,568183360,line 12,124,this.currentSpeed = this.topSpeed ;
45,male,568515365,line 12,288,this.currentSpeed = this.topSpeed ;
45,male,569107372,line 9,104,}
45,male,569363379,line 1,200,public class Vehicle {
45,male,569731369,line 2,112,"String producer , type ;"
45,male,570159245,line 4,60,"public Vehicle ( String p , String t , int tp ) {"
45,male,570667223,line 4,80,"public Vehicle ( String p , String t , int tp ) {"
45,male,570827253,line 3,124,"int topSpeed , currentSpeed ;"
45,male,571027286,line 5,156,this.producer = p ;
45,male,572103186,line 7,88,this.topSpeed = tp ;
45,male,572383168,line 8,120,this.currentSpeed = 0 ;
45,male,572635128,line 3,60,"int topSpeed , currentSpeed ;"
45,male,573355101,line 12,140,this.currentSpeed = this.topSpeed ;
45,male,573818903,line 11,164,if ( ( this.currentSpeed + kmh ) > this.topSpeed ) {
45,male,574022979,line 11,108,if ( ( this.currentSpeed + kmh ) > this.topSpeed ) {
45,male,574278993,line 11,252,if ( ( this.currentSpeed + kmh ) > this.topSpeed ) {
45,male,574534989,line 11,252,if ( ( this.currentSpeed + kmh ) > this.topSpeed ) {
45,male,575199020,line 12,84,this.currentSpeed = this.topSpeed ;
45,male,579582637,line 12,92,this.currentSpeed = this.topSpeed ;
45,male,579774623,line 11,168,if ( ( this.currentSpeed + kmh ) > this.topSpeed ) {
45,male,579842611,line 11,64,if ( ( this.currentSpeed + kmh ) > this.topSpeed ) {
45,male,580346658,line 11,128,if ( ( this.currentSpeed + kmh ) > this.topSpeed ) {
45,male,580438629,line 11,72,if ( ( this.currentSpeed + kmh ) > this.topSpeed ) {
45,male,580590670,line 11,148,if ( ( this.currentSpeed + kmh ) > this.topSpeed ) {
45,male,580794649,line 12,140,this.currentSpeed = this.topSpeed ;
45,male,581102372,line 12,104,this.currentSpeed = this.topSpeed ;
45,male,581222481,line 12,96,this.currentSpeed = this.topSpeed ;
45,male,581330486,line 12,104,this.currentSpeed = this.topSpeed ;
45,male,581998479,line 12,64,this.currentSpeed = this.topSpeed ;
45,male,582138511,line 12,136,this.currentSpeed = this.topSpeed ;
45,male,583058382,line 12,92,this.currentSpeed = this.topSpeed ;
45,male,583970405,line 12,56,this.currentSpeed = this.topSpeed ;
45,male,587106153,line 12,56,this.currentSpeed = this.topSpeed ;
45,male,587170168,line 11,60,if ( ( this.currentSpeed + kmh ) > this.topSpeed ) {
45,male,587682186,line 11,92,if ( ( this.currentSpeed + kmh ) > this.topSpeed ) {
45,male,588110134,line 11,112,if ( ( this.currentSpeed + kmh ) > this.topSpeed ) {
45,male,588238191,line 11,124,if ( ( this.currentSpeed + kmh ) > this.topSpeed ) {
45,male,588358176,line 11,116,if ( ( this.currentSpeed + kmh ) > this.topSpeed ) {
45,male,588701997,line 11,304,if ( ( this.currentSpeed + kmh ) > this.topSpeed ) {
45,male,589246059,line 11,132,if ( ( this.currentSpeed + kmh ) > this.topSpeed ) {
45,male,589658045,line 11,408,if ( ( this.currentSpeed + kmh ) > this.topSpeed ) {
45,male,589753997,line 11,92,if ( ( this.currentSpeed + kmh ) > this.topSpeed ) {
45,male,589953964,line 10,156,public int accelerate ( int kmh ) {
45,male,590413923,line 10,92,public int accelerate ( int kmh ) {
45,male,590729902,line 10,312,public int accelerate ( int kmh ) {
45,male,591226052,line 11,108,if ( ( this.currentSpeed + kmh ) > this.topSpeed ) {
45,male,591417958,line 11,188,if ( ( this.currentSpeed + kmh ) > this.topSpeed ) {
45,male,592133801,line 11,712,if ( ( this.currentSpeed + kmh ) > this.topSpeed ) {
45,male,592613784,line 11,476,if ( ( this.currentSpeed + kmh ) > this.topSpeed ) {
45,male,593025749,line 12,408,this.currentSpeed = this.topSpeed ;
45,male,593205752,line 12,176,this.currentSpeed = this.topSpeed ;
45,male,593281752,line 11,72,if ( ( this.currentSpeed + kmh ) > this.topSpeed ) {
45,male,593405790,line 11,120,if ( ( this.currentSpeed + kmh ) > this.topSpeed ) {
45,male,593533816,line 12,124,this.currentSpeed = this.topSpeed ;
45,male,593609794,line 12,72,this.currentSpeed = this.topSpeed ;
45,male,593729769,line 12,84,this.currentSpeed = this.topSpeed ;
45,male,594129477,line 12,64,this.currentSpeed = this.topSpeed ;
45,male,594209503,line 12,76,this.currentSpeed = this.topSpeed ;
45,male,594281549,line 12,68,this.currentSpeed = this.topSpeed ;
45,male,594669595,line 12,352,this.currentSpeed = this.topSpeed ;
45,male,594753586,line 12,80,this.currentSpeed = this.topSpeed ;
45,male,594817618,line 12,60,this.currentSpeed = this.topSpeed ;
45,male,595033736,line 12,212,this.currentSpeed = this.topSpeed ;
45,male,595469681,line 12,364,this.currentSpeed = this.topSpeed ;
45,male,595669693,line 11,72,if ( ( this.currentSpeed + kmh ) > this.topSpeed ) {
45,male,595925428,line 11,188,if ( ( this.currentSpeed + kmh ) > this.topSpeed ) {
45,male,596181480,line 12,208,this.currentSpeed = this.topSpeed ;
45,male,596781565,line 12,564,this.currentSpeed = this.topSpeed ;
45,male,596965578,line 12,180,this.currentSpeed = this.topSpeed ;
45,male,597173548,line 12,204,this.currentSpeed = this.topSpeed ;
45,male,597701348,line 12,164,this.currentSpeed = this.topSpeed ;
45,male,597857222,line 12,136,this.currentSpeed = this.topSpeed ;
45,male,597965298,line 12,104,this.currentSpeed = this.topSpeed ;
45,male,598069375,line 12,88,this.currentSpeed = this.topSpeed ;
45,male,598557442,line 11,324,if ( ( this.currentSpeed + kmh ) > this.topSpeed ) {
45,male,598789392,line 11,228,if ( ( this.currentSpeed + kmh ) > this.topSpeed ) {
45,male,598897386,line 11,60,if ( ( this.currentSpeed + kmh ) > this.topSpeed ) {
45,male,599337321,line 11,84,if ( ( this.currentSpeed + kmh ) > this.topSpeed ) {
45,male,599605133,line 11,264,if ( ( this.currentSpeed + kmh ) > this.topSpeed ) {
45,male,600161343,line 10,156,public int accelerate ( int kmh ) {
45,male,600325317,line 10,128,public int accelerate ( int kmh ) {
45,male,600473282,line 10,120,public int accelerate ( int kmh ) {
45,male,600825299,line 10,104,public int accelerate ( int kmh ) {
45,male,601113285,line 11,240,if ( ( this.currentSpeed + kmh ) > this.topSpeed ) {
45,male,601225255,line 11,88,if ( ( this.currentSpeed + kmh ) > this.topSpeed ) {
45,male,601697107,line 11,92,if ( ( this.currentSpeed + kmh ) > this.topSpeed ) {
45,male,601881175,line 11,180,if ( ( this.currentSpeed + kmh ) > this.topSpeed ) {
45,male,602045172,line 11,140,if ( ( this.currentSpeed + kmh ) > this.topSpeed ) {
45,male,602249180,line 11,168,if ( ( this.currentSpeed + kmh ) > this.topSpeed ) {
45,male,602345171,line 11,76,if ( ( this.currentSpeed + kmh ) > this.topSpeed ) {
45,male,602589111,line 11,240,if ( ( this.currentSpeed + kmh ) > this.topSpeed ) {
45,male,602789127,line 11,152,if ( ( this.currentSpeed + kmh ) > this.topSpeed ) {
45,male,603516937,line 11,180,if ( ( this.currentSpeed + kmh ) > this.topSpeed ) {
45,male,603925023,line 12,72,this.currentSpeed = this.topSpeed ;
45,male,604133010,line 11,160,if ( ( this.currentSpeed + kmh ) > this.topSpeed ) {
45,male,604308996,line 11,120,if ( ( this.currentSpeed + kmh ) > this.topSpeed ) {
45,male,604413010,line 11,84,if ( ( this.currentSpeed + kmh ) > this.topSpeed ) {
45,male,604645049,line 11,228,if ( ( this.currentSpeed + kmh ) > this.topSpeed ) {
45,male,604849017,line 11,132,if ( ( this.currentSpeed + kmh ) > this.topSpeed ) {
45,male,605220913,line 11,352,if ( ( this.currentSpeed + kmh ) > this.topSpeed ) {
45,male,605352885,line 11,104,if ( ( this.currentSpeed + kmh ) > this.topSpeed ) {
45,male,605416893,line 11,60,if ( ( this.currentSpeed + kmh ) > this.topSpeed ) {
45,male,606056903,line 11,212,if ( ( this.currentSpeed + kmh ) > this.topSpeed ) {
45,male,606240884,line 12,140,this.currentSpeed = this.topSpeed ;
45,male,606408882,line 12,140,this.currentSpeed = this.topSpeed ;
45,male,606500876,line 12,88,this.currentSpeed = this.topSpeed ;
45,male,606568873,line 12,64,this.currentSpeed = this.topSpeed ;
45,male,606760907,line 12,188,this.currentSpeed = this.topSpeed ;
45,male,606860913,line 12,68,this.currentSpeed = this.topSpeed ;
45,male,607016812,line 12,152,this.currentSpeed = this.topSpeed ;
45,male,607096799,line 12,76,this.currentSpeed = this.topSpeed ;
45,male,607216797,line 12,116,this.currentSpeed = this.topSpeed ;
45,male,607572816,line 12,296,this.currentSpeed = this.topSpeed ;
45,male,607784773,line 12,132,this.currentSpeed = this.topSpeed ;
45,male,608056791,line 11,244,if ( ( this.currentSpeed + kmh ) > this.topSpeed ) {
45,male,608172786,line 13,96,} else {
45,male,608376814,line 13,200,} else {
45,male,608816754,line 10,172,public int accelerate ( int kmh ) {
45,male,609108592,line 10,224,public int accelerate ( int kmh ) {
45,male,609272621,line 12,128,this.currentSpeed = this.topSpeed ;
45,male,609936663,line 12,152,this.currentSpeed = this.topSpeed ;
45,male,610184699,line 12,188,this.currentSpeed = this.topSpeed ;
45,male,610492736,line 12,264,this.currentSpeed = this.topSpeed ;
45,male,610612709,line 12,92,this.currentSpeed = this.topSpeed ;
45,male,610832357,line 12,216,this.currentSpeed = this.topSpeed ;
45,male,611324659,line 14,220,this.currentSpeed = this.currentSpeed + kmh ;
45,male,611476560,line 14,124,this.currentSpeed = this.currentSpeed + kmh ;
45,male,611696529,line 13,164,} else {
45,male,611968579,line 14,196,this.currentSpeed = this.currentSpeed + kmh ;
45,male,612132566,line 14,160,this.currentSpeed = this.currentSpeed + kmh ;
45,male,612232525,line 14,72,this.currentSpeed = this.currentSpeed + kmh ;
45,male,612344519,line 14,108,this.currentSpeed = this.currentSpeed + kmh ;
45,male,612680273,line 14,292,this.currentSpeed = this.currentSpeed + kmh ;
45,male,612836605,line 14,100,this.currentSpeed = this.currentSpeed + kmh ;
45,male,613036506,line 14,140,this.currentSpeed = this.currentSpeed + kmh ;
45,male,613304366,line 14,224,this.currentSpeed = this.currentSpeed + kmh ;
45,male,613524440,line 14,180,this.currentSpeed = this.currentSpeed + kmh ;
45,male,613756475,line 12,188,this.currentSpeed = this.topSpeed ;
45,male,613952443,line 12,132,this.currentSpeed = this.topSpeed ;
45,male,614324412,line 14,320,this.currentSpeed = this.currentSpeed + kmh ;
45,male,614960296,line 16,56,return this.currentSpeed ;
45,male,615124304,line 16,160,return this.currentSpeed ;
45,male,615244302,line 12,56,this.currentSpeed = this.topSpeed ;
45,male,615704269,line 14,156,this.currentSpeed = this.currentSpeed + kmh ;
45,male,615932284,line 14,164,this.currentSpeed = this.currentSpeed + kmh ;
45,male,616232191,line 14,272,this.currentSpeed = this.currentSpeed + kmh ;
45,male,616824154,line 14,328,this.currentSpeed = this.currentSpeed + kmh ;
45,male,617288125,line 16,176,return this.currentSpeed ;
45,male,617428103,line 16,136,return this.currentSpeed ;
45,male,617732228,line 16,260,return this.currentSpeed ;
45,male,617912193,line 16,120,return this.currentSpeed ;
45,male,617992142,line 16,76,return this.currentSpeed ;
45,male,618287871,line 16,60,return this.currentSpeed ;
45,male,618600053,line 16,172,return this.currentSpeed ;
45,male,619000082,line 16,352,return this.currentSpeed ;
45,male,619108067,line 16,104,return this.currentSpeed ;
45,male,619284049,line 16,152,return this.currentSpeed ;
45,male,619427960,line 16,140,return this.currentSpeed ;
45,male,619547989,line 16,116,return this.currentSpeed ;
45,male,620207996,line 16,160,return this.currentSpeed ;
45,male,620763929,line 16,308,return this.currentSpeed ;
45,male,621155865,line 11,164,if ( ( this.currentSpeed + kmh ) > this.topSpeed ) {
45,male,621784148,line 16,164,return this.currentSpeed ;
45,male,622003941,line 16,192,return this.currentSpeed ;
45,male,622207800,line 16,152,return this.currentSpeed ;
45,male,622411778,line 11,136,if ( ( this.currentSpeed + kmh ) > this.topSpeed ) {
45,male,622635795,line 10,176,public int accelerate ( int kmh ) {
45,male,622939823,line 10,232,public int accelerate ( int kmh ) {
45,male,623167781,line 10,176,public int accelerate ( int kmh ) {
45,male,623427768,line 10,216,public int accelerate ( int kmh ) {
45,male,623683815,line 16,200,return this.currentSpeed ;
45,male,624007693,line 10,252,public int accelerate ( int kmh ) {
45,male,624323720,line 18,100,public static void main ( String args [ ] ) {
45,male,624507697,line 18,180,public static void main ( String args [ ] ) {
45,male,624799627,line 18,232,public static void main ( String args [ ] ) {
45,male,624927645,line 18,124,public static void main ( String args [ ] ) {
45,male,625175661,line 18,204,public static void main ( String args [ ] ) {
45,male,625671573,line 19,64,"Vehicle v = new Vehicle ( ""Audi"" , ""A6"" , 200 ) ;"
45,male,625739572,line 19,64,"Vehicle v = new Vehicle ( ""Audi"" , ""A6"" , 200 ) ;"
45,male,625803570,line 18,60,public static void main ( String args [ ] ) {
45,male,626031561,line 18,148,public static void main ( String args [ ] ) {
45,male,626383550,line 18,256,public static void main ( String args [ ] ) {
45,male,626767547,line 19,332,"Vehicle v = new Vehicle ( ""Audi"" , ""A6"" , 200 ) ;"
45,male,627307576,line 20,212,v.accelerate ( 10 ) ;
45,male,627455574,line 20,100,v.accelerate ( 10 ) ;
45,male,627515534,line 20,56,v.accelerate ( 10 ) ;
45,male,627607473,line 20,88,v.accelerate ( 10 ) ;
45,male,629715271,line 3,128,"int topSpeed , currentSpeed ;"
45,male,629967412,line 2,172,"String producer , type ;"
45,male,630151396,line 1,112,public class Vehicle {
45,male,630319315,line 5,116,this.producer = p ;
45,male,630571328,line 4,208,"public Vehicle ( String p , String t , int tp ) {"
45,male,630683336,line 4,92,"public Vehicle ( String p , String t , int tp ) {"
45,male,630867297,line 4,108,"public Vehicle ( String p , String t , int tp ) {"
45,male,631107188,line 4,236,"public Vehicle ( String p , String t , int tp ) {"
45,male,631283051,line 4,108,"public Vehicle ( String p , String t , int tp ) {"
45,male,631451164,line 6,112,this.type = t ;
45,male,631535195,line 6,80,this.type = t ;
45,male,631723236,line 6,64,this.type = t ;
45,male,632055218,line 7,228,this.topSpeed = tp ;
45,male,632255190,line 7,124,this.topSpeed = tp ;
45,male,632399155,line 7,96,this.topSpeed = tp ;
45,male,632887155,line 5,104,this.producer = p ;
45,male,633038936,line 5,84,this.producer = p ;
45,male,633239066,line 5,64,this.producer = p ;
45,male,633387099,line 5,144,this.producer = p ;
45,male,633787075,line 8,256,this.currentSpeed = 0 ;
45,male,634059114,line 8,240,this.currentSpeed = 0 ;
45,male,634127094,line 8,64,this.currentSpeed = 0 ;
45,male,634966846,line 20,152,v.accelerate ( 10 ) ;
45,male,635358952,line 20,360,v.accelerate ( 10 ) ;
45,male,635974929,line 20,124,v.accelerate ( 10 ) ;
45,male,636338993,line 16,56,return this.currentSpeed ;
45,male,636770711,line 14,180,this.currentSpeed = this.currentSpeed + kmh ;
45,male,637086833,line 14,256,this.currentSpeed = this.currentSpeed + kmh ;
45,male,637338813,line 14,176,this.currentSpeed = this.currentSpeed + kmh ;
45,male,637570847,line 14,192,this.currentSpeed = this.currentSpeed + kmh ;
45,male,637646858,line 14,72,this.currentSpeed = this.currentSpeed + kmh ;
45,male,637754832,line 14,104,this.currentSpeed = this.currentSpeed + kmh ;
45,male,637834809,line 14,64,this.currentSpeed = this.currentSpeed + kmh ;
45,male,638046822,line 14,208,this.currentSpeed = this.currentSpeed + kmh ;
45,male,638210867,line 14,160,this.currentSpeed = this.currentSpeed + kmh ;
45,male,638790738,line 14,184,this.currentSpeed = this.currentSpeed + kmh ;
45,male,639082667,line 14,200,this.currentSpeed = this.currentSpeed + kmh ;
45,male,639186675,line 14,80,this.currentSpeed = this.currentSpeed + kmh ;
45,male,639350686,line 14,160,this.currentSpeed = this.currentSpeed + kmh ;
45,male,639430689,line 14,76,this.currentSpeed = this.currentSpeed + kmh ;
45,male,640054694,line 13,92,} else {
45,male,640294659,line 13,236,} else {
45,male,640558572,line 20,196,v.accelerate ( 10 ) ;
45,male,640766725,line 20,180,v.accelerate ( 10 ) ;
45,male,640946649,line 20,176,v.accelerate ( 10 ) ;
45,male,641102582,line 20,128,v.accelerate ( 10 ) ;
45,male,641806604,line 20,436,v.accelerate ( 10 ) ;
45,male,641898598,line 20,88,v.accelerate ( 10 ) ;
45,male,642130586,line 20,136,v.accelerate ( 10 ) ;
45,male,642558432,line 20,424,v.accelerate ( 10 ) ;
45,male,642734443,line 20,112,v.accelerate ( 10 ) ;
45,male,643482469,line 20,64,v.accelerate ( 10 ) ;
45,male,643562464,line 20,76,v.accelerate ( 10 ) ;
45,male,643790476,line 19,176,"Vehicle v = new Vehicle ( ""Audi"" , ""A6"" , 200 ) ;"
45,male,643942472,line 19,148,"Vehicle v = new Vehicle ( ""Audi"" , ""A6"" , 200 ) ;"
45,male,644286310,line 12,276,this.currentSpeed = this.topSpeed ;
45,male,644722284,line 8,116,this.currentSpeed = 0 ;
45,male,644798299,line 8,72,this.currentSpeed = 0 ;
45,male,647118240,line 19,184,"Vehicle v = new Vehicle ( ""Audi"" , ""A6"" , 200 ) ;"
45,male,647474257,line 20,196,v.accelerate ( 10 ) ;
45,male,647546235,line 20,68,v.accelerate ( 10 ) ;
45,male,647702202,line 20,104,v.accelerate ( 10 ) ;
45,male,647882168,line 14,116,this.currentSpeed = this.currentSpeed + kmh ;
45,male,647966114,line 14,80,this.currentSpeed = this.currentSpeed + kmh ;
45,male,649386125,line 20,160,v.accelerate ( 10 ) ;
45,male,649909835,line 14,220,this.currentSpeed = this.currentSpeed + kmh ;
45,male,650145949,line 11,184,if ( ( this.currentSpeed + kmh ) > this.topSpeed ) {
45,male,650365976,line 11,176,if ( ( this.currentSpeed + kmh ) > this.topSpeed ) {
45,male,650541973,line 3,112,"int topSpeed , currentSpeed ;"
45,male,651073964,line 19,164,"Vehicle v = new Vehicle ( ""Audi"" , ""A6"" , 200 ) ;"
45,male,651329937,line 19,188,"Vehicle v = new Vehicle ( ""Audi"" , ""A6"" , 200 ) ;"
45,male,651761756,line 19,372,"Vehicle v = new Vehicle ( ""Audi"" , ""A6"" , 200 ) ;"
45,male,652121862,line 19,328,"Vehicle v = new Vehicle ( ""Audi"" , ""A6"" , 200 ) ;"
45,male,652189861,line 19,64,"Vehicle v = new Vehicle ( ""Audi"" , ""A6"" , 200 ) ;"
45,male,652361844,line 14,124,this.currentSpeed = this.currentSpeed + kmh ;
45,male,652469826,line 14,104,this.currentSpeed = this.currentSpeed + kmh ;
45,male,652793782,line 16,84,return this.currentSpeed ;
45,male,653245836,line 16,76,return this.currentSpeed ;
45,male,653445593,line 16,196,return this.currentSpeed ;
45,male,653665687,line 16,140,return this.currentSpeed ;
45,male,654013732,line 14,104,this.currentSpeed = this.currentSpeed + kmh ;
45,male,654269708,line 14,252,this.currentSpeed = this.currentSpeed + kmh ;
45,male,654513663,line 20,120,v.accelerate ( 10 ) ;
45,male,654881742,line 20,340,v.accelerate ( 10 ) ;
45,male,655261555,line 18,192,public static void main ( String args [ ] ) {
45,male,655421458,line 19,124,"Vehicle v = new Vehicle ( ""Audi"" , ""A6"" , 200 ) ;"
45,male,655585552,line 8,96,this.currentSpeed = 0 ;
45,male,655665598,line 8,76,this.currentSpeed = 0 ;
45,male,656629533,line 4,64,"public Vehicle ( String p , String t , int tp ) {"
45,male,656713558,line 4,80,"public Vehicle ( String p , String t , int tp ) {"
45,male,658289461,line 12,124,this.currentSpeed = this.topSpeed ;
45,male,659401372,line 12,84,this.currentSpeed = this.topSpeed ;
45,male,659557289,line 12,152,this.currentSpeed = this.topSpeed ;
45,male,660289280,line 12,108,this.currentSpeed = this.topSpeed ;
45,male,661181263,line 12,340,this.currentSpeed = this.topSpeed ;
45,male,661697216,line 12,120,this.currentSpeed = this.topSpeed ;
53,male,3829542336,line 6,244,this.type = t ;
53,male,3829666342,line 3,92,"int topSpeed , currentSpeed ;"
53,male,3829874153,line 2,160,"String producer , type ;"
53,male,3830082269,line 2,204,"String producer , type ;"
53,male,3830346200,line 2,220,"String producer , type ;"
53,male,3830418200,line 2,68,"String producer , type ;"
53,male,3830550231,line 2,128,"String producer , type ;"
53,male,3831098261,line 20,60,v.accelerate ( 10 ) ;
53,male,3831210278,line 20,108,v.accelerate ( 10 ) ;
53,male,3831422396,line 11,140,if ( ( this.currentSpeed + kmh ) > this.topSpeed ) {
53,male,3831750002,line 11,324,if ( ( this.currentSpeed + kmh ) > this.topSpeed ) {
53,male,3831862080,line 10,108,public int accelerate ( int kmh ) {
53,male,3831966181,line 10,84,public int accelerate ( int kmh ) {
53,male,3832566294,line 2,148,"String producer , type ;"
53,male,3833230128,line 1,68,public class Vehicle {
53,male,3833290140,line 1,56,public class Vehicle {
53,male,3833402110,line 2,60,"String producer , type ;"
53,male,3833830075,line 1,56,public class Vehicle {
53,male,3834010038,line 1,128,public class Vehicle {
53,male,3834305997,line 2,200,"String producer , type ;"
53,male,3834562024,line 3,228,"int topSpeed , currentSpeed ;"
53,male,3834630012,line 3,64,"int topSpeed , currentSpeed ;"
53,male,3834737982,line 3,104,"int topSpeed , currentSpeed ;"
53,male,3834969972,line 3,88,"int topSpeed , currentSpeed ;"
53,male,3835673921,line 1,116,public class Vehicle {
53,male,3835733900,line 1,56,public class Vehicle {
53,male,3836221868,line 3,284,"int topSpeed , currentSpeed ;"
53,male,3836793841,line 3,88,"int topSpeed , currentSpeed ;"
53,male,3837053864,line 3,204,"int topSpeed , currentSpeed ;"
53,male,3837357782,line 3,300,"int topSpeed , currentSpeed ;"
53,male,3837489768,line 3,116,"int topSpeed , currentSpeed ;"
53,male,3837629779,line 3,136,"int topSpeed , currentSpeed ;"
53,male,3837729755,line 3,96,"int topSpeed , currentSpeed ;"
53,male,3837905728,line 3,80,"int topSpeed , currentSpeed ;"
53,male,3837973714,line 3,64,"int topSpeed , currentSpeed ;"
53,male,3838757724,line 3,56,"int topSpeed , currentSpeed ;"
53,male,3838881740,line 4,64,"public Vehicle ( String p , String t , int tp ) {"
53,male,3838961741,line 4,76,"public Vehicle ( String p , String t , int tp ) {"
53,male,3839353600,line 4,132,"public Vehicle ( String p , String t , int tp ) {"
53,male,3839657621,line 4,280,"public Vehicle ( String p , String t , int tp ) {"
53,male,3840001523,line 4,308,"public Vehicle ( String p , String t , int tp ) {"
53,male,3840437670,line 4,380,"public Vehicle ( String p , String t , int tp ) {"
53,male,3840645621,line 4,204,"public Vehicle ( String p , String t , int tp ) {"
53,male,3840845610,line 4,92,"public Vehicle ( String p , String t , int tp ) {"
53,male,3840989529,line 4,68,"public Vehicle ( String p , String t , int tp ) {"
53,male,3842365531,line 4,100,"public Vehicle ( String p , String t , int tp ) {"
53,male,3842457508,line 4,88,"public Vehicle ( String p , String t , int tp ) {"
53,male,3842621467,line 4,160,"public Vehicle ( String p , String t , int tp ) {"
53,male,3842737448,line 4,112,"public Vehicle ( String p , String t , int tp ) {"
53,male,3842829332,line 4,60,"public Vehicle ( String p , String t , int tp ) {"
53,male,3843053218,line 4,220,"public Vehicle ( String p , String t , int tp ) {"
53,male,3843145288,line 5,88,this.producer = p ;
53,male,3843225341,line 5,76,this.producer = p ;
53,male,3843325374,line 5,56,this.producer = p ;
53,male,3843497377,line 5,168,this.producer = p ;
53,male,3843589362,line 5,88,this.producer = p ;
53,male,3843737335,line 4,100,"public Vehicle ( String p , String t , int tp ) {"
53,male,3843889399,line 4,132,"public Vehicle ( String p , String t , int tp ) {"
53,male,3844137385,line 4,244,"public Vehicle ( String p , String t , int tp ) {"
53,male,3844317446,line 6,56,this.type = t ;
53,male,3844377471,line 6,56,this.type = t ;
53,male,3844521338,line 6,140,this.type = t ;
53,male,3844837061,line 5,256,this.producer = p ;
53,male,3845065209,line 4,200,"public Vehicle ( String p , String t , int tp ) {"
53,male,3845229210,line 4,128,"public Vehicle ( String p , String t , int tp ) {"
53,male,3845305234,line 4,72,"public Vehicle ( String p , String t , int tp ) {"
53,male,3845457296,line 5,88,this.producer = p ;
53,male,3845705280,line 6,160,this.type = t ;
53,male,3845777236,line 6,68,this.type = t ;
53,male,3845929193,line 6,148,this.type = t ;
53,male,3846017182,line 6,84,this.type = t ;
53,male,3846461172,line 5,252,this.producer = p ;
53,male,3846977083,line 7,140,this.topSpeed = tp ;
53,male,3847101103,line 7,120,this.topSpeed = tp ;
53,male,3847285093,line 7,140,this.topSpeed = tp ;
53,male,3847637075,line 4,116,"public Vehicle ( String p , String t , int tp ) {"
53,male,3847773118,line 4,108,"public Vehicle ( String p , String t , int tp ) {"
53,male,3848069091,line 7,68,this.topSpeed = tp ;
53,male,3848325102,line 8,108,this.currentSpeed = 0 ;
53,male,3848644933,line 8,144,this.currentSpeed = 0 ;
53,male,3848904903,line 4,168,"public Vehicle ( String p , String t , int tp ) {"
53,male,3849348945,line 3,92,"int topSpeed , currentSpeed ;"
53,male,3849472940,line 3,104,"int topSpeed , currentSpeed ;"
53,male,3849553003,line 3,72,"int topSpeed , currentSpeed ;"
53,male,3849689404,line 2,124,"String producer , type ;"
53,male,3849885723,line 8,124,this.currentSpeed = 0 ;
53,male,3850952811,line 10,240,public int accelerate ( int kmh ) {
53,male,3851420837,line 10,116,public int accelerate ( int kmh ) {
53,male,3851484848,line 10,56,public int accelerate ( int kmh ) {
53,male,3851656826,line 10,112,public int accelerate ( int kmh ) {
53,male,3851808809,line 10,148,public int accelerate ( int kmh ) {
53,male,3851928808,line 10,68,public int accelerate ( int kmh ) {
53,male,3853428663,line 11,76,if ( ( this.currentSpeed + kmh ) > this.topSpeed ) {
53,male,3853572671,line 11,140,if ( ( this.currentSpeed + kmh ) > this.topSpeed ) {
53,male,3853728680,line 11,136,if ( ( this.currentSpeed + kmh ) > this.topSpeed ) {
53,male,3854104478,line 12,56,this.currentSpeed = this.topSpeed ;
53,male,3854828604,line 10,108,public int accelerate ( int kmh ) {
53,male,3855608571,line 10,100,public int accelerate ( int kmh ) {
53,male,3856132308,line 10,112,public int accelerate ( int kmh ) {
53,male,3856392425,line 10,96,public int accelerate ( int kmh ) {
53,male,3856464402,line 10,68,public int accelerate ( int kmh ) {
53,male,3856720457,line 10,64,public int accelerate ( int kmh ) {
53,male,3857016381,line 10,80,public int accelerate ( int kmh ) {
53,male,3857128363,line 10,108,public int accelerate ( int kmh ) {
53,male,3857464399,line 10,92,public int accelerate ( int kmh ) {
53,male,3857540403,line 10,72,public int accelerate ( int kmh ) {
53,male,3857852215,line 11,64,if ( ( this.currentSpeed + kmh ) > this.topSpeed ) {
53,male,3858532210,line 10,60,public int accelerate ( int kmh ) {
53,male,3859688376,line 11,56,if ( ( this.currentSpeed + kmh ) > this.topSpeed ) {
53,male,3859920151,line 8,72,this.currentSpeed = 0 ;
53,male,3860584212,line 11,64,if ( ( this.currentSpeed + kmh ) > this.topSpeed ) {
53,male,3860656206,line 11,68,if ( ( this.currentSpeed + kmh ) > this.topSpeed ) {
53,male,3860732199,line 11,72,if ( ( this.currentSpeed + kmh ) > this.topSpeed ) {
53,male,3860928184,line 11,92,if ( ( this.currentSpeed + kmh ) > this.topSpeed ) {
53,male,3861060231,line 11,80,if ( ( this.currentSpeed + kmh ) > this.topSpeed ) {
53,male,3861156252,line 11,64,if ( ( this.currentSpeed + kmh ) > this.topSpeed ) {
53,male,3861228216,line 11,68,if ( ( this.currentSpeed + kmh ) > this.topSpeed ) {
53,male,3861308172,line 11,76,if ( ( this.currentSpeed + kmh ) > this.topSpeed ) {
53,male,3861488190,line 11,100,if ( ( this.currentSpeed + kmh ) > this.topSpeed ) {
53,male,3862044052,line 11,72,if ( ( this.currentSpeed + kmh ) > this.topSpeed ) {
53,male,3862208056,line 11,136,if ( ( this.currentSpeed + kmh ) > this.topSpeed ) {
53,male,3862788036,line 12,100,this.currentSpeed = this.topSpeed ;
53,male,3863140091,line 11,68,if ( ( this.currentSpeed + kmh ) > this.topSpeed ) {
53,male,3863799952,line 12,104,this.currentSpeed = this.topSpeed ;
53,male,3864779969,line 10,92,public int accelerate ( int kmh ) {
53,male,3864935959,line 10,132,public int accelerate ( int kmh ) {
53,male,3865179876,line 12,60,this.currentSpeed = this.topSpeed ;
53,male,3868919636,line 16,80,return this.currentSpeed ;
53,male,3869299420,line 10,64,public int accelerate ( int kmh ) {
53,male,3869367450,line 10,64,public int accelerate ( int kmh ) {
53,male,3870987310,line 10,88,public int accelerate ( int kmh ) {
53,male,3877923014,line 19,56,"Vehicle v = new Vehicle ( ""Audi"" , ""A6"" , 200 ) ;"
53,male,3877995003,line 19,68,"Vehicle v = new Vehicle ( ""Audi"" , ""A6"" , 200 ) ;"
53,male,3882054763,line 20,60,v.accelerate ( 10 ) ;
53,male,3882650661,line 19,80,"Vehicle v = new Vehicle ( ""Audi"" , ""A6"" , 200 ) ;"
53,male,3883050639,line 11,84,if ( ( this.currentSpeed + kmh ) > this.topSpeed ) {
53,male,3883230625,line 11,60,if ( ( this.currentSpeed + kmh ) > this.topSpeed ) {
53,male,3883766618,line 5,84,this.producer = p ;
53,male,3883842615,line 4,56,"public Vehicle ( String p , String t , int tp ) {"
53,male,3884442534,line 2,84,"String producer , type ;"
53,male,3884842512,line 4,88,"public Vehicle ( String p , String t , int tp ) {"
53,male,3885834436,line 7,168,this.topSpeed = tp ;
53,male,3886058214,line 7,220,this.topSpeed = tp ;
54,male,4541990055,line 7,120,this.topSpeed = tp ;
54,male,4542173859,line 2,112,"String producer , type ;"
54,male,4542357761,line 1,104,public class Vehicle {
54,male,4542921856,line 1,476,public class Vehicle {
54,male,4543101821,line 4,116,"public Vehicle ( String p , String t , int tp ) {"
54,male,4543229910,line 3,56,"int topSpeed , currentSpeed ;"
54,male,4543445871,line 3,68,"int topSpeed , currentSpeed ;"
54,male,4543589826,line 3,140,"int topSpeed , currentSpeed ;"
54,male,4543757836,line 3,164,"int topSpeed , currentSpeed ;"
54,male,4544113716,line 3,308,"int topSpeed , currentSpeed ;"
54,male,4544265727,line 2,148,"String producer , type ;"
54,male,4544481672,line 2,188,"String producer , type ;"
54,male,4544605655,line 2,120,"String producer , type ;"
54,male,4544893678,line 3,96,"int topSpeed , currentSpeed ;"
54,male,4545173706,line 3,156,"int topSpeed , currentSpeed ;"
54,male,4545373507,line 3,60,"int topSpeed , currentSpeed ;"
54,male,4545689527,line 4,88,"public Vehicle ( String p , String t , int tp ) {"
54,male,4545757533,line 5,64,this.producer = p ;
54,male,4545941233,line 5,148,this.producer = p ;
54,male,4546113408,line 3,156,"int topSpeed , currentSpeed ;"
54,male,4547005306,line 3,152,"int topSpeed , currentSpeed ;"
54,male,4547149376,line 3,116,"int topSpeed , currentSpeed ;"
54,male,4547561433,line 5,216,this.producer = p ;
54,male,4547709427,line 5,56,this.producer = p ;
54,male,4547861431,line 5,96,this.producer = p ;
54,male,4547933425,line 5,68,this.producer = p ;
54,male,4548073427,line 1,84,public class Vehicle {
54,male,4548189450,line 1,112,public class Vehicle {
54,male,4548305481,line 1,64,public class Vehicle {
54,male,4548501335,line 6,140,this.type = t ;
54,male,4548877440,line 3,124,"int topSpeed , currentSpeed ;"
54,male,4549013344,line 3,112,"int topSpeed , currentSpeed ;"
54,male,4549217254,line 2,112,"String producer , type ;"
54,male,4549425221,line 2,164,"String producer , type ;"
54,male,4549589224,line 2,132,"String producer , type ;"
54,male,4549817295,line 3,184,"int topSpeed , currentSpeed ;"
54,male,4549877296,line 3,56,"int topSpeed , currentSpeed ;"
54,male,4549961211,line 2,80,"String producer , type ;"
54,male,4550053094,line 2,68,"String producer , type ;"
54,male,4550289133,line 2,232,"String producer , type ;"
54,male,4550377170,line 2,84,"String producer , type ;"
54,male,4550501195,line 2,100,"String producer , type ;"
54,male,4550645187,line 2,140,"String producer , type ;"
54,male,4550713174,line 2,64,"String producer , type ;"
54,male,4550845147,line 3,56,"int topSpeed , currentSpeed ;"
54,male,4551009085,line 3,160,"int topSpeed , currentSpeed ;"
54,male,4551141065,line 3,76,"int topSpeed , currentSpeed ;"
54,male,4551205087,line 3,60,"int topSpeed , currentSpeed ;"
54,male,4551297120,line 3,88,"int topSpeed , currentSpeed ;"
54,male,4551421161,line 3,96,"int topSpeed , currentSpeed ;"
54,male,4551517153,line 3,92,"int topSpeed , currentSpeed ;"
54,male,4551660898,line 6,120,this.type = t ;
54,male,4551808920,line 6,144,this.type = t ;
54,male,4552077011,line 6,208,this.type = t ;
54,male,4552293133,line 5,176,this.producer = p ;
54,male,4552405112,line 5,88,this.producer = p ;
54,male,4552553058,line 5,144,this.producer = p ;
54,male,4553105029,line 4,112,"public Vehicle ( String p , String t , int tp ) {"
54,male,4553200982,line 5,92,this.producer = p ;
54,male,4553584917,line 5,112,this.producer = p ;
54,male,4553828926,line 4,76,"public Vehicle ( String p , String t , int tp ) {"
54,male,4553936920,line 5,60,this.producer = p ;
54,male,4553997071,line 5,56,this.producer = p ;
54,male,4554101373,line 5,100,this.producer = p ;
54,male,4554233242,line 6,64,this.type = t ;
54,male,4554480874,line 6,180,this.type = t ;
54,male,4554764616,line 6,144,this.type = t ;
54,male,4555104695,line 7,112,this.topSpeed = tp ;
54,male,4555540798,line 7,100,this.topSpeed = tp ;
54,male,4555824773,line 7,280,this.topSpeed = tp ;
54,male,4555968766,line 7,140,this.topSpeed = tp ;
54,male,4556476563,line 8,216,this.currentSpeed = 0 ;
54,male,4556648633,line 8,104,this.currentSpeed = 0 ;
54,male,4556888375,line 3,180,"int topSpeed , currentSpeed ;"
54,male,4557088372,line 3,148,"int topSpeed , currentSpeed ;"
54,male,4557516622,line 2,304,"String producer , type ;"
54,male,4557736313,line 2,184,"String producer , type ;"
54,male,4559144493,line 11,228,if ( ( this.currentSpeed + kmh ) > this.topSpeed ) {
54,male,4559344489,line 11,164,if ( ( this.currentSpeed + kmh ) > this.topSpeed ) {
54,male,4559556178,line 12,188,this.currentSpeed = this.topSpeed ;
54,male,4560000396,line 12,104,this.currentSpeed = this.topSpeed ;
54,male,4560292382,line 12,288,this.currentSpeed = this.topSpeed ;
54,male,4560748398,line 12,412,this.currentSpeed = this.topSpeed ;
54,male,4561056348,line 12,272,this.currentSpeed = this.topSpeed ;
54,male,4561612335,line 12,248,this.currentSpeed = this.topSpeed ;
54,male,4561904289,line 12,288,this.currentSpeed = this.topSpeed ;
54,male,4562212246,line 12,300,this.currentSpeed = this.topSpeed ;
54,male,4562380242,line 12,152,this.currentSpeed = this.topSpeed ;
54,male,4562492108,line 12,108,this.currentSpeed = this.topSpeed ;
54,male,4562572002,line 12,72,this.currentSpeed = this.topSpeed ;
54,male,4562672140,line 12,96,this.currentSpeed = this.topSpeed ;
54,male,4562832404,line 12,128,this.currentSpeed = this.topSpeed ;
54,male,4562936248,line 11,64,if ( ( this.currentSpeed + kmh ) > this.topSpeed ) {
54,male,4563148235,line 12,132,this.currentSpeed = this.topSpeed ;
54,male,4563212261,line 12,60,this.currentSpeed = this.topSpeed ;
54,male,4563572147,line 12,356,this.currentSpeed = this.topSpeed ;
54,male,4563852107,line 12,232,this.currentSpeed = this.topSpeed ;
54,male,4563960127,line 12,104,this.currentSpeed = this.topSpeed ;
54,male,4564020111,line 12,56,this.currentSpeed = this.topSpeed ;
54,male,4564319869,line 12,240,this.currentSpeed = this.topSpeed ;
54,male,4564535967,line 12,192,this.currentSpeed = this.topSpeed ;
54,male,4564779984,line 12,208,this.currentSpeed = this.topSpeed ;
54,male,4564979997,line 10,128,public int accelerate ( int kmh ) {
54,male,4565164009,line 10,144,public int accelerate ( int kmh ) {
54,male,4565512027,line 10,80,public int accelerate ( int kmh ) {
54,male,4566139602,line 12,84,this.currentSpeed = this.topSpeed ;
54,male,4566287744,line 12,144,this.currentSpeed = this.topSpeed ;
54,male,4566559869,line 11,224,if ( ( this.currentSpeed + kmh ) > this.topSpeed ) {
54,male,4566691867,line 11,84,if ( ( this.currentSpeed + kmh ) > this.topSpeed ) {
54,male,4566919881,line 11,208,if ( ( this.currentSpeed + kmh ) > this.topSpeed ) {
54,male,4567023864,line 11,100,if ( ( this.currentSpeed + kmh ) > this.topSpeed ) {
54,male,4567371639,line 11,164,if ( ( this.currentSpeed + kmh ) > this.topSpeed ) {
54,male,4567455661,line 11,80,if ( ( this.currentSpeed + kmh ) > this.topSpeed ) {
54,male,4567787594,line 11,92,if ( ( this.currentSpeed + kmh ) > this.topSpeed ) {
54,male,4567923396,line 11,116,if ( ( this.currentSpeed + kmh ) > this.topSpeed ) {
54,male,4568255539,line 12,96,this.currentSpeed = this.topSpeed ;
54,male,4568607771,line 12,224,this.currentSpeed = this.topSpeed ;
54,male,4568719777,line 12,80,this.currentSpeed = this.topSpeed ;
54,male,4568939437,line 12,188,this.currentSpeed = this.topSpeed ;
54,male,4569163609,line 12,220,this.currentSpeed = this.topSpeed ;
54,male,4569391570,line 12,208,this.currentSpeed = this.topSpeed ;
54,male,4571571469,line 14,200,this.currentSpeed = this.currentSpeed + kmh ;
54,male,4572003327,line 14,188,this.currentSpeed = this.currentSpeed + kmh ;
54,male,4572555325,line 14,72,this.currentSpeed = this.currentSpeed + kmh ;
54,male,4572807353,line 14,88,this.currentSpeed = this.currentSpeed + kmh ;
54,male,4573011301,line 14,152,this.currentSpeed = this.currentSpeed + kmh ;
54,male,4573319327,line 14,304,this.currentSpeed = this.currentSpeed + kmh ;
54,male,4573487210,line 14,164,this.currentSpeed = this.currentSpeed + kmh ;
54,male,4573727117,line 16,172,return this.currentSpeed ;
54,male,4574031170,line 16,204,return this.currentSpeed ;
54,male,4574159199,line 16,124,return this.currentSpeed ;
54,male,4574395197,line 16,224,return this.currentSpeed ;
54,male,4574651205,line 18,204,public static void main ( String args [ ] ) {
54,male,4574923195,line 18,224,public static void main ( String args [ ] ) {
54,male,4574999184,line 18,60,public static void main ( String args [ ] ) {
54,male,4575227082,line 18,224,public static void main ( String args [ ] ) {
54,male,4575479111,line 18,228,public static void main ( String args [ ] ) {
54,male,4575639114,line 18,100,public static void main ( String args [ ] ) {
54,male,4575767099,line 19,88,"Vehicle v = new Vehicle ( ""Audi"" , ""A6"" , 200 ) ;"
54,male,4575911080,line 19,140,"Vehicle v = new Vehicle ( ""Audi"" , ""A6"" , 200 ) ;"
54,male,4576051050,line 19,124,"Vehicle v = new Vehicle ( ""Audi"" , ""A6"" , 200 ) ;"
54,male,4576191090,line 19,136,"Vehicle v = new Vehicle ( ""Audi"" , ""A6"" , 200 ) ;"
54,male,4576271225,line 19,76,"Vehicle v = new Vehicle ( ""Audi"" , ""A6"" , 200 ) ;"
54,male,4576359344,line 19,84,"Vehicle v = new Vehicle ( ""Audi"" , ""A6"" , 200 ) ;"
54,male,4576491145,line 19,116,"Vehicle v = new Vehicle ( ""Audi"" , ""A6"" , 200 ) ;"
54,male,4576618892,line 19,124,"Vehicle v = new Vehicle ( ""Audi"" , ""A6"" , 200 ) ;"
54,male,4576714799,line 19,76,"Vehicle v = new Vehicle ( ""Audi"" , ""A6"" , 200 ) ;"
54,male,4577198928,line 19,480,"Vehicle v = new Vehicle ( ""Audi"" , ""A6"" , 200 ) ;"
54,male,4577415210,line 19,200,"Vehicle v = new Vehicle ( ""Audi"" , ""A6"" , 200 ) ;"
54,male,4577643595,line 19,224,"Vehicle v = new Vehicle ( ""Audi"" , ""A6"" , 200 ) ;"
54,male,4577879079,line 20,160,v.accelerate ( 10 ) ;
54,male,4578194879,line 20,276,v.accelerate ( 10 ) ;
54,male,4578286754,line 20,88,v.accelerate ( 10 ) ;
54,male,4578382669,line 20,92,v.accelerate ( 10 ) ;
54,male,4578822840,line 20,424,v.accelerate ( 10 ) ;
54,male,4579006822,line 20,124,v.accelerate ( 10 ) ;
54,male,4579298505,line 20,288,v.accelerate ( 10 ) ;
54,male,4579506718,line 20,204,v.accelerate ( 10 ) ;
54,male,4579918722,line 18,276,public static void main ( String args [ ] ) {
54,male,4580678622,line 18,288,public static void main ( String args [ ] ) {
54,male,4581386460,line 10,312,public int accelerate ( int kmh ) {
54,male,4581806845,line 18,356,public static void main ( String args [ ] ) {
54,male,4581906681,line 18,64,public static void main ( String args [ ] ) {
54,male,4581986563,line 18,76,public static void main ( String args [ ] ) {
54,male,4582130536,line 18,108,public static void main ( String args [ ] ) {
54,male,4582474511,line 19,84,"Vehicle v = new Vehicle ( ""Audi"" , ""A6"" , 200 ) ;"
54,male,4582734528,line 19,144,"Vehicle v = new Vehicle ( ""Audi"" , ""A6"" , 200 ) ;"
54,male,4582910416,line 19,144,"Vehicle v = new Vehicle ( ""Audi"" , ""A6"" , 200 ) ;"
54,male,4583034345,line 19,92,"Vehicle v = new Vehicle ( ""Audi"" , ""A6"" , 200 ) ;"
59,female,425777314,line 8,120,this.currentSpeed = 0 ;
59,female,425861245,line 8,80,this.currentSpeed = 0 ;
59,female,426109241,line 2,124,"String producer , type ;"
59,female,426225276,line 2,76,"String producer , type ;"
59,female,426309266,line 1,80,public class Vehicle {
59,female,426769143,line 2,224,"String producer , type ;"
59,female,427093079,line 2,320,"String producer , type ;"
59,female,427317123,line 2,180,"String producer , type ;"
59,female,427629154,line 2,112,"String producer , type ;"
59,female,427709160,line 2,76,"String producer , type ;"
59,female,427769162,line 2,56,"String producer , type ;"
59,female,427957127,line 1,184,public class Vehicle {
59,female,428109178,line 2,148,"String producer , type ;"
59,female,428321075,line 2,172,"String producer , type ;"
59,female,428712997,line 3,60,"int topSpeed , currentSpeed ;"
59,female,428824991,line 3,108,"int topSpeed , currentSpeed ;"
59,female,428992986,line 3,164,"int topSpeed , currentSpeed ;"
59,female,429088993,line 3,92,"int topSpeed , currentSpeed ;"
59,female,429773004,line 3,140,"int topSpeed , currentSpeed ;"
59,female,429840994,line 3,64,"int topSpeed , currentSpeed ;"
59,female,430268713,line 3,140,"int topSpeed , currentSpeed ;"
59,female,430504868,line 3,92,"int topSpeed , currentSpeed ;"
59,female,430592901,line 3,68,"int topSpeed , currentSpeed ;"
59,female,430720845,line 2,124,"String producer , type ;"
59,female,430876799,line 3,124,"int topSpeed , currentSpeed ;"
59,female,431040787,line 3,88,"int topSpeed , currentSpeed ;"
59,female,431192811,line 3,148,"int topSpeed , currentSpeed ;"
59,female,431348863,line 3,152,"int topSpeed , currentSpeed ;"
59,female,431568825,line 3,140,"int topSpeed , currentSpeed ;"
59,female,431928649,line 3,356,"int topSpeed , currentSpeed ;"
59,female,433108754,line 3,88,"int topSpeed , currentSpeed ;"
59,female,433204759,line 3,84,"int topSpeed , currentSpeed ;"
59,female,433364713,line 3,156,"int topSpeed , currentSpeed ;"
59,female,433472690,line 3,104,"int topSpeed , currentSpeed ;"
59,female,433748630,line 3,156,"int topSpeed , currentSpeed ;"
59,female,433920506,line 3,168,"int topSpeed , currentSpeed ;"
59,female,434328624,line 3,120,"int topSpeed , currentSpeed ;"
59,female,434732574,line 3,124,"int topSpeed , currentSpeed ;"
59,female,435104603,line 3,296,"int topSpeed , currentSpeed ;"
59,female,435228558,line 3,120,"int topSpeed , currentSpeed ;"
59,female,435408542,line 4,116,"public Vehicle ( String p , String t , int tp ) {"
59,female,435520579,line 4,108,"public Vehicle ( String p , String t , int tp ) {"
59,female,435936428,line 4,88,"public Vehicle ( String p , String t , int tp ) {"
59,female,436116484,line 4,124,"public Vehicle ( String p , String t , int tp ) {"
59,female,436248487,line 2,108,"String producer , type ;"
59,female,436340488,line 2,88,"String producer , type ;"
59,female,436804433,line 1,396,public class Vehicle {
59,female,436884439,line 2,76,"String producer , type ;"
59,female,437248389,line 2,176,"String producer , type ;"
59,female,437328340,line 4,68,"public Vehicle ( String p , String t , int tp ) {"
59,female,437452227,line 4,120,"public Vehicle ( String p , String t , int tp ) {"
59,female,437568150,line 4,112,"public Vehicle ( String p , String t , int tp ) {"
59,female,437704252,line 4,112,"public Vehicle ( String p , String t , int tp ) {"
59,female,437980334,line 5,244,this.producer = p ;
59,female,438060317,line 5,60,this.producer = p ;
59,female,438184300,line 5,120,this.producer = p ;
59,female,439044275,line 5,156,this.producer = p ;
59,female,439196286,line 5,148,this.producer = p ;
59,female,439576025,line 5,340,this.producer = p ;
59,female,439748103,line 5,128,this.producer = p ;
59,female,439864156,line 5,112,this.producer = p ;
59,female,439972203,line 5,80,this.producer = p ;
59,female,440564089,line 5,172,this.producer = p ;
59,female,440888247,line 5,236,this.producer = p ;
59,female,441084116,line 6,192,this.type = t ;
59,female,441380108,line 3,88,"int topSpeed , currentSpeed ;"
59,female,441664043,line 3,280,"int topSpeed , currentSpeed ;"
59,female,442411975,line 6,188,this.type = t ;
59,female,442527989,line 6,112,this.type = t ;
59,female,442608006,line 6,76,this.type = t ;
59,female,442863932,line 6,252,this.type = t ;
59,female,442967894,line 6,100,this.type = t ;
59,female,443211855,line 6,184,this.type = t ;
59,female,443379923,line 7,116,this.topSpeed = tp ;
59,female,443499931,line 7,116,this.topSpeed = tp ;
59,female,443615939,line 7,112,this.topSpeed = tp ;
59,female,444003890,line 8,140,this.currentSpeed = 0 ;
59,female,444095890,line 8,76,this.currentSpeed = 0 ;
59,female,444175896,line 8,76,this.currentSpeed = 0 ;
59,female,444335894,line 8,156,this.currentSpeed = 0 ;
59,female,444427901,line 8,88,this.currentSpeed = 0 ;
59,female,444575964,line 8,60,this.currentSpeed = 0 ;
59,female,444751897,line 8,172,this.currentSpeed = 0 ;
59,female,444819803,line 8,64,this.currentSpeed = 0 ;
59,female,445031695,line 8,208,this.currentSpeed = 0 ;
59,female,445103731,line 8,60,this.currentSpeed = 0 ;
59,female,445227767,line 8,120,this.currentSpeed = 0 ;
59,female,445359761,line 7,108,this.topSpeed = tp ;
59,female,445419757,line 7,56,this.topSpeed = tp ;
59,female,445487756,line 7,64,this.topSpeed = tp ;
59,female,445687739,line 7,196,this.topSpeed = tp ;
59,female,445843726,line 7,152,this.topSpeed = tp ;
59,female,445971730,line 7,124,this.topSpeed = tp ;
59,female,446087733,line 7,112,this.topSpeed = tp ;
59,female,446171739,line 5,72,this.producer = p ;
59,female,446299734,line 4,80,"public Vehicle ( String p , String t , int tp ) {"
59,female,446379729,line 4,76,"public Vehicle ( String p , String t , int tp ) {"
59,female,446479725,line 4,68,"public Vehicle ( String p , String t , int tp ) {"
59,female,446555729,line 4,72,"public Vehicle ( String p , String t , int tp ) {"
59,female,446699698,line 4,140,"public Vehicle ( String p , String t , int tp ) {"
59,female,446855653,line 4,96,"public Vehicle ( String p , String t , int tp ) {"
59,female,447067673,line 3,160,"int topSpeed , currentSpeed ;"
59,female,447215678,line 2,144,"String producer , type ;"
59,female,447331678,line 3,72,"int topSpeed , currentSpeed ;"
59,female,447447683,line 2,112,"String producer , type ;"
59,female,447511679,line 2,60,"String producer , type ;"
59,female,447667636,line 2,100,"String producer , type ;"
59,female,447903635,line 3,116,"int topSpeed , currentSpeed ;"
59,female,448271655,line 10,136,public int accelerate ( int kmh ) {
59,female,448435630,line 10,160,public int accelerate ( int kmh ) {
59,female,448495586,line 10,56,public int accelerate ( int kmh ) {
59,female,448619526,line 10,120,public int accelerate ( int kmh ) {
59,female,449019477,line 10,100,public int accelerate ( int kmh ) {
59,female,449511482,line 1,56,public class Vehicle {
59,female,449619484,line 1,104,public class Vehicle {
59,female,449823521,line 1,192,public class Vehicle {
59,female,449987556,line 1,128,public class Vehicle {
59,female,451211449,line 2,152,"String producer , type ;"
59,female,451299405,line 2,84,"String producer , type ;"
59,female,451603356,line 1,160,public class Vehicle {
59,female,451911383,line 2,220,"String producer , type ;"
59,female,452295314,line 10,76,public int accelerate ( int kmh ) {
59,female,452459258,line 10,120,public int accelerate ( int kmh ) {
59,female,452591176,line 10,64,public int accelerate ( int kmh ) {
59,female,452827264,line 10,232,public int accelerate ( int kmh ) {
59,female,452991248,line 10,124,public int accelerate ( int kmh ) {
59,female,453147288,line 10,152,public int accelerate ( int kmh ) {
59,female,453351279,line 10,192,public int accelerate ( int kmh ) {
59,female,453523255,line 10,168,public int accelerate ( int kmh ) {
59,female,453703261,line 10,176,public int accelerate ( int kmh ) {
59,female,453771257,line 10,64,public int accelerate ( int kmh ) {
59,female,454439130,line 10,76,public int accelerate ( int kmh ) {
59,female,454543113,line 10,100,public int accelerate ( int kmh ) {
59,female,454715099,line 10,168,public int accelerate ( int kmh ) {
59,female,454787102,line 10,68,public int accelerate ( int kmh ) {
59,female,454951121,line 10,96,public int accelerate ( int kmh ) {
59,female,455111151,line 10,156,public int accelerate ( int kmh ) {
59,female,455363099,line 10,204,public int accelerate ( int kmh ) {
59,female,455739086,line 10,292,public int accelerate ( int kmh ) {
59,female,455918954,line 10,140,public int accelerate ( int kmh ) {
59,female,456138903,line 11,156,if ( ( this.currentSpeed + kmh ) > this.topSpeed ) {
59,female,456314911,line 11,172,if ( ( this.currentSpeed + kmh ) > this.topSpeed ) {
59,female,456458937,line 11,132,if ( ( this.currentSpeed + kmh ) > this.topSpeed ) {
59,female,456542941,line 11,80,if ( ( this.currentSpeed + kmh ) > this.topSpeed ) {
59,female,456926960,line 11,84,if ( ( this.currentSpeed + kmh ) > this.topSpeed ) {
59,female,457094892,line 11,68,if ( ( this.currentSpeed + kmh ) > this.topSpeed ) {
59,female,457222879,line 11,124,if ( ( this.currentSpeed + kmh ) > this.topSpeed ) {
59,female,457626922,line 11,60,if ( ( this.currentSpeed + kmh ) > this.topSpeed ) {
59,female,457774946,line 11,144,if ( ( this.currentSpeed + kmh ) > this.topSpeed ) {
59,female,458050790,line 11,224,if ( ( this.currentSpeed + kmh ) > this.topSpeed ) {
59,female,458986836,line 11,164,if ( ( this.currentSpeed + kmh ) > this.topSpeed ) {
59,female,459366773,line 11,84,if ( ( this.currentSpeed + kmh ) > this.topSpeed ) {
59,female,459430774,line 11,60,if ( ( this.currentSpeed + kmh ) > this.topSpeed ) {
59,female,459586777,line 11,152,if ( ( this.currentSpeed + kmh ) > this.topSpeed ) {
59,female,459694722,line 11,64,if ( ( this.currentSpeed + kmh ) > this.topSpeed ) {
59,female,460050708,line 7,68,this.topSpeed = tp ;
59,female,460174726,line 7,120,this.topSpeed = tp ;
59,female,460278703,line 6,100,this.type = t ;
59,female,460414670,line 5,132,this.producer = p ;
59,female,460518677,line 4,84,"public Vehicle ( String p , String t , int tp ) {"
59,female,460794660,line 7,56,this.topSpeed = tp ;
59,female,461106706,line 7,68,this.topSpeed = tp ;
59,female,461346695,line 7,164,this.topSpeed = tp ;
59,female,461482617,line 7,132,this.topSpeed = tp ;
59,female,461598535,line 8,72,this.currentSpeed = 0 ;
59,female,461902542,line 5,100,this.producer = p ;
59,female,462038576,line 6,132,this.type = t ;
59,female,462222568,line 3,96,"int topSpeed , currentSpeed ;"
59,female,462338587,line 3,68,"int topSpeed , currentSpeed ;"
59,female,462722601,line 3,132,"int topSpeed , currentSpeed ;"
59,female,462838582,line 3,60,"int topSpeed , currentSpeed ;"
59,female,463150542,line 4,92,"public Vehicle ( String p , String t , int tp ) {"
59,female,463322496,line 5,88,this.producer = p ;
59,female,463562448,line 6,164,this.type = t ;
59,female,463694446,line 6,128,this.type = t ;
59,female,463894456,line 7,164,this.topSpeed = tp ;
59,female,463970457,line 8,64,this.currentSpeed = 0 ;
59,female,464142386,line 8,168,this.currentSpeed = 0 ;
59,female,464258341,line 8,112,this.currentSpeed = 0 ;
59,female,464866372,line 4,68,"public Vehicle ( String p , String t , int tp ) {"
59,female,465278310,line 2,124,"String producer , type ;"
59,female,465490202,line 2,96,"String producer , type ;"
59,female,465586236,line 1,64,public class Vehicle {
59,female,465850296,line 12,144,this.currentSpeed = this.topSpeed ;
59,female,465966313,line 11,88,if ( ( this.currentSpeed + kmh ) > this.topSpeed ) {
59,female,466302268,line 10,332,public int accelerate ( int kmh ) {
59,female,466382285,line 11,76,if ( ( this.currentSpeed + kmh ) > this.topSpeed ) {
59,female,466786313,line 10,136,public int accelerate ( int kmh ) {
59,female,467186014,line 12,152,this.currentSpeed = this.topSpeed ;
59,female,467446121,line 11,60,if ( ( this.currentSpeed + kmh ) > this.topSpeed ) {
59,female,467798180,line 10,156,public int accelerate ( int kmh ) {
59,female,467910160,line 10,72,public int accelerate ( int kmh ) {
59,female,468034124,line 10,92,public int accelerate ( int kmh ) {
59,female,468110108,line 10,72,public int accelerate ( int kmh ) {
59,female,468174105,line 10,60,public int accelerate ( int kmh ) {
59,female,468478183,line 11,216,if ( ( this.currentSpeed + kmh ) > this.topSpeed ) {
59,female,468562188,line 10,80,public int accelerate ( int kmh ) {
59,female,468929945,line 11,352,if ( ( this.currentSpeed + kmh ) > this.topSpeed ) {
59,female,469193995,line 11,208,if ( ( this.currentSpeed + kmh ) > this.topSpeed ) {
59,female,469633972,line 11,428,if ( ( this.currentSpeed + kmh ) > this.topSpeed ) {
59,female,469701974,line 11,64,if ( ( this.currentSpeed + kmh ) > this.topSpeed ) {
59,female,469841992,line 11,136,if ( ( this.currentSpeed + kmh ) > this.topSpeed ) {
59,female,469942018,line 11,88,if ( ( this.currentSpeed + kmh ) > this.topSpeed ) {
59,female,470034038,line 11,88,if ( ( this.currentSpeed + kmh ) > this.topSpeed ) {
59,female,470234056,line 11,196,if ( ( this.currentSpeed + kmh ) > this.topSpeed ) {
59,female,470370032,line 11,132,if ( ( this.currentSpeed + kmh ) > this.topSpeed ) {
59,female,470542054,line 11,168,if ( ( this.currentSpeed + kmh ) > this.topSpeed ) {
59,female,470837708,line 7,68,this.topSpeed = tp ;
59,female,470909808,line 7,68,this.topSpeed = tp ;
59,female,471121906,line 7,168,this.topSpeed = tp ;
59,female,471413839,line 7,56,this.topSpeed = tp ;
59,female,471517870,line 7,100,this.topSpeed = tp ;
59,female,471725923,line 7,160,this.topSpeed = tp ;
59,female,471909913,line 7,132,this.topSpeed = tp ;
59,female,472153867,line 5,164,this.producer = p ;
59,female,472309876,line 4,124,"public Vehicle ( String p , String t , int tp ) {"
59,female,472605586,line 3,68,"int topSpeed , currentSpeed ;"
59,female,472721659,line 3,96,"int topSpeed , currentSpeed ;"
59,female,472813726,line 3,88,"int topSpeed , currentSpeed ;"
59,female,473225703,line 11,76,if ( ( this.currentSpeed + kmh ) > this.topSpeed ) {
59,female,473333733,line 11,104,if ( ( this.currentSpeed + kmh ) > this.topSpeed ) {
59,female,473421754,line 11,84,if ( ( this.currentSpeed + kmh ) > this.topSpeed ) {
59,female,473641806,line 11,200,if ( ( this.currentSpeed + kmh ) > this.topSpeed ) {
59,female,473701798,line 11,56,if ( ( this.currentSpeed + kmh ) > this.topSpeed ) {
59,female,473801781,line 11,96,if ( ( this.currentSpeed + kmh ) > this.topSpeed ) {
59,female,474017733,line 12,156,this.currentSpeed = this.topSpeed ;
59,female,474117735,line 11,96,if ( ( this.currentSpeed + kmh ) > this.topSpeed ) {
59,female,474369599,line 11,248,if ( ( this.currentSpeed + kmh ) > this.topSpeed ) {
59,female,474437516,line 11,64,if ( ( this.currentSpeed + kmh ) > this.topSpeed ) {
59,female,474597503,line 11,156,if ( ( this.currentSpeed + kmh ) > this.topSpeed ) {
59,female,474705552,line 11,104,if ( ( this.currentSpeed + kmh ) > this.topSpeed ) {
59,female,474861576,line 10,124,public int accelerate ( int kmh ) {
59,female,475025606,line 10,152,public int accelerate ( int kmh ) {
59,female,475189611,line 10,160,public int accelerate ( int kmh ) {
59,female,475405627,line 12,132,this.currentSpeed = this.topSpeed ;
59,female,475673626,line 12,224,this.currentSpeed = this.topSpeed ;
59,female,475761608,line 12,84,this.currentSpeed = this.topSpeed ;
59,female,475897570,line 12,76,this.currentSpeed = this.topSpeed ;
59,female,476229473,line 12,328,this.currentSpeed = this.topSpeed ;
59,female,476389362,line 12,96,this.currentSpeed = this.topSpeed ;
59,female,476945475,line 13,92,} else {
59,female,477069467,line 13,120,} else {
59,female,477513513,line 11,176,if ( ( this.currentSpeed + kmh ) > this.topSpeed ) {
59,female,477633518,line 11,80,if ( ( this.currentSpeed + kmh ) > this.topSpeed ) {
59,female,479345328,line 14,164,this.currentSpeed = this.currentSpeed + kmh ;
59,female,479453328,line 14,104,this.currentSpeed = this.currentSpeed + kmh ;
59,female,479577347,line 14,112,this.currentSpeed = this.currentSpeed + kmh ;
59,female,480061091,line 14,128,this.currentSpeed = this.currentSpeed + kmh ;
59,female,480785302,line 16,88,return this.currentSpeed ;
59,female,481105199,line 16,316,return this.currentSpeed ;
59,female,481277206,line 16,160,return this.currentSpeed ;
59,female,481413234,line 10,104,public int accelerate ( int kmh ) {
59,female,481601166,line 10,152,public int accelerate ( int kmh ) {
59,female,481909160,line 10,156,public int accelerate ( int kmh ) {
59,female,482113116,line 10,116,public int accelerate ( int kmh ) {
59,female,482297105,line 10,56,public int accelerate ( int kmh ) {
59,female,482505091,line 10,188,public int accelerate ( int kmh ) {
59,female,482841041,line 10,232,public int accelerate ( int kmh ) {
59,female,483053051,line 11,180,if ( ( this.currentSpeed + kmh ) > this.topSpeed ) {
59,female,483405102,line 11,96,if ( ( this.currentSpeed + kmh ) > this.topSpeed ) {
59,female,483629011,line 11,80,if ( ( this.currentSpeed + kmh ) > this.topSpeed ) {
59,female,483748956,line 11,116,if ( ( this.currentSpeed + kmh ) > this.topSpeed ) {
59,female,483840944,line 11,88,if ( ( this.currentSpeed + kmh ) > this.topSpeed ) {
59,female,484033030,line 11,188,if ( ( this.currentSpeed + kmh ) > this.topSpeed ) {
59,female,484113009,line 11,60,if ( ( this.currentSpeed + kmh ) > this.topSpeed ) {
59,female,485116925,line 11,80,if ( ( this.currentSpeed + kmh ) > this.topSpeed ) {
59,female,485280906,line 10,100,public int accelerate ( int kmh ) {
59,female,485640823,line 11,160,if ( ( this.currentSpeed + kmh ) > this.topSpeed ) {
59,female,485708825,line 11,56,if ( ( this.currentSpeed + kmh ) > this.topSpeed ) {
59,female,485916844,line 11,204,if ( ( this.currentSpeed + kmh ) > this.topSpeed ) {
59,female,486204751,line 11,284,if ( ( this.currentSpeed + kmh ) > this.topSpeed ) {
59,female,486320763,line 11,112,if ( ( this.currentSpeed + kmh ) > this.topSpeed ) {
59,female,486520756,line 11,196,if ( ( this.currentSpeed + kmh ) > this.topSpeed ) {
59,female,486672786,line 11,112,if ( ( this.currentSpeed + kmh ) > this.topSpeed ) {
59,female,486768782,line 11,92,if ( ( this.currentSpeed + kmh ) > this.topSpeed ) {
59,female,487376750,line 11,280,if ( ( this.currentSpeed + kmh ) > this.topSpeed ) {
59,female,487524700,line 11,108,if ( ( this.currentSpeed + kmh ) > this.topSpeed ) {
59,female,487664652,line 11,136,if ( ( this.currentSpeed + kmh ) > this.topSpeed ) {
59,female,487872641,line 11,152,if ( ( this.currentSpeed + kmh ) > this.topSpeed ) {
59,female,488000657,line 11,124,if ( ( this.currentSpeed + kmh ) > this.topSpeed ) {
59,female,488176697,line 11,136,if ( ( this.currentSpeed + kmh ) > this.topSpeed ) {
59,female,488328726,line 11,148,if ( ( this.currentSpeed + kmh ) > this.topSpeed ) {
59,female,488428702,line 12,96,this.currentSpeed = this.topSpeed ;
59,female,488548669,line 12,116,this.currentSpeed = this.topSpeed ;
59,female,488776684,line 11,100,if ( ( this.currentSpeed + kmh ) > this.topSpeed ) {
59,female,488900682,line 12,120,this.currentSpeed = this.topSpeed ;
59,female,489500512,line 11,116,if ( ( this.currentSpeed + kmh ) > this.topSpeed ) {
59,female,489744523,line 11,56,if ( ( this.currentSpeed + kmh ) > this.topSpeed ) {
59,female,489880469,line 11,132,if ( ( this.currentSpeed + kmh ) > this.topSpeed ) {
59,female,489952437,line 11,60,if ( ( this.currentSpeed + kmh ) > this.topSpeed ) {
59,female,490204461,line 11,80,if ( ( this.currentSpeed + kmh ) > this.topSpeed ) {
59,female,490292469,line 11,84,if ( ( this.currentSpeed + kmh ) > this.topSpeed ) {
59,female,490356475,line 11,60,if ( ( this.currentSpeed + kmh ) > this.topSpeed ) {
59,female,490576498,line 12,120,this.currentSpeed = this.topSpeed ;
59,female,491028491,line 11,136,if ( ( this.currentSpeed + kmh ) > this.topSpeed ) {
59,female,491212357,line 11,144,if ( ( this.currentSpeed + kmh ) > this.topSpeed ) {
59,female,491368398,line 11,152,if ( ( this.currentSpeed + kmh ) > this.topSpeed ) {
59,female,491436401,line 12,64,this.currentSpeed = this.topSpeed ;
59,female,492212436,line 12,120,this.currentSpeed = this.topSpeed ;
59,female,493800251,line 11,80,if ( ( this.currentSpeed + kmh ) > this.topSpeed ) {
59,female,496304076,line 16,88,return this.currentSpeed ;
59,female,496380100,line 16,72,return this.currentSpeed ;
59,female,496540027,line 18,116,public static void main ( String args [ ] ) {
59,female,496680018,line 18,136,public static void main ( String args [ ] ) {
59,female,497039962,line 18,88,public static void main ( String args [ ] ) {
59,female,497683977,line 19,100,"Vehicle v = new Vehicle ( ""Audi"" , ""A6"" , 200 ) ;"
59,female,497799989,line 19,112,"Vehicle v = new Vehicle ( ""Audi"" , ""A6"" , 200 ) ;"
59,female,497987986,line 19,184,"Vehicle v = new Vehicle ( ""Audi"" , ""A6"" , 200 ) ;"
59,female,498091962,line 19,100,"Vehicle v = new Vehicle ( ""Audi"" , ""A6"" , 200 ) ;"
59,female,498483910,line 18,72,public static void main ( String args [ ] ) {
59,female,498643854,line 18,108,public static void main ( String args [ ] ) {
59,female,498903858,line 18,256,public static void main ( String args [ ] ) {
59,female,498995848,line 19,80,"Vehicle v = new Vehicle ( ""Audi"" , ""A6"" , 200 ) ;"
59,female,499303900,line 19,304,"Vehicle v = new Vehicle ( ""Audi"" , ""A6"" , 200 ) ;"
59,female,499431897,line 19,124,"Vehicle v = new Vehicle ( ""Audi"" , ""A6"" , 200 ) ;"
59,female,500239881,line 20,124,v.accelerate ( 10 ) ;
59,female,500419658,line 20,144,v.accelerate ( 10 ) ;
59,female,500543694,line 20,120,v.accelerate ( 10 ) ;
59,female,503443544,line 19,104,"Vehicle v = new Vehicle ( ""Audi"" , ""A6"" , 200 ) ;"
59,female,505271420,line 20,88,v.accelerate ( 10 ) ;
59,female,505339416,line 20,64,v.accelerate ( 10 ) ;
59,female,505959190,line 11,204,if ( ( this.currentSpeed + kmh ) > this.topSpeed ) {
59,female,506063261,line 11,100,if ( ( this.currentSpeed + kmh ) > this.topSpeed ) {
59,female,506823335,line 10,92,public int accelerate ( int kmh ) {
59,female,506967376,line 10,96,public int accelerate ( int kmh ) {
59,female,507059362,line 10,88,public int accelerate ( int kmh ) {
59,female,507807064,line 12,80,this.currentSpeed = this.topSpeed ;
59,female,507955186,line 14,88,this.currentSpeed = this.currentSpeed + kmh ;
59,female,508091198,line 14,132,this.currentSpeed = this.currentSpeed + kmh ;
59,female,508323207,line 11,60,if ( ( this.currentSpeed + kmh ) > this.topSpeed ) {
59,female,508515176,line 11,188,if ( ( this.currentSpeed + kmh ) > this.topSpeed ) {
59,female,508583163,line 11,64,if ( ( this.currentSpeed + kmh ) > this.topSpeed ) {
59,female,509039178,line 10,60,public int accelerate ( int kmh ) {
59,female,509155185,line 10,112,public int accelerate ( int kmh ) {
59,female,509335162,line 11,100,if ( ( this.currentSpeed + kmh ) > this.topSpeed ) {
59,female,509955096,line 11,196,if ( ( this.currentSpeed + kmh ) > this.topSpeed ) {
59,female,510067091,line 10,64,public int accelerate ( int kmh ) {
59,female,510347081,line 10,184,public int accelerate ( int kmh ) {
59,female,510479126,line 10,128,public int accelerate ( int kmh ) {
59,female,510883069,line 10,192,public int accelerate ( int kmh ) {
59,female,510971059,line 11,64,if ( ( this.currentSpeed + kmh ) > this.topSpeed ) {
59,female,511035047,line 11,60,if ( ( this.currentSpeed + kmh ) > this.topSpeed ) {
59,female,511890903,line 11,180,if ( ( this.currentSpeed + kmh ) > this.topSpeed ) {
59,female,512094908,line 11,200,if ( ( this.currentSpeed + kmh ) > this.topSpeed ) {
59,female,512558903,line 11,344,if ( ( this.currentSpeed + kmh ) > this.topSpeed ) {
59,female,513266728,line 11,232,if ( ( this.currentSpeed + kmh ) > this.topSpeed ) {
59,female,515138580,line 11,60,if ( ( this.currentSpeed + kmh ) > this.topSpeed ) {
59,female,515530641,line 11,388,if ( ( this.currentSpeed + kmh ) > this.topSpeed ) {
59,female,515590647,line 11,56,if ( ( this.currentSpeed + kmh ) > this.topSpeed ) {
59,female,516082599,line 11,76,if ( ( this.currentSpeed + kmh ) > this.topSpeed ) {
59,female,516194631,line 11,72,if ( ( this.currentSpeed + kmh ) > this.topSpeed ) {
59,female,516742654,line 10,60,public int accelerate ( int kmh ) {
59,female,517094456,line 10,176,public int accelerate ( int kmh ) {
59,female,517154506,line 10,56,public int accelerate ( int kmh ) {
59,female,517322550,line 12,128,this.currentSpeed = this.topSpeed ;
59,female,517526483,line 14,128,this.currentSpeed = this.currentSpeed + kmh ;
59,female,517746495,line 14,120,this.currentSpeed = this.currentSpeed + kmh ;
59,female,517810525,line 14,60,this.currentSpeed = this.currentSpeed + kmh ;
59,female,518866268,line 11,96,if ( ( this.currentSpeed + kmh ) > this.topSpeed ) {
59,female,518978350,line 14,72,this.currentSpeed = this.currentSpeed + kmh ;
59,female,519238337,line 14,256,this.currentSpeed = this.currentSpeed + kmh ;
59,female,519334372,line 14,92,this.currentSpeed = this.currentSpeed + kmh ;
59,female,519794393,line 14,60,this.currentSpeed = this.currentSpeed + kmh ;
59,female,520246397,line 18,88,public static void main ( String args [ ] ) {
59,female,520346410,line 18,96,public static void main ( String args [ ] ) {
59,female,520522258,line 22,104,}
59,female,521082248,line 10,56,public int accelerate ( int kmh ) {
59,female,521946248,line 19,176,"Vehicle v = new Vehicle ( ""Audi"" , ""A6"" , 200 ) ;"
59,female,522066225,line 20,60,v.accelerate ( 10 ) ;
59,female,522186192,line 20,116,v.accelerate ( 10 ) ;
62,male,3789701495,line 1,236,public class Vehicle {
62,male,3789845512,line 2,112,"String producer , type ;"
62,male,3790137253,line 2,80,"String producer , type ;"
62,male,3790601367,line 3,60,"int topSpeed , currentSpeed ;"
62,male,3790709365,line 3,104,"int topSpeed , currentSpeed ;"
62,male,3791061378,line 3,184,"int topSpeed , currentSpeed ;"
62,male,3791177378,line 3,88,"int topSpeed , currentSpeed ;"
62,male,3791381349,line 3,200,"int topSpeed , currentSpeed ;"
62,male,3791721253,line 3,56,"int topSpeed , currentSpeed ;"
62,male,3792085190,line 3,360,"int topSpeed , currentSpeed ;"
62,male,3792193217,line 3,80,"int topSpeed , currentSpeed ;"
62,male,3792401225,line 3,204,"int topSpeed , currentSpeed ;"
62,male,3793045256,line 3,272,"int topSpeed , currentSpeed ;"
62,male,3793337198,line 3,288,"int topSpeed , currentSpeed ;"
62,male,3794097076,line 4,80,"public Vehicle ( String p , String t , int tp ) {"
62,male,3794197113,line 4,96,"public Vehicle ( String p , String t , int tp ) {"
62,male,3794493080,line 4,256,"public Vehicle ( String p , String t , int tp ) {"
62,male,3794569089,line 4,72,"public Vehicle ( String p , String t , int tp ) {"
62,male,3794725060,line 4,112,"public Vehicle ( String p , String t , int tp ) {"
62,male,3794972921,line 5,164,this.producer = p ;
62,male,3796064973,line 5,204,this.producer = p ;
62,male,3796132995,line 5,64,this.producer = p ;
62,male,3796245123,line 5,76,this.producer = p ;
62,male,3796309114,line 5,60,this.producer = p ;
62,male,3796644787,line 5,308,this.producer = p ;
62,male,3797448787,line 2,128,"String producer , type ;"
62,male,3797884811,line 3,312,"int topSpeed , currentSpeed ;"
62,male,3797996748,line 5,68,this.producer = p ;
62,male,3799120702,line 2,116,"String producer , type ;"
62,male,3799288710,line 3,164,"int topSpeed , currentSpeed ;"
62,male,3799396705,line 3,84,"int topSpeed , currentSpeed ;"
62,male,3799496596,line 3,96,"int topSpeed , currentSpeed ;"
62,male,3800688550,line 4,120,"public Vehicle ( String p , String t , int tp ) {"
62,male,3800792541,line 4,100,"public Vehicle ( String p , String t , int tp ) {"
62,male,3801580449,line 7,124,this.topSpeed = tp ;
62,male,3801664438,line 7,80,this.topSpeed = tp ;
62,male,3801800428,line 6,132,this.type = t ;
62,male,3801940465,line 7,76,this.topSpeed = tp ;
62,male,3802068493,line 8,60,this.currentSpeed = 0 ;
62,male,3802128472,line 8,56,this.currentSpeed = 0 ;
62,male,3802204445,line 8,72,this.currentSpeed = 0 ;
62,male,3803956296,line 10,80,public int accelerate ( int kmh ) {
62,male,3804176167,line 11,80,if ( ( this.currentSpeed + kmh ) > this.topSpeed ) {
62,male,3804272092,line 11,92,if ( ( this.currentSpeed + kmh ) > this.topSpeed ) {
62,male,3804596174,line 12,68,this.currentSpeed = this.topSpeed ;
62,male,3804776173,line 11,140,if ( ( this.currentSpeed + kmh ) > this.topSpeed ) {
62,male,3804900174,line 11,120,if ( ( this.currentSpeed + kmh ) > this.topSpeed ) {
62,male,3805236165,line 11,68,if ( ( this.currentSpeed + kmh ) > this.topSpeed ) {
62,male,3805300175,line 11,60,if ( ( this.currentSpeed + kmh ) > this.topSpeed ) {
62,male,3806715854,line 11,72,if ( ( this.currentSpeed + kmh ) > this.topSpeed ) {
62,male,3806787894,line 11,68,if ( ( this.currentSpeed + kmh ) > this.topSpeed ) {
62,male,3806879960,line 12,60,this.currentSpeed = this.topSpeed ;
62,male,3807187892,line 12,64,this.currentSpeed = this.topSpeed ;
62,male,3807959919,line 12,104,this.currentSpeed = this.topSpeed ;
62,male,3808903759,line 12,68,this.currentSpeed = this.topSpeed ;
62,male,3809243757,line 14,128,this.currentSpeed = this.currentSpeed + kmh ;
62,male,3810639453,line 12,144,this.currentSpeed = this.topSpeed ;
62,male,3811035621,line 14,60,this.currentSpeed = this.currentSpeed + kmh ;
62,male,3811243624,line 12,144,this.currentSpeed = this.topSpeed ;
62,male,3811547645,line 14,56,this.currentSpeed = this.currentSpeed + kmh ;
62,male,3811639638,line 14,88,this.currentSpeed = this.currentSpeed + kmh ;
62,male,3812035667,line 14,100,this.currentSpeed = this.currentSpeed + kmh ;
62,male,3812259469,line 14,172,this.currentSpeed = this.currentSpeed + kmh ;
62,male,3812391512,line 14,60,this.currentSpeed = this.currentSpeed + kmh ;
62,male,3813415515,line 14,124,this.currentSpeed = this.currentSpeed + kmh ;
62,male,3813583387,line 14,96,this.currentSpeed = this.currentSpeed + kmh ;
62,male,3814219382,line 14,64,this.currentSpeed = this.currentSpeed + kmh ;
62,male,3814423413,line 14,76,this.currentSpeed = this.currentSpeed + kmh ;
62,male,3814599425,line 14,124,this.currentSpeed = this.currentSpeed + kmh ;
62,male,3814695390,line 14,64,this.currentSpeed = this.currentSpeed + kmh ;
62,male,3814878865,line 14,132,this.currentSpeed = this.currentSpeed + kmh ;
62,male,3815043232,line 14,68,this.currentSpeed = this.currentSpeed + kmh ;
62,male,3815187178,line 14,84,this.currentSpeed = this.currentSpeed + kmh ;
62,male,3815799375,line 14,112,this.currentSpeed = this.currentSpeed + kmh ;
62,male,3816075246,line 14,88,this.currentSpeed = this.currentSpeed + kmh ;
62,male,3821846821,line 14,140,this.currentSpeed = this.currentSpeed + kmh ;
62,male,3821918782,line 14,68,this.currentSpeed = this.currentSpeed + kmh ;
62,male,3822002729,line 14,80,this.currentSpeed = this.currentSpeed + kmh ;
62,male,3822094715,line 14,88,this.currentSpeed = this.currentSpeed + kmh ;
62,male,3822206749,line 14,108,this.currentSpeed = this.currentSpeed + kmh ;
62,male,3822910679,line 16,76,return this.currentSpeed ;
62,male,3824494530,line 18,108,public static void main ( String args [ ] ) {
62,male,3825170255,line 19,140,"Vehicle v = new Vehicle ( ""Audi"" , ""A6"" , 200 ) ;"
62,male,3825326383,line 19,132,"Vehicle v = new Vehicle ( ""Audi"" , ""A6"" , 200 ) ;"
62,male,3825434409,line 19,104,"Vehicle v = new Vehicle ( ""Audi"" , ""A6"" , 200 ) ;"
62,male,3825538427,line 19,100,"Vehicle v = new Vehicle ( ""Audi"" , ""A6"" , 200 ) ;"
62,male,3825646452,line 20,104,v.accelerate ( 10 ) ;
62,male,3830482068,line 14,80,this.currentSpeed = this.currentSpeed + kmh ;
62,male,3830566054,line 14,80,this.currentSpeed = this.currentSpeed + kmh ;
62,male,3830986008,line 16,120,return this.currentSpeed ;
62,male,3831833973,line 16,68,return this.currentSpeed ;
62,male,3831905962,line 16,68,return this.currentSpeed ;
62,male,3832033926,line 16,124,return this.currentSpeed ;
62,male,3832109889,line 16,72,return this.currentSpeed ;
62,male,3832245800,line 14,120,this.currentSpeed = this.currentSpeed + kmh ;
62,male,3832601700,line 14,68,this.currentSpeed = this.currentSpeed + kmh ;
62,male,3833913759,line 16,136,return this.currentSpeed ;
62,male,3833973630,line 16,56,return this.currentSpeed ;
62,male,3834077471,line 16,72,return this.currentSpeed ;
62,male,3834141523,line 16,60,return this.currentSpeed ;
62,male,3834637671,line 18,216,public static void main ( String args [ ] ) {
62,male,3834813687,line 18,128,public static void main ( String args [ ] ) {
62,male,3835441704,line 18,120,public static void main ( String args [ ] ) {
62,male,3835537664,line 18,64,public static void main ( String args [ ] ) {
62,male,3835617626,line 18,76,public static void main ( String args [ ] ) {
62,male,3835757569,line 18,136,public static void main ( String args [ ] ) {
62,male,3835889525,line 18,68,public static void main ( String args [ ] ) {
62,male,3836725574,line 18,68,public static void main ( String args [ ] ) {
62,male,3836789725,line 18,60,public static void main ( String args [ ] ) {
62,male,3836957840,line 18,80,public static void main ( String args [ ] ) {
62,male,3837101602,line 19,64,"Vehicle v = new Vehicle ( ""Audi"" , ""A6"" , 200 ) ;"
62,male,3837209413,line 20,104,v.accelerate ( 10 ) ;
62,male,3837401347,line 20,84,v.accelerate ( 10 ) ;
63,male,11711320793,line 4,128,"public Vehicle ( String p , String t , int tp ) {"
63,male,11711536707,line 1,120,public class Vehicle {
63,male,11711656736,line 1,116,public class Vehicle {
63,male,11711864717,line 1,180,public class Vehicle {
63,male,11712060657,line 1,192,public class Vehicle {
63,male,11712244660,line 1,120,public class Vehicle {
63,male,11712460655,line 2,128,"String producer , type ;"
63,male,11712584628,line 2,120,"String producer , type ;"
63,male,11712776581,line 1,168,public class Vehicle {
63,male,11713012580,line 1,128,public class Vehicle {
63,male,11713296583,line 20,108,v.accelerate ( 10 ) ;
63,male,11713696613,line 1,76,public class Vehicle {
63,male,11713792608,line 1,76,public class Vehicle {
63,male,11713928577,line 1,132,public class Vehicle {
63,male,11714168550,line 1,148,public class Vehicle {
63,male,11714244500,line 1,68,public class Vehicle {
63,male,11714560388,line 1,120,public class Vehicle {
63,male,11714768775,line 2,156,"String producer , type ;"
63,male,11714884937,line 2,56,"String producer , type ;"
63,male,11714996760,line 2,64,"String producer , type ;"
63,male,11715104589,line 2,64,"String producer , type ;"
63,male,11715320491,line 2,176,"String producer , type ;"
63,male,11715384481,line 2,60,"String producer , type ;"
63,male,11715576770,line 2,132,"String producer , type ;"
63,male,11715776980,line 2,192,"String producer , type ;"
63,male,11715932614,line 3,152,"int topSpeed , currentSpeed ;"
63,male,11715992497,line 3,56,"int topSpeed , currentSpeed ;"
63,male,11716108469,line 3,112,"int topSpeed , currentSpeed ;"
63,male,11716448357,line 3,176,"int topSpeed , currentSpeed ;"
63,male,11716668752,line 3,60,"int topSpeed , currentSpeed ;"
63,male,11716784979,line 2,112,"String producer , type ;"
63,male,11716900609,line 2,112,"String producer , type ;"
63,male,11717732295,line 3,108,"int topSpeed , currentSpeed ;"
63,male,11717900327,line 3,108,"int topSpeed , currentSpeed ;"
63,male,11718368160,line 3,140,"int topSpeed , currentSpeed ;"
63,male,11718568180,line 3,196,"int topSpeed , currentSpeed ;"
63,male,11719028150,line 3,56,"int topSpeed , currentSpeed ;"
63,male,11719132165,line 3,100,"int topSpeed , currentSpeed ;"
63,male,11719200174,line 3,64,"int topSpeed , currentSpeed ;"
63,male,11719384188,line 3,68,"int topSpeed , currentSpeed ;"
63,male,11719464181,line 3,76,"int topSpeed , currentSpeed ;"
63,male,11719800159,line 2,132,"String producer , type ;"
63,male,11719923999,line 2,72,"String producer , type ;"
63,male,11720864073,line 3,120,"int topSpeed , currentSpeed ;"
63,male,11721168040,line 3,96,"int topSpeed , currentSpeed ;"
63,male,11721304043,line 3,112,"int topSpeed , currentSpeed ;"
63,male,11721620102,line 3,180,"int topSpeed , currentSpeed ;"
63,male,11722079923,line 3,184,"int topSpeed , currentSpeed ;"
63,male,11722163931,line 3,80,"int topSpeed , currentSpeed ;"
63,male,11722251934,line 3,84,"int topSpeed , currentSpeed ;"
63,male,11722967902,line 4,76,"public Vehicle ( String p , String t , int tp ) {"
63,male,11723051902,line 4,80,"public Vehicle ( String p , String t , int tp ) {"
63,male,11723123931,line 4,68,"public Vehicle ( String p , String t , int tp ) {"
63,male,11723344021,line 4,192,"public Vehicle ( String p , String t , int tp ) {"
63,male,11723496017,line 4,148,"public Vehicle ( String p , String t , int tp ) {"
63,male,11723703884,line 4,136,"public Vehicle ( String p , String t , int tp ) {"
63,male,11724767811,line 4,72,"public Vehicle ( String p , String t , int tp ) {"
63,male,11724935815,line 4,164,"public Vehicle ( String p , String t , int tp ) {"
63,male,11725367829,line 4,96,"public Vehicle ( String p , String t , int tp ) {"
63,male,11726159666,line 4,104,"public Vehicle ( String p , String t , int tp ) {"
63,male,11726311641,line 5,88,this.producer = p ;
63,male,11726515644,line 5,112,this.producer = p ;
63,male,11726667628,line 5,148,this.producer = p ;
63,male,11726807655,line 5,136,this.producer = p ;
63,male,11727059693,line 5,208,this.producer = p ;
63,male,11727135657,line 5,72,this.producer = p ;
63,male,11727267683,line 5,60,this.producer = p ;
63,male,11727739511,line 5,196,this.producer = p ;
63,male,11728087452,line 5,60,this.producer = p ;
63,male,11728251327,line 5,160,this.producer = p ;
63,male,11728367128,line 5,108,this.producer = p ;
63,male,11728551421,line 5,180,this.producer = p ;
63,male,11728759483,line 4,76,"public Vehicle ( String p , String t , int tp ) {"
63,male,11728891494,line 4,128,"public Vehicle ( String p , String t , int tp ) {"
63,male,11729031519,line 4,136,"public Vehicle ( String p , String t , int tp ) {"
63,male,11729099536,line 4,64,"public Vehicle ( String p , String t , int tp ) {"
63,male,11729275429,line 4,172,"public Vehicle ( String p , String t , int tp ) {"
63,male,11729355293,line 4,76,"public Vehicle ( String p , String t , int tp ) {"
63,male,11730292865,line 4,100,"public Vehicle ( String p , String t , int tp ) {"
63,male,11730605557,line 5,296,this.producer = p ;
63,male,11731641917,line 5,56,this.producer = p ;
63,male,11732150015,line 4,64,"public Vehicle ( String p , String t , int tp ) {"
63,male,11732317938,line 4,164,"public Vehicle ( String p , String t , int tp ) {"
63,male,11732581786,line 4,260,"public Vehicle ( String p , String t , int tp ) {"
63,male,11733001724,line 4,384,"public Vehicle ( String p , String t , int tp ) {"
63,male,11733245761,line 4,104,"public Vehicle ( String p , String t , int tp ) {"
63,male,11733325763,line 4,76,"public Vehicle ( String p , String t , int tp ) {"
63,male,11733549761,line 4,96,"public Vehicle ( String p , String t , int tp ) {"
63,male,11733665806,line 5,112,this.producer = p ;
63,male,11733749810,line 4,80,"public Vehicle ( String p , String t , int tp ) {"
63,male,11733821805,line 4,68,"public Vehicle ( String p , String t , int tp ) {"
63,male,11733905799,line 4,80,"public Vehicle ( String p , String t , int tp ) {"
63,male,11734217626,line 4,296,"public Vehicle ( String p , String t , int tp ) {"
63,male,11734789654,line 5,144,this.producer = p ;
63,male,11734873685,line 5,80,this.producer = p ;
63,male,11734997692,line 5,120,this.producer = p ;
63,male,11735213688,line 5,80,this.producer = p ;
63,male,11735469700,line 4,92,"public Vehicle ( String p , String t , int tp ) {"
63,male,11735629681,line 4,68,"public Vehicle ( String p , String t , int tp ) {"
63,male,11735741665,line 4,108,"public Vehicle ( String p , String t , int tp ) {"
63,male,11735833655,line 4,72,"public Vehicle ( String p , String t , int tp ) {"
63,male,11736021588,line 4,184,"public Vehicle ( String p , String t , int tp ) {"
63,male,11736145493,line 4,120,"public Vehicle ( String p , String t , int tp ) {"
63,male,11736381476,line 4,168,"public Vehicle ( String p , String t , int tp ) {"
63,male,11736453491,line 4,68,"public Vehicle ( String p , String t , int tp ) {"
63,male,11736681530,line 4,148,"public Vehicle ( String p , String t , int tp ) {"
63,male,11736997538,line 4,128,"public Vehicle ( String p , String t , int tp ) {"
63,male,11737105591,line 4,104,"public Vehicle ( String p , String t , int tp ) {"
63,male,11738765420,line 3,84,"int topSpeed , currentSpeed ;"
63,male,11739717355,line 6,132,this.type = t ;
63,male,11739869250,line 5,88,this.producer = p ;
63,male,11739973220,line 5,100,this.producer = p ;
63,male,11740101208,line 5,100,this.producer = p ;
63,male,11740493261,line 5,388,this.producer = p ;
63,male,11740889245,line 6,360,this.type = t ;
63,male,11740981227,line 6,56,this.type = t ;
63,male,11741053214,line 6,68,this.type = t ;
63,male,11741269330,line 6,156,this.type = t ;
63,male,11741361313,line 6,88,this.type = t ;
63,male,11741525295,line 6,160,this.type = t ;
63,male,11741609303,line 7,80,this.topSpeed = tp ;
63,male,11741805206,line 7,192,this.topSpeed = tp ;
63,male,11741913137,line 7,88,this.topSpeed = tp ;
63,male,11742161121,line 4,188,"public Vehicle ( String p , String t , int tp ) {"
63,male,11742245160,line 4,64,"public Vehicle ( String p , String t , int tp ) {"
63,male,11742405153,line 4,108,"public Vehicle ( String p , String t , int tp ) {"
63,male,11742709142,line 10,204,public int accelerate ( int kmh ) {
63,male,11742925150,line 11,124,if ( ( this.currentSpeed + kmh ) > this.topSpeed ) {
63,male,11743201144,line 11,240,if ( ( this.currentSpeed + kmh ) > this.topSpeed ) {
63,male,11743481137,line 10,116,public int accelerate ( int kmh ) {
63,male,11743712794,line 11,156,if ( ( this.currentSpeed + kmh ) > this.topSpeed ) {
63,male,11744036944,line 10,76,public int accelerate ( int kmh ) {
63,male,11744164990,line 11,92,if ( ( this.currentSpeed + kmh ) > this.topSpeed ) {
63,male,11744417056,line 10,136,public int accelerate ( int kmh ) {
63,male,11744565041,line 10,68,public int accelerate ( int kmh ) {
63,male,11744665000,line 10,96,public int accelerate ( int kmh ) {
63,male,11744820973,line 11,124,if ( ( this.currentSpeed + kmh ) > this.topSpeed ) {
63,male,11744888967,line 12,64,this.currentSpeed = this.topSpeed ;
63,male,11745060986,line 12,56,this.currentSpeed = this.topSpeed ;
63,male,11745168994,line 11,72,if ( ( this.currentSpeed + kmh ) > this.topSpeed ) {
63,male,11745309019,line 11,136,if ( ( this.currentSpeed + kmh ) > this.topSpeed ) {
63,male,11745480975,line 11,132,if ( ( this.currentSpeed + kmh ) > this.topSpeed ) {
63,male,11745692872,line 11,88,if ( ( this.currentSpeed + kmh ) > this.topSpeed ) {
63,male,11746280867,line 12,92,this.currentSpeed = this.topSpeed ;
63,male,11746576836,line 12,292,this.currentSpeed = this.topSpeed ;
63,male,11746980865,line 11,240,if ( ( this.currentSpeed + kmh ) > this.topSpeed ) {
63,male,11747132867,line 11,84,if ( ( this.currentSpeed + kmh ) > this.topSpeed ) {
63,male,11747196855,line 11,60,if ( ( this.currentSpeed + kmh ) > this.topSpeed ) {
63,male,11747316768,line 11,116,if ( ( this.currentSpeed + kmh ) > this.topSpeed ) {
63,male,11747380708,line 11,60,if ( ( this.currentSpeed + kmh ) > this.topSpeed ) {
63,male,11747668767,line 11,240,if ( ( this.currentSpeed + kmh ) > this.topSpeed ) {
63,male,11747884654,line 11,92,if ( ( this.currentSpeed + kmh ) > this.topSpeed ) {
63,male,11748088691,line 11,140,if ( ( this.currentSpeed + kmh ) > this.topSpeed ) {
63,male,11748264778,line 12,144,this.currentSpeed = this.topSpeed ;
63,male,11748352808,line 12,84,this.currentSpeed = this.topSpeed ;
63,male,11748468802,line 12,112,this.currentSpeed = this.topSpeed ;
63,male,11748620756,line 12,76,this.currentSpeed = this.topSpeed ;
63,male,11748784634,line 11,88,if ( ( this.currentSpeed + kmh ) > this.topSpeed ) {
63,male,11749236710,line 12,264,this.currentSpeed = this.topSpeed ;
63,male,11749300669,line 12,60,this.currentSpeed = this.topSpeed ;
63,male,11749488610,line 12,124,this.currentSpeed = this.topSpeed ;
63,male,11750128570,line 14,68,this.currentSpeed = this.currentSpeed + kmh ;
63,male,11750236586,line 14,104,this.currentSpeed = this.currentSpeed + kmh ;
63,male,11750396596,line 13,132,} else {
63,male,11750780595,line 14,68,this.currentSpeed = this.currentSpeed + kmh ;
63,male,11750884604,line 14,100,this.currentSpeed = this.currentSpeed + kmh ;
63,male,11750956604,line 14,68,this.currentSpeed = this.currentSpeed + kmh ;
63,male,11751096597,line 14,104,this.currentSpeed = this.currentSpeed + kmh ;
63,male,11751232529,line 14,80,this.currentSpeed = this.currentSpeed + kmh ;
63,male,11751356474,line 14,84,this.currentSpeed = this.currentSpeed + kmh ;
63,male,11751632399,line 14,272,this.currentSpeed = this.currentSpeed + kmh ;
63,male,11752244513,line 14,64,this.currentSpeed = this.currentSpeed + kmh ;
63,male,11752308511,line 14,60,this.currentSpeed = this.currentSpeed + kmh ;
63,male,11752560491,line 14,188,this.currentSpeed = this.currentSpeed + kmh ;
63,male,11752732485,line 14,124,this.currentSpeed = this.currentSpeed + kmh ;
63,male,11752900410,line 14,164,this.currentSpeed = this.currentSpeed + kmh ;
63,male,11753068157,line 14,100,this.currentSpeed = this.currentSpeed + kmh ;
63,male,11753144200,line 14,72,this.currentSpeed = this.currentSpeed + kmh ;
63,male,11753260302,line 14,64,this.currentSpeed = this.currentSpeed + kmh ;
63,male,11753448336,line 14,128,this.currentSpeed = this.currentSpeed + kmh ;
63,male,11753644330,line 14,192,this.currentSpeed = this.currentSpeed + kmh ;
63,male,11753980353,line 14,160,this.currentSpeed = this.currentSpeed + kmh ;
63,male,11754144435,line 14,108,this.currentSpeed = this.currentSpeed + kmh ;
63,male,11754372415,line 14,100,this.currentSpeed = this.currentSpeed + kmh ;
63,male,11754636336,line 14,68,this.currentSpeed = this.currentSpeed + kmh ;
63,male,11754748312,line 14,108,this.currentSpeed = this.currentSpeed + kmh ;
63,male,11754896174,line 14,104,this.currentSpeed = this.currentSpeed + kmh ;
63,male,11755116182,line 13,176,} else {
63,male,11755360196,line 11,64,if ( ( this.currentSpeed + kmh ) > this.topSpeed ) {
63,male,11755420200,line 11,56,if ( ( this.currentSpeed + kmh ) > this.topSpeed ) {
63,male,11755568187,line 11,144,if ( ( this.currentSpeed + kmh ) > this.topSpeed ) {
63,male,11755676178,line 11,104,if ( ( this.currentSpeed + kmh ) > this.topSpeed ) {
63,male,11755972247,line 11,244,if ( ( this.currentSpeed + kmh ) > this.topSpeed ) {
63,male,11756080248,line 11,104,if ( ( this.currentSpeed + kmh ) > this.topSpeed ) {
63,male,11756188259,line 12,104,this.currentSpeed = this.topSpeed ;
63,male,11756296300,line 11,68,if ( ( this.currentSpeed + kmh ) > this.topSpeed ) {
63,male,11756600285,line 11,144,if ( ( this.currentSpeed + kmh ) > this.topSpeed ) {
63,male,11756812121,line 12,144,this.currentSpeed = this.topSpeed ;
63,male,11757048007,line 12,124,this.currentSpeed = this.topSpeed ;
63,male,11757172043,line 12,120,this.currentSpeed = this.topSpeed ;
63,male,11757268089,line 12,92,this.currentSpeed = this.topSpeed ;
63,male,11757428134,line 11,100,if ( ( this.currentSpeed + kmh ) > this.topSpeed ) {
63,male,11757632158,line 12,100,this.currentSpeed = this.topSpeed ;
63,male,11759675947,line 14,184,this.currentSpeed = this.currentSpeed + kmh ;
63,male,11759819962,line 14,140,this.currentSpeed = this.currentSpeed + kmh ;
63,male,11759887986,line 14,64,this.currentSpeed = this.currentSpeed + kmh ;
63,male,11760067975,line 16,136,return this.currentSpeed ;
63,male,11762259820,line 12,92,this.currentSpeed = this.topSpeed ;
63,male,11762355690,line 12,92,this.currentSpeed = this.topSpeed ;
63,male,11762539488,line 10,80,public int accelerate ( int kmh ) {
63,male,11762847653,line 10,80,public int accelerate ( int kmh ) {
63,male,11764191644,line 12,156,this.currentSpeed = this.topSpeed ;
63,male,11764251573,line 12,56,this.currentSpeed = this.topSpeed ;
63,male,11764443455,line 11,132,if ( ( this.currentSpeed + kmh ) > this.topSpeed ) {
63,male,11764591481,line 12,104,this.currentSpeed = this.topSpeed ;
63,male,11764855530,line 12,260,this.currentSpeed = this.topSpeed ;
63,male,11764947523,line 12,76,this.currentSpeed = this.topSpeed ;
63,male,11765039519,line 12,88,this.currentSpeed = this.topSpeed ;
63,male,11765195524,line 12,104,this.currentSpeed = this.topSpeed ;
63,male,11765355554,line 12,156,this.currentSpeed = this.topSpeed ;
63,male,11765435549,line 12,76,this.currentSpeed = this.topSpeed ;
63,male,11766091497,line 12,148,this.currentSpeed = this.topSpeed ;
63,male,11766239459,line 12,116,this.currentSpeed = this.topSpeed ;
63,male,11766499447,line 12,184,this.currentSpeed = this.topSpeed ;
63,male,11766599460,line 12,96,this.currentSpeed = this.topSpeed ;
63,male,11766751459,line 12,108,this.currentSpeed = this.topSpeed ;
63,male,11766939419,line 12,184,this.currentSpeed = this.topSpeed ;
63,male,11767131427,line 12,188,this.currentSpeed = this.topSpeed ;
63,male,11767347412,line 12,116,this.currentSpeed = this.topSpeed ;
63,male,11767655299,line 11,76,if ( ( this.currentSpeed + kmh ) > this.topSpeed ) {
63,male,11767799332,line 11,56,if ( ( this.currentSpeed + kmh ) > this.topSpeed ) {
63,male,11768043314,line 12,100,this.currentSpeed = this.topSpeed ;
63,male,11768247259,line 12,200,this.currentSpeed = this.topSpeed ;
63,male,11768319281,line 12,68,this.currentSpeed = this.topSpeed ;
63,male,11768519341,line 12,196,this.currentSpeed = this.topSpeed ;
63,male,11768675335,line 11,120,if ( ( this.currentSpeed + kmh ) > this.topSpeed ) {
63,male,11768831310,line 4,100,"public Vehicle ( String p , String t , int tp ) {"
63,male,11768891294,line 4,56,"public Vehicle ( String p , String t , int tp ) {"
63,male,11769063279,line 5,104,this.producer = p ;
63,male,11769163293,line 5,96,this.producer = p ;
63,male,11769227301,line 5,60,this.producer = p ;
63,male,11769291296,line 5,60,this.producer = p ;
63,male,11769435250,line 10,84,public int accelerate ( int kmh ) {
63,male,11769631284,line 11,100,if ( ( this.currentSpeed + kmh ) > this.topSpeed ) {
63,male,11769771292,line 11,84,if ( ( this.currentSpeed + kmh ) > this.topSpeed ) {
63,male,11770067209,line 11,104,if ( ( this.currentSpeed + kmh ) > this.topSpeed ) {
63,male,11770215186,line 11,104,if ( ( this.currentSpeed + kmh ) > this.topSpeed ) {
63,male,11770435227,line 12,60,this.currentSpeed = this.topSpeed ;
63,male,11770527232,line 11,88,if ( ( this.currentSpeed + kmh ) > this.topSpeed ) {
63,male,11770619193,line 12,88,this.currentSpeed = this.topSpeed ;
63,male,11772091071,line 14,144,this.currentSpeed = this.currentSpeed + kmh ;
63,male,11772318985,line 14,64,this.currentSpeed = this.currentSpeed + kmh ;
63,male,11772726993,line 18,92,public static void main ( String args [ ] ) {
63,male,11772811025,line 18,80,public static void main ( String args [ ] ) {
63,male,11772927057,line 18,112,public static void main ( String args [ ] ) {
63,male,11773163077,line 18,200,public static void main ( String args [ ] ) {
63,male,11773862834,line 18,84,public static void main ( String args [ ] ) {
63,male,11773958858,line 18,92,public static void main ( String args [ ] ) {
63,male,11774078933,line 19,92,"Vehicle v = new Vehicle ( ""Audi"" , ""A6"" , 200 ) ;"
63,male,11774190928,line 19,108,"Vehicle v = new Vehicle ( ""Audi"" , ""A6"" , 200 ) ;"
63,male,11774614829,line 19,116,"Vehicle v = new Vehicle ( ""Audi"" , ""A6"" , 200 ) ;"
63,male,11774730832,line 20,112,v.accelerate ( 10 ) ;
63,male,11775182895,line 19,212,"Vehicle v = new Vehicle ( ""Audi"" , ""A6"" , 200 ) ;"
63,male,11775246894,line 19,60,"Vehicle v = new Vehicle ( ""Audi"" , ""A6"" , 200 ) ;"
63,male,11775366892,line 20,88,v.accelerate ( 10 ) ;
63,male,11775486874,line 20,116,v.accelerate ( 10 ) ;
63,male,11775898720,line 20,208,v.accelerate ( 10 ) ;
63,male,11776346717,line 20,156,v.accelerate ( 10 ) ;
63,male,11776470715,line 19,64,"Vehicle v = new Vehicle ( ""Audi"" , ""A6"" , 200 ) ;"
63,male,11776610743,line 19,136,"Vehicle v = new Vehicle ( ""Audi"" , ""A6"" , 200 ) ;"
63,male,11776682774,line 19,68,"Vehicle v = new Vehicle ( ""Audi"" , ""A6"" , 200 ) ;"
63,male,11776778784,line 19,92,"Vehicle v = new Vehicle ( ""Audi"" , ""A6"" , 200 ) ;"
63,male,11776974813,line 19,192,"Vehicle v = new Vehicle ( ""Audi"" , ""A6"" , 200 ) ;"
63,male,11777234769,line 19,160,"Vehicle v = new Vehicle ( ""Audi"" , ""A6"" , 200 ) ;"
63,male,11777334686,line 19,96,"Vehicle v = new Vehicle ( ""Audi"" , ""A6"" , 200 ) ;"
63,male,11778438513,line 4,144,"public Vehicle ( String p , String t , int tp ) {"
63,male,11778550549,line 7,76,this.topSpeed = tp ;
63,male,11778610574,line 6,56,this.type = t ;
63,male,11778926591,line 8,60,this.currentSpeed = 0 ;
63,male,11779066568,line 7,80,this.topSpeed = tp ;
63,male,11779202588,line 7,80,this.topSpeed = tp ;
63,male,11779390402,line 7,128,this.topSpeed = tp ;
63,male,11779562322,line 5,100,this.producer = p ;
63,male,11779622372,line 5,56,this.producer = p ;
63,male,11780042465,line 19,164,"Vehicle v = new Vehicle ( ""Audi"" , ""A6"" , 200 ) ;"
63,male,11780282471,line 19,216,"Vehicle v = new Vehicle ( ""Audi"" , ""A6"" , 200 ) ;"
63,male,11780426518,line 19,124,"Vehicle v = new Vehicle ( ""Audi"" , ""A6"" , 200 ) ;"
63,male,11780662551,line 20,180,v.accelerate ( 10 ) ;
63,male,11780814515,line 20,148,v.accelerate ( 10 ) ;
63,male,11780950492,line 20,132,v.accelerate ( 10 ) ;
63,male,11781146396,line 20,144,v.accelerate ( 10 ) ;
63,male,11781606322,line 20,412,v.accelerate ( 10 ) ;
63,male,11781810270,line 19,124,"Vehicle v = new Vehicle ( ""Audi"" , ""A6"" , 200 ) ;"
63,male,11782014205,line 19,200,"Vehicle v = new Vehicle ( ""Audi"" , ""A6"" , 200 ) ;"
63,male,11782114201,line 18,68,public static void main ( String args [ ] ) {
63,male,11782238257,line 18,120,public static void main ( String args [ ] ) {
63,male,11782330291,line 18,88,public static void main ( String args [ ] ) {
63,male,11782554325,line 19,200,"Vehicle v = new Vehicle ( ""Audi"" , ""A6"" , 200 ) ;"
63,male,11783010319,line 20,260,v.accelerate ( 10 ) ;
63,male,11783310320,line 20,144,v.accelerate ( 10 ) ;
63,male,11783490251,line 20,176,v.accelerate ( 10 ) ;
63,male,11783854219,line 20,276,v.accelerate ( 10 ) ;
63,male,11784086259,line 20,172,v.accelerate ( 10 ) ;
63,male,11784194273,line 20,104,v.accelerate ( 10 ) ;
63,male,11784362255,line 20,152,v.accelerate ( 10 ) ;
63,male,11784438243,line 20,72,v.accelerate ( 10 ) ;
63,male,11785298125,line 19,100,"Vehicle v = new Vehicle ( ""Audi"" , ""A6"" , 200 ) ;"
63,male,11785498121,line 19,196,"Vehicle v = new Vehicle ( ""Audi"" , ""A6"" , 200 ) ;"
63,male,11785570127,line 19,68,"Vehicle v = new Vehicle ( ""Audi"" , ""A6"" , 200 ) ;"
63,male,11787105907,line 13,92,} else {
63,male,11787189938,line 13,80,} else {
63,male,11787361992,line 13,96,} else {
65,female,4036918288,line 4,92,"public Vehicle ( String p , String t , int tp ) {"
65,female,4037010258,line 4,88,"public Vehicle ( String p , String t , int tp ) {"
65,female,4037082236,line 4,68,"public Vehicle ( String p , String t , int tp ) {"
65,female,4037634170,line 2,252,"String producer , type ;"
65,female,4037802146,line 2,140,"String producer , type ;"
65,female,4038046130,line 3,84,"int topSpeed , currentSpeed ;"
65,female,4038454131,line 3,68,"int topSpeed , currentSpeed ;"
65,female,4039550040,line 2,68,"String producer , type ;"
65,female,4040317829,line 1,56,public class Vehicle {
65,female,4040413854,line 1,68,public class Vehicle {
65,female,4042221777,line 4,72,"public Vehicle ( String p , String t , int tp ) {"
65,female,4042397776,line 2,72,"String producer , type ;"
65,female,4042821741,line 1,56,public class Vehicle {
65,female,4043473357,line 2,60,"String producer , type ;"
65,female,4044649634,line 2,56,"String producer , type ;"
65,female,4046781037,line 2,56,"String producer , type ;"
65,female,4051365120,line 4,76,"public Vehicle ( String p , String t , int tp ) {"
65,female,4051944979,line 4,100,"public Vehicle ( String p , String t , int tp ) {"
65,female,4052696791,line 5,56,this.producer = p ;
65,female,4056620558,line 5,68,this.producer = p ;
65,female,4085834992,line 6,76,this.type = t ;
65,female,4086049291,line 6,208,this.type = t ;
65,female,4089862909,line 10,128,public int accelerate ( int kmh ) {
65,female,4090222800,line 8,140,this.currentSpeed = 0 ;
65,female,4090570819,line 12,132,this.currentSpeed = this.topSpeed ;
65,female,4090838764,line 3,156,"int topSpeed , currentSpeed ;"
65,female,4090974772,line 3,84,"int topSpeed , currentSpeed ;"
65,female,4091326836,line 4,68,"public Vehicle ( String p , String t , int tp ) {"
65,female,4091390819,line 4,60,"public Vehicle ( String p , String t , int tp ) {"
65,female,4091830762,line 4,68,"public Vehicle ( String p , String t , int tp ) {"
65,female,4091926737,line 4,92,"public Vehicle ( String p , String t , int tp ) {"
65,female,4092302597,line 11,80,if ( ( this.currentSpeed + kmh ) > this.topSpeed ) {
65,female,4092370639,line 11,64,if ( ( this.currentSpeed + kmh ) > this.topSpeed ) {
65,female,4092430658,line 11,56,if ( ( this.currentSpeed + kmh ) > this.topSpeed ) {
65,female,4092558665,line 12,60,this.currentSpeed = this.topSpeed ;
65,female,4092742654,line 12,60,this.currentSpeed = this.topSpeed ;
65,female,4093462374,line 16,76,return this.currentSpeed ;
65,female,4094074500,line 19,76,"Vehicle v = new Vehicle ( ""Audi"" , ""A6"" , 200 ) ;"
65,female,4094226464,line 19,148,"Vehicle v = new Vehicle ( ""Audi"" , ""A6"" , 200 ) ;"
71,male,14003409876,line 3,72,"int topSpeed , currentSpeed ;"
71,male,14003541719,line 2,60,"String producer , type ;"
71,male,14003893722,line 3,80,"int topSpeed , currentSpeed ;"
71,male,14004274354,line 3,64,"int topSpeed , currentSpeed ;"
71,male,14004350177,line 3,68,"int topSpeed , currentSpeed ;"
71,male,14004473901,line 2,72,"String producer , type ;"
71,male,14005301433,line 2,84,"String producer , type ;"
71,male,14005549606,line 3,72,"int topSpeed , currentSpeed ;"
71,male,14005649625,line 3,68,"int topSpeed , currentSpeed ;"
71,male,14005769614,line 3,116,"int topSpeed , currentSpeed ;"
71,male,14005845608,line 3,72,"int topSpeed , currentSpeed ;"
71,male,14006001662,line 3,116,"int topSpeed , currentSpeed ;"
71,male,14006113703,line 3,108,"int topSpeed , currentSpeed ;"
71,male,14006221685,line 3,104,"int topSpeed , currentSpeed ;"
71,male,14006305669,line 3,80,"int topSpeed , currentSpeed ;"
71,male,14006425643,line 3,84,"int topSpeed , currentSpeed ;"
71,male,14006577635,line 3,148,"int topSpeed , currentSpeed ;"
71,male,14006789520,line 3,172,"int topSpeed , currentSpeed ;"
71,male,14007081504,line 3,72,"int topSpeed , currentSpeed ;"
71,male,14007365441,line 3,180,"int topSpeed , currentSpeed ;"
71,male,14007569466,line 3,68,"int topSpeed , currentSpeed ;"
71,male,14007721460,line 3,104,"int topSpeed , currentSpeed ;"
71,male,14007881437,line 4,72,"public Vehicle ( String p , String t , int tp ) {"
71,male,14008585301,line 4,100,"public Vehicle ( String p , String t , int tp ) {"
71,male,14008897362,line 3,64,"int topSpeed , currentSpeed ;"
71,male,14008989339,line 3,88,"int topSpeed , currentSpeed ;"
71,male,14009873334,line 3,56,"int topSpeed , currentSpeed ;"
71,male,14011357000,line 2,92,"String producer , type ;"
71,male,14012045070,line 3,132,"int topSpeed , currentSpeed ;"
71,male,14012341135,line 1,68,public class Vehicle {
71,male,14012421130,line 1,76,public class Vehicle {
71,male,14012681099,line 1,152,public class Vehicle {
71,male,14012777093,line 1,92,public class Vehicle {
71,male,14012837090,line 1,56,public class Vehicle {
71,male,14012989076,line 1,108,public class Vehicle {
71,male,14013069054,line 2,76,"String producer , type ;"
71,male,14013193016,line 1,68,public class Vehicle {
71,male,14013452883,line 2,56,"String producer , type ;"
71,male,14013588949,line 2,72,"String producer , type ;"
71,male,14013652976,line 2,60,"String producer , type ;"
71,male,14013944959,line 1,108,public class Vehicle {
71,male,14014168938,line 2,100,"String producer , type ;"
71,male,14014508912,line 3,88,"int topSpeed , currentSpeed ;"
71,male,14014728786,line 3,84,"int topSpeed , currentSpeed ;"
71,male,14014808815,line 3,76,"int topSpeed , currentSpeed ;"
71,male,14014884838,line 3,72,"int topSpeed , currentSpeed ;"
71,male,14015216810,line 3,76,"int topSpeed , currentSpeed ;"
71,male,14016000827,line 3,96,"int topSpeed , currentSpeed ;"
71,male,14016156708,line 2,60,"String producer , type ;"
71,male,14016216619,line 2,56,"String producer , type ;"
71,male,14016444611,line 2,140,"String producer , type ;"
71,male,14016628742,line 3,60,"int topSpeed , currentSpeed ;"
71,male,14016692753,line 2,60,"String producer , type ;"
71,male,14016824734,line 4,56,"public Vehicle ( String p , String t , int tp ) {"
71,male,14017108691,line 4,76,"public Vehicle ( String p , String t , int tp ) {"
71,male,14017396724,line 2,100,"String producer , type ;"
71,male,14017588714,line 4,64,"public Vehicle ( String p , String t , int tp ) {"
71,male,14017868541,line 4,96,"public Vehicle ( String p , String t , int tp ) {"
71,male,14018028520,line 4,56,"public Vehicle ( String p , String t , int tp ) {"
71,male,14018212556,line 4,104,"public Vehicle ( String p , String t , int tp ) {"
71,male,14018400595,line 4,84,"public Vehicle ( String p , String t , int tp ) {"
71,male,14018544537,line 1,68,public class Vehicle {
71,male,14018664525,line 1,116,public class Vehicle {
71,male,14019420245,line 1,60,public class Vehicle {
71,male,14020360399,line 1,68,public class Vehicle {
71,male,14020476409,line 1,112,public class Vehicle {
71,male,14020724433,line 4,96,"public Vehicle ( String p , String t , int tp ) {"
71,male,14020876338,line 4,56,"public Vehicle ( String p , String t , int tp ) {"
71,male,14020996159,line 4,76,"public Vehicle ( String p , String t , int tp ) {"
71,male,14021540289,line 2,156,"String producer , type ;"
71,male,14021648299,line 1,56,public class Vehicle {
71,male,14021716338,line 1,64,public class Vehicle {
71,male,14021776373,line 1,56,public class Vehicle {
71,male,14021964327,line 2,60,"String producer , type ;"
71,male,14022156309,line 3,60,"int topSpeed , currentSpeed ;"
71,male,14022220321,line 3,60,"int topSpeed , currentSpeed ;"
71,male,14022316311,line 2,64,"String producer , type ;"
71,male,14022748175,line 4,112,"public Vehicle ( String p , String t , int tp ) {"
71,male,14022912174,line 4,112,"public Vehicle ( String p , String t , int tp ) {"
71,male,14022976167,line 4,60,"public Vehicle ( String p , String t , int tp ) {"
71,male,14023472195,line 2,132,"String producer , type ;"
71,male,14023756183,line 1,140,public class Vehicle {
71,male,14025372050,line 3,88,"int topSpeed , currentSpeed ;"
71,male,14026035884,line 2,60,"String producer , type ;"
71,male,14026151887,line 4,60,"public Vehicle ( String p , String t , int tp ) {"
71,male,14026263879,line 4,56,"public Vehicle ( String p , String t , int tp ) {"
71,male,14026327873,line 4,60,"public Vehicle ( String p , String t , int tp ) {"
71,male,14026411854,line 4,80,"public Vehicle ( String p , String t , int tp ) {"
71,male,14026895902,line 4,60,"public Vehicle ( String p , String t , int tp ) {"
71,male,14027263750,line 5,64,this.producer = p ;
71,male,14027439778,line 5,80,this.producer = p ;
71,male,14027567787,line 5,68,this.producer = p ;
71,male,14027651777,line 5,80,this.producer = p ;
71,male,14027871742,line 4,80,"public Vehicle ( String p , String t , int tp ) {"
71,male,14027951745,line 5,76,this.producer = p ;
71,male,14028099753,line 5,144,this.producer = p ;
71,male,14028215771,line 5,60,this.producer = p ;
71,male,14028847630,line 2,112,"String producer , type ;"
71,male,14029031661,line 2,56,"String producer , type ;"
71,male,14029103661,line 2,68,"String producer , type ;"
71,male,14029607580,line 3,56,"int topSpeed , currentSpeed ;"
71,male,14029871623,line 3,128,"int topSpeed , currentSpeed ;"
71,male,14030811501,line 4,60,"public Vehicle ( String p , String t , int tp ) {"
71,male,14030903514,line 4,60,"public Vehicle ( String p , String t , int tp ) {"
71,male,14031035534,line 5,60,this.producer = p ;
71,male,14031735502,line 6,60,this.type = t ;
71,male,14031807500,line 6,68,this.type = t ;
71,male,14032467396,line 6,68,this.type = t ;
71,male,14033295353,line 5,56,this.producer = p ;
71,male,14033755273,line 5,72,this.producer = p ;
71,male,14033871287,line 4,88,"public Vehicle ( String p , String t , int tp ) {"
71,male,14033931263,line 4,56,"public Vehicle ( String p , String t , int tp ) {"
71,male,14034031222,line 4,56,"public Vehicle ( String p , String t , int tp ) {"
71,male,14034111225,line 5,76,this.producer = p ;
71,male,14034487226,line 5,76,this.producer = p ;
71,male,14034643211,line 5,112,this.producer = p ;
71,male,14035063084,line 5,108,this.producer = p ;
71,male,14035203083,line 5,60,this.producer = p ;
71,male,14035851104,line 3,72,"int topSpeed , currentSpeed ;"
71,male,14036515162,line 7,76,this.topSpeed = tp ;
71,male,14036718373,line 6,124,this.type = t ;
71,male,14038122880,line 2,92,"String producer , type ;"
71,male,14038198845,line 2,72,"String producer , type ;"
71,male,14038770898,line 10,92,public int accelerate ( int kmh ) {
71,male,14039490843,line 10,180,public int accelerate ( int kmh ) {
71,male,14040490725,line 3,60,"int topSpeed , currentSpeed ;"
71,male,14040890689,line 1,144,public class Vehicle {
71,male,14041042658,line 1,92,public class Vehicle {
71,male,14041446424,line 10,76,public int accelerate ( int kmh ) {
71,male,14042106604,line 8,56,this.currentSpeed = 0 ;
71,male,14042690610,line 1,56,public class Vehicle {
71,male,14042762628,line 2,68,"String producer , type ;"
71,male,14042918578,line 1,68,public class Vehicle {
71,male,14043478480,line 4,56,"public Vehicle ( String p , String t , int tp ) {"
71,male,14043618516,line 4,136,"public Vehicle ( String p , String t , int tp ) {"
71,male,14043882573,line 5,84,this.producer = p ;
71,male,14044078488,line 4,88,"public Vehicle ( String p , String t , int tp ) {"
71,male,14044162454,line 4,80,"public Vehicle ( String p , String t , int tp ) {"
71,male,14051793777,line 10,56,public int accelerate ( int kmh ) {
71,male,14055357440,line 10,76,public int accelerate ( int kmh ) {
71,male,14056077396,line 12,172,this.currentSpeed = this.topSpeed ;
71,male,14056233453,line 11,84,if ( ( this.currentSpeed + kmh ) > this.topSpeed ) {
71,male,14056429429,line 10,72,public int accelerate ( int kmh ) {
71,male,14057445249,line 10,64,public int accelerate ( int kmh ) {
71,male,14057561257,line 10,68,public int accelerate ( int kmh ) {
71,male,14058069258,line 10,64,public int accelerate ( int kmh ) {
71,male,14058969167,line 11,68,if ( ( this.currentSpeed + kmh ) > this.topSpeed ) {
71,male,14059185170,line 11,56,if ( ( this.currentSpeed + kmh ) > this.topSpeed ) {
71,male,14059837077,line 10,56,public int accelerate ( int kmh ) {
71,male,14061257034,line 11,56,if ( ( this.currentSpeed + kmh ) > this.topSpeed ) {
71,male,14061700846,line 11,56,if ( ( this.currentSpeed + kmh ) > this.topSpeed ) {
71,male,14063996797,line 11,64,if ( ( this.currentSpeed + kmh ) > this.topSpeed ) {
71,male,14064092816,line 11,68,if ( ( this.currentSpeed + kmh ) > this.topSpeed ) {
71,male,14066772365,line 8,112,this.currentSpeed = 0 ;
71,male,14068060251,line 10,64,public int accelerate ( int kmh ) {
71,male,14068328397,line 11,68,if ( ( this.currentSpeed + kmh ) > this.topSpeed ) {
71,male,14068700199,line 11,68,if ( ( this.currentSpeed + kmh ) > this.topSpeed ) {
71,male,14068760028,line 11,56,if ( ( this.currentSpeed + kmh ) > this.topSpeed ) {
71,male,14069056341,line 11,68,if ( ( this.currentSpeed + kmh ) > this.topSpeed ) {
71,male,14069148334,line 11,88,if ( ( this.currentSpeed + kmh ) > this.topSpeed ) {
71,male,14069240350,line 11,88,if ( ( this.currentSpeed + kmh ) > this.topSpeed ) {
71,male,14069668279,line 11,100,if ( ( this.currentSpeed + kmh ) > this.topSpeed ) {
71,male,14070156338,line 11,56,if ( ( this.currentSpeed + kmh ) > this.topSpeed ) {
71,male,14070216310,line 11,56,if ( ( this.currentSpeed + kmh ) > this.topSpeed ) {
71,male,14070604178,line 12,96,this.currentSpeed = this.topSpeed ;
71,male,14071175936,line 12,84,this.currentSpeed = this.topSpeed ;
71,male,14071715775,line 12,96,this.currentSpeed = this.topSpeed ;
71,male,14071987856,line 12,56,this.currentSpeed = this.topSpeed ;
71,male,14072119923,line 12,128,this.currentSpeed = this.topSpeed ;
71,male,14072356326,line 12,64,this.currentSpeed = this.topSpeed ;
71,male,14072416446,line 12,56,this.currentSpeed = this.topSpeed ;
71,male,14072608129,line 11,64,if ( ( this.currentSpeed + kmh ) > this.topSpeed ) {
71,male,14073523945,line 11,56,if ( ( this.currentSpeed + kmh ) > this.topSpeed ) {
71,male,14074891776,line 8,68,this.currentSpeed = 0 ;
71,male,14075143702,line 10,64,public int accelerate ( int kmh ) {
71,male,14075551773,line 6,56,this.type = t ;
71,male,14075711752,line 10,72,public int accelerate ( int kmh ) {
71,male,14076775654,line 10,80,public int accelerate ( int kmh ) {
71,male,14076979656,line 10,56,public int accelerate ( int kmh ) {
71,male,14078743482,line 10,80,public int accelerate ( int kmh ) {
71,male,14078891503,line 10,64,public int accelerate ( int kmh ) {
71,male,14080043396,line 10,56,public int accelerate ( int kmh ) {
71,male,14080115390,line 10,68,public int accelerate ( int kmh ) {
71,male,14080199388,line 10,80,public int accelerate ( int kmh ) {
71,male,14080639264,line 10,76,public int accelerate ( int kmh ) {
71,male,14080719254,line 10,76,public int accelerate ( int kmh ) {
71,male,14081359311,line 10,68,public int accelerate ( int kmh ) {
71,male,14081531300,line 10,80,public int accelerate ( int kmh ) {
71,male,14082059212,line 10,56,public int accelerate ( int kmh ) {
71,male,14082335050,line 10,60,public int accelerate ( int kmh ) {
71,male,14082463157,line 10,68,public int accelerate ( int kmh ) {
71,male,14083890869,line 10,60,public int accelerate ( int kmh ) {
71,male,14084083086,line 10,72,public int accelerate ( int kmh ) {
71,male,14084147289,line 10,60,public int accelerate ( int kmh ) {
71,male,14084650962,line 10,60,public int accelerate ( int kmh ) {
71,male,14086494849,line 10,112,public int accelerate ( int kmh ) {
71,male,14086622716,line 10,124,public int accelerate ( int kmh ) {
71,male,14087482728,line 10,68,public int accelerate ( int kmh ) {
71,male,14087706791,line 11,140,if ( ( this.currentSpeed + kmh ) > this.topSpeed ) {
71,male,14087790780,line 11,80,if ( ( this.currentSpeed + kmh ) > this.topSpeed ) {
71,male,14088090764,line 10,56,public int accelerate ( int kmh ) {
71,male,14088594422,line 10,60,public int accelerate ( int kmh ) {
71,male,14088658323,line 10,60,public int accelerate ( int kmh ) {
71,male,14088774293,line 10,68,public int accelerate ( int kmh ) {
71,male,14088850394,line 10,72,public int accelerate ( int kmh ) {
71,male,14089002597,line 10,56,public int accelerate ( int kmh ) {
71,male,14089466659,line 11,80,if ( ( this.currentSpeed + kmh ) > this.topSpeed ) {
71,male,14089554644,line 11,84,if ( ( this.currentSpeed + kmh ) > this.topSpeed ) {
71,male,14089922591,line 10,76,public int accelerate ( int kmh ) {
71,male,14090090515,line 10,112,public int accelerate ( int kmh ) {
71,male,14090434462,line 10,184,public int accelerate ( int kmh ) {
71,male,14090822630,line 11,56,if ( ( this.currentSpeed + kmh ) > this.topSpeed ) {
71,male,14091298448,line 10,56,public int accelerate ( int kmh ) {
71,male,14091706182,line 11,84,if ( ( this.currentSpeed + kmh ) > this.topSpeed ) {
71,male,14091942325,line 11,68,if ( ( this.currentSpeed + kmh ) > this.topSpeed ) {
71,male,14092062379,line 11,60,if ( ( this.currentSpeed + kmh ) > this.topSpeed ) {
71,male,14092130361,line 11,64,if ( ( this.currentSpeed + kmh ) > this.topSpeed ) {
71,male,14092214339,line 11,56,if ( ( this.currentSpeed + kmh ) > this.topSpeed ) {
71,male,14092442361,line 11,224,if ( ( this.currentSpeed + kmh ) > this.topSpeed ) {
71,male,14092502364,line 11,56,if ( ( this.currentSpeed + kmh ) > this.topSpeed ) {
71,male,14092566368,line 11,60,if ( ( this.currentSpeed + kmh ) > this.topSpeed ) {
71,male,14092838336,line 11,100,if ( ( this.currentSpeed + kmh ) > this.topSpeed ) {
71,male,14092902293,line 11,60,if ( ( this.currentSpeed + kmh ) > this.topSpeed ) {
71,male,14093186049,line 11,60,if ( ( this.currentSpeed + kmh ) > this.topSpeed ) {
71,male,14093374117,line 11,84,if ( ( this.currentSpeed + kmh ) > this.topSpeed ) {
71,male,14093538185,line 11,64,if ( ( this.currentSpeed + kmh ) > this.topSpeed ) {
71,male,14093606186,line 11,64,if ( ( this.currentSpeed + kmh ) > this.topSpeed ) {
71,male,14093734186,line 10,72,public int accelerate ( int kmh ) {
71,male,14094146247,line 11,60,if ( ( this.currentSpeed + kmh ) > this.topSpeed ) {
71,male,14094206255,line 11,56,if ( ( this.currentSpeed + kmh ) > this.topSpeed ) {
71,male,14094270260,line 11,60,if ( ( this.currentSpeed + kmh ) > this.topSpeed ) {
71,male,14095266073,line 11,56,if ( ( this.currentSpeed + kmh ) > this.topSpeed ) {
71,male,14095326088,line 11,56,if ( ( this.currentSpeed + kmh ) > this.topSpeed ) {
71,male,14095590150,line 11,76,if ( ( this.currentSpeed + kmh ) > this.topSpeed ) {
71,male,14095746120,line 11,100,if ( ( this.currentSpeed + kmh ) > this.topSpeed ) {
71,male,14095902094,line 11,76,if ( ( this.currentSpeed + kmh ) > this.topSpeed ) {
71,male,14096130019,line 10,56,public int accelerate ( int kmh ) {
71,male,14096405602,line 11,80,if ( ( this.currentSpeed + kmh ) > this.topSpeed ) {
71,male,14097057963,line 13,96,} else {
71,male,14097133943,line 13,72,} else {
71,male,14097701942,line 13,120,} else {
71,male,14098037705,line 12,116,this.currentSpeed = this.topSpeed ;
71,male,14098366188,line 12,68,this.currentSpeed = this.topSpeed ;
71,male,14098697823,line 13,112,} else {
71,male,14100649686,line 10,68,public int accelerate ( int kmh ) {
71,male,14100809700,line 10,68,public int accelerate ( int kmh ) {
71,male,14101081404,line 14,56,this.currentSpeed = this.currentSpeed + kmh ;
71,male,14101977558,line 12,136,this.currentSpeed = this.topSpeed ;
71,male,14102061543,line 12,80,this.currentSpeed = this.topSpeed ;
71,male,14102141559,line 12,76,this.currentSpeed = this.topSpeed ;
71,male,14102321558,line 12,100,this.currentSpeed = this.topSpeed ;
71,male,14105045258,line 12,80,this.currentSpeed = this.topSpeed ;
71,male,14105325280,line 10,92,public int accelerate ( int kmh ) {
71,male,14105701265,line 10,56,public int accelerate ( int kmh ) {
71,male,14106077144,line 11,56,if ( ( this.currentSpeed + kmh ) > this.topSpeed ) {
71,male,14106333070,line 11,68,if ( ( this.currentSpeed + kmh ) > this.topSpeed ) {
71,male,14106445088,line 11,108,if ( ( this.currentSpeed + kmh ) > this.topSpeed ) {
71,male,14107073184,line 18,60,public static void main ( String args [ ] ) {
71,male,14107981069,line 18,76,public static void main ( String args [ ] ) {
71,male,14108065068,line 18,80,public static void main ( String args [ ] ) {
71,male,14108621018,line 18,56,public static void main ( String args [ ] ) {
71,male,14108796946,line 18,68,public static void main ( String args [ ] ) {
71,male,14108936767,line 18,80,public static void main ( String args [ ] ) {
71,male,14109440857,line 18,56,public static void main ( String args [ ] ) {
71,male,14109540871,line 18,64,public static void main ( String args [ ] ) {
71,male,14110684664,line 18,72,public static void main ( String args [ ] ) {
71,male,14111720716,line 4,80,"public Vehicle ( String p , String t , int tp ) {"
71,male,14111832703,line 4,108,"public Vehicle ( String p , String t , int tp ) {"
71,male,14112500652,line 19,124,"Vehicle v = new Vehicle ( ""Audi"" , ""A6"" , 200 ) ;"
71,male,14112772640,line 4,56,"public Vehicle ( String p , String t , int tp ) {"
71,male,14112880637,line 3,68,"int topSpeed , currentSpeed ;"
71,male,14113008612,line 3,124,"int topSpeed , currentSpeed ;"
71,male,14113172623,line 3,80,"int topSpeed , currentSpeed ;"
71,male,14113504513,line 19,56,"Vehicle v = new Vehicle ( ""Audi"" , ""A6"" , 200 ) ;"
71,male,14113680282,line 19,68,"Vehicle v = new Vehicle ( ""Audi"" , ""A6"" , 200 ) ;"
71,male,14113852482,line 19,80,"Vehicle v = new Vehicle ( ""Audi"" , ""A6"" , 200 ) ;"
71,male,14114224480,line 4,88,"public Vehicle ( String p , String t , int tp ) {"
71,male,14114500449,line 3,188,"int topSpeed , currentSpeed ;"
71,male,14114576439,line 3,72,"int topSpeed , currentSpeed ;"
71,male,14114700427,line 3,120,"int topSpeed , currentSpeed ;"
71,male,14114808402,line 3,104,"int topSpeed , currentSpeed ;"
71,male,14116520293,line 20,72,v.accelerate ( 10 ) ;
71,male,14120690589,line 7,56,this.topSpeed = tp ;
71,male,14121498410,line 10,80,public int accelerate ( int kmh ) {
71,male,14121566430,line 10,64,public int accelerate ( int kmh ) {
71,male,14122906321,line 20,80,v.accelerate ( 10 ) ;
71,male,14123474220,line 10,56,public int accelerate ( int kmh ) {
71,male,14123594258,line 11,84,if ( ( this.currentSpeed + kmh ) > this.topSpeed ) {
71,male,14124938185,line 11,68,if ( ( this.currentSpeed + kmh ) > this.topSpeed ) {
71,male,14127270025,line 2,64,"String producer , type ;"
71,male,14127461932,line 2,96,"String producer , type ;"
71,male,14128174026,line 11,56,if ( ( this.currentSpeed + kmh ) > this.topSpeed ) {
75,male,335009151,line 6,112,this.type = t ;
75,male,335225265,line 6,212,this.type = t ;
75,male,335405142,line 2,100,"String producer , type ;"
75,male,335641178,line 1,208,public class Vehicle {
75,male,335937131,line 2,244,"String producer , type ;"
75,male,336253126,line 3,236,"int topSpeed , currentSpeed ;"
75,male,336533059,line 3,72,"int topSpeed , currentSpeed ;"
75,male,336633069,line 3,96,"int topSpeed , currentSpeed ;"
75,male,336765069,line 3,128,"int topSpeed , currentSpeed ;"
75,male,336989033,line 2,192,"String producer , type ;"
75,male,337269100,line 2,176,"String producer , type ;"
75,male,337445066,line 2,128,"String producer , type ;"
75,male,337928819,line 3,228,"int topSpeed , currentSpeed ;"
75,male,338200874,line 3,252,"int topSpeed , currentSpeed ;"
75,male,338424989,line 3,180,"int topSpeed , currentSpeed ;"
75,male,338780947,line 3,132,"int topSpeed , currentSpeed ;"
75,male,339276917,line 4,224,"public Vehicle ( String p , String t , int tp ) {"
75,male,339464993,line 4,184,"public Vehicle ( String p , String t , int tp ) {"
75,male,339824746,line 4,324,"public Vehicle ( String p , String t , int tp ) {"
75,male,340568827,line 6,196,this.type = t ;
75,male,340736835,line 6,164,this.type = t ;
75,male,341200781,line 6,420,this.type = t ;
75,male,341268769,line 6,64,this.type = t ;
75,male,341364759,line 6,92,this.type = t ;
75,male,341532699,line 7,136,this.topSpeed = tp ;
75,male,341660667,line 7,124,this.topSpeed = tp ;
75,male,341740667,line 7,76,this.topSpeed = tp ;
75,male,342144684,line 7,400,this.topSpeed = tp ;
75,male,342328764,line 3,80,"int topSpeed , currentSpeed ;"
75,male,342804669,line 3,444,"int topSpeed , currentSpeed ;"
75,male,342968634,line 8,88,this.currentSpeed = 0 ;
75,male,343112638,line 8,140,this.currentSpeed = 0 ;
75,male,343484547,line 8,368,this.currentSpeed = 0 ;
75,male,344016559,line 8,168,this.currentSpeed = 0 ;
75,male,344092578,line 8,72,this.currentSpeed = 0 ;
75,male,344256588,line 11,132,if ( ( this.currentSpeed + kmh ) > this.topSpeed ) {
75,male,344316560,line 11,56,if ( ( this.currentSpeed + kmh ) > this.topSpeed ) {
75,male,344708582,line 10,124,public int accelerate ( int kmh ) {
75,male,344980568,line 10,60,public int accelerate ( int kmh ) {
75,male,345104581,line 10,120,public int accelerate ( int kmh ) {
75,male,345272510,line 10,144,public int accelerate ( int kmh ) {
75,male,345500389,line 10,168,public int accelerate ( int kmh ) {
75,male,345832470,line 10,328,public int accelerate ( int kmh ) {
75,male,346136466,line 10,260,public int accelerate ( int kmh ) {
75,male,346196462,line 10,56,public int accelerate ( int kmh ) {
75,male,346328407,line 10,128,public int accelerate ( int kmh ) {
75,male,346444365,line 10,104,public int accelerate ( int kmh ) {
75,male,346616393,line 10,168,public int accelerate ( int kmh ) {
75,male,346908461,line 12,224,this.currentSpeed = this.topSpeed ;
75,male,346980482,line 12,68,this.currentSpeed = this.topSpeed ;
75,male,347360399,line 19,172,"Vehicle v = new Vehicle ( ""Audi"" , ""A6"" , 200 ) ;"
75,male,347472267,line 19,108,"Vehicle v = new Vehicle ( ""Audi"" , ""A6"" , 200 ) ;"
75,male,347720200,line 11,180,if ( ( this.currentSpeed + kmh ) > this.topSpeed ) {
75,male,347816257,line 11,76,if ( ( this.currentSpeed + kmh ) > this.topSpeed ) {
75,male,347920265,line 11,100,if ( ( this.currentSpeed + kmh ) > this.topSpeed ) {
75,male,348072260,line 11,148,if ( ( this.currentSpeed + kmh ) > this.topSpeed ) {
75,male,348272242,line 11,188,if ( ( this.currentSpeed + kmh ) > this.topSpeed ) {
75,male,348476280,line 11,148,if ( ( this.currentSpeed + kmh ) > this.topSpeed ) {
75,male,348548309,line 11,68,if ( ( this.currentSpeed + kmh ) > this.topSpeed ) {
75,male,348756329,line 10,180,public int accelerate ( int kmh ) {
75,male,348924293,line 10,140,public int accelerate ( int kmh ) {
75,male,349232143,line 10,108,public int accelerate ( int kmh ) {
75,male,349316164,line 10,60,public int accelerate ( int kmh ) {
75,male,349592200,line 11,184,if ( ( this.currentSpeed + kmh ) > this.topSpeed ) {
75,male,349768173,line 12,164,this.currentSpeed = this.topSpeed ;
75,male,349936134,line 11,164,if ( ( this.currentSpeed + kmh ) > this.topSpeed ) {
75,male,350032130,line 11,92,if ( ( this.currentSpeed + kmh ) > this.topSpeed ) {
75,male,350560137,line 12,412,this.currentSpeed = this.topSpeed ;
75,male,350664141,line 12,100,this.currentSpeed = this.topSpeed ;
75,male,350864162,line 12,164,this.currentSpeed = this.topSpeed ;
75,male,351075968,line 11,140,if ( ( this.currentSpeed + kmh ) > this.topSpeed ) {
75,male,351247956,line 11,148,if ( ( this.currentSpeed + kmh ) > this.topSpeed ) {
75,male,351440025,line 11,168,if ( ( this.currentSpeed + kmh ) > this.topSpeed ) {
75,male,352016028,line 4,164,"public Vehicle ( String p , String t , int tp ) {"
75,male,352228004,line 5,164,this.producer = p ;
75,male,352376021,line 5,144,this.producer = p ;
75,male,352564000,line 4,168,"public Vehicle ( String p , String t , int tp ) {"
75,male,352724015,line 4,124,"public Vehicle ( String p , String t , int tp ) {"
75,male,352963935,line 4,212,"public Vehicle ( String p , String t , int tp ) {"
75,male,353051876,line 4,76,"public Vehicle ( String p , String t , int tp ) {"
75,male,353187852,line 4,132,"public Vehicle ( String p , String t , int tp ) {"
75,male,353391870,line 4,200,"public Vehicle ( String p , String t , int tp ) {"
75,male,353623928,line 4,196,"public Vehicle ( String p , String t , int tp ) {"
75,male,353715995,line 4,88,"public Vehicle ( String p , String t , int tp ) {"
75,male,354243884,line 5,220,this.producer = p ;
75,male,354547973,line 5,264,this.producer = p ;
75,male,354623991,line 4,56,"public Vehicle ( String p , String t , int tp ) {"
75,male,354895732,line 4,268,"public Vehicle ( String p , String t , int tp ) {"
75,male,354975622,line 4,76,"public Vehicle ( String p , String t , int tp ) {"
75,male,355211840,line 4,64,"public Vehicle ( String p , String t , int tp ) {"
75,male,355643559,line 3,104,"int topSpeed , currentSpeed ;"
75,male,355879783,line 3,144,"int topSpeed , currentSpeed ;"
75,male,356095757,line 3,212,"int topSpeed , currentSpeed ;"
75,male,356287711,line 3,148,"int topSpeed , currentSpeed ;"
75,male,356727594,line 1,152,public class Vehicle {
75,male,356811447,line 1,80,public class Vehicle {
75,male,357131612,line 1,288,public class Vehicle {
75,male,357315624,line 4,128,"public Vehicle ( String p , String t , int tp ) {"
75,male,358083558,line 7,64,this.topSpeed = tp ;
75,male,358195547,line 7,96,this.topSpeed = tp ;
75,male,358415593,line 7,216,this.topSpeed = tp ;
75,male,358523601,line 7,60,this.topSpeed = tp ;
75,male,358779557,line 7,252,this.topSpeed = tp ;
75,male,358879548,line 7,96,this.topSpeed = tp ;
75,male,359395538,line 6,136,this.type = t ;
75,male,359663460,line 4,92,"public Vehicle ( String p , String t , int tp ) {"
75,male,359951429,line 4,284,"public Vehicle ( String p , String t , int tp ) {"
75,male,360915325,line 3,60,"int topSpeed , currentSpeed ;"
75,male,361047281,line 3,128,"int topSpeed , currentSpeed ;"
75,male,361211311,line 2,160,"String producer , type ;"
75,male,361287339,line 2,72,"String producer , type ;"
75,male,361411368,line 2,100,"String producer , type ;"
75,male,361535353,line 2,120,"String producer , type ;"
75,male,361739345,line 10,124,public int accelerate ( int kmh ) {
75,male,361847353,line 11,72,if ( ( this.currentSpeed + kmh ) > this.topSpeed ) {
75,male,361927348,line 11,76,if ( ( this.currentSpeed + kmh ) > this.topSpeed ) {
75,male,362371359,line 11,156,if ( ( this.currentSpeed + kmh ) > this.topSpeed ) {
75,male,362599132,line 11,196,if ( ( this.currentSpeed + kmh ) > this.topSpeed ) {
75,male,362715163,line 11,60,if ( ( this.currentSpeed + kmh ) > this.topSpeed ) {
75,male,362975226,line 11,88,if ( ( this.currentSpeed + kmh ) > this.topSpeed ) {
75,male,363075231,line 11,96,if ( ( this.currentSpeed + kmh ) > this.topSpeed ) {
75,male,363347257,line 11,56,if ( ( this.currentSpeed + kmh ) > this.topSpeed ) {
75,male,363535220,line 11,144,if ( ( this.currentSpeed + kmh ) > this.topSpeed ) {
75,male,363795207,line 10,60,public int accelerate ( int kmh ) {
75,male,363875222,line 10,76,public int accelerate ( int kmh ) {
75,male,364039254,line 11,108,if ( ( this.currentSpeed + kmh ) > this.topSpeed ) {
75,male,364243156,line 11,84,if ( ( this.currentSpeed + kmh ) > this.topSpeed ) {
75,male,364518990,line 11,148,if ( ( this.currentSpeed + kmh ) > this.topSpeed ) {
75,male,364867025,line 11,296,if ( ( this.currentSpeed + kmh ) > this.topSpeed ) {
75,male,365146997,line 11,268,if ( ( this.currentSpeed + kmh ) > this.topSpeed ) {
75,male,365471111,line 12,56,this.currentSpeed = this.topSpeed ;
75,male,365535131,line 12,60,this.currentSpeed = this.topSpeed ;
75,male,365639141,line 12,100,this.currentSpeed = this.topSpeed ;
75,male,365827066,line 12,148,this.currentSpeed = this.topSpeed ;
75,male,366079090,line 12,220,this.currentSpeed = this.topSpeed ;
75,male,366267047,line 12,184,this.currentSpeed = this.topSpeed ;
75,male,366454950,line 12,176,this.currentSpeed = this.topSpeed ;
75,male,366650933,line 12,140,this.currentSpeed = this.topSpeed ;
75,male,366786899,line 12,132,this.currentSpeed = this.topSpeed ;
75,male,367266963,line 12,168,this.currentSpeed = this.topSpeed ;
75,male,367551036,line 12,240,this.currentSpeed = this.topSpeed ;
75,male,367658993,line 12,64,this.currentSpeed = this.topSpeed ;
75,male,367830955,line 12,56,this.currentSpeed = this.topSpeed ;
75,male,368150742,line 12,120,this.currentSpeed = this.topSpeed ;
75,male,368342670,line 12,188,this.currentSpeed = this.topSpeed ;
75,male,368446718,line 12,100,this.currentSpeed = this.topSpeed ;
75,male,368534749,line 12,84,this.currentSpeed = this.topSpeed ;
75,male,368626784,line 13,60,} else {
75,male,368774797,line 13,144,} else {
75,male,369010885,line 13,200,} else {
75,male,369322870,line 11,152,if ( ( this.currentSpeed + kmh ) > this.topSpeed ) {
75,male,369446857,line 11,120,if ( ( this.currentSpeed + kmh ) > this.topSpeed ) {
75,male,369670824,line 12,152,this.currentSpeed = this.topSpeed ;
75,male,369894798,line 11,96,if ( ( this.currentSpeed + kmh ) > this.topSpeed ) {
75,male,369962728,line 11,64,if ( ( this.currentSpeed + kmh ) > this.topSpeed ) {
75,male,370178576,line 11,176,if ( ( this.currentSpeed + kmh ) > this.topSpeed ) {
75,male,370250569,line 11,68,if ( ( this.currentSpeed + kmh ) > this.topSpeed ) {
75,male,370314607,line 11,60,if ( ( this.currentSpeed + kmh ) > this.topSpeed ) {
75,male,370810789,line 11,184,if ( ( this.currentSpeed + kmh ) > this.topSpeed ) {
75,male,370954720,line 11,136,if ( ( this.currentSpeed + kmh ) > this.topSpeed ) {
75,male,371098666,line 14,72,this.currentSpeed = this.currentSpeed + kmh ;
75,male,371262650,line 14,160,this.currentSpeed = this.currentSpeed + kmh ;
75,male,371510671,line 14,216,this.currentSpeed = this.currentSpeed + kmh ;
75,male,371622694,line 14,56,this.currentSpeed = this.currentSpeed + kmh ;
75,male,371750712,line 14,56,this.currentSpeed = this.currentSpeed + kmh ;
75,male,371994607,line 14,240,this.currentSpeed = this.currentSpeed + kmh ;
75,male,372510534,line 14,208,this.currentSpeed = this.currentSpeed + kmh ;
75,male,372602548,line 14,64,this.currentSpeed = this.currentSpeed + kmh ;
75,male,372714559,line 14,108,this.currentSpeed = this.currentSpeed + kmh ;
75,male,372890574,line 14,172,this.currentSpeed = this.currentSpeed + kmh ;
75,male,372950579,line 14,56,this.currentSpeed = this.currentSpeed + kmh ;
75,male,373070584,line 13,104,} else {
75,male,373186610,line 13,112,} else {
75,male,373294706,line 14,92,this.currentSpeed = this.currentSpeed + kmh ;
75,male,373702577,line 14,100,this.currentSpeed = this.currentSpeed + kmh ;
75,male,373978306,line 14,84,this.currentSpeed = this.currentSpeed + kmh ;
75,male,374318448,line 14,144,this.currentSpeed = this.currentSpeed + kmh ;
75,male,374458432,line 14,136,this.currentSpeed = this.currentSpeed + kmh ;
75,male,375962239,line 12,92,this.currentSpeed = this.topSpeed ;
75,male,376226246,line 19,180,"Vehicle v = new Vehicle ( ""Audi"" , ""A6"" , 200 ) ;"
75,male,376718434,line 19,228,"Vehicle v = new Vehicle ( ""Audi"" , ""A6"" , 200 ) ;"
75,male,376942344,line 19,64,"Vehicle v = new Vehicle ( ""Audi"" , ""A6"" , 200 ) ;"
75,male,377158330,line 19,212,"Vehicle v = new Vehicle ( ""Audi"" , ""A6"" , 200 ) ;"
75,male,377246332,line 19,84,"Vehicle v = new Vehicle ( ""Audi"" , ""A6"" , 200 ) ;"
75,male,377314322,line 19,64,"Vehicle v = new Vehicle ( ""Audi"" , ""A6"" , 200 ) ;"
75,male,377470297,line 19,68,"Vehicle v = new Vehicle ( ""Audi"" , ""A6"" , 200 ) ;"
75,male,377558279,line 19,84,"Vehicle v = new Vehicle ( ""Audi"" , ""A6"" , 200 ) ;"
75,male,377630264,line 19,68,"Vehicle v = new Vehicle ( ""Audi"" , ""A6"" , 200 ) ;"
75,male,377778214,line 19,144,"Vehicle v = new Vehicle ( ""Audi"" , ""A6"" , 200 ) ;"
75,male,378030163,line 19,188,"Vehicle v = new Vehicle ( ""Audi"" , ""A6"" , 200 ) ;"
75,male,378434214,line 19,264,"Vehicle v = new Vehicle ( ""Audi"" , ""A6"" , 200 ) ;"
75,male,378522208,line 20,84,v.accelerate ( 10 ) ;
75,male,378582198,line 20,56,v.accelerate ( 10 ) ;
75,male,378706188,line 20,108,v.accelerate ( 10 ) ;
75,male,379030176,line 20,96,v.accelerate ( 10 ) ;
75,male,379154162,line 20,120,v.accelerate ( 10 ) ;
75,male,379478073,line 19,60,"Vehicle v = new Vehicle ( ""Audi"" , ""A6"" , 200 ) ;"
75,male,379850024,line 19,140,"Vehicle v = new Vehicle ( ""Audi"" , ""A6"" , 200 ) ;"
75,male,379942028,line 19,88,"Vehicle v = new Vehicle ( ""Audi"" , ""A6"" , 200 ) ;"
75,male,380074031,line 19,92,"Vehicle v = new Vehicle ( ""Audi"" , ""A6"" , 200 ) ;"
75,male,380150031,line 19,72,"Vehicle v = new Vehicle ( ""Audi"" , ""A6"" , 200 ) ;"
75,male,380246034,line 20,92,v.accelerate ( 10 ) ;
75,male,380350036,line 20,100,v.accelerate ( 10 ) ;
75,male,380470044,line 19,80,"Vehicle v = new Vehicle ( ""Audi"" , ""A6"" , 200 ) ;"
75,male,380606032,line 19,132,"Vehicle v = new Vehicle ( ""Audi"" , ""A6"" , 200 ) ;"
75,male,380874049,line 19,220,"Vehicle v = new Vehicle ( ""Audi"" , ""A6"" , 200 ) ;"
75,male,381465864,line 19,84,"Vehicle v = new Vehicle ( ""Audi"" , ""A6"" , 200 ) ;"
75,male,381617812,line 19,148,"Vehicle v = new Vehicle ( ""Audi"" , ""A6"" , 200 ) ;"
75,male,381861965,line 19,196,"Vehicle v = new Vehicle ( ""Audi"" , ""A6"" , 200 ) ;"
75,male,381978010,line 19,112,"Vehicle v = new Vehicle ( ""Audi"" , ""A6"" , 200 ) ;"
75,male,382229916,line 19,240,"Vehicle v = new Vehicle ( ""Audi"" , ""A6"" , 200 ) ;"
75,male,382605893,line 19,124,"Vehicle v = new Vehicle ( ""Audi"" , ""A6"" , 200 ) ;"
75,male,382722321,line 3,68,"int topSpeed , currentSpeed ;"
75,male,382982125,line 4,128,"public Vehicle ( String p , String t , int tp ) {"
75,male,383125877,line 4,92,"public Vehicle ( String p , String t , int tp ) {"
75,male,383201880,line 4,72,"public Vehicle ( String p , String t , int tp ) {"
75,male,383465807,line 4,120,"public Vehicle ( String p , String t , int tp ) {"
75,male,383557854,line 4,88,"public Vehicle ( String p , String t , int tp ) {"
75,male,383873840,line 8,76,this.currentSpeed = 0 ;
75,male,383981772,line 8,104,this.currentSpeed = 0 ;
75,male,384217789,line 19,148,"Vehicle v = new Vehicle ( ""Audi"" , ""A6"" , 200 ) ;"
75,male,385405492,line 20,336,v.accelerate ( 10 ) ;
75,male,385701651,line 20,160,v.accelerate ( 10 ) ;
75,male,385789646,line 12,60,this.currentSpeed = this.topSpeed ;
75,male,385873622,line 12,80,this.currentSpeed = this.topSpeed ;
75,male,386085600,line 11,180,if ( ( this.currentSpeed + kmh ) > this.topSpeed ) {
75,male,386169627,line 11,68,if ( ( this.currentSpeed + kmh ) > this.topSpeed ) {
75,male,386309614,line 11,136,if ( ( this.currentSpeed + kmh ) > this.topSpeed ) {
75,male,386869675,line 20,196,v.accelerate ( 10 ) ;
75,male,386993655,line 11,96,if ( ( this.currentSpeed + kmh ) > this.topSpeed ) {
75,male,387373428,line 12,188,this.currentSpeed = this.topSpeed ;
75,male,387561480,line 11,104,if ( ( this.currentSpeed + kmh ) > this.topSpeed ) {
75,male,387653469,line 11,88,if ( ( this.currentSpeed + kmh ) > this.topSpeed ) {
75,male,387869493,line 11,80,if ( ( this.currentSpeed + kmh ) > this.topSpeed ) {
75,male,388061486,line 11,176,if ( ( this.currentSpeed + kmh ) > this.topSpeed ) {
75,male,388221450,line 5,92,this.producer = p ;
75,male,388377490,line 5,152,this.producer = p ;
75,male,388597476,line 7,168,this.topSpeed = tp ;
75,male,388813536,line 5,196,this.producer = p ;
75,male,388949540,line 7,124,this.topSpeed = tp ;
75,male,389061510,line 7,108,this.topSpeed = tp ;
75,male,389201429,line 8,104,this.currentSpeed = 0 ;
75,male,390249327,line 8,132,this.currentSpeed = 0 ;
75,male,390653389,line 7,384,this.topSpeed = tp ;
75,male,390781376,line 4,68,"public Vehicle ( String p , String t , int tp ) {"
75,male,391005164,line 4,212,"public Vehicle ( String p , String t , int tp ) {"
75,male,391105084,line 4,96,"public Vehicle ( String p , String t , int tp ) {"
75,male,391209125,line 4,100,"public Vehicle ( String p , String t , int tp ) {"
75,male,391349174,line 8,88,this.currentSpeed = 0 ;
75,male,391565196,line 8,212,this.currentSpeed = 0 ;
75,male,391745216,line 8,176,this.currentSpeed = 0 ;
75,male,391929245,line 11,136,if ( ( this.currentSpeed + kmh ) > this.topSpeed ) {
75,male,392097252,line 12,140,this.currentSpeed = this.topSpeed ;
75,male,392169249,line 12,68,this.currentSpeed = this.topSpeed ;
75,male,392505268,line 12,332,this.currentSpeed = this.topSpeed ;
75,male,392713320,line 11,112,if ( ( this.currentSpeed + kmh ) > this.topSpeed ) {
75,male,392841201,line 12,124,this.currentSpeed = this.topSpeed ;
75,male,393645083,line 12,92,this.currentSpeed = this.topSpeed ;
75,male,394673029,line 12,152,this.currentSpeed = this.topSpeed ;
75,male,394940932,line 12,216,this.currentSpeed = this.topSpeed ;
75,male,395068906,line 12,124,this.currentSpeed = this.topSpeed ;
75,male,395508931,line 12,92,this.currentSpeed = this.topSpeed ;
75,male,396532956,line 7,188,this.topSpeed = tp ;
75,male,396760720,line 12,172,this.currentSpeed = this.topSpeed ;
75,male,397060847,line 11,80,if ( ( this.currentSpeed + kmh ) > this.topSpeed ) {
75,male,397136865,line 11,72,if ( ( this.currentSpeed + kmh ) > this.topSpeed ) {
75,male,397356875,line 11,188,if ( ( this.currentSpeed + kmh ) > this.topSpeed ) {
75,male,397432867,line 12,72,this.currentSpeed = this.topSpeed ;
75,male,397660860,line 11,112,if ( ( this.currentSpeed + kmh ) > this.topSpeed ) {
75,male,397756830,line 11,92,if ( ( this.currentSpeed + kmh ) > this.topSpeed ) {
75,male,398004799,line 11,116,if ( ( this.currentSpeed + kmh ) > this.topSpeed ) {
75,male,398156791,line 12,108,this.currentSpeed = this.topSpeed ;
75,male,398264789,line 12,64,this.currentSpeed = this.topSpeed ;
75,male,398424840,line 12,104,this.currentSpeed = this.topSpeed ;
75,male,398904705,line 11,164,if ( ( this.currentSpeed + kmh ) > this.topSpeed ) {
75,male,399064726,line 11,84,if ( ( this.currentSpeed + kmh ) > this.topSpeed ) {
75,male,399244764,line 11,92,if ( ( this.currentSpeed + kmh ) > this.topSpeed ) {
75,male,399456701,line 12,176,this.currentSpeed = this.topSpeed ;
75,male,399756688,line 11,284,if ( ( this.currentSpeed + kmh ) > this.topSpeed ) {
75,male,400772587,line 8,124,this.currentSpeed = 0 ;
75,male,401796532,line 3,92,"int topSpeed , currentSpeed ;"
75,male,401904570,line 3,92,"int topSpeed , currentSpeed ;"
75,male,402096572,line 3,188,"int topSpeed , currentSpeed ;"
75,male,402224635,line 3,124,"int topSpeed , currentSpeed ;"
75,male,402324640,line 3,96,"int topSpeed , currentSpeed ;"
75,male,402524585,line 7,160,this.topSpeed = tp ;
75,male,402780511,line 4,188,"public Vehicle ( String p , String t , int tp ) {"
75,male,402972506,line 11,140,if ( ( this.currentSpeed + kmh ) > this.topSpeed ) {
75,male,403052454,line 11,76,if ( ( this.currentSpeed + kmh ) > this.topSpeed ) {
75,male,403396438,line 12,80,this.currentSpeed = this.topSpeed ;
75,male,403656475,line 10,56,public int accelerate ( int kmh ) {
75,male,403744490,line 10,84,public int accelerate ( int kmh ) {
75,male,403816481,line 10,68,public int accelerate ( int kmh ) {
75,male,404064448,line 12,192,this.currentSpeed = this.topSpeed ;
75,male,404376209,line 12,240,this.currentSpeed = this.topSpeed ;
75,male,405116219,line 11,104,if ( ( this.currentSpeed + kmh ) > this.topSpeed ) {
75,male,405956335,line 13,232,} else {
75,male,407044175,line 14,308,this.currentSpeed = this.currentSpeed + kmh ;
75,male,408791964,line 14,60,this.currentSpeed = this.currentSpeed + kmh ;
75,male,408935965,line 14,140,this.currentSpeed = this.currentSpeed + kmh ;
75,male,409160141,line 14,220,this.currentSpeed = this.currentSpeed + kmh ;
75,male,409232256,line 14,68,this.currentSpeed = this.currentSpeed + kmh ;
75,male,409824058,line 14,296,this.currentSpeed = this.currentSpeed + kmh ;
75,male,410803892,line 18,188,public static void main ( String args [ ] ) {
75,male,411239899,line 4,160,"public Vehicle ( String p , String t , int tp ) {"
75,male,412639789,line 13,144,} else {
75,male,412931877,line 12,112,this.currentSpeed = this.topSpeed ;
75,male,413951627,line 11,220,if ( ( this.currentSpeed + kmh ) > this.topSpeed ) {
75,male,414143667,line 11,160,if ( ( this.currentSpeed + kmh ) > this.topSpeed ) {
75,male,414255694,line 11,64,if ( ( this.currentSpeed + kmh ) > this.topSpeed ) {
75,male,414383732,line 11,124,if ( ( this.currentSpeed + kmh ) > this.topSpeed ) {
75,male,414607525,line 11,180,if ( ( this.currentSpeed + kmh ) > this.topSpeed ) {
75,male,414703501,line 11,92,if ( ( this.currentSpeed + kmh ) > this.topSpeed ) {
75,male,414819616,line 11,84,if ( ( this.currentSpeed + kmh ) > this.topSpeed ) {
75,male,415299697,line 11,132,if ( ( this.currentSpeed + kmh ) > this.topSpeed ) {
75,male,415419935,line 11,116,if ( ( this.currentSpeed + kmh ) > this.topSpeed ) {
75,male,415619735,line 11,188,if ( ( this.currentSpeed + kmh ) > this.topSpeed ) {
75,male,415843522,line 11,208,if ( ( this.currentSpeed + kmh ) > this.topSpeed ) {
75,male,415999476,line 11,112,if ( ( this.currentSpeed + kmh ) > this.topSpeed ) {
75,male,416151480,line 11,92,if ( ( this.currentSpeed + kmh ) > this.topSpeed ) {
75,male,416307510,line 11,152,if ( ( this.currentSpeed + kmh ) > this.topSpeed ) {
75,male,416387520,line 11,76,if ( ( this.currentSpeed + kmh ) > this.topSpeed ) {
75,male,416751485,line 11,304,if ( ( this.currentSpeed + kmh ) > this.topSpeed ) {
75,male,416939455,line 11,184,if ( ( this.currentSpeed + kmh ) > this.topSpeed ) {
75,male,417027473,line 11,84,if ( ( this.currentSpeed + kmh ) > this.topSpeed ) {
75,male,417247444,line 11,216,if ( ( this.currentSpeed + kmh ) > this.topSpeed ) {
75,male,417427496,line 11,148,if ( ( this.currentSpeed + kmh ) > this.topSpeed ) {
75,male,417675202,line 11,164,if ( ( this.currentSpeed + kmh ) > this.topSpeed ) {
75,male,417851296,line 12,148,this.currentSpeed = this.topSpeed ;
75,male,417931325,line 12,76,this.currentSpeed = this.topSpeed ;
75,male,417999355,line 12,64,this.currentSpeed = this.topSpeed ;
75,male,418159389,line 12,76,this.currentSpeed = this.topSpeed ;
75,male,418359373,line 12,196,this.currentSpeed = this.topSpeed ;
75,male,418455354,line 12,84,this.currentSpeed = this.topSpeed ;
75,male,418899327,line 14,148,this.currentSpeed = this.currentSpeed + kmh ;
75,male,420207257,line 14,56,this.currentSpeed = this.currentSpeed + kmh ;
75,male,420283243,line 14,72,this.currentSpeed = this.currentSpeed + kmh ;
75,male,420843252,line 14,68,this.currentSpeed = this.currentSpeed + kmh ;
75,male,421027295,line 14,180,this.currentSpeed = this.currentSpeed + kmh ;
75,male,421243238,line 14,180,this.currentSpeed = this.currentSpeed + kmh ;
75,male,421447083,line 14,172,this.currentSpeed = this.currentSpeed + kmh ;
75,male,421523058,line 14,72,this.currentSpeed = this.currentSpeed + kmh ;
75,male,422351133,line 20,260,v.accelerate ( 10 ) ;
75,male,422499073,line 20,144,v.accelerate ( 10 ) ;
75,male,422651073,line 20,148,v.accelerate ( 10 ) ;
76,female,283901754,line 1,60,public class Vehicle {
76,female,284061768,line 2,72,"String producer , type ;"
76,female,286013464,line 2,88,"String producer , type ;"
76,female,286913513,line 3,68,"int topSpeed , currentSpeed ;"
76,female,287617298,line 3,56,"int topSpeed , currentSpeed ;"
76,female,287765476,line 3,60,"int topSpeed , currentSpeed ;"
76,female,287985714,line 3,76,"int topSpeed , currentSpeed ;"
76,female,290733022,line 4,68,"public Vehicle ( String p , String t , int tp ) {"
76,female,290845111,line 4,68,"public Vehicle ( String p , String t , int tp ) {"
76,female,292224899,line 5,60,this.producer = p ;
76,female,292400985,line 5,108,this.producer = p ;
76,female,292480993,line 5,56,this.producer = p ;
76,female,292544995,line 5,60,this.producer = p ;
76,female,292673012,line 5,60,this.producer = p ;
76,female,292853056,line 5,60,this.producer = p ;
76,female,293149036,line 5,96,this.producer = p ;
76,female,305667934,line 8,60,this.currentSpeed = 0 ;
76,female,313715327,line 11,56,if ( ( this.currentSpeed + kmh ) > this.topSpeed ) {
76,female,314367077,line 10,56,public int accelerate ( int kmh ) {
76,female,316143166,line 10,56,public int accelerate ( int kmh ) {
76,female,316983077,line 11,64,if ( ( this.currentSpeed + kmh ) > this.topSpeed ) {
76,female,317546853,line 12,60,this.currentSpeed = this.topSpeed ;
76,female,319530806,line 12,72,this.currentSpeed = this.topSpeed ;
76,female,320098759,line 12,60,this.currentSpeed = this.topSpeed ;
76,female,322402504,line 16,60,return this.currentSpeed ;
76,female,323966377,line 10,56,public int accelerate ( int kmh ) {
76,female,324082424,line 10,64,public int accelerate ( int kmh ) {
76,female,324222524,line 10,136,public int accelerate ( int kmh ) {
76,female,324598333,line 10,80,public int accelerate ( int kmh ) {
76,female,324666327,line 10,64,public int accelerate ( int kmh ) {
76,female,326162234,line 10,72,public int accelerate ( int kmh ) {
76,female,329353933,line 10,60,public int accelerate ( int kmh ) {
76,female,330125852,line 8,60,this.currentSpeed = 0 ;
76,female,337897184,line 11,56,if ( ( this.currentSpeed + kmh ) > this.topSpeed ) {
76,female,339913017,line 10,56,public int accelerate ( int kmh ) {
76,female,340481455,line 14,60,this.currentSpeed = this.currentSpeed + kmh ;
76,female,348912216,line 6,64,this.type = t ;
80,male,384696496,line 10,92,public int accelerate ( int kmh ) {
80,male,385112510,line 3,164,"int topSpeed , currentSpeed ;"
80,male,385272560,line 3,84,"int topSpeed , currentSpeed ;"
80,male,385632463,line 1,112,public class Vehicle {
80,male,385736490,line 1,100,public class Vehicle {
80,male,385928527,line 2,144,"String producer , type ;"
80,male,386492352,line 3,84,"int topSpeed , currentSpeed ;"
80,male,386604350,line 3,108,"int topSpeed , currentSpeed ;"
80,male,386712372,line 3,104,"int topSpeed , currentSpeed ;"
80,male,386900399,line 4,148,"public Vehicle ( String p , String t , int tp ) {"
80,male,387048406,line 5,104,this.producer = p ;
80,male,387112397,line 5,60,this.producer = p ;
80,male,387264363,line 4,108,"public Vehicle ( String p , String t , int tp ) {"
80,male,387696298,line 4,76,"public Vehicle ( String p , String t , int tp ) {"
80,male,387948113,line 4,60,"public Vehicle ( String p , String t , int tp ) {"
80,male,388144209,line 5,56,this.producer = p ;
80,male,388276276,line 5,60,this.producer = p ;
80,male,388400258,line 5,120,this.producer = p ;
80,male,388548257,line 6,76,this.type = t ;
80,male,388640254,line 7,88,this.topSpeed = tp ;
80,male,388836245,line 6,56,this.type = t ;
80,male,388996269,line 8,76,this.currentSpeed = 0 ;
80,male,389160251,line 7,60,this.topSpeed = tp ;
80,male,389388295,line 4,128,"public Vehicle ( String p , String t , int tp ) {"
80,male,389452274,line 4,60,"public Vehicle ( String p , String t , int tp ) {"
80,male,389915962,line 8,140,this.currentSpeed = 0 ;
80,male,390068092,line 8,88,this.currentSpeed = 0 ;
80,male,390704058,line 11,112,if ( ( this.currentSpeed + kmh ) > this.topSpeed ) {
80,male,390932080,line 12,80,this.currentSpeed = this.topSpeed ;
80,male,391308036,line 12,80,this.currentSpeed = this.topSpeed ;
80,male,391759977,line 12,56,this.currentSpeed = this.topSpeed ;
80,male,391871962,line 12,64,this.currentSpeed = this.topSpeed ;
80,male,392731935,line 12,72,this.currentSpeed = this.topSpeed ;
80,male,393259963,line 14,64,this.currentSpeed = this.currentSpeed + kmh ;
80,male,393427940,line 14,80,this.currentSpeed = this.currentSpeed + kmh ;
80,male,393927809,line 14,88,this.currentSpeed = this.currentSpeed + kmh ;
80,male,394771799,line 20,64,v.accelerate ( 10 ) ;
80,male,394995779,line 20,80,v.accelerate ( 10 ) ;
80,male,395175790,line 19,60,"Vehicle v = new Vehicle ( ""Audi"" , ""A6"" , 200 ) ;"
80,male,395235798,line 19,56,"Vehicle v = new Vehicle ( ""Audi"" , ""A6"" , 200 ) ;"
80,male,395383661,line 19,144,"Vehicle v = new Vehicle ( ""Audi"" , ""A6"" , 200 ) ;"
80,male,395559546,line 19,160,"Vehicle v = new Vehicle ( ""Audi"" , ""A6"" , 200 ) ;"
80,male,396171787,line 20,100,v.accelerate ( 10 ) ;
80,male,396359724,line 20,64,v.accelerate ( 10 ) ;
80,male,397247595,line 19,60,"Vehicle v = new Vehicle ( ""Audi"" , ""A6"" , 200 ) ;"
80,male,397395409,line 19,76,"Vehicle v = new Vehicle ( ""Audi"" , ""A6"" , 200 ) ;"
80,male,397523504,line 19,72,"Vehicle v = new Vehicle ( ""Audi"" , ""A6"" , 200 ) ;"
80,male,397603582,line 19,76,"Vehicle v = new Vehicle ( ""Audi"" , ""A6"" , 200 ) ;"
80,male,397691587,line 19,56,"Vehicle v = new Vehicle ( ""Audi"" , ""A6"" , 200 ) ;"
80,male,397779558,line 19,84,"Vehicle v = new Vehicle ( ""Audi"" , ""A6"" , 200 ) ;"
80,male,399331322,line 4,84,"public Vehicle ( String p , String t , int tp ) {"
80,male,399663484,line 4,64,"public Vehicle ( String p , String t , int tp ) {"
80,male,400019431,line 7,80,this.topSpeed = tp ;
80,male,400563428,line 5,136,this.producer = p ;
80,male,400715415,line 4,92,"public Vehicle ( String p , String t , int tp ) {"
80,male,400959411,line 4,240,"public Vehicle ( String p , String t , int tp ) {"
80,male,401063388,line 5,64,this.producer = p ;
80,male,401191316,line 5,124,this.producer = p ;
80,male,401383279,line 5,140,this.producer = p ;
80,male,402079264,line 20,72,v.accelerate ( 10 ) ;
80,male,402179288,line 20,96,v.accelerate ( 10 ) ;
80,male,402455290,line 4,72,"public Vehicle ( String p , String t , int tp ) {"
80,male,402611293,line 4,152,"public Vehicle ( String p , String t , int tp ) {"
80,male,402779278,line 4,100,"public Vehicle ( String p , String t , int tp ) {"
80,male,402935197,line 4,60,"public Vehicle ( String p , String t , int tp ) {"
80,male,403023121,line 4,84,"public Vehicle ( String p , String t , int tp ) {"
80,male,403135103,line 4,108,"public Vehicle ( String p , String t , int tp ) {"
80,male,404147146,line 6,88,this.type = t ;
80,male,404519161,line 4,108,"public Vehicle ( String p , String t , int tp ) {"
80,male,404607165,line 5,84,this.producer = p ;
80,male,404755080,line 4,92,"public Vehicle ( String p , String t , int tp ) {"
80,male,404890963,line 4,132,"public Vehicle ( String p , String t , int tp ) {"
80,male,405231000,line 7,80,this.topSpeed = tp ;
80,male,405447013,line 7,120,this.topSpeed = tp ;
80,male,405699012,line 6,196,this.type = t ;
80,male,405875002,line 6,88,this.type = t ;
80,male,406466991,line 6,84,this.type = t ;
80,male,407246844,line 6,64,this.type = t ;
80,male,407366903,line 7,88,this.topSpeed = tp ;
80,male,407506917,line 7,136,this.topSpeed = tp ;
80,male,407706876,line 7,64,this.topSpeed = tp ;
80,male,407898878,line 4,80,"public Vehicle ( String p , String t , int tp ) {"
80,male,408838787,line 7,80,this.topSpeed = tp ;
80,male,409106804,line 7,68,this.topSpeed = tp ;
80,male,409290731,line 4,84,"public Vehicle ( String p , String t , int tp ) {"
80,male,409554743,line 7,72,this.topSpeed = tp ;
80,male,409934707,line 8,116,this.currentSpeed = 0 ;
80,male,410786658,line 11,96,if ( ( this.currentSpeed + kmh ) > this.topSpeed ) {
80,male,411130676,line 10,76,public int accelerate ( int kmh ) {
80,male,411286697,line 10,76,public int accelerate ( int kmh ) {
80,male,411790589,line 12,80,this.currentSpeed = this.topSpeed ;
80,male,411910608,line 12,56,this.currentSpeed = this.topSpeed ;
80,male,412050632,line 12,136,this.currentSpeed = this.topSpeed ;
80,male,412826520,line 11,56,if ( ( this.currentSpeed + kmh ) > this.topSpeed ) {
80,male,413014463,line 14,72,this.currentSpeed = this.currentSpeed + kmh ;
80,male,413098441,line 14,80,this.currentSpeed = this.currentSpeed + kmh ;
80,male,413454411,line 16,56,return this.currentSpeed ;
80,male,414018533,line 12,84,this.currentSpeed = this.topSpeed ;
80,male,414810348,line 12,84,this.currentSpeed = this.topSpeed ;
80,male,414910353,line 12,96,this.currentSpeed = this.topSpeed ;
80,male,415302320,line 14,68,this.currentSpeed = this.currentSpeed + kmh ;
80,male,418916550,line 2,128,"String producer , type ;"
80,male,419440554,line 3,84,"int topSpeed , currentSpeed ;"
80,male,419596591,line 2,60,"String producer , type ;"
80,male,419680596,line 2,80,"String producer , type ;"
80,male,419744603,line 2,60,"String producer , type ;"
80,male,419908613,line 2,96,"String producer , type ;"
80,male,420352531,line 3,56,"int topSpeed , currentSpeed ;"
80,male,420520543,line 3,164,"int topSpeed , currentSpeed ;"
80,male,421680440,line 18,76,public static void main ( String args [ ] ) {
81,male,1851990563,line 7,60,this.topSpeed = tp ;
81,male,1852338702,line 3,112,"int topSpeed , currentSpeed ;"
81,male,1852622732,line 1,236,public class Vehicle {
81,male,1852722695,line 1,96,public class Vehicle {
81,male,1852838672,line 1,104,public class Vehicle {
81,male,1852974715,line 1,132,public class Vehicle {
81,male,1853242691,line 1,228,public class Vehicle {
81,male,1853530646,line 1,72,public class Vehicle {
81,male,1853762628,line 2,80,"String producer , type ;"
81,male,1853970575,line 2,156,"String producer , type ;"
81,male,1854078523,line 2,68,"String producer , type ;"
81,male,1854162490,line 2,56,"String producer , type ;"
81,male,1854258482,line 2,92,"String producer , type ;"
81,male,1854614619,line 2,76,"String producer , type ;"
81,male,1854742571,line 2,124,"String producer , type ;"
81,male,1854966305,line 1,128,public class Vehicle {
81,male,1855742357,line 1,376,public class Vehicle {
81,male,1856334191,line 2,88,"String producer , type ;"
81,male,1856662095,line 2,324,"String producer , type ;"
81,male,1856794212,line 2,100,"String producer , type ;"
81,male,1856874252,line 2,76,"String producer , type ;"
81,male,1857226324,line 2,88,"String producer , type ;"
81,male,1857870234,line 1,172,public class Vehicle {
81,male,1858266125,line 2,88,"String producer , type ;"
81,male,1858518122,line 3,172,"int topSpeed , currentSpeed ;"
81,male,1858662134,line 3,104,"int topSpeed , currentSpeed ;"
81,male,1858738136,line 3,72,"int topSpeed , currentSpeed ;"
81,male,1858814143,line 3,72,"int topSpeed , currentSpeed ;"
81,male,1858890142,line 3,72,"int topSpeed , currentSpeed ;"
81,male,1859058156,line 3,164,"int topSpeed , currentSpeed ;"
81,male,1859282733,line 3,176,"int topSpeed , currentSpeed ;"
81,male,1859414564,line 3,128,"int topSpeed , currentSpeed ;"
81,male,1859917994,line 3,72,"int topSpeed , currentSpeed ;"
81,male,1859989997,line 2,68,"String producer , type ;"
81,male,1860526261,line 3,316,"int topSpeed , currentSpeed ;"
81,male,1860618342,line 2,60,"String producer , type ;"
81,male,1860746161,line 2,124,"String producer , type ;"
81,male,1860846002,line 2,96,"String producer , type ;"
81,male,1861106020,line 2,64,"String producer , type ;"
81,male,1861193967,line 3,84,"int topSpeed , currentSpeed ;"
81,male,1861337792,line 3,140,"int topSpeed , currentSpeed ;"
81,male,1861833894,line 3,88,"int topSpeed , currentSpeed ;"
81,male,1862405920,line 4,132,"public Vehicle ( String p , String t , int tp ) {"
81,male,1865045616,line 1,60,public class Vehicle {
81,male,1865253661,line 1,204,public class Vehicle {
81,male,1865353658,line 1,96,public class Vehicle {
81,male,1865513677,line 4,104,"public Vehicle ( String p , String t , int tp ) {"
81,male,1866825737,line 4,100,"public Vehicle ( String p , String t , int tp ) {"
81,male,1866929671,line 4,100,"public Vehicle ( String p , String t , int tp ) {"
81,male,1867049562,line 4,116,"public Vehicle ( String p , String t , int tp ) {"
81,male,1867221504,line 4,168,"public Vehicle ( String p , String t , int tp ) {"
81,male,1867353517,line 4,76,"public Vehicle ( String p , String t , int tp ) {"
81,male,1867569460,line 4,212,"public Vehicle ( String p , String t , int tp ) {"
81,male,1867889437,line 4,216,"public Vehicle ( String p , String t , int tp ) {"
81,male,1868161374,line 4,268,"public Vehicle ( String p , String t , int tp ) {"
81,male,1869269254,line 4,132,"public Vehicle ( String p , String t , int tp ) {"
81,male,1869381231,line 4,80,"public Vehicle ( String p , String t , int tp ) {"
81,male,1869709249,line 4,316,"public Vehicle ( String p , String t , int tp ) {"
81,male,1869837279,line 5,92,this.producer = p ;
81,male,1869953257,line 5,112,this.producer = p ;
81,male,1870025224,line 4,68,"public Vehicle ( String p , String t , int tp ) {"
81,male,1870241212,line 5,192,this.producer = p ;
81,male,1870349295,line 5,92,this.producer = p ;
81,male,1870553547,line 5,200,this.producer = p ;
81,male,1870869068,line 6,256,this.type = t ;
81,male,1871049144,line 6,72,this.type = t ;
81,male,1871717113,line 3,68,"int topSpeed , currentSpeed ;"
81,male,1871785112,line 3,64,"int topSpeed , currentSpeed ;"
81,male,1873888801,line 8,64,this.currentSpeed = 0 ;
81,male,1874856821,line 4,116,"public Vehicle ( String p , String t , int tp ) {"
81,male,1875216769,line 2,80,"String producer , type ;"
81,male,1875296669,line 2,76,"String producer , type ;"
81,male,1875412524,line 2,84,"String producer , type ;"
81,male,1875480557,line 2,64,"String producer , type ;"
81,male,1875648707,line 2,84,"String producer , type ;"
81,male,1875748738,line 2,96,"String producer , type ;"
81,male,1875980733,line 2,228,"String producer , type ;"
81,male,1876416674,line 4,144,"public Vehicle ( String p , String t , int tp ) {"
81,male,1877164229,line 2,116,"String producer , type ;"
81,male,1877324286,line 5,108,this.producer = p ;
81,male,1877416507,line 5,88,this.producer = p ;
81,male,1877752606,line 10,72,public int accelerate ( int kmh ) {
81,male,1877828600,line 10,72,public int accelerate ( int kmh ) {
81,male,1877968602,line 10,136,public int accelerate ( int kmh ) {
81,male,1878196567,line 10,180,public int accelerate ( int kmh ) {
81,male,1878288557,line 10,88,public int accelerate ( int kmh ) {
81,male,1878368569,line 10,76,public int accelerate ( int kmh ) {
81,male,1878476551,line 10,104,public int accelerate ( int kmh ) {
81,male,1878728329,line 10,136,public int accelerate ( int kmh ) {
81,male,1878836353,line 10,104,public int accelerate ( int kmh ) {
81,male,1878972406,line 10,76,public int accelerate ( int kmh ) {
81,male,1879140449,line 10,68,public int accelerate ( int kmh ) {
81,male,1879244469,line 10,100,public int accelerate ( int kmh ) {
81,male,1879440448,line 10,192,public int accelerate ( int kmh ) {
81,male,1879536443,line 10,92,public int accelerate ( int kmh ) {
81,male,1879668449,line 11,96,if ( ( this.currentSpeed + kmh ) > this.topSpeed ) {
81,male,1879760450,line 11,88,if ( ( this.currentSpeed + kmh ) > this.topSpeed ) {
81,male,1879900436,line 11,108,if ( ( this.currentSpeed + kmh ) > this.topSpeed ) {
81,male,1880072290,line 11,168,if ( ( this.currentSpeed + kmh ) > this.topSpeed ) {
81,male,1880440300,line 11,312,if ( ( this.currentSpeed + kmh ) > this.topSpeed ) {
81,male,1880732311,line 11,248,if ( ( this.currentSpeed + kmh ) > this.topSpeed ) {
81,male,1880872284,line 11,104,if ( ( this.currentSpeed + kmh ) > this.topSpeed ) {
81,male,1880952293,line 11,76,if ( ( this.currentSpeed + kmh ) > this.topSpeed ) {
81,male,1881056323,line 11,100,if ( ( this.currentSpeed + kmh ) > this.topSpeed ) {
81,male,1881148326,line 11,88,if ( ( this.currentSpeed + kmh ) > this.topSpeed ) {
81,male,1881264297,line 11,112,if ( ( this.currentSpeed + kmh ) > this.topSpeed ) {
81,male,1881348284,line 11,56,if ( ( this.currentSpeed + kmh ) > this.topSpeed ) {
81,male,1881440276,line 11,88,if ( ( this.currentSpeed + kmh ) > this.topSpeed ) {
81,male,1881508277,line 11,64,if ( ( this.currentSpeed + kmh ) > this.topSpeed ) {
81,male,1881596220,line 11,84,if ( ( this.currentSpeed + kmh ) > this.topSpeed ) {
81,male,1881784049,line 11,144,if ( ( this.currentSpeed + kmh ) > this.topSpeed ) {
81,male,1881920085,line 10,76,public int accelerate ( int kmh ) {
81,male,1882448118,line 3,156,"int topSpeed , currentSpeed ;"
81,male,1882772210,line 4,256,"public Vehicle ( String p , String t , int tp ) {"
81,male,1883084145,line 4,268,"public Vehicle ( String p , String t , int tp ) {"
81,male,1883208076,line 4,80,"public Vehicle ( String p , String t , int tp ) {"
81,male,1883300064,line 4,88,"public Vehicle ( String p , String t , int tp ) {"
81,male,1883420070,line 4,116,"public Vehicle ( String p , String t , int tp ) {"
81,male,1883568063,line 4,144,"public Vehicle ( String p , String t , int tp ) {"
81,male,1883931966,line 2,232,"String producer , type ;"
81,male,1884084008,line 3,60,"int topSpeed , currentSpeed ;"
81,male,1884492051,line 2,176,"String producer , type ;"
81,male,1884759817,line 2,264,"String producer , type ;"
81,male,1885063906,line 3,88,"int topSpeed , currentSpeed ;"
81,male,1885415922,line 3,196,"int topSpeed , currentSpeed ;"
81,male,1885563893,line 5,72,this.producer = p ;
81,male,1885807919,line 5,212,this.producer = p ;
81,male,1885959934,line 4,92,"public Vehicle ( String p , String t , int tp ) {"
81,male,1886311808,line 4,272,"public Vehicle ( String p , String t , int tp ) {"
81,male,1886487657,line 5,156,this.producer = p ;
81,male,1886787781,line 5,232,this.producer = p ;
81,male,1886935728,line 5,144,this.producer = p ;
81,male,1887195681,line 5,224,this.producer = p ;
81,male,1887423826,line 5,188,this.producer = p ;
81,male,1887527821,line 5,100,this.producer = p ;
81,male,1887771902,line 5,132,this.producer = p ;
81,male,1887967785,line 4,104,"public Vehicle ( String p , String t , int tp ) {"
81,male,1888051688,line 4,80,"public Vehicle ( String p , String t , int tp ) {"
81,male,1888391438,line 4,248,"public Vehicle ( String p , String t , int tp ) {"
81,male,1888539455,line 4,144,"public Vehicle ( String p , String t , int tp ) {"
81,male,1888947612,line 5,148,this.producer = p ;
81,male,1889023603,line 5,72,this.producer = p ;
81,male,1889347626,line 5,248,this.producer = p ;
81,male,1889499508,line 5,132,this.producer = p ;
81,male,1889747467,line 1,172,public class Vehicle {
81,male,1889923527,line 2,172,"String producer , type ;"
81,male,1890071537,line 2,132,"String producer , type ;"
81,male,1890343544,line 2,268,"String producer , type ;"
81,male,1890495514,line 5,96,this.producer = p ;
81,male,1890711514,line 6,108,this.type = t ;
81,male,1890787521,line 6,72,this.type = t ;
81,male,1890943416,line 6,64,this.type = t ;
81,male,1891007311,line 6,60,this.type = t ;
81,male,1892175274,line 10,56,public int accelerate ( int kmh ) {
81,male,1895015156,line 10,68,public int accelerate ( int kmh ) {
81,male,1895359103,line 10,96,public int accelerate ( int kmh ) {
81,male,1895750856,line 11,60,if ( ( this.currentSpeed + kmh ) > this.topSpeed ) {
81,male,1895854756,line 11,100,if ( ( this.currentSpeed + kmh ) > this.topSpeed ) {
81,male,1896250962,line 10,72,public int accelerate ( int kmh ) {
81,male,1896818995,line 10,72,public int accelerate ( int kmh ) {
81,male,1896890995,line 10,68,public int accelerate ( int kmh ) {
81,male,1899166612,line 11,112,if ( ( this.currentSpeed + kmh ) > this.topSpeed ) {
81,male,1900062762,line 11,92,if ( ( this.currentSpeed + kmh ) > this.topSpeed ) {
81,male,1900394681,line 10,84,public int accelerate ( int kmh ) {
81,male,1900582550,line 10,156,public int accelerate ( int kmh ) {
81,male,1901270630,line 11,112,if ( ( this.currentSpeed + kmh ) > this.topSpeed ) {
81,male,1901538580,line 11,140,if ( ( this.currentSpeed + kmh ) > this.topSpeed ) {
81,male,1901754586,line 11,152,if ( ( this.currentSpeed + kmh ) > this.topSpeed ) {
81,male,1902002529,line 11,172,if ( ( this.currentSpeed + kmh ) > this.topSpeed ) {
81,male,1902138486,line 12,64,this.currentSpeed = this.topSpeed ;
81,male,1902262448,line 11,120,if ( ( this.currentSpeed + kmh ) > this.topSpeed ) {
81,male,1903306381,line 14,164,this.currentSpeed = this.currentSpeed + kmh ;
81,male,1903758311,line 14,68,this.currentSpeed = this.currentSpeed + kmh ;
81,male,1903874361,line 14,112,this.currentSpeed = this.currentSpeed + kmh ;
81,male,1904430306,line 14,144,this.currentSpeed = this.currentSpeed + kmh ;
81,male,1904606293,line 14,56,this.currentSpeed = this.currentSpeed + kmh ;
81,male,1904798353,line 14,112,this.currentSpeed = this.currentSpeed + kmh ;
81,male,1905042354,line 14,208,this.currentSpeed = this.currentSpeed + kmh ;
81,male,1905110238,line 14,64,this.currentSpeed = this.currentSpeed + kmh ;
81,male,1905206073,line 14,92,this.currentSpeed = this.currentSpeed + kmh ;
81,male,1906038197,line 12,116,this.currentSpeed = this.topSpeed ;
81,male,1906102212,line 12,60,this.currentSpeed = this.topSpeed ;
81,male,1906870086,line 14,68,this.currentSpeed = this.currentSpeed + kmh ;
81,male,1907266049,line 14,116,this.currentSpeed = this.currentSpeed + kmh ;
81,male,1909821679,line 16,92,return this.currentSpeed ;
81,male,1910077803,line 16,128,return this.currentSpeed ;
81,male,1910209808,line 16,64,return this.currentSpeed ;
81,male,1910277801,line 16,64,return this.currentSpeed ;
81,male,1910465803,line 16,112,return this.currentSpeed ;
81,male,1910601837,line 16,132,return this.currentSpeed ;
81,male,1910685845,line 16,60,return this.currentSpeed ;
81,male,1910885807,line 16,196,return this.currentSpeed ;
81,male,1910985806,line 16,60,return this.currentSpeed ;
81,male,1911153810,line 16,84,return this.currentSpeed ;
81,male,1911245784,line 16,88,return this.currentSpeed ;
81,male,1911305743,line 16,56,return this.currentSpeed ;
81,male,1911429694,line 16,56,return this.currentSpeed ;
81,male,1911565711,line 16,132,return this.currentSpeed ;
81,male,1911841701,line 16,272,return this.currentSpeed ;
81,male,1911937685,line 16,92,return this.currentSpeed ;
81,male,1912069813,line 16,128,return this.currentSpeed ;
81,male,1912265611,line 18,136,public static void main ( String args [ ] ) {
81,male,1912377435,line 18,76,public static void main ( String args [ ] ) {
81,male,1912485394,line 18,104,public static void main ( String args [ ] ) {
81,male,1912629524,line 18,76,public static void main ( String args [ ] ) {
81,male,1912773579,line 18,140,public static void main ( String args [ ] ) {
81,male,1912913435,line 18,108,public static void main ( String args [ ] ) {
81,male,1913433709,line 18,136,public static void main ( String args [ ] ) {
81,male,1913641590,line 18,204,public static void main ( String args [ ] ) {
81,male,1913789870,line 18,108,public static void main ( String args [ ] ) {
81,male,1913877854,line 18,84,public static void main ( String args [ ] ) {
81,male,1914181505,line 18,152,public static void main ( String args [ ] ) {
81,male,1914241503,line 18,56,public static void main ( String args [ ] ) {
81,male,1914353518,line 18,56,public static void main ( String args [ ] ) {
81,male,1914457449,line 19,100,"Vehicle v = new Vehicle ( ""Audi"" , ""A6"" , 200 ) ;"
81,male,1914725329,line 18,236,public static void main ( String args [ ] ) {
81,male,1915017411,line 19,264,"Vehicle v = new Vehicle ( ""Audi"" , ""A6"" , 200 ) ;"
81,male,1915181393,line 19,120,"Vehicle v = new Vehicle ( ""Audi"" , ""A6"" , 200 ) ;"
81,male,1915273404,line 18,80,public static void main ( String args [ ] ) {
81,male,1915353424,line 18,76,public static void main ( String args [ ] ) {
81,male,1915621430,line 18,240,public static void main ( String args [ ] ) {
81,male,1915921345,line 19,140,"Vehicle v = new Vehicle ( ""Audi"" , ""A6"" , 200 ) ;"
81,male,1916001360,line 19,76,"Vehicle v = new Vehicle ( ""Audi"" , ""A6"" , 200 ) ;"
81,male,1916069345,line 19,64,"Vehicle v = new Vehicle ( ""Audi"" , ""A6"" , 200 ) ;"
81,male,1916177281,line 19,64,"Vehicle v = new Vehicle ( ""Audi"" , ""A6"" , 200 ) ;"
81,male,1916261243,line 19,80,"Vehicle v = new Vehicle ( ""Audi"" , ""A6"" , 200 ) ;"
81,male,1916429218,line 19,112,"Vehicle v = new Vehicle ( ""Audi"" , ""A6"" , 200 ) ;"
81,male,1916597356,line 19,164,"Vehicle v = new Vehicle ( ""Audi"" , ""A6"" , 200 ) ;"
81,male,1917429356,line 4,108,"public Vehicle ( String p , String t , int tp ) {"
81,male,1917941103,line 4,196,"public Vehicle ( String p , String t , int tp ) {"
81,male,1918193089,line 4,64,"public Vehicle ( String p , String t , int tp ) {"
81,male,1918585202,line 4,96,"public Vehicle ( String p , String t , int tp ) {"
81,male,1918821114,line 4,144,"public Vehicle ( String p , String t , int tp ) {"
81,male,1919085124,line 4,132,"public Vehicle ( String p , String t , int tp ) {"
81,male,1919869068,line 4,120,"public Vehicle ( String p , String t , int tp ) {"
81,male,1919956971,line 4,84,"public Vehicle ( String p , String t , int tp ) {"
81,male,1920108809,line 5,120,this.producer = p ;
81,male,1920232871,line 5,96,this.producer = p ;
81,male,1920356923,line 5,92,this.producer = p ;
81,male,1920448965,line 5,88,this.producer = p ;
81,male,1920516981,line 5,64,this.producer = p ;
81,male,1920832816,line 5,216,this.producer = p ;
81,male,1920936806,line 6,80,this.type = t ;
81,male,1921044839,line 6,104,this.type = t ;
81,male,1921160888,line 6,88,this.type = t ;
81,male,1921288927,line 6,124,this.type = t ;
81,male,1921472843,line 6,144,this.type = t ;
81,male,1921540837,line 6,64,this.type = t ;
81,male,1921980969,line 19,148,"Vehicle v = new Vehicle ( ""Audi"" , ""A6"" , 200 ) ;"
81,male,1922228807,line 19,64,"Vehicle v = new Vehicle ( ""Audi"" , ""A6"" , 200 ) ;"
81,male,1922292734,line 19,60,"Vehicle v = new Vehicle ( ""Audi"" , ""A6"" , 200 ) ;"
81,male,1922416437,line 19,120,"Vehicle v = new Vehicle ( ""Audi"" , ""A6"" , 200 ) ;"
81,male,1922736477,line 20,96,v.accelerate ( 10 ) ;
81,male,1922840667,line 19,56,"Vehicle v = new Vehicle ( ""Audi"" , ""A6"" , 200 ) ;"
81,male,1922904694,line 20,60,v.accelerate ( 10 ) ;
81,male,1922972719,line 19,56,"Vehicle v = new Vehicle ( ""Audi"" , ""A6"" , 200 ) ;"
81,male,1923196723,line 19,220,"Vehicle v = new Vehicle ( ""Audi"" , ""A6"" , 200 ) ;"
81,male,1923560657,line 19,104,"Vehicle v = new Vehicle ( ""Audi"" , ""A6"" , 200 ) ;"
81,male,1923676691,line 19,60,"Vehicle v = new Vehicle ( ""Audi"" , ""A6"" , 200 ) ;"
81,male,1923756718,line 19,76,"Vehicle v = new Vehicle ( ""Audi"" , ""A6"" , 200 ) ;"
81,male,1924192553,line 11,76,if ( ( this.currentSpeed + kmh ) > this.topSpeed ) {
81,male,1924308593,line 11,112,if ( ( this.currentSpeed + kmh ) > this.topSpeed ) {
81,male,1924424604,line 11,112,if ( ( this.currentSpeed + kmh ) > this.topSpeed ) {
81,male,1924752601,line 11,72,if ( ( this.currentSpeed + kmh ) > this.topSpeed ) {
81,male,1924868645,line 11,76,if ( ( this.currentSpeed + kmh ) > this.topSpeed ) {
81,male,1925152639,line 8,196,this.currentSpeed = 0 ;
81,male,1925300634,line 8,144,this.currentSpeed = 0 ;
81,male,1925720504,line 14,80,this.currentSpeed = this.currentSpeed + kmh ;
81,male,1926140507,line 14,112,this.currentSpeed = this.currentSpeed + kmh ;
81,male,1926284500,line 20,56,v.accelerate ( 10 ) ;
81,male,1926348508,line 20,60,v.accelerate ( 10 ) ;
85,male,318171547,line 5,116,this.producer = p ;
85,male,319011546,line 6,156,this.type = t ;
85,male,319167549,line 6,152,this.type = t ;
85,male,319395530,line 6,224,this.type = t ;
85,male,320183413,line 5,160,this.producer = p ;
85,male,320455424,line 5,232,this.producer = p ;
85,male,321343168,line 5,248,this.producer = p ;
85,male,321899258,line 4,116,"public Vehicle ( String p , String t , int tp ) {"
85,male,322071298,line 4,168,"public Vehicle ( String p , String t , int tp ) {"
85,male,322291289,line 5,112,this.producer = p ;
85,male,322383271,line 5,88,this.producer = p ;
85,male,323183157,line 7,88,this.topSpeed = tp ;
85,male,323267090,line 7,80,this.topSpeed = tp ;
85,male,323415145,line 7,108,this.topSpeed = tp ;
85,male,323607165,line 7,136,this.topSpeed = tp ;
85,male,323791161,line 7,180,this.topSpeed = tp ;
85,male,323939158,line 7,96,this.topSpeed = tp ;
85,male,324051138,line 7,108,this.topSpeed = tp ;
85,male,324123138,line 7,68,this.topSpeed = tp ;
85,male,324951159,line 7,128,this.topSpeed = tp ;
85,male,325047139,line 7,92,this.topSpeed = tp ;
85,male,325107113,line 7,56,this.topSpeed = tp ;
85,male,325363060,line 7,252,this.topSpeed = tp ;
85,male,325563035,line 5,132,this.producer = p ;
85,male,326458963,line 6,96,this.type = t ;
85,male,326570976,line 7,56,this.topSpeed = tp ;
85,male,327274789,line 7,296,this.topSpeed = tp ;
85,male,327914882,line 7,152,this.topSpeed = tp ;
85,male,328162870,line 7,240,this.topSpeed = tp ;
85,male,328446905,line 7,280,this.topSpeed = tp ;
85,male,328874749,line 7,156,this.topSpeed = tp ;
85,male,329842754,line 7,300,this.topSpeed = tp ;
85,male,330062772,line 7,200,this.topSpeed = tp ;
85,male,330186768,line 7,120,this.topSpeed = tp ;
85,male,331938649,line 8,148,this.currentSpeed = 0 ;
85,male,332918350,line 8,100,this.currentSpeed = 0 ;
85,male,332994405,line 8,72,this.currentSpeed = 0 ;
85,male,333410592,line 7,148,this.topSpeed = tp ;
85,male,333554561,line 8,140,this.currentSpeed = 0 ;
85,male,333650546,line 8,92,this.currentSpeed = 0 ;
85,male,334258495,line 8,116,this.currentSpeed = 0 ;
85,male,334354478,line 8,92,this.currentSpeed = 0 ;
85,male,334450467,line 8,92,this.currentSpeed = 0 ;
85,male,335222381,line 10,332,public int accelerate ( int kmh ) {
85,male,336126358,line 12,136,this.currentSpeed = this.topSpeed ;
85,male,336438322,line 13,224,} else {
85,male,338406221,line 12,212,this.currentSpeed = this.topSpeed ;
85,male,338510043,line 12,100,this.currentSpeed = this.topSpeed ;
85,male,339402027,line 14,100,this.currentSpeed = this.currentSpeed + kmh ;
85,male,339645981,line 14,240,this.currentSpeed = this.currentSpeed + kmh ;
85,male,340581877,line 14,120,this.currentSpeed = this.currentSpeed + kmh ;
85,male,340685901,line 14,100,this.currentSpeed = this.currentSpeed + kmh ;
85,male,341310032,line 15,84,}
85,male,341438009,line 15,124,}
85,male,345697706,line 12,152,this.currentSpeed = this.topSpeed ;
85,male,346169389,line 12,152,this.currentSpeed = this.topSpeed ;
85,male,346261464,line 12,88,this.currentSpeed = this.topSpeed ;
85,male,346437591,line 12,132,this.currentSpeed = this.topSpeed ;
85,male,346537618,line 12,96,this.currentSpeed = this.topSpeed ;
85,male,346745614,line 16,144,return this.currentSpeed ;
85,male,346817594,line 16,68,return this.currentSpeed ;
85,male,348809432,line 18,64,public static void main ( String args [ ] ) {
85,male,348881425,line 18,68,public static void main ( String args [ ] ) {
85,male,348953418,line 18,68,public static void main ( String args [ ] ) {
85,male,349177464,line 18,180,public static void main ( String args [ ] ) {
85,male,349321424,line 18,100,public static void main ( String args [ ] ) {
85,male,349397403,line 18,72,public static void main ( String args [ ] ) {
85,male,349461403,line 18,60,public static void main ( String args [ ] ) {
85,male,349685413,line 19,112,"Vehicle v = new Vehicle ( ""Audi"" , ""A6"" , 200 ) ;"
85,male,349765422,line 19,76,"Vehicle v = new Vehicle ( ""Audi"" , ""A6"" , 200 ) ;"
85,male,349849339,line 19,80,"Vehicle v = new Vehicle ( ""Audi"" , ""A6"" , 200 ) ;"
85,male,350057167,line 19,152,"Vehicle v = new Vehicle ( ""Audi"" , ""A6"" , 200 ) ;"
85,male,350289296,line 19,160,"Vehicle v = new Vehicle ( ""Audi"" , ""A6"" , 200 ) ;"
85,male,350785238,line 18,72,public static void main ( String args [ ] ) {
85,male,351005251,line 18,104,public static void main ( String args [ ] ) {
85,male,351481315,line 19,228,"Vehicle v = new Vehicle ( ""Audi"" , ""A6"" , 200 ) ;"
85,male,351681208,line 19,128,"Vehicle v = new Vehicle ( ""Audi"" , ""A6"" , 200 ) ;"
85,male,352681162,line 20,196,v.accelerate ( 10 ) ;
85,male,352937162,line 20,212,v.accelerate ( 10 ) ;
85,male,353137271,line 20,196,v.accelerate ( 10 ) ;
85,male,355157001,line 20,168,v.accelerate ( 10 ) ;
85,male,355756927,line 14,64,this.currentSpeed = this.currentSpeed + kmh ;
85,male,355844866,line 14,84,this.currentSpeed = this.currentSpeed + kmh ;
85,male,355908836,line 14,60,this.currentSpeed = this.currentSpeed + kmh ;
85,male,356140864,line 16,192,return this.currentSpeed ;
85,male,357252900,line 16,156,return this.currentSpeed ;
85,male,357780733,line 16,80,return this.currentSpeed ;
85,male,357892734,line 16,108,return this.currentSpeed ;
85,male,359392732,line 14,72,this.currentSpeed = this.currentSpeed + kmh ;
85,male,359788621,line 14,116,this.currentSpeed = this.currentSpeed + kmh ;
85,male,359940629,line 14,104,this.currentSpeed = this.currentSpeed + kmh ;
85,male,360368582,line 8,116,this.currentSpeed = 0 ;
85,male,360432582,line 8,60,this.currentSpeed = 0 ;
85,male,361880531,line 13,148,} else {
85,male,361960540,line 13,76,} else {
85,male,362168508,line 19,160,"Vehicle v = new Vehicle ( ""Audi"" , ""A6"" , 200 ) ;"
92,male,1471879156,line 2,60,"String producer , type ;"
92,male,1472135126,line 1,72,public class Vehicle {
92,male,1472579244,line 1,104,public class Vehicle {
92,male,1473482956,line 2,56,"String producer , type ;"
92,male,1473807008,line 2,56,"String producer , type ;"
92,male,1474918861,line 1,116,public class Vehicle {
92,male,1475966945,line 1,64,public class Vehicle {
92,male,1477754542,line 1,124,public class Vehicle {
92,male,1482622206,line 1,68,public class Vehicle {
92,male,1483642216,line 6,64,this.type = t ;
92,male,1484065979,line 6,128,this.type = t ;
92,male,1484430008,line 1,60,public class Vehicle {
92,male,1484602046,line 5,60,this.producer = p ;
92,male,1484746089,line 4,60,"public Vehicle ( String p , String t , int tp ) {"
92,male,1484822081,line 4,64,"public Vehicle ( String p , String t , int tp ) {"
92,male,1487013768,line 3,76,"int topSpeed , currentSpeed ;"
92,male,1487401767,line 3,72,"int topSpeed , currentSpeed ;"
92,male,1489497768,line 4,64,"public Vehicle ( String p , String t , int tp ) {"
92,male,1491029496,line 6,56,this.type = t ;
92,male,1491673507,line 1,92,public class Vehicle {
92,male,1493969351,line 3,56,"int topSpeed , currentSpeed ;"
92,male,1495745162,line 6,68,this.type = t ;
92,male,1498112766,line 6,60,this.type = t ;
93,female,3167595199,line 2,128,"String producer , type ;"
93,female,3167827070,line 4,148,"public Vehicle ( String p , String t , int tp ) {"
93,female,3168150981,line 6,60,this.type = t ;
93,female,3169559371,line 2,144,"String producer , type ;"
93,female,3169723262,line 1,120,public class Vehicle {
93,female,3171266814,line 2,104,"String producer , type ;"
93,female,3171450820,line 1,112,public class Vehicle {
93,female,3171870873,line 4,60,"public Vehicle ( String p , String t , int tp ) {"
93,female,3171942867,line 4,68,"public Vehicle ( String p , String t , int tp ) {"
93,female,3172058837,line 4,112,"public Vehicle ( String p , String t , int tp ) {"
93,female,3172178838,line 6,60,this.type = t ;
93,female,3172310865,line 5,128,this.producer = p ;
93,female,3172446815,line 5,76,this.producer = p ;
93,female,3172506773,line 5,56,this.producer = p ;
93,female,3172802671,line 5,88,this.producer = p ;
93,female,3173370709,line 4,68,"public Vehicle ( String p , String t , int tp ) {"
93,female,3173474730,line 4,64,"public Vehicle ( String p , String t , int tp ) {"
93,female,3173562748,line 4,84,"public Vehicle ( String p , String t , int tp ) {"
93,female,3173678744,line 4,112,"public Vehicle ( String p , String t , int tp ) {"
93,female,3174078490,line 4,76,"public Vehicle ( String p , String t , int tp ) {"
93,female,3174374589,line 5,172,this.producer = p ;
93,female,3174462611,line 5,56,this.producer = p ;
93,female,3174558626,line 5,92,this.producer = p ;
93,female,3174802600,line 6,100,this.type = t ;
93,female,3174938587,line 6,104,this.type = t ;
93,female,3175230624,line 7,88,this.topSpeed = tp ;
93,female,3175382619,line 7,148,this.topSpeed = tp ;
93,female,3175658421,line 7,244,this.topSpeed = tp ;
93,female,3175910436,line 6,116,this.type = t ;
93,female,3176218495,line 6,140,this.type = t ;
93,female,3176314470,line 6,92,this.type = t ;
93,female,3176886516,line 7,100,this.topSpeed = tp ;
93,female,3176962519,line 7,72,this.topSpeed = tp ;
93,female,3177026497,line 7,60,this.topSpeed = tp ;
93,female,3177178433,line 7,76,this.topSpeed = tp ;
93,female,3178846130,line 20,76,v.accelerate ( 10 ) ;
93,female,3178942112,line 20,92,v.accelerate ( 10 ) ;
93,female,3179082135,line 20,136,v.accelerate ( 10 ) ;
93,female,3179226171,line 19,100,"Vehicle v = new Vehicle ( ""Audi"" , ""A6"" , 200 ) ;"
93,female,3179474185,line 18,112,public static void main ( String args [ ] ) {
93,female,3179690200,line 18,152,public static void main ( String args [ ] ) {
93,female,3179914234,line 18,72,public static void main ( String args [ ] ) {
93,female,3180022252,line 18,104,public static void main ( String args [ ] ) {
93,female,3180230143,line 18,196,public static void main ( String args [ ] ) {
93,female,3180925939,line 11,132,if ( ( this.currentSpeed + kmh ) > this.topSpeed ) {
93,female,3181190017,line 10,176,public int accelerate ( int kmh ) {
93,female,3181334043,line 12,104,this.currentSpeed = this.topSpeed ;
93,female,3181542035,line 12,132,this.currentSpeed = this.topSpeed ;
93,female,3181630018,line 12,68,this.currentSpeed = this.topSpeed ;
93,female,3182497956,line 2,56,"String producer , type ;"
93,female,3182557874,line 2,56,"String producer , type ;"
93,female,3182829947,line 2,196,"String producer , type ;"
93,female,3182925984,line 2,92,"String producer , type ;"
93,female,3183093959,line 2,164,"String producer , type ;"
93,female,3183333893,line 1,200,public class Vehicle {
93,female,3183429772,line 1,92,public class Vehicle {
93,female,3184053782,line 20,68,v.accelerate ( 10 ) ;
93,female,3184157742,line 20,100,v.accelerate ( 10 ) ;
93,female,3184941789,line 12,164,this.currentSpeed = this.topSpeed ;
93,female,3185021757,line 12,76,this.currentSpeed = this.topSpeed ;
93,female,3185093713,line 12,68,this.currentSpeed = this.topSpeed ;
93,female,3185177664,line 12,80,this.currentSpeed = this.topSpeed ;
93,female,3185381610,line 12,200,this.currentSpeed = this.topSpeed ;
98,male,1005787165,line 2,72,"String producer , type ;"
98,male,1005959177,line 2,152,"String producer , type ;"
98,male,1006179230,line 3,88,"int topSpeed , currentSpeed ;"
98,male,1006279218,line 3,56,"int topSpeed , currentSpeed ;"
98,male,1006999265,line 4,116,"public Vehicle ( String p , String t , int tp ) {"
98,male,1007111399,line 4,80,"public Vehicle ( String p , String t , int tp ) {"
98,male,1007211568,line 4,92,"public Vehicle ( String p , String t , int tp ) {"
98,male,1007936936,line 4,56,"public Vehicle ( String p , String t , int tp ) {"
98,male,1011170873,line 3,56,"int topSpeed , currentSpeed ;"
98,male,1011854617,line 10,60,public int accelerate ( int kmh ) {
98,male,1019854118,line 8,56,this.currentSpeed = 0 ;
98,male,1022773753,line 11,60,if ( ( this.currentSpeed + kmh ) > this.topSpeed ) {
98,male,1024241444,line 11,60,if ( ( this.currentSpeed + kmh ) > this.topSpeed ) {
98,male,1027677449,line 8,56,this.currentSpeed = 0 ;
98,male,1033160995,line 10,120,public int accelerate ( int kmh ) {
98,male,1033324965,line 13,80,} else {
100,male,20691279292,line 2,76,"String producer , type ;"
100,male,20692763277,line 2,164,"String producer , type ;"
100,male,20695207130,line 5,88,this.producer = p ;
100,male,20695327019,line 4,116,"public Vehicle ( String p , String t , int tp ) {"
100,male,20695511051,line 4,140,"public Vehicle ( String p , String t , int tp ) {"
100,male,20695622820,line 4,72,"public Vehicle ( String p , String t , int tp ) {"
100,male,20695706643,line 4,80,"public Vehicle ( String p , String t , int tp ) {"
100,male,20696155051,line 7,80,this.topSpeed = tp ;
100,male,20697342835,line 4,304,"public Vehicle ( String p , String t , int tp ) {"
100,male,20697482860,line 4,96,"public Vehicle ( String p , String t , int tp ) {"
100,male,20697658891,line 4,172,"public Vehicle ( String p , String t , int tp ) {"
100,male,20699630710,line 7,96,this.topSpeed = tp ;
100,male,20699782497,line 5,92,this.producer = p ;
100,male,20700734632,line 8,72,this.currentSpeed = 0 ;
100,male,20700814652,line 8,76,this.currentSpeed = 0 ;
100,male,20700902653,line 8,84,this.currentSpeed = 0 ;
100,male,20701006628,line 8,92,this.currentSpeed = 0 ;
100,male,20701706508,line 4,152,"public Vehicle ( String p , String t , int tp ) {"
100,male,20704886202,line 4,164,"public Vehicle ( String p , String t , int tp ) {"
100,male,20707534022,line 14,264,this.currentSpeed = this.currentSpeed + kmh ;
100,male,20707677849,line 14,128,this.currentSpeed = this.currentSpeed + kmh ;
100,male,20708001948,line 14,88,this.currentSpeed = this.currentSpeed + kmh ;
100,male,20711937653,line 4,56,"public Vehicle ( String p , String t , int tp ) {"
100,male,20721811080,line 12,84,this.currentSpeed = this.topSpeed ;
100,male,20723210955,line 14,268,this.currentSpeed = this.currentSpeed + kmh ;
100,male,20723494952,line 14,240,this.currentSpeed = this.currentSpeed + kmh ;
100,male,20725074721,line 14,140,this.currentSpeed = this.currentSpeed + kmh ;
100,male,20725270832,line 14,188,this.currentSpeed = this.currentSpeed + kmh ;
100,male,20725518788,line 14,164,this.currentSpeed = this.currentSpeed + kmh ;
100,male,20725628507,line 14,104,this.currentSpeed = this.currentSpeed + kmh ;
100,male,20726010624,line 14,64,this.currentSpeed = this.currentSpeed + kmh ;
100,male,20726106621,line 14,92,this.currentSpeed = this.currentSpeed + kmh ;
100,male,20726358602,line 14,192,this.currentSpeed = this.currentSpeed + kmh ;
100,male,20726514607,line 14,152,this.currentSpeed = this.currentSpeed + kmh ;
100,male,20726602608,line 14,80,this.currentSpeed = this.currentSpeed + kmh ;
100,male,20726790618,line 14,184,this.currentSpeed = this.currentSpeed + kmh ;
100,male,20727362472,line 14,120,this.currentSpeed = this.currentSpeed + kmh ;
100,male,20729274363,line 14,132,this.currentSpeed = this.currentSpeed + kmh ;
100,male,20729410346,line 14,108,this.currentSpeed = this.currentSpeed + kmh ;
100,male,20729506344,line 14,92,this.currentSpeed = this.currentSpeed + kmh ;
100,male,20729622346,line 14,112,this.currentSpeed = this.currentSpeed + kmh ;
100,male,20729698347,line 14,56,this.currentSpeed = this.currentSpeed + kmh ;
100,male,20729842348,line 14,140,this.currentSpeed = this.currentSpeed + kmh ;
100,male,20730094329,line 14,128,this.currentSpeed = this.currentSpeed + kmh ;
100,male,20730218272,line 14,108,this.currentSpeed = this.currentSpeed + kmh ;
100,male,20730574197,line 14,352,this.currentSpeed = this.currentSpeed + kmh ;
100,male,20731062286,line 14,96,this.currentSpeed = this.currentSpeed + kmh ;
100,male,20731314293,line 16,172,return this.currentSpeed ;
100,male,20734585953,line 18,284,public static void main ( String args [ ] ) {
100,male,20735401797,line 18,72,public static void main ( String args [ ] ) {
100,male,20735601788,line 18,120,public static void main ( String args [ ] ) {
100,male,20736413878,line 20,72,v.accelerate ( 10 ) ;
100,male,20741301430,line 16,144,return this.currentSpeed ;
100,male,20741377427,line 16,72,return this.currentSpeed ;
100,male,20741505369,line 14,60,this.currentSpeed = this.currentSpeed + kmh ;
100,male,20741629300,line 14,120,this.currentSpeed = this.currentSpeed + kmh ;
100,male,20743717163,line 6,168,this.type = t ;
100,male,20745133020,line 7,140,this.topSpeed = tp ;
100,male,20745352467,line 6,120,this.type = t ;
100,male,20747785090,line 6,156,this.type = t ;
100,male,20748576755,line 10,84,public int accelerate ( int kmh ) {
100,male,20748684841,line 10,104,public int accelerate ( int kmh ) {
100,male,20754988235,line 8,172,this.currentSpeed = 0 ;
100,male,20759127893,line 14,92,this.currentSpeed = this.currentSpeed + kmh ;
100,male,20762043590,line 10,188,public int accelerate ( int kmh ) {
100,male,20762191788,line 10,92,public int accelerate ( int kmh ) {
100,male,20762251715,line 10,56,public int accelerate ( int kmh ) {
100,male,20762531707,line 10,276,public int accelerate ( int kmh ) {
100,male,20762755987,line 14,148,this.currentSpeed = this.currentSpeed + kmh ;
100,male,20763147837,line 14,200,this.currentSpeed = this.currentSpeed + kmh ;
100,male,20763279691,line 14,128,this.currentSpeed = this.currentSpeed + kmh ;
100,male,20764067573,line 14,56,this.currentSpeed = this.currentSpeed + kmh ;
100,male,20764151636,line 14,80,this.currentSpeed = this.currentSpeed + kmh ;
100,male,20764351471,line 14,196,this.currentSpeed = this.currentSpeed + kmh ;
100,male,20764455501,line 14,88,this.currentSpeed = this.currentSpeed + kmh ;
100,male,20764635466,line 14,176,this.currentSpeed = this.currentSpeed + kmh ;
100,male,20764851227,line 14,184,this.currentSpeed = this.currentSpeed + kmh ;
100,male,20765551333,line 18,108,public static void main ( String args [ ] ) {
100,male,20765751363,line 18,96,public static void main ( String args [ ] ) {
100,male,20767571218,line 18,56,public static void main ( String args [ ] ) {
100,male,20768683061,line 18,120,public static void main ( String args [ ] ) {
100,male,20768759035,line 18,72,public static void main ( String args [ ] ) {
100,male,20768859052,line 19,56,"Vehicle v = new Vehicle ( ""Audi"" , ""A6"" , 200 ) ;"
100,male,20770110871,line 18,424,public static void main ( String args [ ] ) {
100,male,20770254886,line 19,112,"Vehicle v = new Vehicle ( ""Audi"" , ""A6"" , 200 ) ;"
100,male,20770370901,line 19,112,"Vehicle v = new Vehicle ( ""Audi"" , ""A6"" , 200 ) ;"
100,male,20770450904,line 19,64,"Vehicle v = new Vehicle ( ""Audi"" , ""A6"" , 200 ) ;"
100,male,20770526902,line 19,72,"Vehicle v = new Vehicle ( ""Audi"" , ""A6"" , 200 ) ;"
100,male,20770610901,line 18,80,public static void main ( String args [ ] ) {
100,male,20770886860,line 18,224,public static void main ( String args [ ] ) {
100,male,20770946872,line 18,56,public static void main ( String args [ ] ) {
100,male,20772222840,line 18,208,public static void main ( String args [ ] ) {
100,male,20772398847,line 18,172,public static void main ( String args [ ] ) {
100,male,20772750767,line 19,284,"Vehicle v = new Vehicle ( ""Audi"" , ""A6"" , 200 ) ;"
100,male,20772882595,line 19,76,"Vehicle v = new Vehicle ( ""Audi"" , ""A6"" , 200 ) ;"
100,male,20774402645,line 18,88,public static void main ( String args [ ] ) {
100,male,20774966522,line 18,104,public static void main ( String args [ ] ) {
100,male,20778034286,line 18,80,public static void main ( String args [ ] ) {
100,male,20778998274,line 10,196,public int accelerate ( int kmh ) {
100,male,20779222152,line 10,220,public int accelerate ( int kmh ) {
100,male,20782038001,line 15,80,}
100,male,20782165946,line 15,56,}
100,male,20782613891,line 14,128,this.currentSpeed = this.currentSpeed + kmh ;
100,male,20782709882,line 14,92,this.currentSpeed = this.currentSpeed + kmh ;
100,male,20782977816,line 14,208,this.currentSpeed = this.currentSpeed + kmh ;
100,male,20783149665,line 14,144,this.currentSpeed = this.currentSpeed + kmh ;
100,male,20783333783,line 14,180,this.currentSpeed = this.currentSpeed + kmh ;
100,male,20783417706,line 14,80,this.currentSpeed = this.currentSpeed + kmh ;
100,male,20783713810,line 14,64,this.currentSpeed = this.currentSpeed + kmh ;
100,male,20783841792,line 14,120,this.currentSpeed = this.currentSpeed + kmh ;
100,male,20785205726,line 19,128,"Vehicle v = new Vehicle ( ""Audi"" , ""A6"" , 200 ) ;"
100,male,20785317720,line 19,108,"Vehicle v = new Vehicle ( ""Audi"" , ""A6"" , 200 ) ;"
100,male,20785721799,line 18,228,public static void main ( String args [ ] ) {
100,male,20787749414,line 13,88,} else {
100,male,20788797397,line 10,112,public int accelerate ( int kmh ) {
100,male,20789081334,line 10,60,public int accelerate ( int kmh ) {
100,male,20789313329,line 10,228,public int accelerate ( int kmh ) {
100,male,20789985321,line 19,148,"Vehicle v = new Vehicle ( ""Audi"" , ""A6"" , 200 ) ;"
100,male,20790217217,line 19,204,"Vehicle v = new Vehicle ( ""Audi"" , ""A6"" , 200 ) ;"
100,male,20790429215,line 14,100,this.currentSpeed = this.currentSpeed + kmh ;
100,male,20790529212,line 14,56,this.currentSpeed = this.currentSpeed + kmh ;
100,male,20790617212,line 14,84,this.currentSpeed = this.currentSpeed + kmh ;
100,male,20790701199,line 14,60,this.currentSpeed = this.currentSpeed + kmh ;
100,male,20790841108,line 14,136,this.currentSpeed = this.currentSpeed + kmh ;
100,male,20791441191,line 14,120,this.currentSpeed = this.currentSpeed + kmh ;
100,male,20791812951,line 16,100,return this.currentSpeed ;
100,male,20792257058,line 16,80,return this.currentSpeed ;
100,male,20792509072,line 18,88,public static void main ( String args [ ] ) {
100,male,20792576959,line 18,64,public static void main ( String args [ ] ) {
100,male,20792744791,line 18,136,public static void main ( String args [ ] ) {
100,male,20792876888,line 19,84,"Vehicle v = new Vehicle ( ""Audi"" , ""A6"" , 200 ) ;"
100,male,20792956982,line 19,76,"Vehicle v = new Vehicle ( ""Audi"" , ""A6"" , 200 ) ;"
100,male,20793041036,line 19,80,"Vehicle v = new Vehicle ( ""Audi"" , ""A6"" , 200 ) ;"
100,male,20793697191,line 19,184,"Vehicle v = new Vehicle ( ""Audi"" , ""A6"" , 200 ) ;"
100,male,20794556907,line 18,56,public static void main ( String args [ ] ) {
100,male,20794632756,line 18,72,public static void main ( String args [ ] ) {
100,male,20794780531,line 18,112,public static void main ( String args [ ] ) {
100,male,20794920708,line 18,136,public static void main ( String args [ ] ) {
100,male,20795096816,line 19,144,"Vehicle v = new Vehicle ( ""Audi"" , ""A6"" , 200 ) ;"
100,male,20795256826,line 19,156,"Vehicle v = new Vehicle ( ""Audi"" , ""A6"" , 200 ) ;"
100,male,20795424827,line 18,148,public static void main ( String args [ ] ) {
100,male,20795596869,line 18,168,public static void main ( String args [ ] ) {
100,male,20795696856,line 19,64,"Vehicle v = new Vehicle ( ""Audi"" , ""A6"" , 200 ) ;"
100,male,20795848819,line 19,148,"Vehicle v = new Vehicle ( ""Audi"" , ""A6"" , 200 ) ;"
100,male,20795908797,line 19,56,"Vehicle v = new Vehicle ( ""Audi"" , ""A6"" , 200 ) ;"
100,male,20796108763,line 19,160,"Vehicle v = new Vehicle ( ""Audi"" , ""A6"" , 200 ) ;"
100,male,20796220688,line 19,108,"Vehicle v = new Vehicle ( ""Audi"" , ""A6"" , 200 ) ;"
100,male,20796484568,line 19,64,"Vehicle v = new Vehicle ( ""Audi"" , ""A6"" , 200 ) ;"
100,male,20796816751,line 19,200,"Vehicle v = new Vehicle ( ""Audi"" , ""A6"" , 200 ) ;"
100,male,20796956703,line 16,56,return this.currentSpeed ;
100,male,20797060717,line 16,100,return this.currentSpeed ;
100,male,20799056511,line 19,92,"Vehicle v = new Vehicle ( ""Audi"" , ""A6"" , 200 ) ;"
100,male,20799236527,line 19,68,"Vehicle v = new Vehicle ( ""Audi"" , ""A6"" , 200 ) ;"
100,male,20799540445,line 19,56,"Vehicle v = new Vehicle ( ""Audi"" , ""A6"" , 200 ) ;"
100,male,20799972437,line 19,112,"Vehicle v = new Vehicle ( ""Audi"" , ""A6"" , 200 ) ;"
100,male,20800120433,line 18,88,public static void main ( String args [ ] ) {
100,male,20801536253,line 14,64,this.currentSpeed = this.currentSpeed + kmh ;
100,male,20801856258,line 14,144,this.currentSpeed = this.currentSpeed + kmh ;
100,male,20801928215,line 14,68,this.currentSpeed = this.currentSpeed + kmh ;
100,male,20802051911,line 14,100,this.currentSpeed = this.currentSpeed + kmh ;
100,male,20802111789,line 14,56,this.currentSpeed = this.currentSpeed + kmh ;
100,male,20802560206,line 14,60,this.currentSpeed = this.currentSpeed + kmh ;
100,male,20802759937,line 14,156,this.currentSpeed = this.currentSpeed + kmh ;
100,male,20802908068,line 14,144,this.currentSpeed = this.currentSpeed + kmh ;
100,male,20803208158,line 14,60,this.currentSpeed = this.currentSpeed + kmh ;
100,male,20803296184,line 14,84,this.currentSpeed = this.currentSpeed + kmh ;
100,male,20804172127,line 14,120,this.currentSpeed = this.currentSpeed + kmh ;
100,male,20804371824,line 14,196,this.currentSpeed = this.currentSpeed + kmh ;
100,male,20804672047,line 14,148,this.currentSpeed = this.currentSpeed + kmh ;
100,male,20804779996,line 14,104,this.currentSpeed = this.currentSpeed + kmh ;
100,male,20805290072,line 14,92,this.currentSpeed = this.currentSpeed + kmh ;
100,male,20805716065,line 19,60,"Vehicle v = new Vehicle ( ""Audi"" , ""A6"" , 200 ) ;"
100,male,20806015426,line 19,60,"Vehicle v = new Vehicle ( ""Audi"" , ""A6"" , 200 ) ;"
100,male,20806759854,line 18,56,public static void main ( String args [ ] ) {
100,male,20807663737,line 14,160,this.currentSpeed = this.currentSpeed + kmh ;
100,male,20807791755,line 14,124,this.currentSpeed = this.currentSpeed + kmh ;
100,male,20808571812,line 14,144,this.currentSpeed = this.currentSpeed + kmh ;
100,male,20808651829,line 14,76,this.currentSpeed = this.currentSpeed + kmh ;
100,male,20808799746,line 14,64,this.currentSpeed = this.currentSpeed + kmh ;
100,male,20809571635,line 14,152,this.currentSpeed = this.currentSpeed + kmh ;
100,male,20809711627,line 14,84,this.currentSpeed = this.currentSpeed + kmh ;
100,male,20810239588,line 14,176,this.currentSpeed = this.currentSpeed + kmh ;
100,male,20812011342,line 14,56,this.currentSpeed = this.currentSpeed + kmh ;
100,male,20812115249,line 14,100,this.currentSpeed = this.currentSpeed + kmh ;
100,male,20812239384,line 14,76,this.currentSpeed = this.currentSpeed + kmh ;
100,male,20812511379,line 14,116,this.currentSpeed = this.currentSpeed + kmh ;
100,male,20812655353,line 14,140,this.currentSpeed = this.currentSpeed + kmh ;
100,male,20812903384,line 16,76,return this.currentSpeed ;
100,male,20813003366,line 16,96,return this.currentSpeed ;
100,male,20813083362,line 16,76,return this.currentSpeed ;
100,male,20813199354,line 16,112,return this.currentSpeed ;
100,male,20813431324,line 18,124,public static void main ( String args [ ] ) {
100,male,20813527319,line 18,92,public static void main ( String args [ ] ) {
100,male,20813587282,line 18,56,public static void main ( String args [ ] ) {
100,male,20813651184,line 18,60,public static void main ( String args [ ] ) {
100,male,20814115477,line 14,104,this.currentSpeed = this.currentSpeed + kmh ;
100,male,20815379065,line 16,144,return this.currentSpeed ;
100,male,20815451078,line 16,68,return this.currentSpeed ;
100,male,20816954923,line 19,56,"Vehicle v = new Vehicle ( ""Audi"" , ""A6"" , 200 ) ;"
100,male,20817054894,line 18,56,public static void main ( String args [ ] ) {
102,male,11464873866,line 12,72,this.currentSpeed = this.topSpeed ;
102,male,11465105764,line 6,88,this.type = t ;
102,male,11465185843,line 5,76,this.producer = p ;
102,male,11465289945,line 4,76,"public Vehicle ( String p , String t , int tp ) {"
102,male,11465377956,line 4,80,"public Vehicle ( String p , String t , int tp ) {"
103,female,215653078,line 10,56,public int accelerate ( int kmh ) {
103,female,216180767,line 10,88,public int accelerate ( int kmh ) {
103,female,216316852,line 11,104,if ( ( this.currentSpeed + kmh ) > this.topSpeed ) {
103,female,216504884,line 11,72,if ( ( this.currentSpeed + kmh ) > this.topSpeed ) {
103,female,219212643,line 12,76,this.currentSpeed = this.topSpeed ;
103,female,220200855,line 4,56,"public Vehicle ( String p , String t , int tp ) {"
103,female,221164545,line 8,56,this.currentSpeed = 0 ;
103,female,225300153,line 8,72,this.currentSpeed = 0 ;
103,female,225764119,line 8,84,this.currentSpeed = 0 ;
103,female,237475817,line 17,56,}
103,female,238011909,line 3,104,"int topSpeed , currentSpeed ;"
103,female,238311955,line 3,72,"int topSpeed , currentSpeed ;"
103,female,238431935,line 3,116,"int topSpeed , currentSpeed ;"
103,female,239015863,line 1,172,public class Vehicle {
103,female,239163819,line 1,108,public class Vehicle {
103,female,239275789,line 2,108,"String producer , type ;"
103,female,239415804,line 2,132,"String producer , type ;"
103,female,239771400,line 1,96,public class Vehicle {
103,female,240243808,line 1,136,public class Vehicle {
103,female,240455757,line 1,156,public class Vehicle {
103,female,240531662,line 1,72,public class Vehicle {
103,female,240643557,line 1,108,public class Vehicle {
103,female,240851604,line 1,84,public class Vehicle {
103,female,240959652,line 2,104,"String producer , type ;"
103,female,241187748,line 1,104,public class Vehicle {
103,female,241275809,line 1,84,public class Vehicle {
103,female,242247555,line 1,64,public class Vehicle {
103,female,242487639,line 1,232,public class Vehicle {
103,female,242615604,line 1,120,public class Vehicle {
103,female,242751583,line 1,132,public class Vehicle {
103,female,242863586,line 1,60,public class Vehicle {
103,female,243123586,line 1,256,public class Vehicle {
103,female,243207679,line 1,80,public class Vehicle {
103,female,243391690,line 1,180,public class Vehicle {
103,female,243535479,line 1,124,public class Vehicle {
103,female,243895368,line 3,80,"int topSpeed , currentSpeed ;"
103,female,244279457,line 3,60,"int topSpeed , currentSpeed ;"
103,female,244447421,line 3,60,"int topSpeed , currentSpeed ;"
103,female,244771367,line 2,92,"String producer , type ;"
103,female,244911376,line 2,88,"String producer , type ;"
103,female,244971385,line 2,56,"String producer , type ;"
103,female,245339323,line 2,172,"String producer , type ;"
103,female,245423287,line 2,80,"String producer , type ;"
103,female,245559281,line 3,72,"int topSpeed , currentSpeed ;"
103,female,245779593,line 3,88,"int topSpeed , currentSpeed ;"
103,female,245907386,line 2,84,"String producer , type ;"
103,female,246003335,line 2,92,"String producer , type ;"
103,female,246175278,line 2,100,"String producer , type ;"
103,female,246319240,line 2,104,"String producer , type ;"
103,female,246483210,line 2,112,"String producer , type ;"
103,female,246583219,line 2,60,"String producer , type ;"
103,female,246751243,line 2,108,"String producer , type ;"
103,female,247103157,line 2,64,"String producer , type ;"
103,female,247363128,line 2,164,"String producer , type ;"
103,female,247447119,line 2,80,"String producer , type ;"
103,female,247587122,line 2,76,"String producer , type ;"
103,female,249499025,line 3,84,"int topSpeed , currentSpeed ;"
103,female,249587021,line 3,84,"int topSpeed , currentSpeed ;"
103,female,249882746,line 3,64,"int topSpeed , currentSpeed ;"
103,female,250018863,line 3,124,"int topSpeed , currentSpeed ;"
103,female,250174988,line 3,88,"int topSpeed , currentSpeed ;"
103,female,250402846,line 3,216,"int topSpeed , currentSpeed ;"
103,female,250890886,line 2,224,"String producer , type ;"
103,female,251010884,line 3,80,"int topSpeed , currentSpeed ;"
103,female,251210842,line 3,140,"int topSpeed , currentSpeed ;"
103,female,251326775,line 3,112,"int topSpeed , currentSpeed ;"
103,female,251442728,line 3,92,"int topSpeed , currentSpeed ;"
103,female,251534696,line 3,88,"int topSpeed , currentSpeed ;"
103,female,251606697,line 3,64,"int topSpeed , currentSpeed ;"
103,female,251718718,line 3,104,"int topSpeed , currentSpeed ;"
103,female,251898747,line 2,88,"String producer , type ;"
103,female,251986747,line 2,80,"String producer , type ;"
103,female,252086699,line 2,96,"String producer , type ;"
103,female,252682699,line 3,56,"int topSpeed , currentSpeed ;"
103,female,252766707,line 3,80,"int topSpeed , currentSpeed ;"
103,female,253754620,line 4,184,"public Vehicle ( String p , String t , int tp ) {"
103,female,253906612,line 4,132,"public Vehicle ( String p , String t , int tp ) {"
103,female,254050589,line 4,64,"public Vehicle ( String p , String t , int tp ) {"
103,female,254138618,line 4,84,"public Vehicle ( String p , String t , int tp ) {"
103,female,254278619,line 4,92,"public Vehicle ( String p , String t , int tp ) {"
103,female,257070343,line 4,80,"public Vehicle ( String p , String t , int tp ) {"
103,female,257250341,line 4,64,"public Vehicle ( String p , String t , int tp ) {"
103,female,257834238,line 5,96,this.producer = p ;
103,female,257950234,line 5,104,this.producer = p ;
103,female,258146321,line 5,72,this.producer = p ;
103,female,260901913,line 8,60,this.currentSpeed = 0 ;
103,female,261182031,line 7,164,this.topSpeed = tp ;
103,female,261389979,line 8,56,this.currentSpeed = 0 ;
103,female,261565905,line 8,124,this.currentSpeed = 0 ;
103,female,262125841,line 7,104,this.topSpeed = tp ;
103,female,262213850,line 7,84,this.topSpeed = tp ;
103,female,262413774,line 7,72,this.topSpeed = tp ;
103,female,262549798,line 7,80,this.topSpeed = tp ;
103,female,263769514,line 8,80,this.currentSpeed = 0 ;
103,female,263841489,line 7,68,this.topSpeed = tp ;
103,female,264190156,line 8,88,this.currentSpeed = 0 ;
103,female,264893720,line 8,64,this.currentSpeed = 0 ;
103,female,268105502,line 7,56,this.topSpeed = tp ;
103,female,268241474,line 7,80,this.topSpeed = tp ;
103,female,269701263,line 10,56,public int accelerate ( int kmh ) {
104,female,1078024516,line 1,56,public class Vehicle {
104,female,1078308508,line 2,96,"String producer , type ;"
104,female,1078484476,line 2,56,"String producer , type ;"
104,female,1078592336,line 3,68,"int topSpeed , currentSpeed ;"
104,female,1079236408,line 2,60,"String producer , type ;"
104,female,1079564396,line 3,60,"int topSpeed , currentSpeed ;"
104,female,1103042810,line 1,56,public class Vehicle {
104,female,1174449745,line 5,64,this.producer = p ;
104,female,1180553381,line 4,128,"public Vehicle ( String p , String t , int tp ) {"
104,female,1180661379,line 4,80,"public Vehicle ( String p , String t , int tp ) {"
104,female,1180769292,line 4,104,"public Vehicle ( String p , String t , int tp ) {"
104,female,1199384417,line 10,120,public int accelerate ( int kmh ) {
104,female,1199620259,line 2,96,"String producer , type ;"
107,female,1280576628,line 12,124,this.currentSpeed = this.topSpeed ;
107,female,1281020285,line 12,120,this.currentSpeed = this.topSpeed ;
107,female,1281408223,line 11,60,if ( ( this.currentSpeed + kmh ) > this.topSpeed ) {
107,female,1281540248,line 12,128,this.currentSpeed = this.topSpeed ;
107,female,1282048164,line 11,68,if ( ( this.currentSpeed + kmh ) > this.topSpeed ) {
107,female,1283140927,line 12,172,this.currentSpeed = this.topSpeed ;
107,female,1283524749,line 12,136,this.currentSpeed = this.topSpeed ;
107,female,1283748720,line 14,120,this.currentSpeed = this.currentSpeed + kmh ;
107,female,1283848641,line 14,96,this.currentSpeed = this.currentSpeed + kmh ;
107,female,1283912568,line 14,60,this.currentSpeed = this.currentSpeed + kmh ;
107,female,1284052529,line 14,136,this.currentSpeed = this.currentSpeed + kmh ;
107,female,1284412602,line 14,152,this.currentSpeed = this.currentSpeed + kmh ;
107,female,1284956335,line 14,120,this.currentSpeed = this.currentSpeed + kmh ;
107,female,1285516451,line 14,220,this.currentSpeed = this.currentSpeed + kmh ;
107,female,1285784253,line 14,116,this.currentSpeed = this.currentSpeed + kmh ;
107,female,1285888250,line 14,100,this.currentSpeed = this.currentSpeed + kmh ;
107,female,1286352409,line 14,112,this.currentSpeed = this.currentSpeed + kmh ;
107,female,1289424125,line 19,60,"Vehicle v = new Vehicle ( ""Audi"" , ""A6"" , 200 ) ;"
107,female,1289664167,line 19,56,"Vehicle v = new Vehicle ( ""Audi"" , ""A6"" , 200 ) ;"
107,female,1289732166,line 19,64,"Vehicle v = new Vehicle ( ""Audi"" , ""A6"" , 200 ) ;"
107,female,1289824157,line 19,88,"Vehicle v = new Vehicle ( ""Audi"" , ""A6"" , 200 ) ;"
107,female,1289964150,line 19,96,"Vehicle v = new Vehicle ( ""Audi"" , ""A6"" , 200 ) ;"
107,female,1290163868,line 19,196,"Vehicle v = new Vehicle ( ""Audi"" , ""A6"" , 200 ) ;"
107,female,1290339913,line 19,136,"Vehicle v = new Vehicle ( ""Audi"" , ""A6"" , 200 ) ;"
107,female,1290459975,line 19,88,"Vehicle v = new Vehicle ( ""Audi"" , ""A6"" , 200 ) ;"
107,female,1291024071,line 20,316,v.accelerate ( 10 ) ;
107,female,1291100073,line 20,72,v.accelerate ( 10 ) ;
107,female,1291523958,line 20,64,v.accelerate ( 10 ) ;
107,female,1291707876,line 20,180,v.accelerate ( 10 ) ;
107,female,1292203878,line 20,76,v.accelerate ( 10 ) ;
107,female,1292448044,line 20,128,v.accelerate ( 10 ) ;
107,female,1292531950,line 20,80,v.accelerate ( 10 ) ;
107,female,1292759888,line 20,224,v.accelerate ( 10 ) ;
107,female,1293235751,line 5,88,this.producer = p ;
107,female,1293351617,line 5,112,this.producer = p ;
107,female,1293535751,line 2,112,"String producer , type ;"
107,female,1294595836,line 20,80,v.accelerate ( 10 ) ;
107,female,1294854831,line 20,200,v.accelerate ( 10 ) ;
107,female,1295208322,line 20,84,v.accelerate ( 10 ) ;
107,female,1295312319,line 20,100,v.accelerate ( 10 ) ;
107,female,1295520410,line 19,120,"Vehicle v = new Vehicle ( ""Audi"" , ""A6"" , 200 ) ;"
107,female,1295776398,line 19,224,"Vehicle v = new Vehicle ( ""Audi"" , ""A6"" , 200 ) ;"
111,male,11190593001,line 4,56,"public Vehicle ( String p , String t , int tp ) {"
111,male,11192188809,line 3,128,"int topSpeed , currentSpeed ;"
111,male,11192356808,line 3,164,"int topSpeed , currentSpeed ;"
111,male,11192464823,line 3,100,"int topSpeed , currentSpeed ;"
111,male,11192725175,line 1,56,public class Vehicle {
111,male,11193196636,line 1,60,public class Vehicle {
111,male,11193444694,line 2,56,"String producer , type ;"
111,male,11193504728,line 2,56,"String producer , type ;"
111,male,11194336686,line 2,68,"String producer , type ;"
111,male,11194564577,line 2,76,"String producer , type ;"
111,male,11194624561,line 2,56,"String producer , type ;"
111,male,11194836572,line 3,56,"int topSpeed , currentSpeed ;"
111,male,11194940572,line 3,100,"int topSpeed , currentSpeed ;"
111,male,11195080575,line 3,76,"int topSpeed , currentSpeed ;"
111,male,11195160577,line 3,76,"int topSpeed , currentSpeed ;"
111,male,11195536563,line 3,68,"int topSpeed , currentSpeed ;"
111,male,11195868546,line 2,64,"String producer , type ;"
111,male,11196092478,line 4,68,"public Vehicle ( String p , String t , int tp ) {"
111,male,11196492629,line 4,80,"public Vehicle ( String p , String t , int tp ) {"
111,male,11196604770,line 4,64,"public Vehicle ( String p , String t , int tp ) {"
111,male,11196820424,line 5,160,this.producer = p ;
111,male,11196912438,line 5,88,this.producer = p ;
111,male,11197084450,line 5,72,this.producer = p ;
111,male,11197196432,line 5,76,this.producer = p ;
111,male,11197821689,line 5,144,this.producer = p ;
111,male,11200516131,line 10,64,public int accelerate ( int kmh ) {
111,male,11202955729,line 8,68,this.currentSpeed = 0 ;
111,male,11203067693,line 8,72,this.currentSpeed = 0 ;
111,male,11203219843,line 8,72,this.currentSpeed = 0 ;
111,male,11212679073,line 7,68,this.topSpeed = tp ;
111,male,11215470840,line 8,56,this.currentSpeed = 0 ;
111,male,11217338734,line 7,84,this.topSpeed = tp ;
111,male,11217466719,line 8,68,this.currentSpeed = 0 ;
111,male,11219258514,line 4,60,"public Vehicle ( String p , String t , int tp ) {"
111,male,11221602351,line 8,84,this.currentSpeed = 0 ;
111,male,11229436186,line 19,64,"Vehicle v = new Vehicle ( ""Audi"" , ""A6"" , 200 ) ;"
111,male,11229616273,line 19,56,"Vehicle v = new Vehicle ( ""Audi"" , ""A6"" , 200 ) ;"
111,male,11229684266,line 19,64,"Vehicle v = new Vehicle ( ""Audi"" , ""A6"" , 200 ) ;"
111,male,11229748211,line 19,60,"Vehicle v = new Vehicle ( ""Audi"" , ""A6"" , 200 ) ;"
111,male,11230047585,line 19,128,"Vehicle v = new Vehicle ( ""Audi"" , ""A6"" , 200 ) ;"
111,male,11230884054,line 18,56,public static void main ( String args [ ] ) {
111,male,11230992022,line 18,96,public static void main ( String args [ ] ) {
111,male,11231196012,line 18,104,public static void main ( String args [ ] ) {
113,male,3660806799,line 7,140,this.topSpeed = tp ;
113,male,3660915137,line 3,56,"int topSpeed , currentSpeed ;"
113,male,3661043112,line 3,124,"int topSpeed , currentSpeed ;"
113,male,3662302966,line 1,112,public class Vehicle {
113,male,3662918959,line 1,64,public class Vehicle {
113,male,3663059029,line 1,92,public class Vehicle {
113,male,3664538923,line 1,108,public class Vehicle {
113,male,3664930876,line 2,68,"String producer , type ;"
113,male,3665062903,line 1,84,public class Vehicle {
113,male,3665370895,line 2,68,"String producer , type ;"
113,male,3665642902,line 1,148,public class Vehicle {
113,male,3665734908,line 3,72,"int topSpeed , currentSpeed ;"
113,male,3665838851,line 3,100,"int topSpeed , currentSpeed ;"
113,male,3666062622,line 3,72,"int topSpeed , currentSpeed ;"
113,male,3666146652,line 3,60,"int topSpeed , currentSpeed ;"
113,male,3666206688,line 3,56,"int topSpeed , currentSpeed ;"
113,male,3666334740,line 3,124,"int topSpeed , currentSpeed ;"
113,male,3666634723,line 3,80,"int topSpeed , currentSpeed ;"
113,male,3667706626,line 2,184,"String producer , type ;"
113,male,3667858444,line 2,88,"String producer , type ;"
113,male,3667958499,line 3,96,"int topSpeed , currentSpeed ;"
113,male,3668018545,line 2,56,"String producer , type ;"
113,male,3668094612,line 3,72,"int topSpeed , currentSpeed ;"
113,male,3668230642,line 3,128,"int topSpeed , currentSpeed ;"
113,male,3668334628,line 3,100,"int topSpeed , currentSpeed ;"
113,male,3668958622,line 4,88,"public Vehicle ( String p , String t , int tp ) {"
113,male,3669234528,line 4,84,"public Vehicle ( String p , String t , int tp ) {"
113,male,3669586408,line 5,132,this.producer = p ;
113,male,3669850613,line 3,60,"int topSpeed , currentSpeed ;"
113,male,3670014570,line 3,160,"int topSpeed , currentSpeed ;"
113,male,3670654483,line 5,80,this.producer = p ;
113,male,3670730481,line 5,72,this.producer = p ;
113,male,3670842472,line 5,108,this.producer = p ;
113,male,3671070490,line 5,188,this.producer = p ;
113,male,3671138478,line 5,64,this.producer = p ;
113,male,3671218456,line 5,68,this.producer = p ;
113,male,3671594421,line 7,88,this.topSpeed = tp ;
113,male,3671918362,line 7,124,this.topSpeed = tp ;
113,male,3672162351,line 10,60,public int accelerate ( int kmh ) {
113,male,3672846308,line 8,72,this.currentSpeed = 0 ;
113,male,3674542219,line 10,56,public int accelerate ( int kmh ) {
113,male,3675610076,line 11,80,if ( ( this.currentSpeed + kmh ) > this.topSpeed ) {
113,male,3675990061,line 10,96,public int accelerate ( int kmh ) {
113,male,3676102074,line 10,68,public int accelerate ( int kmh ) {
113,male,3676218065,line 10,56,public int accelerate ( int kmh ) {
113,male,3676333988,line 10,64,public int accelerate ( int kmh ) {
113,male,3676481981,line 10,56,public int accelerate ( int kmh ) {
113,male,3678625971,line 11,76,if ( ( this.currentSpeed + kmh ) > this.topSpeed ) {
113,male,3678926002,line 10,124,public int accelerate ( int kmh ) {
113,male,3679129886,line 10,96,public int accelerate ( int kmh ) {
113,male,3681677604,line 11,68,if ( ( this.currentSpeed + kmh ) > this.topSpeed ) {
113,male,3683001454,line 11,56,if ( ( this.currentSpeed + kmh ) > this.topSpeed ) {
113,male,3683665587,line 11,60,if ( ( this.currentSpeed + kmh ) > this.topSpeed ) {
113,male,3683729586,line 11,60,if ( ( this.currentSpeed + kmh ) > this.topSpeed ) {
113,male,3683797578,line 10,64,public int accelerate ( int kmh ) {
113,male,3684017548,line 11,116,if ( ( this.currentSpeed + kmh ) > this.topSpeed ) {
113,male,3684177541,line 11,100,if ( ( this.currentSpeed + kmh ) > this.topSpeed ) {
113,male,3684465547,line 11,60,if ( ( this.currentSpeed + kmh ) > this.topSpeed ) {
113,male,3685025427,line 14,56,this.currentSpeed = this.currentSpeed + kmh ;
113,male,3685449400,line 16,80,return this.currentSpeed ;
113,male,3685549397,line 16,96,return this.currentSpeed ;
113,male,3686585333,line 8,72,this.currentSpeed = 0 ;
113,male,3686645299,line 8,56,this.currentSpeed = 0 ;
113,male,3690237205,line 10,128,public int accelerate ( int kmh ) {
113,male,3690480831,line 11,156,if ( ( this.currentSpeed + kmh ) > this.topSpeed ) {
113,male,3690905054,line 11,60,if ( ( this.currentSpeed + kmh ) > this.topSpeed ) {
113,male,3690973051,line 11,64,if ( ( this.currentSpeed + kmh ) > this.topSpeed ) {
113,male,3691177041,line 12,56,this.currentSpeed = this.topSpeed ;
113,male,3691281034,line 12,100,this.currentSpeed = this.topSpeed ;
113,male,3691381029,line 12,96,this.currentSpeed = this.topSpeed ;
113,male,3691533043,line 11,68,if ( ( this.currentSpeed + kmh ) > this.topSpeed ) {
113,male,3691881061,line 10,64,public int accelerate ( int kmh ) {
113,male,3692089066,line 10,100,public int accelerate ( int kmh ) {
113,male,3692333034,line 11,64,if ( ( this.currentSpeed + kmh ) > this.topSpeed ) {
113,male,3692476887,line 11,88,if ( ( this.currentSpeed + kmh ) > this.topSpeed ) {
113,male,3692716870,line 11,140,if ( ( this.currentSpeed + kmh ) > this.topSpeed ) {
113,male,3692964900,line 11,136,if ( ( this.currentSpeed + kmh ) > this.topSpeed ) {
113,male,3693112864,line 11,144,if ( ( this.currentSpeed + kmh ) > this.topSpeed ) {
113,male,3693320877,line 11,120,if ( ( this.currentSpeed + kmh ) > this.topSpeed ) {
113,male,3693392887,line 11,68,if ( ( this.currentSpeed + kmh ) > this.topSpeed ) {
113,male,3693576904,line 10,100,public int accelerate ( int kmh ) {
113,male,3693688913,line 10,108,public int accelerate ( int kmh ) {
113,male,3693776911,line 10,84,public int accelerate ( int kmh ) {
113,male,3693872900,line 10,92,public int accelerate ( int kmh ) {
113,male,3694692793,line 10,60,public int accelerate ( int kmh ) {
113,male,3694804776,line 10,72,public int accelerate ( int kmh ) {
113,male,3694880769,line 10,72,public int accelerate ( int kmh ) {
113,male,3694984784,line 10,100,public int accelerate ( int kmh ) {
113,male,3695092802,line 10,104,public int accelerate ( int kmh ) {
113,male,3695348894,line 10,64,public int accelerate ( int kmh ) {
113,male,3695964639,line 11,84,if ( ( this.currentSpeed + kmh ) > this.topSpeed ) {
113,male,3696312542,line 11,64,if ( ( this.currentSpeed + kmh ) > this.topSpeed ) {
113,male,3696912701,line 11,72,if ( ( this.currentSpeed + kmh ) > this.topSpeed ) {
113,male,3697716658,line 13,104,} else {
113,male,3697816675,line 13,96,} else {
113,male,3697936493,line 14,68,this.currentSpeed = this.currentSpeed + kmh ;
113,male,3698016359,line 14,76,this.currentSpeed = this.currentSpeed + kmh ;
113,male,3698164400,line 13,64,} else {
113,male,3698324528,line 14,84,this.currentSpeed = this.currentSpeed + kmh ;
113,male,3698400544,line 14,72,this.currentSpeed = this.currentSpeed + kmh ;
113,male,3698492550,line 14,88,this.currentSpeed = this.currentSpeed + kmh ;
113,male,3698648528,line 16,76,return this.currentSpeed ;
113,male,3698724524,line 16,72,return this.currentSpeed ;
113,male,3699856406,line 14,64,this.currentSpeed = this.currentSpeed + kmh ;
113,male,3700508465,line 13,56,} else {
113,male,3700608408,line 13,96,} else {
113,male,3700696365,line 14,56,this.currentSpeed = this.currentSpeed + kmh ;
113,male,3700920360,line 14,172,this.currentSpeed = this.currentSpeed + kmh ;
113,male,3701280350,line 14,156,this.currentSpeed = this.currentSpeed + kmh ;
113,male,3701516408,line 14,68,this.currentSpeed = this.currentSpeed + kmh ;
113,male,3704184085,line 11,60,if ( ( this.currentSpeed + kmh ) > this.topSpeed ) {
113,male,3704252072,line 11,64,if ( ( this.currentSpeed + kmh ) > this.topSpeed ) {
113,male,3704700018,line 12,156,this.currentSpeed = this.topSpeed ;
113,male,3704848048,line 12,144,this.currentSpeed = this.topSpeed ;
113,male,3704956082,line 11,64,if ( ( this.currentSpeed + kmh ) > this.topSpeed ) {
113,male,3705064102,line 11,104,if ( ( this.currentSpeed + kmh ) > this.topSpeed ) {
113,male,3705124102,line 11,56,if ( ( this.currentSpeed + kmh ) > this.topSpeed ) {
113,male,3705591903,line 16,156,return this.currentSpeed ;
113,male,3705987978,line 11,96,if ( ( this.currentSpeed + kmh ) > this.topSpeed ) {
113,male,3706115986,line 11,124,if ( ( this.currentSpeed + kmh ) > this.topSpeed ) {
113,male,3706231989,line 11,112,if ( ( this.currentSpeed + kmh ) > this.topSpeed ) {
113,male,3706359981,line 11,96,if ( ( this.currentSpeed + kmh ) > this.topSpeed ) {
113,male,3706515972,line 12,60,this.currentSpeed = this.topSpeed ;
113,male,3706651988,line 12,84,this.currentSpeed = this.topSpeed ;
113,male,3706860055,line 12,68,this.currentSpeed = this.topSpeed ;
113,male,3706972054,line 11,60,if ( ( this.currentSpeed + kmh ) > this.topSpeed ) {
113,male,3707471871,line 12,220,this.currentSpeed = this.topSpeed ;
113,male,3707651843,line 11,84,if ( ( this.currentSpeed + kmh ) > this.topSpeed ) {
113,male,3707951859,line 11,92,if ( ( this.currentSpeed + kmh ) > this.topSpeed ) {
113,male,3708111818,line 14,84,this.currentSpeed = this.currentSpeed + kmh ;
113,male,3708259821,line 10,76,public int accelerate ( int kmh ) {
113,male,3708411930,line 10,104,public int accelerate ( int kmh ) {
113,male,3708739899,line 10,128,public int accelerate ( int kmh ) {
113,male,3709123910,line 14,112,this.currentSpeed = this.currentSpeed + kmh ;
113,male,3709219954,line 14,92,this.currentSpeed = this.currentSpeed + kmh ;
113,male,3709567776,line 14,260,this.currentSpeed = this.currentSpeed + kmh ;
113,male,3710063716,line 18,128,public static void main ( String args [ ] ) {
113,male,3710351746,line 20,96,v.accelerate ( 10 ) ;
113,male,3710991755,line 20,64,v.accelerate ( 10 ) ;
113,male,3711107694,line 20,112,v.accelerate ( 10 ) ;
118,male,7605481658,line 7,264,this.topSpeed = tp ;
118,male,7605821528,line 2,64,"String producer , type ;"
118,male,7605893521,line 2,68,"String producer , type ;"
118,male,7606249611,line 1,156,public class Vehicle {
118,male,7606317641,line 1,64,public class Vehicle {
118,male,7606417637,line 1,96,public class Vehicle {
118,male,7606641570,line 2,196,"String producer , type ;"
118,male,7606717560,line 2,72,"String producer , type ;"
118,male,7606873551,line 2,112,"String producer , type ;"
118,male,7607049541,line 2,172,"String producer , type ;"
118,male,7607321488,line 2,228,"String producer , type ;"
118,male,7607589272,line 2,208,"String producer , type ;"
118,male,7607657356,line 2,64,"String producer , type ;"
118,male,7607813512,line 2,88,"String producer , type ;"
118,male,7607933528,line 2,116,"String producer , type ;"
118,male,7608149436,line 2,184,"String producer , type ;"
118,male,7608401393,line 2,204,"String producer , type ;"
118,male,7608529377,line 2,84,"String producer , type ;"
118,male,7608757413,line 3,172,"int topSpeed , currentSpeed ;"
118,male,7609121431,line 3,308,"int topSpeed , currentSpeed ;"
118,male,7609205372,line 3,80,"int topSpeed , currentSpeed ;"
118,male,7609581260,line 3,372,"int topSpeed , currentSpeed ;"
118,male,7609657272,line 3,72,"int topSpeed , currentSpeed ;"
118,male,7609905291,line 3,244,"int topSpeed , currentSpeed ;"
118,male,7610933278,line 4,500,"public Vehicle ( String p , String t , int tp ) {"
118,male,7611865114,line 4,156,"public Vehicle ( String p , String t , int tp ) {"
118,male,7612089139,line 4,204,"public Vehicle ( String p , String t , int tp ) {"
118,male,7612313148,line 4,172,"public Vehicle ( String p , String t , int tp ) {"
118,male,7612773138,line 4,224,"public Vehicle ( String p , String t , int tp ) {"
118,male,7613061115,line 4,248,"public Vehicle ( String p , String t , int tp ) {"
118,male,7613141051,line 5,76,this.producer = p ;
118,male,7613209018,line 5,64,this.producer = p ;
118,male,7613429022,line 6,172,this.type = t ;
118,male,7613977047,line 4,232,"public Vehicle ( String p , String t , int tp ) {"
118,male,7614625034,line 5,108,this.producer = p ;
118,male,7614841020,line 8,176,this.currentSpeed = 0 ;
118,male,7614948964,line 8,104,this.currentSpeed = 0 ;
118,male,7615344843,line 7,316,this.topSpeed = tp ;
118,male,7615504870,line 7,144,this.topSpeed = tp ;
118,male,7615640866,line 7,132,this.topSpeed = tp ;
118,male,7615832868,line 7,116,this.topSpeed = tp ;
118,male,7615916878,line 7,80,this.topSpeed = tp ;
118,male,7616016901,line 8,60,this.currentSpeed = 0 ;
118,male,7616112918,line 8,92,this.currentSpeed = 0 ;
118,male,7616280895,line 10,128,public int accelerate ( int kmh ) {
118,male,7616512792,line 10,204,public int accelerate ( int kmh ) {
118,male,7616608822,line 10,92,public int accelerate ( int kmh ) {
118,male,7616764905,line 10,144,public int accelerate ( int kmh ) {
118,male,7616868762,line 10,100,public int accelerate ( int kmh ) {
118,male,7617004630,line 10,132,public int accelerate ( int kmh ) {
118,male,7617136722,line 11,96,if ( ( this.currentSpeed + kmh ) > this.topSpeed ) {
118,male,7617324742,line 11,92,if ( ( this.currentSpeed + kmh ) > this.topSpeed ) {
118,male,7617412727,line 11,84,if ( ( this.currentSpeed + kmh ) > this.topSpeed ) {
118,male,7617736861,line 11,240,if ( ( this.currentSpeed + kmh ) > this.topSpeed ) {
118,male,7617820886,line 11,72,if ( ( this.currentSpeed + kmh ) > this.topSpeed ) {
118,male,7617948855,line 11,124,if ( ( this.currentSpeed + kmh ) > this.topSpeed ) {
118,male,7618144760,line 11,140,if ( ( this.currentSpeed + kmh ) > this.topSpeed ) {
118,male,7618524726,line 11,320,if ( ( this.currentSpeed + kmh ) > this.topSpeed ) {
118,male,7618856525,line 11,88,if ( ( this.currentSpeed + kmh ) > this.topSpeed ) {
118,male,7619020672,line 11,160,if ( ( this.currentSpeed + kmh ) > this.topSpeed ) {
118,male,7619196610,line 11,160,if ( ( this.currentSpeed + kmh ) > this.topSpeed ) {
118,male,7619312614,line 11,112,if ( ( this.currentSpeed + kmh ) > this.topSpeed ) {
118,male,7619428633,line 11,84,if ( ( this.currentSpeed + kmh ) > this.topSpeed ) {
118,male,7619496660,line 11,64,if ( ( this.currentSpeed + kmh ) > this.topSpeed ) {
118,male,7619588694,line 11,68,if ( ( this.currentSpeed + kmh ) > this.topSpeed ) {
118,male,7619912622,line 11,216,if ( ( this.currentSpeed + kmh ) > this.topSpeed ) {
118,male,7620144627,line 11,228,if ( ( this.currentSpeed + kmh ) > this.topSpeed ) {
118,male,7620560621,line 11,412,if ( ( this.currentSpeed + kmh ) > this.topSpeed ) {
118,male,7620920425,line 11,148,if ( ( this.currentSpeed + kmh ) > this.topSpeed ) {
118,male,7621208481,line 10,76,public int accelerate ( int kmh ) {
118,male,7621384516,line 10,104,public int accelerate ( int kmh ) {
118,male,7621464527,line 10,60,public int accelerate ( int kmh ) {
118,male,7621544545,line 10,76,public int accelerate ( int kmh ) {
118,male,7621628563,line 10,80,public int accelerate ( int kmh ) {
118,male,7621720568,line 11,64,if ( ( this.currentSpeed + kmh ) > this.topSpeed ) {
118,male,7621836562,line 11,112,if ( ( this.currentSpeed + kmh ) > this.topSpeed ) {
118,male,7622124484,line 11,260,if ( ( this.currentSpeed + kmh ) > this.topSpeed ) {
118,male,7622328460,line 12,160,this.currentSpeed = this.topSpeed ;
118,male,7622464409,line 12,112,this.currentSpeed = this.topSpeed ;
118,male,7622668170,line 12,120,this.currentSpeed = this.topSpeed ;
118,male,7622844310,line 12,140,this.currentSpeed = this.topSpeed ;
118,male,7622992391,line 12,144,this.currentSpeed = this.topSpeed ;
118,male,7623192361,line 12,196,this.currentSpeed = this.topSpeed ;
118,male,7623384271,line 12,188,this.currentSpeed = this.topSpeed ;
118,male,7623624337,line 14,176,this.currentSpeed = this.currentSpeed + kmh ;
118,male,7623724376,line 14,60,this.currentSpeed = this.currentSpeed + kmh ;
118,male,7624036411,line 14,68,this.currentSpeed = this.currentSpeed + kmh ;
118,male,7624176371,line 14,124,this.currentSpeed = this.currentSpeed + kmh ;
118,male,7624244362,line 14,64,this.currentSpeed = this.currentSpeed + kmh ;
118,male,7624384252,line 14,112,this.currentSpeed = this.currentSpeed + kmh ;
118,male,7624612124,line 14,196,this.currentSpeed = this.currentSpeed + kmh ;
118,male,7624728214,line 16,72,return this.currentSpeed ;
118,male,7624880257,line 16,148,return this.currentSpeed ;
118,male,7625904239,line 16,200,return this.currentSpeed ;
118,male,7626419934,line 14,100,this.currentSpeed = this.currentSpeed + kmh ;
118,male,7626724070,line 14,284,this.currentSpeed = this.currentSpeed + kmh ;
118,male,7627040171,line 14,176,this.currentSpeed = this.currentSpeed + kmh ;
118,male,7627104151,line 14,60,this.currentSpeed = this.currentSpeed + kmh ;
118,male,7627840023,line 16,148,return this.currentSpeed ;
118,male,7628100030,line 19,172,"Vehicle v = new Vehicle ( ""Audi"" , ""A6"" , 200 ) ;"
118,male,7628331984,line 19,160,"Vehicle v = new Vehicle ( ""Audi"" , ""A6"" , 200 ) ;"
118,male,7628503973,line 20,124,v.accelerate ( 10 ) ;
118,male,7628687993,line 20,152,v.accelerate ( 10 ) ;
118,male,7628931959,line 19,220,"Vehicle v = new Vehicle ( ""Audi"" , ""A6"" , 200 ) ;"
118,male,7629351912,line 19,108,"Vehicle v = new Vehicle ( ""Audi"" , ""A6"" , 200 ) ;"
118,male,7629595964,line 19,208,"Vehicle v = new Vehicle ( ""Audi"" , ""A6"" , 200 ) ;"
118,male,7630175843,line 19,296,"Vehicle v = new Vehicle ( ""Audi"" , ""A6"" , 200 ) ;"
118,male,7631651820,line 20,120,v.accelerate ( 10 ) ;
118,male,7632647640,line 14,132,this.currentSpeed = this.currentSpeed + kmh ;
118,male,7632987706,line 11,156,if ( ( this.currentSpeed + kmh ) > this.topSpeed ) {
118,male,7633267786,line 4,208,"public Vehicle ( String p , String t , int tp ) {"
118,male,7634215549,line 19,80,"Vehicle v = new Vehicle ( ""Audi"" , ""A6"" , 200 ) ;"
118,male,7634307582,line 19,60,"Vehicle v = new Vehicle ( ""Audi"" , ""A6"" , 200 ) ;"
118,male,7634415611,line 19,104,"Vehicle v = new Vehicle ( ""Audi"" , ""A6"" , 200 ) ;"
118,male,7634515588,line 20,72,v.accelerate ( 10 ) ;
118,male,7634687577,line 20,168,v.accelerate ( 10 ) ;
118,male,7635079595,line 5,104,this.producer = p ;
118,male,7635191581,line 11,92,if ( ( this.currentSpeed + kmh ) > this.topSpeed ) {
118,male,7635263567,line 11,68,if ( ( this.currentSpeed + kmh ) > this.topSpeed ) {
118,male,7635331554,line 11,64,if ( ( this.currentSpeed + kmh ) > this.topSpeed ) {
118,male,7635595531,line 12,232,this.currentSpeed = this.topSpeed ;
118,male,7635791441,line 14,160,this.currentSpeed = this.currentSpeed + kmh ;
118,male,7636259561,line 12,252,this.currentSpeed = this.topSpeed ;
118,male,7636855441,line 11,172,if ( ( this.currentSpeed + kmh ) > this.topSpeed ) {
118,male,7637275444,line 13,132,} else {
118,male,7637423415,line 12,92,this.currentSpeed = this.topSpeed ;
118,male,7637627436,line 11,136,if ( ( this.currentSpeed + kmh ) > this.topSpeed ) {
118,male,7637763323,line 11,120,if ( ( this.currentSpeed + kmh ) > this.topSpeed ) {
118,male,7637883336,line 11,116,if ( ( this.currentSpeed + kmh ) > this.topSpeed ) {
118,male,7637991370,line 11,84,if ( ( this.currentSpeed + kmh ) > this.topSpeed ) {
118,male,7638139347,line 11,144,if ( ( this.currentSpeed + kmh ) > this.topSpeed ) {
118,male,7638539319,line 11,184,if ( ( this.currentSpeed + kmh ) > this.topSpeed ) {
118,male,7638711322,line 11,136,if ( ( this.currentSpeed + kmh ) > this.topSpeed ) {
119,male,22590663221,line 1,56,public class Vehicle {
119,male,22591303248,line 1,64,public class Vehicle {
119,male,22591459261,line 1,60,public class Vehicle {
119,male,22591811252,line 3,84,"int topSpeed , currentSpeed ;"
119,male,22592199054,line 2,68,"String producer , type ;"
119,male,22592395116,line 2,72,"String producer , type ;"
119,male,22592803170,line 2,80,"String producer , type ;"
119,male,22593975008,line 3,68,"int topSpeed , currentSpeed ;"
119,male,22594582999,line 4,68,"public Vehicle ( String p , String t , int tp ) {"
119,male,22594798986,line 4,72,"public Vehicle ( String p , String t , int tp ) {"
119,male,22595142963,line 4,60,"public Vehicle ( String p , String t , int tp ) {"
119,male,22595850863,line 4,56,"public Vehicle ( String p , String t , int tp ) {"
119,male,22596038848,line 5,72,this.producer = p ;
119,male,22597302773,line 4,56,"public Vehicle ( String p , String t , int tp ) {"
119,male,22597578755,line 4,72,"public Vehicle ( String p , String t , int tp ) {"
119,male,22597946707,line 5,64,this.producer = p ;
119,male,22601738352,line 10,56,public int accelerate ( int kmh ) {
120,male,10025493494,line 2,180,"String producer , type ;"
120,male,10029101253,line 4,56,"public Vehicle ( String p , String t , int tp ) {"
120,male,10033776627,line 2,96,"String producer , type ;"
120,male,10034092740,line 2,216,"String producer , type ;"
120,male,10034340799,line 2,196,"String producer , type ;"
120,male,10034556826,line 2,160,"String producer , type ;"
120,male,10034828959,line 2,100,"String producer , type ;"
120,male,10034924906,line 2,92,"String producer , type ;"
120,male,10034988860,line 2,60,"String producer , type ;"
120,male,10035104796,line 2,60,"String producer , type ;"
120,male,10035220740,line 2,112,"String producer , type ;"
120,male,10035420657,line 2,96,"String producer , type ;"
120,male,10035604671,line 2,156,"String producer , type ;"
120,male,10035828684,line 2,192,"String producer , type ;"
120,male,10035924679,line 2,92,"String producer , type ;"
120,male,10036060661,line 2,128,"String producer , type ;"
120,male,10036160662,line 2,96,"String producer , type ;"
120,male,10036420692,line 2,192,"String producer , type ;"
120,male,10036496701,line 3,72,"int topSpeed , currentSpeed ;"
120,male,10036756654,line 2,76,"String producer , type ;"
120,male,10037020403,line 2,188,"String producer , type ;"
120,male,10037240461,line 2,100,"String producer , type ;"
120,male,10037372509,line 2,104,"String producer , type ;"
120,male,10037448534,line 2,72,"String producer , type ;"
120,male,10037560525,line 2,108,"String producer , type ;"
120,male,10037724507,line 2,124,"String producer , type ;"
120,male,10037904538,line 2,132,"String producer , type ;"
120,male,10038028554,line 2,120,"String producer , type ;"
120,male,10040416289,line 4,96,"public Vehicle ( String p , String t , int tp ) {"
120,male,10040692234,line 3,64,"int topSpeed , currentSpeed ;"
120,male,10040896261,line 2,164,"String producer , type ;"
120,male,10041056333,line 3,84,"int topSpeed , currentSpeed ;"
120,male,10041520173,line 1,68,public class Vehicle {
120,male,10041600063,line 1,76,public class Vehicle {
120,male,10041952161,line 1,80,public class Vehicle {
120,male,10042080150,line 1,124,public class Vehicle {
120,male,10042152155,line 1,68,public class Vehicle {
120,male,10042288142,line 1,112,public class Vehicle {
120,male,10042592095,line 1,300,public class Vehicle {
120,male,10042780093,line 2,56,"String producer , type ;"
120,male,10043167934,line 3,132,"int topSpeed , currentSpeed ;"
120,male,10043371914,line 3,200,"int topSpeed , currentSpeed ;"
120,male,10043788174,line 2,68,"String producer , type ;"
120,male,10044172013,line 4,280,"public Vehicle ( String p , String t , int tp ) {"
120,male,10044879913,line 4,128,"public Vehicle ( String p , String t , int tp ) {"
120,male,10045823868,line 4,60,"public Vehicle ( String p , String t , int tp ) {"
120,male,10045983852,line 4,156,"public Vehicle ( String p , String t , int tp ) {"
120,male,10046283696,line 4,184,"public Vehicle ( String p , String t , int tp ) {"
120,male,10046579712,line 4,128,"public Vehicle ( String p , String t , int tp ) {"
120,male,10046983750,line 4,132,"public Vehicle ( String p , String t , int tp ) {"
120,male,10047123742,line 4,80,"public Vehicle ( String p , String t , int tp ) {"
120,male,10047199736,line 4,72,"public Vehicle ( String p , String t , int tp ) {"
120,male,10047355748,line 6,60,this.type = t ;
120,male,10047423745,line 6,64,this.type = t ;
120,male,10047631712,line 6,80,this.type = t ;
120,male,10047719673,line 6,84,this.type = t ;
120,male,10047959494,line 5,72,this.producer = p ;
120,male,10048115605,line 4,92,"public Vehicle ( String p , String t , int tp ) {"
120,male,10048251639,line 4,76,"public Vehicle ( String p , String t , int tp ) {"
120,male,10048651625,line 6,240,this.type = t ;
120,male,10049519469,line 6,76,this.type = t ;
120,male,10049779471,line 7,112,this.topSpeed = tp ;
120,male,10050443230,line 7,472,this.topSpeed = tp ;
120,male,10050803431,line 8,308,this.currentSpeed = 0 ;
120,male,10050923301,line 8,68,this.currentSpeed = 0 ;
120,male,10051127265,line 8,200,this.currentSpeed = 0 ;
120,male,10051247335,line 8,68,this.currentSpeed = 0 ;
120,male,10051395363,line 8,144,this.currentSpeed = 0 ;
120,male,10051559389,line 10,100,public int accelerate ( int kmh ) {
120,male,10051843385,line 10,228,public int accelerate ( int kmh ) {
120,male,10052427328,line 10,184,public int accelerate ( int kmh ) {
120,male,10052607099,line 10,176,public int accelerate ( int kmh ) {
120,male,10053443204,line 10,60,public int accelerate ( int kmh ) {
120,male,10053535178,line 10,64,public int accelerate ( int kmh ) {
120,male,10053795197,line 10,256,public int accelerate ( int kmh ) {
120,male,10054139113,line 10,340,public int accelerate ( int kmh ) {
120,male,10054599057,line 10,368,public int accelerate ( int kmh ) {
120,male,10054735081,line 10,132,public int accelerate ( int kmh ) {
120,male,10054891105,line 10,152,public int accelerate ( int kmh ) {
120,male,10055083106,line 10,188,public int accelerate ( int kmh ) {
120,male,10055167146,line 10,80,public int accelerate ( int kmh ) {
120,male,10055355136,line 10,184,public int accelerate ( int kmh ) {
120,male,10055467074,line 10,108,public int accelerate ( int kmh ) {
120,male,10055714882,line 10,220,public int accelerate ( int kmh ) {
120,male,10055846873,line 11,80,if ( ( this.currentSpeed + kmh ) > this.topSpeed ) {
120,male,10055926916,line 11,76,if ( ( this.currentSpeed + kmh ) > this.topSpeed ) {
120,male,10056466968,line 11,212,if ( ( this.currentSpeed + kmh ) > this.topSpeed ) {
120,male,10056594971,line 11,104,if ( ( this.currentSpeed + kmh ) > this.topSpeed ) {
120,male,10057222704,line 11,244,if ( ( this.currentSpeed + kmh ) > this.topSpeed ) {
120,male,10057342650,line 11,68,if ( ( this.currentSpeed + kmh ) > this.topSpeed ) {
120,male,10057966850,line 11,188,if ( ( this.currentSpeed + kmh ) > this.topSpeed ) {
120,male,10058158835,line 11,188,if ( ( this.currentSpeed + kmh ) > this.topSpeed ) {
120,male,10059242666,line 11,100,if ( ( this.currentSpeed + kmh ) > this.topSpeed ) {
120,male,10059306663,line 11,60,if ( ( this.currentSpeed + kmh ) > this.topSpeed ) {
120,male,10059462643,line 11,132,if ( ( this.currentSpeed + kmh ) > this.topSpeed ) {
120,male,10059914719,line 12,116,this.currentSpeed = this.topSpeed ;
120,male,10060086740,line 12,168,this.currentSpeed = this.topSpeed ;
120,male,10060250602,line 12,116,this.currentSpeed = this.topSpeed ;
120,male,10060518463,line 12,120,this.currentSpeed = this.topSpeed ;
120,male,10060778550,line 11,128,if ( ( this.currentSpeed + kmh ) > this.topSpeed ) {
120,male,10060974533,line 12,144,this.currentSpeed = this.topSpeed ;
120,male,10061150499,line 11,68,if ( ( this.currentSpeed + kmh ) > this.topSpeed ) {
120,male,10061354516,line 12,200,this.currentSpeed = this.topSpeed ;
120,male,10061502553,line 11,72,if ( ( this.currentSpeed + kmh ) > this.topSpeed ) {
120,male,10061870451,line 11,76,if ( ( this.currentSpeed + kmh ) > this.topSpeed ) {
120,male,10062322791,line 10,192,public int accelerate ( int kmh ) {
120,male,10062678489,line 10,128,public int accelerate ( int kmh ) {
120,male,10063366427,line 10,252,public int accelerate ( int kmh ) {
120,male,10063558357,line 11,116,if ( ( this.currentSpeed + kmh ) > this.topSpeed ) {
120,male,10063786336,line 11,136,if ( ( this.currentSpeed + kmh ) > this.topSpeed ) {
120,male,10063918494,line 11,72,if ( ( this.currentSpeed + kmh ) > this.topSpeed ) {
120,male,10064330266,line 11,156,if ( ( this.currentSpeed + kmh ) > this.topSpeed ) {
120,male,10064566276,line 13,84,} else {
120,male,10064682285,line 13,56,} else {
120,male,10065146279,line 14,112,this.currentSpeed = this.currentSpeed + kmh ;
120,male,10065358130,line 14,164,this.currentSpeed = this.currentSpeed + kmh ;
120,male,10066562052,line 16,284,return this.currentSpeed ;
120,male,10066797972,line 16,56,return this.currentSpeed ;
120,male,10067042061,line 16,72,return this.currentSpeed ;
120,male,10067222060,line 16,144,return this.currentSpeed ;
120,male,10067314049,line 16,88,return this.currentSpeed ;
120,male,10067522032,line 16,184,return this.currentSpeed ;
120,male,10067830010,line 16,208,return this.currentSpeed ;
120,male,10068701832,line 14,68,this.currentSpeed = this.currentSpeed + kmh ;
120,male,10068885785,line 18,64,public static void main ( String args [ ] ) {
120,male,10068969788,line 18,80,public static void main ( String args [ ] ) {
120,male,10069129862,line 19,116,"Vehicle v = new Vehicle ( ""Audi"" , ""A6"" , 200 ) ;"
120,male,10069229921,line 19,96,"Vehicle v = new Vehicle ( ""Audi"" , ""A6"" , 200 ) ;"
120,male,10069453891,line 19,160,"Vehicle v = new Vehicle ( ""Audi"" , ""A6"" , 200 ) ;"
120,male,10069869770,line 19,112,"Vehicle v = new Vehicle ( ""Audi"" , ""A6"" , 200 ) ;"
120,male,10070273825,line 18,72,public static void main ( String args [ ] ) {
120,male,10070573113,line 18,236,public static void main ( String args [ ] ) {
120,male,10070925707,line 18,140,public static void main ( String args [ ] ) {
120,male,10071185761,line 19,204,"Vehicle v = new Vehicle ( ""Audi"" , ""A6"" , 200 ) ;"
120,male,10071465480,line 19,240,"Vehicle v = new Vehicle ( ""Audi"" , ""A6"" , 200 ) ;"
120,male,10071589593,line 19,80,"Vehicle v = new Vehicle ( ""Audi"" , ""A6"" , 200 ) ;"
120,male,10071705633,line 19,112,"Vehicle v = new Vehicle ( ""Audi"" , ""A6"" , 200 ) ;"
120,male,10071913618,line 19,136,"Vehicle v = new Vehicle ( ""Audi"" , ""A6"" , 200 ) ;"
120,male,10072001629,line 19,84,"Vehicle v = new Vehicle ( ""Audi"" , ""A6"" , 200 ) ;"
120,male,10072093657,line 19,88,"Vehicle v = new Vehicle ( ""Audi"" , ""A6"" , 200 ) ;"
120,male,10072237729,line 19,60,"Vehicle v = new Vehicle ( ""Audi"" , ""A6"" , 200 ) ;"
120,male,10072313705,line 19,72,"Vehicle v = new Vehicle ( ""Audi"" , ""A6"" , 200 ) ;"
120,male,10072633613,line 19,284,"Vehicle v = new Vehicle ( ""Audi"" , ""A6"" , 200 ) ;"
120,male,10072833587,line 19,140,"Vehicle v = new Vehicle ( ""Audi"" , ""A6"" , 200 ) ;"
120,male,10073117498,line 18,172,public static void main ( String args [ ] ) {
120,male,10073337507,line 20,148,v.accelerate ( 10 ) ;
120,male,10073973308,line 20,156,v.accelerate ( 10 ) ;
120,male,10074181335,line 18,132,public static void main ( String args [ ] ) {
120,male,10074301414,line 19,76,"Vehicle v = new Vehicle ( ""Audi"" , ""A6"" , 200 ) ;"
120,male,10074529372,line 12,144,this.currentSpeed = this.topSpeed ;
120,male,10075085380,line 16,68,return this.currentSpeed ;
120,male,10075465436,line 16,64,return this.currentSpeed ;
120,male,10075589365,line 16,92,return this.currentSpeed ;
120,male,10075693325,line 16,100,return this.currentSpeed ;
120,male,10076241318,line 16,216,return this.currentSpeed ;
120,male,10077125211,line 10,56,public int accelerate ( int kmh ) {
120,male,10077848902,line 10,68,public int accelerate ( int kmh ) {
120,male,10078801151,line 12,64,this.currentSpeed = this.topSpeed ;
120,male,10078905194,line 12,100,this.currentSpeed = this.topSpeed ;
120,male,10078973206,line 12,64,this.currentSpeed = this.topSpeed ;
120,male,10079209172,line 12,68,this.currentSpeed = this.topSpeed ;
120,male,10079541002,line 12,104,this.currentSpeed = this.topSpeed ;
120,male,10079612967,line 12,68,this.currentSpeed = this.topSpeed ;
120,male,10079864971,line 11,156,if ( ( this.currentSpeed + kmh ) > this.topSpeed ) {
120,male,10080041104,line 11,64,if ( ( this.currentSpeed + kmh ) > this.topSpeed ) {
120,male,10080612935,line 10,168,public int accelerate ( int kmh ) {
120,male,10080772735,line 10,112,public int accelerate ( int kmh ) {
120,male,10080972775,line 5,140,this.producer = p ;
120,male,10081172821,line 7,152,this.topSpeed = tp ;
120,male,10082232861,line 19,136,"Vehicle v = new Vehicle ( ""Audi"" , ""A6"" , 200 ) ;"
123,male,1921170851,line 6,244,this.type = t ;
123,male,1921350811,line 1,76,public class Vehicle {
123,male,1921482817,line 1,128,public class Vehicle {
123,male,1921678832,line 1,144,public class Vehicle {
123,male,1921782669,line 1,100,public class Vehicle {
123,male,1921986536,line 17,60,}
123,male,1922118651,line 18,60,public static void main ( String args [ ] ) {
123,male,1922178662,line 18,56,public static void main ( String args [ ] ) {
123,male,1922314683,line 18,88,public static void main ( String args [ ] ) {
123,male,1922562665,line 18,104,public static void main ( String args [ ] ) {
123,male,1922666692,line 18,68,public static void main ( String args [ ] ) {
123,male,1922794694,line 18,68,public static void main ( String args [ ] ) {
123,male,1922862687,line 18,64,public static void main ( String args [ ] ) {
123,male,1923042663,line 18,176,public static void main ( String args [ ] ) {
123,male,1923218691,line 19,60,"Vehicle v = new Vehicle ( ""Audi"" , ""A6"" , 200 ) ;"
123,male,1923430713,line 20,72,v.accelerate ( 10 ) ;
123,male,1923518709,line 20,84,v.accelerate ( 10 ) ;
123,male,1923662564,line 20,140,v.accelerate ( 10 ) ;
123,male,1923750488,line 20,84,v.accelerate ( 10 ) ;
123,male,1923902401,line 20,108,v.accelerate ( 10 ) ;
123,male,1924358591,line 20,112,v.accelerate ( 10 ) ;
123,male,1924438569,line 19,76,"Vehicle v = new Vehicle ( ""Audi"" , ""A6"" , 200 ) ;"
123,male,1924574539,line 19,132,"Vehicle v = new Vehicle ( ""Audi"" , ""A6"" , 200 ) ;"
123,male,1924706548,line 19,84,"Vehicle v = new Vehicle ( ""Audi"" , ""A6"" , 200 ) ;"
123,male,1925086559,line 19,136,"Vehicle v = new Vehicle ( ""Audi"" , ""A6"" , 200 ) ;"
123,male,1925150580,line 19,60,"Vehicle v = new Vehicle ( ""Audi"" , ""A6"" , 200 ) ;"
123,male,1925338615,line 20,72,v.accelerate ( 10 ) ;
123,male,1925422613,line 20,80,v.accelerate ( 10 ) ;
123,male,1925638607,line 20,108,v.accelerate ( 10 ) ;
123,male,1925706587,line 20,64,v.accelerate ( 10 ) ;
123,male,1925846517,line 20,84,v.accelerate ( 10 ) ;
123,male,1925974483,line 20,124,v.accelerate ( 10 ) ;
123,male,1926118525,line 19,76,"Vehicle v = new Vehicle ( ""Audi"" , ""A6"" , 200 ) ;"
123,male,1926186524,line 19,64,"Vehicle v = new Vehicle ( ""Audi"" , ""A6"" , 200 ) ;"
123,male,1926394489,line 19,72,"Vehicle v = new Vehicle ( ""Audi"" , ""A6"" , 200 ) ;"
123,male,1926526455,line 19,128,"Vehicle v = new Vehicle ( ""Audi"" , ""A6"" , 200 ) ;"
123,male,1926602436,line 19,72,"Vehicle v = new Vehicle ( ""Audi"" , ""A6"" , 200 ) ;"
123,male,1926830437,line 19,56,"Vehicle v = new Vehicle ( ""Audi"" , ""A6"" , 200 ) ;"
123,male,1926982436,line 19,100,"Vehicle v = new Vehicle ( ""Audi"" , ""A6"" , 200 ) ;"
123,male,1927082426,line 19,96,"Vehicle v = new Vehicle ( ""Audi"" , ""A6"" , 200 ) ;"
123,male,1927146435,line 19,60,"Vehicle v = new Vehicle ( ""Audi"" , ""A6"" , 200 ) ;"
123,male,1927214453,line 19,64,"Vehicle v = new Vehicle ( ""Audi"" , ""A6"" , 200 ) ;"
123,male,1927430372,line 19,56,"Vehicle v = new Vehicle ( ""Audi"" , ""A6"" , 200 ) ;"
123,male,1927550232,line 19,60,"Vehicle v = new Vehicle ( ""Audi"" , ""A6"" , 200 ) ;"
123,male,1927798295,line 19,92,"Vehicle v = new Vehicle ( ""Audi"" , ""A6"" , 200 ) ;"
123,male,1928042311,line 19,152,"Vehicle v = new Vehicle ( ""Audi"" , ""A6"" , 200 ) ;"
123,male,1928130316,line 19,56,"Vehicle v = new Vehicle ( ""Audi"" , ""A6"" , 200 ) ;"
123,male,1928274342,line 19,140,"Vehicle v = new Vehicle ( ""Audi"" , ""A6"" , 200 ) ;"
123,male,1928386322,line 19,108,"Vehicle v = new Vehicle ( ""Audi"" , ""A6"" , 200 ) ;"
123,male,1928634336,line 19,88,"Vehicle v = new Vehicle ( ""Audi"" , ""A6"" , 200 ) ;"
123,male,1928742342,line 18,84,public static void main ( String args [ ] ) {
123,male,1929150394,line 11,72,if ( ( this.currentSpeed + kmh ) > this.topSpeed ) {
123,male,1929522115,line 10,124,public int accelerate ( int kmh ) {
123,male,1929690231,line 10,164,public int accelerate ( int kmh ) {
123,male,1929818229,line 18,80,public static void main ( String args [ ] ) {
123,male,1929890220,line 18,68,public static void main ( String args [ ] ) {
123,male,1929958214,line 18,64,public static void main ( String args [ ] ) {
123,male,1930042208,line 18,80,public static void main ( String args [ ] ) {
123,male,1930262239,line 10,64,public int accelerate ( int kmh ) {
123,male,1930342222,line 5,56,this.producer = p ;
123,male,1930494187,line 4,148,"public Vehicle ( String p , String t , int tp ) {"
123,male,1930602210,line 4,72,"public Vehicle ( String p , String t , int tp ) {"
123,male,1930690229,line 4,84,"public Vehicle ( String p , String t , int tp ) {"
123,male,1930786220,line 4,64,"public Vehicle ( String p , String t , int tp ) {"
123,male,1930878205,line 4,88,"public Vehicle ( String p , String t , int tp ) {"
123,male,1930978189,line 4,96,"public Vehicle ( String p , String t , int tp ) {"
123,male,1931674001,line 10,96,public int accelerate ( int kmh ) {
123,male,1931778022,line 10,100,public int accelerate ( int kmh ) {
123,male,1932058100,line 10,168,public int accelerate ( int kmh ) {
123,male,1932134112,line 10,72,public int accelerate ( int kmh ) {
123,male,1932234111,line 10,64,public int accelerate ( int kmh ) {
123,male,1932954087,line 10,72,public int accelerate ( int kmh ) {
123,male,1933014067,line 10,56,public int accelerate ( int kmh ) {
123,male,1933078045,line 10,60,public int accelerate ( int kmh ) {
123,male,1933162017,line 10,80,public int accelerate ( int kmh ) {
123,male,1933325971,line 10,72,public int accelerate ( int kmh ) {
123,male,1934137954,line 12,72,this.currentSpeed = this.topSpeed ;
123,male,1934297980,line 11,92,if ( ( this.currentSpeed + kmh ) > this.topSpeed ) {
123,male,1934421945,line 11,68,if ( ( this.currentSpeed + kmh ) > this.topSpeed ) {
123,male,1934493916,line 11,68,if ( ( this.currentSpeed + kmh ) > this.topSpeed ) {
123,male,1934733908,line 11,80,if ( ( this.currentSpeed + kmh ) > this.topSpeed ) {
123,male,1934829894,line 11,60,if ( ( this.currentSpeed + kmh ) > this.topSpeed ) {
123,male,1934937865,line 12,56,this.currentSpeed = this.topSpeed ;
123,male,1935445726,line 10,92,public int accelerate ( int kmh ) {
123,male,1935653745,line 14,68,this.currentSpeed = this.currentSpeed + kmh ;
123,male,1935713750,line 14,56,this.currentSpeed = this.currentSpeed + kmh ;
123,male,1936233835,line 11,104,if ( ( this.currentSpeed + kmh ) > this.topSpeed ) {
123,male,1936493879,line 10,64,public int accelerate ( int kmh ) {
123,male,1936605856,line 5,56,this.producer = p ;
123,male,1936693837,line 4,84,"public Vehicle ( String p , String t , int tp ) {"
123,male,1937017532,line 3,92,"int topSpeed , currentSpeed ;"
123,male,1937213629,line 3,88,"int topSpeed , currentSpeed ;"
123,male,1937277659,line 3,60,"int topSpeed , currentSpeed ;"
123,male,1937353676,line 3,72,"int topSpeed , currentSpeed ;"
123,male,1937437697,line 3,80,"int topSpeed , currentSpeed ;"
123,male,1937605736,line 2,80,"String producer , type ;"
123,male,1937757697,line 2,148,"String producer , type ;"
123,male,1938025676,line 3,236,"int topSpeed , currentSpeed ;"
123,male,1938153674,line 3,124,"int topSpeed , currentSpeed ;"
123,male,1938453660,line 3,116,"int topSpeed , currentSpeed ;"
123,male,1938513646,line 3,56,"int topSpeed , currentSpeed ;"
123,male,1938669565,line 3,96,"int topSpeed , currentSpeed ;"
123,male,1938741516,line 3,68,"int topSpeed , currentSpeed ;"
123,male,1938881479,line 4,100,"public Vehicle ( String p , String t , int tp ) {"
123,male,1939141605,line 4,164,"public Vehicle ( String p , String t , int tp ) {"
123,male,1939321592,line 4,56,"public Vehicle ( String p , String t , int tp ) {"
123,male,1939485548,line 4,96,"public Vehicle ( String p , String t , int tp ) {"
123,male,1939573541,line 4,84,"public Vehicle ( String p , String t , int tp ) {"
123,male,1939645537,line 4,68,"public Vehicle ( String p , String t , int tp ) {"
123,male,1939757538,line 5,100,this.producer = p ;
123,male,1939833555,line 4,72,"public Vehicle ( String p , String t , int tp ) {"
123,male,1939897569,line 5,60,this.producer = p ;
123,male,1940061575,line 5,112,this.producer = p ;
123,male,1940149567,line 5,84,this.producer = p ;
123,male,1940381585,line 6,196,this.type = t ;
123,male,1940465600,line 6,80,this.type = t ;
123,male,1940569454,line 6,64,this.type = t ;
123,male,1940737290,line 6,164,this.type = t ;
123,male,1940901425,line 6,160,this.type = t ;
123,male,1941017454,line 6,80,this.type = t ;
123,male,1941149464,line 6,80,this.type = t ;
123,male,1941257465,line 6,104,this.type = t ;
123,male,1941329458,line 6,68,this.type = t ;
123,male,1941389442,line 6,56,this.type = t ;
123,male,1941517413,line 7,76,this.topSpeed = tp ;
123,male,1941693454,line 7,172,this.topSpeed = tp ;
123,male,1941877477,line 7,100,this.topSpeed = tp ;
123,male,1941977387,line 7,96,this.topSpeed = tp ;
123,male,1942185295,line 8,172,this.currentSpeed = 0 ;
123,male,1942389373,line 7,116,this.topSpeed = tp ;
123,male,1942525384,line 4,64,"public Vehicle ( String p , String t , int tp ) {"
123,male,1942665325,line 4,84,"public Vehicle ( String p , String t , int tp ) {"
123,male,1942777272,line 4,100,"public Vehicle ( String p , String t , int tp ) {"
123,male,1942985233,line 19,68,"Vehicle v = new Vehicle ( ""Audi"" , ""A6"" , 200 ) ;"
123,male,1943293193,line 19,124,"Vehicle v = new Vehicle ( ""Audi"" , ""A6"" , 200 ) ;"
123,male,1943441247,line 20,104,v.accelerate ( 10 ) ;
123,male,1944133270,line 20,56,v.accelerate ( 10 ) ;
123,male,1944461241,line 19,180,"Vehicle v = new Vehicle ( ""Audi"" , ""A6"" , 200 ) ;"
123,male,1944549191,line 19,84,"Vehicle v = new Vehicle ( ""Audi"" , ""A6"" , 200 ) ;"
123,male,1944725127,line 20,80,v.accelerate ( 10 ) ;
123,male,1944833190,line 20,68,v.accelerate ( 10 ) ;
123,male,1945393134,line 20,68,v.accelerate ( 10 ) ;
123,male,1945481145,line 20,84,v.accelerate ( 10 ) ;
123,male,1945581149,line 18,76,public static void main ( String args [ ] ) {
123,male,1945717153,line 18,132,public static void main ( String args [ ] ) {
123,male,1945893057,line 16,124,return this.currentSpeed ;
123,male,1946937096,line 20,72,v.accelerate ( 10 ) ;
123,male,1947196982,line 20,92,v.accelerate ( 10 ) ;
123,male,1947285142,line 20,84,v.accelerate ( 10 ) ;
123,male,1947385215,line 20,96,v.accelerate ( 10 ) ;
123,male,1947473177,line 20,72,v.accelerate ( 10 ) ;
123,male,1947589112,line 19,112,"Vehicle v = new Vehicle ( ""Audi"" , ""A6"" , 200 ) ;"
123,male,1947693073,line 19,72,"Vehicle v = new Vehicle ( ""Audi"" , ""A6"" , 200 ) ;"
123,male,1947885093,line 19,68,"Vehicle v = new Vehicle ( ""Audi"" , ""A6"" , 200 ) ;"
123,male,1948192829,line 5,124,this.producer = p ;
123,male,1948276798,line 4,80,"public Vehicle ( String p , String t , int tp ) {"
123,male,1948364828,line 4,84,"public Vehicle ( String p , String t , int tp ) {"
123,male,1948516922,line 4,116,"public Vehicle ( String p , String t , int tp ) {"
123,male,1948632910,line 4,112,"public Vehicle ( String p , String t , int tp ) {"
123,male,1948740890,line 6,92,this.type = t ;
123,male,1948916898,line 6,128,this.type = t ;
123,male,1950276746,line 10,64,public int accelerate ( int kmh ) {
123,male,1950512736,line 10,76,public int accelerate ( int kmh ) {
123,male,1950772756,line 20,72,v.accelerate ( 10 ) ;
123,male,1950888769,line 20,112,v.accelerate ( 10 ) ;
123,male,1951024738,line 5,72,this.producer = p ;
123,male,1951164755,line 5,136,this.producer = p ;
123,male,1951268793,line 5,100,this.producer = p ;
123,male,1951492824,line 19,56,"Vehicle v = new Vehicle ( ""Audi"" , ""A6"" , 200 ) ;"
125,male,11992293382,line 5,64,this.producer = p ;
125,male,12010683775,line 11,88,if ( ( this.currentSpeed + kmh ) > this.topSpeed ) {
125,male,12011047754,line 11,56,if ( ( this.currentSpeed + kmh ) > this.topSpeed ) {
125,male,12011423667,line 12,84,this.currentSpeed = this.topSpeed ;
125,male,12011763656,line 10,168,public int accelerate ( int kmh ) {
125,male,12012019642,line 13,68,} else {
125,male,12012215554,line 12,60,this.currentSpeed = this.topSpeed ;
125,male,12012279517,line 12,60,this.currentSpeed = this.topSpeed ;
130,male,2411245765,line 2,60,"String producer , type ;"
130,male,2413525661,line 7,60,this.topSpeed = tp ;
130,male,2414061733,line 5,64,this.producer = p ;
131,male,212624358,line 8,108,this.currentSpeed = 0 ;
131,male,212834638,line 4,88,"public Vehicle ( String p , String t , int tp ) {"
131,male,212994933,line 2,116,"String producer , type ;"
131,male,213330992,line 1,240,public class Vehicle {
131,male,213591009,line 1,196,public class Vehicle {
131,male,213690982,line 2,68,"String producer , type ;"
131,male,213819030,line 2,124,"String producer , type ;"
131,male,213943016,line 3,72,"int topSpeed , currentSpeed ;"
131,male,214238774,line 2,104,"String producer , type ;"
131,male,214330915,line 2,68,"String producer , type ;"
131,male,214471394,line 2,136,"String producer , type ;"
131,male,214830785,line 6,112,this.type = t ;
131,male,215023274,line 3,148,"int topSpeed , currentSpeed ;"
131,male,215163391,line 2,108,"String producer , type ;"
131,male,215394802,line 2,184,"String producer , type ;"
131,male,215454814,line 2,56,"String producer , type ;"
131,male,215574708,line 2,116,"String producer , type ;"
131,male,215658552,line 1,56,public class Vehicle {
131,male,215806542,line 1,144,public class Vehicle {
131,male,215878619,line 1,68,public class Vehicle {
131,male,216246716,line 1,120,public class Vehicle {
131,male,216486719,line 2,104,"String producer , type ;"
131,male,216990699,line 2,144,"String producer , type ;"
131,male,217242606,line 2,216,"String producer , type ;"
131,male,217398547,line 2,104,"String producer , type ;"
131,male,217554539,line 2,108,"String producer , type ;"
131,male,217658528,line 2,100,"String producer , type ;"
131,male,217866548,line 2,160,"String producer , type ;"
131,male,218222407,line 2,260,"String producer , type ;"
131,male,218326365,line 2,100,"String producer , type ;"
131,male,218438416,line 2,84,"String producer , type ;"
131,male,218854324,line 2,168,"String producer , type ;"
131,male,218966333,line 2,80,"String producer , type ;"
131,male,219046352,line 2,76,"String producer , type ;"
131,male,219242372,line 3,160,"int topSpeed , currentSpeed ;"
131,male,219346366,line 2,100,"String producer , type ;"
131,male,220070416,line 2,172,"String producer , type ;"
131,male,220162410,line 2,88,"String producer , type ;"
131,male,220418209,line 2,252,"String producer , type ;"
131,male,220590379,line 2,168,"String producer , type ;"
131,male,220806445,line 3,180,"int topSpeed , currentSpeed ;"
131,male,220962276,line 3,140,"int topSpeed , currentSpeed ;"
131,male,221062290,line 3,96,"int topSpeed , currentSpeed ;"
131,male,221186290,line 3,120,"int topSpeed , currentSpeed ;"
131,male,221246292,line 3,56,"int topSpeed , currentSpeed ;"
131,male,221346331,line 3,96,"int topSpeed , currentSpeed ;"
131,male,221506328,line 3,156,"int topSpeed , currentSpeed ;"
131,male,221598271,line 3,64,"int topSpeed , currentSpeed ;"
131,male,221730196,line 3,128,"int topSpeed , currentSpeed ;"
131,male,221842136,line 3,108,"int topSpeed , currentSpeed ;"
131,male,222062114,line 3,164,"int topSpeed , currentSpeed ;"
131,male,222242141,line 3,128,"int topSpeed , currentSpeed ;"
131,male,222730145,line 3,252,"int topSpeed , currentSpeed ;"
131,male,222914177,line 2,108,"String producer , type ;"
131,male,223082236,line 2,164,"String producer , type ;"
131,male,223370042,line 2,228,"String producer , type ;"
131,male,223473885,line 2,100,"String producer , type ;"
131,male,223621929,line 3,96,"int topSpeed , currentSpeed ;"
131,male,223741998,line 3,68,"int topSpeed , currentSpeed ;"
131,male,223814009,line 3,68,"int topSpeed , currentSpeed ;"
131,male,224118015,line 2,112,"String producer , type ;"
131,male,224189996,line 2,56,"String producer , type ;"
131,male,224273974,line 2,80,"String producer , type ;"
131,male,224510016,line 2,232,"String producer , type ;"
131,male,224646033,line 2,124,"String producer , type ;"
131,male,224806078,line 2,112,"String producer , type ;"
131,male,225049796,line 3,240,"int topSpeed , currentSpeed ;"
131,male,225189763,line 2,68,"String producer , type ;"
131,male,225597924,line 2,152,"String producer , type ;"
131,male,225757902,line 3,84,"int topSpeed , currentSpeed ;"
131,male,225897837,line 3,136,"int topSpeed , currentSpeed ;"
131,male,226045846,line 3,92,"int topSpeed , currentSpeed ;"
131,male,226265845,line 3,160,"int topSpeed , currentSpeed ;"
131,male,226489882,line 4,188,"public Vehicle ( String p , String t , int tp ) {"
131,male,226637873,line 4,144,"public Vehicle ( String p , String t , int tp ) {"
131,male,226797864,line 4,56,"public Vehicle ( String p , String t , int tp ) {"
131,male,226969824,line 4,100,"public Vehicle ( String p , String t , int tp ) {"
131,male,227053810,line 4,80,"public Vehicle ( String p , String t , int tp ) {"
131,male,227317790,line 4,156,"public Vehicle ( String p , String t , int tp ) {"
131,male,227401776,line 4,80,"public Vehicle ( String p , String t , int tp ) {"
131,male,227577758,line 4,156,"public Vehicle ( String p , String t , int tp ) {"
131,male,227793780,line 4,168,"public Vehicle ( String p , String t , int tp ) {"
131,male,228145605,line 4,72,"public Vehicle ( String p , String t , int tp ) {"
131,male,228253599,line 4,64,"public Vehicle ( String p , String t , int tp ) {"
131,male,228609656,line 4,88,"public Vehicle ( String p , String t , int tp ) {"
131,male,228685661,line 4,72,"public Vehicle ( String p , String t , int tp ) {"
131,male,228825644,line 4,100,"public Vehicle ( String p , String t , int tp ) {"
131,male,229241567,line 4,328,"public Vehicle ( String p , String t , int tp ) {"
131,male,229457607,line 4,176,"public Vehicle ( String p , String t , int tp ) {"
131,male,229605532,line 4,116,"public Vehicle ( String p , String t , int tp ) {"
131,male,229665428,line 4,56,"public Vehicle ( String p , String t , int tp ) {"
131,male,229889364,line 4,200,"public Vehicle ( String p , String t , int tp ) {"
131,male,230113491,line 4,184,"public Vehicle ( String p , String t , int tp ) {"
131,male,230185492,line 4,68,"public Vehicle ( String p , String t , int tp ) {"
131,male,230493520,line 4,168,"public Vehicle ( String p , String t , int tp ) {"
131,male,230641486,line 4,108,"public Vehicle ( String p , String t , int tp ) {"
131,male,230753480,line 4,108,"public Vehicle ( String p , String t , int tp ) {"
131,male,230897261,line 4,120,"public Vehicle ( String p , String t , int tp ) {"
131,male,231017051,line 4,116,"public Vehicle ( String p , String t , int tp ) {"
131,male,231153186,line 5,88,this.producer = p ;
131,male,231513378,line 4,68,"public Vehicle ( String p , String t , int tp ) {"
131,male,231773403,line 4,192,"public Vehicle ( String p , String t , int tp ) {"
131,male,231905353,line 4,108,"public Vehicle ( String p , String t , int tp ) {"
131,male,232173357,line 4,112,"public Vehicle ( String p , String t , int tp ) {"
131,male,232377360,line 4,92,"public Vehicle ( String p , String t , int tp ) {"
131,male,232517362,line 4,80,"public Vehicle ( String p , String t , int tp ) {"
131,male,232657320,line 4,136,"public Vehicle ( String p , String t , int tp ) {"
131,male,232821097,line 4,92,"public Vehicle ( String p , String t , int tp ) {"
131,male,232924840,line 4,68,"public Vehicle ( String p , String t , int tp ) {"
131,male,233192897,line 4,140,"public Vehicle ( String p , String t , int tp ) {"
131,male,233357213,line 4,100,"public Vehicle ( String p , String t , int tp ) {"
131,male,233725200,line 2,108,"String producer , type ;"
131,male,233981211,line 2,180,"String producer , type ;"
131,male,234125243,line 6,76,this.type = t ;
131,male,234421001,line 4,204,"public Vehicle ( String p , String t , int tp ) {"
131,male,234548911,line 4,88,"public Vehicle ( String p , String t , int tp ) {"
131,male,234929102,line 4,92,"public Vehicle ( String p , String t , int tp ) {"
131,male,235357101,line 4,144,"public Vehicle ( String p , String t , int tp ) {"
131,male,235525125,line 5,132,this.producer = p ;
131,male,235601115,line 5,72,this.producer = p ;
131,male,235729102,line 6,68,this.type = t ;
131,male,235825108,line 6,92,this.type = t ;
131,male,235925102,line 6,68,this.type = t ;
131,male,236001044,line 4,60,"public Vehicle ( String p , String t , int tp ) {"
131,male,236184933,line 2,100,"String producer , type ;"
131,male,236244905,line 2,56,"String producer , type ;"
131,male,236552958,line 5,132,this.producer = p ;
131,male,236725065,line 6,168,this.type = t ;
131,male,237140949,line 6,236,this.type = t ;
131,male,237248929,line 6,72,this.type = t ;
131,male,237624775,line 5,160,this.producer = p ;
131,male,238136921,line 6,196,this.type = t ;
131,male,238256860,line 5,116,this.producer = p ;
131,male,238984795,line 4,108,"public Vehicle ( String p , String t , int tp ) {"
131,male,239220611,line 4,192,"public Vehicle ( String p , String t , int tp ) {"
131,male,239396671,line 6,124,this.type = t ;
131,male,239944697,line 6,128,this.type = t ;
131,male,240248671,line 4,116,"public Vehicle ( String p , String t , int tp ) {"
131,male,240308658,line 4,56,"public Vehicle ( String p , String t , int tp ) {"
131,male,240408657,line 4,96,"public Vehicle ( String p , String t , int tp ) {"
131,male,240676590,line 3,152,"int topSpeed , currentSpeed ;"
131,male,240808555,line 3,96,"int topSpeed , currentSpeed ;"
131,male,240868544,line 3,56,"int topSpeed , currentSpeed ;"
131,male,241144530,line 3,56,"int topSpeed , currentSpeed ;"
131,male,241376577,line 3,168,"int topSpeed , currentSpeed ;"
131,male,241576584,line 6,72,this.type = t ;
131,male,241740602,line 6,84,this.type = t ;
131,male,241868611,line 6,124,this.type = t ;
131,male,242144450,line 6,112,this.type = t ;
131,male,242304301,line 7,116,this.topSpeed = tp ;
131,male,242564495,line 4,188,"public Vehicle ( String p , String t , int tp ) {"
131,male,242712628,line 4,92,"public Vehicle ( String p , String t , int tp ) {"
131,male,243084410,line 6,80,this.type = t ;
131,male,243248415,line 6,128,this.type = t ;
131,male,243456440,line 6,204,this.type = t ;
131,male,244496220,line 4,128,"public Vehicle ( String p , String t , int tp ) {"
131,male,244596398,line 4,96,"public Vehicle ( String p , String t , int tp ) {"
131,male,244940263,line 4,120,"public Vehicle ( String p , String t , int tp ) {"
131,male,245372355,line 4,344,"public Vehicle ( String p , String t , int tp ) {"
131,male,245516243,line 4,140,"public Vehicle ( String p , String t , int tp ) {"
131,male,245728141,line 6,72,this.type = t ;
131,male,245880167,line 6,148,this.type = t ;
131,male,246064169,line 6,180,this.type = t ;
131,male,246172170,line 6,88,this.type = t ;
131,male,246304170,line 6,128,this.type = t ;
131,male,246668185,line 7,116,this.topSpeed = tp ;
131,male,246748156,line 7,68,this.topSpeed = tp ;
131,male,246907926,line 7,104,this.topSpeed = tp ;
131,male,246979939,line 7,68,this.topSpeed = tp ;
131,male,247204004,line 7,172,this.topSpeed = tp ;
131,male,247472041,line 6,196,this.type = t ;
131,male,247968002,line 4,60,"public Vehicle ( String p , String t , int tp ) {"
131,male,248107900,line 3,68,"int topSpeed , currentSpeed ;"
131,male,248167873,line 3,56,"int topSpeed , currentSpeed ;"
131,male,248391614,line 3,184,"int topSpeed , currentSpeed ;"
131,male,248591818,line 3,196,"int topSpeed , currentSpeed ;"
131,male,248759917,line 3,128,"int topSpeed , currentSpeed ;"
131,male,249592129,line 7,56,this.topSpeed = tp ;
131,male,249687914,line 7,92,this.topSpeed = tp ;
131,male,249759868,line 7,68,this.topSpeed = tp ;
131,male,249867809,line 7,104,this.topSpeed = tp ;
131,male,249987682,line 6,88,this.type = t ;
131,male,250175698,line 6,80,this.type = t ;
131,male,250243729,line 6,64,this.type = t ;
131,male,250683679,line 7,84,this.topSpeed = tp ;
131,male,250827784,line 7,112,this.topSpeed = tp ;
131,male,250903834,line 7,72,this.topSpeed = tp ;
131,male,251303761,line 3,76,"int topSpeed , currentSpeed ;"
131,male,251515697,line 3,160,"int topSpeed , currentSpeed ;"
131,male,251607571,line 7,60,this.topSpeed = tp ;
131,male,251827885,line 7,216,this.topSpeed = tp ;
131,male,253583467,line 10,72,public int accelerate ( int kmh ) {
131,male,253671473,line 10,84,public int accelerate ( int kmh ) {
131,male,254079914,line 10,152,public int accelerate ( int kmh ) {
131,male,254251647,line 10,144,public int accelerate ( int kmh ) {
131,male,254647274,line 10,132,public int accelerate ( int kmh ) {
131,male,254903366,line 11,96,if ( ( this.currentSpeed + kmh ) > this.topSpeed ) {
131,male,254999383,line 11,60,if ( ( this.currentSpeed + kmh ) > this.topSpeed ) {
131,male,255123382,line 11,120,if ( ( this.currentSpeed + kmh ) > this.topSpeed ) {
131,male,255339406,line 11,188,if ( ( this.currentSpeed + kmh ) > this.topSpeed ) {
131,male,255451412,line 11,84,if ( ( this.currentSpeed + kmh ) > this.topSpeed ) {
131,male,255559409,line 11,104,if ( ( this.currentSpeed + kmh ) > this.topSpeed ) {
131,male,255771384,line 11,208,if ( ( this.currentSpeed + kmh ) > this.topSpeed ) {
131,male,255855389,line 11,60,if ( ( this.currentSpeed + kmh ) > this.topSpeed ) {
131,male,256019406,line 11,160,if ( ( this.currentSpeed + kmh ) > this.topSpeed ) {
131,male,256215256,line 11,148,if ( ( this.currentSpeed + kmh ) > this.topSpeed ) {
131,male,256535256,line 11,256,if ( ( this.currentSpeed + kmh ) > this.topSpeed ) {
131,male,256883227,line 11,300,if ( ( this.currentSpeed + kmh ) > this.topSpeed ) {
131,male,257199225,line 11,96,if ( ( this.currentSpeed + kmh ) > this.topSpeed ) {
131,male,257295299,line 11,64,if ( ( this.currentSpeed + kmh ) > this.topSpeed ) {
131,male,257503322,line 10,84,public int accelerate ( int kmh ) {
131,male,257591298,line 10,84,public int accelerate ( int kmh ) {
131,male,258035155,line 10,64,public int accelerate ( int kmh ) {
131,male,258639154,line 10,220,public int accelerate ( int kmh ) {
131,male,258779134,line 10,116,public int accelerate ( int kmh ) {
131,male,258947112,line 10,92,public int accelerate ( int kmh ) {
131,male,259007111,line 10,56,public int accelerate ( int kmh ) {
131,male,259167117,line 10,128,public int accelerate ( int kmh ) {
131,male,259239097,line 10,68,public int accelerate ( int kmh ) {
131,male,261342804,line 10,56,public int accelerate ( int kmh ) {
131,male,261470834,line 10,124,public int accelerate ( int kmh ) {
131,male,263274727,line 11,104,if ( ( this.currentSpeed + kmh ) > this.topSpeed ) {
131,male,263574710,line 11,264,if ( ( this.currentSpeed + kmh ) > this.topSpeed ) {
131,male,263726716,line 11,68,if ( ( this.currentSpeed + kmh ) > this.topSpeed ) {
131,male,263814701,line 11,84,if ( ( this.currentSpeed + kmh ) > this.topSpeed ) {
131,male,264254545,line 11,76,if ( ( this.currentSpeed + kmh ) > this.topSpeed ) {
131,male,264390606,line 11,60,if ( ( this.currentSpeed + kmh ) > this.topSpeed ) {
131,male,264754490,line 10,56,public int accelerate ( int kmh ) {
131,male,264878516,line 11,120,if ( ( this.currentSpeed + kmh ) > this.topSpeed ) {
131,male,265018532,line 11,104,if ( ( this.currentSpeed + kmh ) > this.topSpeed ) {
131,male,265198560,line 11,96,if ( ( this.currentSpeed + kmh ) > this.topSpeed ) {
131,male,265646536,line 11,88,if ( ( this.currentSpeed + kmh ) > this.topSpeed ) {
131,male,265966481,line 11,64,if ( ( this.currentSpeed + kmh ) > this.topSpeed ) {
131,male,266150388,line 11,136,if ( ( this.currentSpeed + kmh ) > this.topSpeed ) {
131,male,266374419,line 11,92,if ( ( this.currentSpeed + kmh ) > this.topSpeed ) {
131,male,266874461,line 10,88,public int accelerate ( int kmh ) {
131,male,267162222,line 11,68,if ( ( this.currentSpeed + kmh ) > this.topSpeed ) {
131,male,267226232,line 10,60,public int accelerate ( int kmh ) {
131,male,267642317,line 14,112,this.currentSpeed = this.currentSpeed + kmh ;
131,male,271110050,line 10,140,public int accelerate ( int kmh ) {
131,male,271442284,line 10,88,public int accelerate ( int kmh ) {
131,male,271961863,line 11,64,if ( ( this.currentSpeed + kmh ) > this.topSpeed ) {
131,male,272049935,line 12,84,this.currentSpeed = this.topSpeed ;
131,male,272753915,line 10,60,public int accelerate ( int kmh ) {
131,male,273157911,line 13,120,} else {
131,male,273345912,line 14,108,this.currentSpeed = this.currentSpeed + kmh ;
131,male,274169647,line 14,56,this.currentSpeed = this.currentSpeed + kmh ;
131,male,274277685,line 14,104,this.currentSpeed = this.currentSpeed + kmh ;
131,male,276041695,line 14,148,this.currentSpeed = this.currentSpeed + kmh ;
131,male,277241556,line 14,88,this.currentSpeed = this.currentSpeed + kmh ;
131,male,277445529,line 14,80,this.currentSpeed = this.currentSpeed + kmh ;
131,male,278465403,line 16,232,return this.currentSpeed ;
131,male,278653412,line 16,104,return this.currentSpeed ;
131,male,278765410,line 16,68,return this.currentSpeed ;
131,male,279157427,line 18,208,public static void main ( String args [ ] ) {
131,male,279437384,line 18,216,public static void main ( String args [ ] ) {
131,male,279665288,line 18,216,public static void main ( String args [ ] ) {
131,male,279797253,line 18,128,public static void main ( String args [ ] ) {
131,male,279977286,line 18,140,public static void main ( String args [ ] ) {
131,male,280237290,line 18,200,public static void main ( String args [ ] ) {
131,male,280461279,line 18,184,public static void main ( String args [ ] ) {
131,male,280681290,line 18,184,public static void main ( String args [ ] ) {
131,male,281197076,line 18,92,public static void main ( String args [ ] ) {
131,male,281413018,line 19,80,"Vehicle v = new Vehicle ( ""Audi"" , ""A6"" , 200 ) ;"
131,male,281685113,line 19,236,"Vehicle v = new Vehicle ( ""Audi"" , ""A6"" , 200 ) ;"
131,male,281865153,line 19,120,"Vehicle v = new Vehicle ( ""Audi"" , ""A6"" , 200 ) ;"
131,male,282109158,line 20,196,v.accelerate ( 10 ) ;
131,male,282705125,line 20,88,v.accelerate ( 10 ) ;
131,male,282788995,line 20,80,v.accelerate ( 10 ) ;
131,male,283321032,line 19,160,"Vehicle v = new Vehicle ( ""Audi"" , ""A6"" , 200 ) ;"
131,male,283657000,line 20,64,v.accelerate ( 10 ) ;
131,male,283940986,line 20,232,v.accelerate ( 10 ) ;
131,male,284033009,line 19,64,"Vehicle v = new Vehicle ( ""Audi"" , ""A6"" , 200 ) ;"
131,male,284245036,line 19,208,"Vehicle v = new Vehicle ( ""Audi"" , ""A6"" , 200 ) ;"
131,male,284508869,line 18,72,public static void main ( String args [ ] ) {
131,male,284580858,line 18,68,public static void main ( String args [ ] ) {
131,male,284764937,line 18,120,public static void main ( String args [ ] ) {
131,male,284949175,line 19,124,"Vehicle v = new Vehicle ( ""Audi"" , ""A6"" , 200 ) ;"
131,male,285100821,line 19,148,"Vehicle v = new Vehicle ( ""Audi"" , ""A6"" , 200 ) ;"
131,male,285264840,line 19,132,"Vehicle v = new Vehicle ( ""Audi"" , ""A6"" , 200 ) ;"
131,male,285328880,line 19,60,"Vehicle v = new Vehicle ( ""Audi"" , ""A6"" , 200 ) ;"
131,male,285500850,line 19,116,"Vehicle v = new Vehicle ( ""Audi"" , ""A6"" , 200 ) ;"
131,male,285600862,line 19,68,"Vehicle v = new Vehicle ( ""Audi"" , ""A6"" , 200 ) ;"
131,male,285808796,line 19,60,"Vehicle v = new Vehicle ( ""Audi"" , ""A6"" , 200 ) ;"
131,male,286580747,line 19,108,"Vehicle v = new Vehicle ( ""Audi"" , ""A6"" , 200 ) ;"
131,male,286712676,line 19,104,"Vehicle v = new Vehicle ( ""Audi"" , ""A6"" , 200 ) ;"
131,male,286956649,line 4,92,"public Vehicle ( String p , String t , int tp ) {"
131,male,287076683,line 4,116,"public Vehicle ( String p , String t , int tp ) {"
131,male,287172763,line 4,92,"public Vehicle ( String p , String t , int tp ) {"
131,male,287240880,line 4,56,"public Vehicle ( String p , String t , int tp ) {"
131,male,287400913,line 4,156,"public Vehicle ( String p , String t , int tp ) {"
131,male,287600710,line 4,164,"public Vehicle ( String p , String t , int tp ) {"
131,male,287948580,line 19,124,"Vehicle v = new Vehicle ( ""Audi"" , ""A6"" , 200 ) ;"
131,male,288068604,line 19,68,"Vehicle v = new Vehicle ( ""Audi"" , ""A6"" , 200 ) ;"
131,male,288240632,line 19,168,"Vehicle v = new Vehicle ( ""Audi"" , ""A6"" , 200 ) ;"
131,male,288392622,line 19,148,"Vehicle v = new Vehicle ( ""Audi"" , ""A6"" , 200 ) ;"
131,male,288592617,line 4,56,"public Vehicle ( String p , String t , int tp ) {"
131,male,289008597,line 2,84,"String producer , type ;"
131,male,289324477,line 3,128,"int topSpeed , currentSpeed ;"
131,male,289548460,line 2,172,"String producer , type ;"
131,male,289620460,line 2,68,"String producer , type ;"
131,male,289836501,line 18,172,public static void main ( String args [ ] ) {
131,male,289972497,line 19,108,"Vehicle v = new Vehicle ( ""Audi"" , ""A6"" , 200 ) ;"
131,male,290152455,line 19,96,"Vehicle v = new Vehicle ( ""Audi"" , ""A6"" , 200 ) ;"
131,male,290432393,line 19,200,"Vehicle v = new Vehicle ( ""Audi"" , ""A6"" , 200 ) ;"
131,male,291264389,line 3,76,"int topSpeed , currentSpeed ;"
131,male,291524376,line 3,72,"int topSpeed , currentSpeed ;"
131,male,291620360,line 3,92,"int topSpeed , currentSpeed ;"
131,male,291700344,line 3,76,"int topSpeed , currentSpeed ;"
131,male,291888322,line 3,184,"int topSpeed , currentSpeed ;"
131,male,292360235,line 19,96,"Vehicle v = new Vehicle ( ""Audi"" , ""A6"" , 200 ) ;"
131,male,292612194,line 11,168,if ( ( this.currentSpeed + kmh ) > this.topSpeed ) {
131,male,292672188,line 11,56,if ( ( this.currentSpeed + kmh ) > this.topSpeed ) {
137,male,6229311007,line 3,164,"int topSpeed , currentSpeed ;"
137,male,6229754954,line 3,156,"int topSpeed , currentSpeed ;"
137,male,6230046801,line 3,112,"int topSpeed , currentSpeed ;"
137,male,6230930921,line 4,132,"public Vehicle ( String p , String t , int tp ) {"
137,male,6231966783,line 4,56,"public Vehicle ( String p , String t , int tp ) {"
137,male,6232166785,line 4,196,"public Vehicle ( String p , String t , int tp ) {"
137,male,6232354766,line 4,112,"public Vehicle ( String p , String t , int tp ) {"
137,male,6232454776,line 4,96,"public Vehicle ( String p , String t , int tp ) {"
137,male,6232590785,line 4,76,"public Vehicle ( String p , String t , int tp ) {"
137,male,6232674732,line 4,80,"public Vehicle ( String p , String t , int tp ) {"
137,male,6232906693,line 4,104,"public Vehicle ( String p , String t , int tp ) {"
137,male,6233038742,line 4,80,"public Vehicle ( String p , String t , int tp ) {"
137,male,6233186790,line 5,56,this.producer = p ;
137,male,6233270796,line 4,80,"public Vehicle ( String p , String t , int tp ) {"
137,male,6233378789,line 4,104,"public Vehicle ( String p , String t , int tp ) {"
137,male,6233538625,line 4,68,"public Vehicle ( String p , String t , int tp ) {"
137,male,6233670474,line 4,128,"public Vehicle ( String p , String t , int tp ) {"
137,male,6233794568,line 4,120,"public Vehicle ( String p , String t , int tp ) {"
137,male,6233926651,line 4,68,"public Vehicle ( String p , String t , int tp ) {"
137,male,6234370652,line 3,108,"int topSpeed , currentSpeed ;"
137,male,6234534612,line 3,136,"int topSpeed , currentSpeed ;"
137,male,6234858578,line 3,96,"int topSpeed , currentSpeed ;"
137,male,6234926593,line 3,64,"int topSpeed , currentSpeed ;"
137,male,6235154660,line 4,96,"public Vehicle ( String p , String t , int tp ) {"
137,male,6235362650,line 4,204,"public Vehicle ( String p , String t , int tp ) {"
137,male,6235482598,line 4,116,"public Vehicle ( String p , String t , int tp ) {"
137,male,6235626563,line 5,56,this.producer = p ;
137,male,6235698547,line 5,68,this.producer = p ;
137,male,6235986560,line 4,92,"public Vehicle ( String p , String t , int tp ) {"
137,male,6236086601,line 5,80,this.producer = p ;
137,male,6236182544,line 5,92,this.producer = p ;
137,male,6236294490,line 5,56,this.producer = p ;
137,male,6236374511,line 5,76,this.producer = p ;
137,male,6236550542,line 5,172,this.producer = p ;
137,male,6236622544,line 5,68,this.producer = p ;
137,male,6237186528,line 5,140,this.producer = p ;
137,male,6237330453,line 5,140,this.producer = p ;
137,male,6239498170,line 6,124,this.type = t ;
137,male,6239650198,line 5,92,this.producer = p ;
137,male,6239766197,line 5,112,this.producer = p ;
137,male,6239878192,line 5,80,this.producer = p ;
137,male,6239954195,line 5,72,this.producer = p ;
137,male,6240038216,line 6,80,this.type = t ;
137,male,6240186235,line 6,72,this.type = t ;
137,male,6240310239,line 6,120,this.type = t ;
137,male,6240374237,line 6,60,this.type = t ;
137,male,6240438226,line 6,60,this.type = t ;
137,male,6240550215,line 6,68,this.type = t ;
137,male,6240694224,line 6,140,this.type = t ;
137,male,6240778221,line 6,80,this.type = t ;
137,male,6240850226,line 6,68,this.type = t ;
137,male,6240950231,line 6,96,this.type = t ;
137,male,6241038203,line 6,84,this.type = t ;
137,male,6241158126,line 7,88,this.topSpeed = tp ;
137,male,6241230070,line 7,68,this.topSpeed = tp ;
137,male,6241394038,line 7,128,this.topSpeed = tp ;
137,male,6241634086,line 7,140,this.topSpeed = tp ;
137,male,6241730104,line 7,92,this.topSpeed = tp ;
137,male,6241854128,line 7,84,this.topSpeed = tp ;
137,male,6242022131,line 7,68,this.topSpeed = tp ;
137,male,6242150134,line 7,124,this.topSpeed = tp ;
137,male,6242330112,line 7,120,this.topSpeed = tp ;
137,male,6242406100,line 7,72,this.topSpeed = tp ;
137,male,6242598070,line 8,96,this.currentSpeed = 0 ;
137,male,6243829993,line 10,76,public int accelerate ( int kmh ) {
137,male,6247489733,line 11,64,if ( ( this.currentSpeed + kmh ) > this.topSpeed ) {
137,male,6247917731,line 11,124,if ( ( this.currentSpeed + kmh ) > this.topSpeed ) {
137,male,6248289737,line 11,84,if ( ( this.currentSpeed + kmh ) > this.topSpeed ) {
137,male,6248773651,line 10,72,public int accelerate ( int kmh ) {
137,male,6248913603,line 10,136,public int accelerate ( int kmh ) {
137,male,6249373599,line 10,100,public int accelerate ( int kmh ) {
137,male,6249433587,line 10,56,public int accelerate ( int kmh ) {
137,male,6249981477,line 11,96,if ( ( this.currentSpeed + kmh ) > this.topSpeed ) {
137,male,6250245525,line 11,100,if ( ( this.currentSpeed + kmh ) > this.topSpeed ) {
137,male,6250629461,line 14,68,this.currentSpeed = this.currentSpeed + kmh ;
137,male,6250713363,line 14,80,this.currentSpeed = this.currentSpeed + kmh ;
137,male,6250789351,line 14,72,this.currentSpeed = this.currentSpeed + kmh ;
137,male,6251021434,line 14,152,this.currentSpeed = this.currentSpeed + kmh ;
137,male,6251157408,line 14,132,this.currentSpeed = this.currentSpeed + kmh ;
137,male,6251509421,line 14,200,this.currentSpeed = this.currentSpeed + kmh ;
137,male,6251629404,line 14,84,this.currentSpeed = this.currentSpeed + kmh ;
137,male,6251801417,line 14,68,this.currentSpeed = this.currentSpeed + kmh ;
137,male,6251881417,line 14,76,this.currentSpeed = this.currentSpeed + kmh ;
137,male,6251945413,line 14,60,this.currentSpeed = this.currentSpeed + kmh ;
137,male,6252017415,line 14,56,this.currentSpeed = this.currentSpeed + kmh ;
137,male,6252149429,line 14,76,this.currentSpeed = this.currentSpeed + kmh ;
137,male,6252257454,line 14,68,this.currentSpeed = this.currentSpeed + kmh ;
137,male,6252353486,line 14,72,this.currentSpeed = this.currentSpeed + kmh ;
137,male,6252429473,line 14,72,this.currentSpeed = this.currentSpeed + kmh ;
137,male,6252561319,line 14,76,this.currentSpeed = this.currentSpeed + kmh ;
137,male,6252717237,line 14,100,this.currentSpeed = this.currentSpeed + kmh ;
137,male,6252813288,line 14,92,this.currentSpeed = this.currentSpeed + kmh ;
137,male,6252897314,line 14,56,this.currentSpeed = this.currentSpeed + kmh ;
137,male,6253025300,line 14,124,this.currentSpeed = this.currentSpeed + kmh ;
137,male,6253125294,line 14,96,this.currentSpeed = this.currentSpeed + kmh ;
137,male,6253341248,line 14,68,this.currentSpeed = this.currentSpeed + kmh ;
137,male,6253473248,line 14,72,this.currentSpeed = this.currentSpeed + kmh ;
137,male,6253701273,line 14,64,this.currentSpeed = this.currentSpeed + kmh ;
137,male,6253849284,line 14,104,this.currentSpeed = this.currentSpeed + kmh ;
137,male,6253917307,line 14,64,this.currentSpeed = this.currentSpeed + kmh ;
137,male,6254029337,line 14,108,this.currentSpeed = this.currentSpeed + kmh ;
137,male,6254265304,line 14,148,this.currentSpeed = this.currentSpeed + kmh ;
137,male,6254413237,line 14,144,this.currentSpeed = this.currentSpeed + kmh ;
137,male,6254505209,line 14,88,this.currentSpeed = this.currentSpeed + kmh ;
137,male,6254665217,line 14,92,this.currentSpeed = this.currentSpeed + kmh ;
137,male,6254769205,line 14,56,this.currentSpeed = this.currentSpeed + kmh ;
137,male,6254889175,line 14,64,this.currentSpeed = this.currentSpeed + kmh ;
137,male,6255145152,line 14,124,this.currentSpeed = this.currentSpeed + kmh ;
137,male,6255313174,line 14,164,this.currentSpeed = this.currentSpeed + kmh ;
137,male,6255737185,line 14,88,this.currentSpeed = this.currentSpeed + kmh ;
137,male,6255805171,line 14,64,this.currentSpeed = this.currentSpeed + kmh ;
137,male,6255921162,line 14,112,this.currentSpeed = this.currentSpeed + kmh ;
137,male,6256105179,line 16,80,return this.currentSpeed ;
137,male,6258328778,line 14,128,this.currentSpeed = this.currentSpeed + kmh ;
137,male,6258528815,line 12,56,this.currentSpeed = this.topSpeed ;
137,male,6258652869,line 12,68,this.currentSpeed = this.topSpeed ;
137,male,6260776765,line 18,60,public static void main ( String args [ ] ) {
137,male,6261204775,line 18,68,public static void main ( String args [ ] ) {
137,male,6261392746,line 18,88,public static void main ( String args [ ] ) {
137,male,6263528659,line 5,72,this.producer = p ;
137,male,6263692626,line 4,108,"public Vehicle ( String p , String t , int tp ) {"
137,male,6263864598,line 4,68,"public Vehicle ( String p , String t , int tp ) {"
137,male,6264008402,line 4,112,"public Vehicle ( String p , String t , int tp ) {"
137,male,6264120396,line 4,108,"public Vehicle ( String p , String t , int tp ) {"
137,male,6264912520,line 5,192,this.producer = p ;
144,female,272655266,line 3,76,"int topSpeed , currentSpeed ;"
144,female,272831145,line 1,80,public class Vehicle {
144,female,273231124,line 3,92,"int topSpeed , currentSpeed ;"
144,female,273383074,line 2,92,"String producer , type ;"
144,female,273839095,line 2,64,"String producer , type ;"
144,female,273971138,line 2,60,"String producer , type ;"
144,female,274143094,line 3,56,"int topSpeed , currentSpeed ;"
144,female,274307086,line 2,96,"String producer , type ;"
144,female,274410944,line 2,100,"String producer , type ;"
144,female,274702972,line 3,64,"int topSpeed , currentSpeed ;"
144,female,274898993,line 3,88,"int topSpeed , currentSpeed ;"
144,female,274962991,line 3,60,"int topSpeed , currentSpeed ;"
144,female,275622981,line 3,56,"int topSpeed , currentSpeed ;"
144,female,275690978,line 3,64,"int topSpeed , currentSpeed ;"
144,female,276186937,line 2,76,"String producer , type ;"
144,female,276295247,line 2,104,"String producer , type ;"
144,female,276431111,line 3,88,"int topSpeed , currentSpeed ;"
144,female,276730777,line 3,76,"int topSpeed , currentSpeed ;"
144,female,277014864,line 3,88,"int topSpeed , currentSpeed ;"
144,female,277114878,line 3,96,"int topSpeed , currentSpeed ;"
144,female,277462947,line 3,68,"int topSpeed , currentSpeed ;"
144,female,277726745,line 3,92,"int topSpeed , currentSpeed ;"
144,female,277846743,line 3,68,"int topSpeed , currentSpeed ;"
144,female,278030712,line 3,140,"int topSpeed , currentSpeed ;"
144,female,278154674,line 3,88,"int topSpeed , currentSpeed ;"
144,female,278218675,line 3,60,"int topSpeed , currentSpeed ;"
144,female,278566693,line 4,112,"public Vehicle ( String p , String t , int tp ) {"
144,female,279054671,line 4,80,"public Vehicle ( String p , String t , int tp ) {"
144,female,279170570,line 4,64,"public Vehicle ( String p , String t , int tp ) {"
144,female,279538618,line 4,56,"public Vehicle ( String p , String t , int tp ) {"
144,female,280434576,line 4,204,"public Vehicle ( String p , String t , int tp ) {"
144,female,280562565,line 4,64,"public Vehicle ( String p , String t , int tp ) {"
144,female,281246473,line 3,72,"int topSpeed , currentSpeed ;"
144,female,281494448,line 4,64,"public Vehicle ( String p , String t , int tp ) {"
144,female,281686349,line 4,92,"public Vehicle ( String p , String t , int tp ) {"
144,female,281862395,line 4,60,"public Vehicle ( String p , String t , int tp ) {"
144,female,282110392,line 4,96,"public Vehicle ( String p , String t , int tp ) {"
144,female,282502288,line 4,72,"public Vehicle ( String p , String t , int tp ) {"
144,female,283150160,line 3,88,"int topSpeed , currentSpeed ;"
144,female,283466325,line 4,60,"public Vehicle ( String p , String t , int tp ) {"
144,female,283590313,line 6,64,this.type = t ;
144,female,283654296,line 6,60,this.type = t ;
144,female,283742236,line 6,84,this.type = t ;
144,female,283802155,line 6,56,this.type = t ;
144,female,284382192,line 6,200,this.type = t ;
144,female,284806170,line 5,100,this.producer = p ;
144,female,285010176,line 6,60,this.type = t ;
144,female,285114164,line 6,76,this.type = t ;
144,female,285370153,line 6,68,this.type = t ;
144,female,285586049,line 8,92,this.currentSpeed = 0 ;
144,female,285674061,line 8,84,this.currentSpeed = 0 ;
144,female,285838071,line 7,160,this.topSpeed = tp ;
144,female,285998084,line 7,104,this.topSpeed = tp ;
144,female,286234219,line 7,64,this.topSpeed = tp ;
144,female,286326332,line 6,72,this.type = t ;
144,female,286833881,line 7,72,this.topSpeed = tp ;
144,female,286945734,line 7,108,this.topSpeed = tp ;
144,female,287033790,line 7,84,this.topSpeed = tp ;
144,female,287321970,line 7,56,this.topSpeed = tp ;
144,female,287433966,line 7,108,this.topSpeed = tp ;
144,female,287537942,line 7,100,this.topSpeed = tp ;
144,female,287865986,line 8,124,this.currentSpeed = 0 ;
144,female,288001934,line 8,76,this.currentSpeed = 0 ;
144,female,288177914,line 8,120,this.currentSpeed = 0 ;
144,female,288313765,line 7,80,this.topSpeed = tp ;
144,female,288941761,line 8,72,this.currentSpeed = 0 ;
144,female,290029521,line 4,96,"public Vehicle ( String p , String t , int tp ) {"
144,female,290557644,line 8,140,this.currentSpeed = 0 ;
144,female,290625645,line 7,64,this.topSpeed = tp ;
144,female,290981658,line 6,252,this.type = t ;
144,female,291069653,line 6,84,this.type = t ;
144,female,291269668,line 6,116,this.type = t ;
144,female,292001509,line 10,56,public int accelerate ( int kmh ) {
144,female,292113520,line 10,76,public int accelerate ( int kmh ) {
144,female,292293536,line 10,80,public int accelerate ( int kmh ) {
144,female,292353549,line 10,56,public int accelerate ( int kmh ) {
144,female,292629522,line 11,60,if ( ( this.currentSpeed + kmh ) > this.topSpeed ) {
144,female,292889550,line 10,152,public int accelerate ( int kmh ) {
144,female,293053429,line 10,144,public int accelerate ( int kmh ) {
144,female,293125364,line 10,68,public int accelerate ( int kmh ) {
144,female,293341345,line 10,132,public int accelerate ( int kmh ) {
144,female,293485349,line 10,100,public int accelerate ( int kmh ) {
144,female,294209439,line 10,80,public int accelerate ( int kmh ) {
144,female,294593250,line 10,120,public int accelerate ( int kmh ) {
144,female,294677046,line 10,60,public int accelerate ( int kmh ) {
144,female,294989225,line 10,80,public int accelerate ( int kmh ) {
144,female,295181210,line 10,64,public int accelerate ( int kmh ) {
144,female,295285253,line 10,56,public int accelerate ( int kmh ) {
144,female,295501225,line 10,96,public int accelerate ( int kmh ) {
144,female,295609225,line 11,68,if ( ( this.currentSpeed + kmh ) > this.topSpeed ) {
144,female,295877235,line 10,56,public int accelerate ( int kmh ) {
144,female,296013239,line 11,80,if ( ( this.currentSpeed + kmh ) > this.topSpeed ) {
144,female,296097239,line 11,80,if ( ( this.currentSpeed + kmh ) > this.topSpeed ) {
144,female,296245139,line 11,76,if ( ( this.currentSpeed + kmh ) > this.topSpeed ) {
144,female,296345065,line 10,60,public int accelerate ( int kmh ) {
144,female,296493456,line 7,80,this.topSpeed = tp ;
144,female,296597489,line 7,100,this.topSpeed = tp ;
144,female,296673325,line 8,72,this.currentSpeed = 0 ;
144,female,296745203,line 8,68,this.currentSpeed = 0 ;
144,female,296821164,line 8,72,this.currentSpeed = 0 ;
144,female,296993122,line 6,144,this.type = t ;
144,female,297113168,line 8,56,this.currentSpeed = 0 ;
144,female,297201166,line 8,84,this.currentSpeed = 0 ;
144,female,298204911,line 11,68,if ( ( this.currentSpeed + kmh ) > this.topSpeed ) {
144,female,299125038,line 10,92,public int accelerate ( int kmh ) {
144,female,299216960,line 10,88,public int accelerate ( int kmh ) {
144,female,299504775,line 11,132,if ( ( this.currentSpeed + kmh ) > this.topSpeed ) {
144,female,299916888,line 11,60,if ( ( this.currentSpeed + kmh ) > this.topSpeed ) {
144,female,300388962,line 11,60,if ( ( this.currentSpeed + kmh ) > this.topSpeed ) {
144,female,300800820,line 11,68,if ( ( this.currentSpeed + kmh ) > this.topSpeed ) {
144,female,301132753,line 11,60,if ( ( this.currentSpeed + kmh ) > this.topSpeed ) {
144,female,301220744,line 12,84,this.currentSpeed = this.topSpeed ;
144,female,301488780,line 12,64,this.currentSpeed = this.topSpeed ;
144,female,301656731,line 12,80,this.currentSpeed = this.topSpeed ;
144,female,301872712,line 11,80,if ( ( this.currentSpeed + kmh ) > this.topSpeed ) {
144,female,302016711,line 11,92,if ( ( this.currentSpeed + kmh ) > this.topSpeed ) {
144,female,302732651,line 11,60,if ( ( this.currentSpeed + kmh ) > this.topSpeed ) {
144,female,303036580,line 12,60,this.currentSpeed = this.topSpeed ;
144,female,303120580,line 12,60,this.currentSpeed = this.topSpeed ;
144,female,303336584,line 11,104,if ( ( this.currentSpeed + kmh ) > this.topSpeed ) {
144,female,303668545,line 12,68,this.currentSpeed = this.topSpeed ;
144,female,303732530,line 12,60,this.currentSpeed = this.topSpeed ;
144,female,303888576,line 11,60,if ( ( this.currentSpeed + kmh ) > this.topSpeed ) {
144,female,303964704,line 11,72,if ( ( this.currentSpeed + kmh ) > this.topSpeed ) {
144,female,304120930,line 12,60,this.currentSpeed = this.topSpeed ;
144,female,304292571,line 11,64,if ( ( this.currentSpeed + kmh ) > this.topSpeed ) {
144,female,304392483,line 11,96,if ( ( this.currentSpeed + kmh ) > this.topSpeed ) {
144,female,305532109,line 14,68,this.currentSpeed = this.currentSpeed + kmh ;
144,female,305824353,line 12,108,this.currentSpeed = this.topSpeed ;
144,female,306408329,line 14,56,this.currentSpeed = this.currentSpeed + kmh ;
144,female,306620286,line 14,64,this.currentSpeed = this.currentSpeed + kmh ;
144,female,306728232,line 14,76,this.currentSpeed = this.currentSpeed + kmh ;
144,female,307820201,line 14,76,this.currentSpeed = this.currentSpeed + kmh ;
144,female,308284136,line 14,112,this.currentSpeed = this.currentSpeed + kmh ;
144,female,309004050,line 19,72,"Vehicle v = new Vehicle ( ""Audi"" , ""A6"" , 200 ) ;"
144,female,309356072,line 19,124,"Vehicle v = new Vehicle ( ""Audi"" , ""A6"" , 200 ) ;"
144,female,309520055,line 19,64,"Vehicle v = new Vehicle ( ""Audi"" , ""A6"" , 200 ) ;"
144,female,309600048,line 19,76,"Vehicle v = new Vehicle ( ""Audi"" , ""A6"" , 200 ) ;"
144,female,309963994,line 18,76,public static void main ( String args [ ] ) {
144,female,310231826,line 18,76,public static void main ( String args [ ] ) {
144,female,310367867,line 18,60,public static void main ( String args [ ] ) {
144,female,310783926,line 19,128,"Vehicle v = new Vehicle ( ""Audi"" , ""A6"" , 200 ) ;"
144,female,312147811,line 19,72,"Vehicle v = new Vehicle ( ""Audi"" , ""A6"" , 200 ) ;"
144,female,312647863,line 19,80,"Vehicle v = new Vehicle ( ""Audi"" , ""A6"" , 200 ) ;"
144,female,313667647,line 4,128,"public Vehicle ( String p , String t , int tp ) {"
144,female,313763659,line 4,92,"public Vehicle ( String p , String t , int tp ) {"
144,female,314079692,line 4,188,"public Vehicle ( String p , String t , int tp ) {"
144,female,315143528,line 7,60,this.topSpeed = tp ;
144,female,315423280,line 6,132,this.type = t ;
144,female,315811565,line 4,72,"public Vehicle ( String p , String t , int tp ) {"
144,female,317791356,line 7,60,this.topSpeed = tp ;
144,female,318071202,line 4,64,"public Vehicle ( String p , String t , int tp ) {"
146,female,1132498348,line 1,64,public class Vehicle {
146,female,1132566387,line 1,64,public class Vehicle {
146,female,1132782456,line 1,56,public class Vehicle {
146,female,1132934465,line 1,148,public class Vehicle {
146,female,1133090460,line 1,64,public class Vehicle {
146,female,1133866389,line 1,80,public class Vehicle {
146,female,1134114126,line 1,60,public class Vehicle {
146,female,1134386325,line 1,96,public class Vehicle {
146,female,1134454353,line 1,64,public class Vehicle {
146,female,1134538388,line 1,80,public class Vehicle {
146,female,1134654392,line 1,112,public class Vehicle {
146,female,1134814374,line 1,64,public class Vehicle {
146,female,1135098360,line 2,76,"String producer , type ;"
146,female,1135190313,line 3,88,"int topSpeed , currentSpeed ;"
146,female,1135358197,line 2,60,"String producer , type ;"
146,female,1135418114,line 2,56,"String producer , type ;"
146,female,1135730077,line 2,88,"String producer , type ;"
146,female,1136038193,line 2,80,"String producer , type ;"
146,female,1136706194,line 2,132,"String producer , type ;"
146,female,1136774192,line 2,64,"String producer , type ;"
146,female,1136882191,line 2,104,"String producer , type ;"
146,female,1137226119,line 2,84,"String producer , type ;"
146,female,1137338092,line 3,68,"int topSpeed , currentSpeed ;"
146,female,1137526023,line 2,80,"String producer , type ;"
146,female,1137622039,line 2,92,"String producer , type ;"
146,female,1137842092,line 2,68,"String producer , type ;"
146,female,1137942097,line 2,96,"String producer , type ;"
146,female,1138290066,line 2,64,"String producer , type ;"
146,female,1138390044,line 2,96,"String producer , type ;"
146,female,1138877935,line 2,152,"String producer , type ;"
146,female,1139081942,line 3,172,"int topSpeed , currentSpeed ;"
146,female,1139261921,line 3,56,"int topSpeed , currentSpeed ;"
146,female,1139353917,line 3,88,"int topSpeed , currentSpeed ;"
146,female,1139561923,line 4,108,"public Vehicle ( String p , String t , int tp ) {"
146,female,1139746028,line 4,112,"public Vehicle ( String p , String t , int tp ) {"
146,female,1140009913,line 3,76,"int topSpeed , currentSpeed ;"
146,female,1142097688,line 3,120,"int topSpeed , currentSpeed ;"
146,female,1142461670,line 3,68,"int topSpeed , currentSpeed ;"
146,female,1142697641,line 4,84,"public Vehicle ( String p , String t , int tp ) {"
146,female,1142985660,line 4,76,"public Vehicle ( String p , String t , int tp ) {"
146,female,1144045526,line 4,96,"public Vehicle ( String p , String t , int tp ) {"
146,female,1144405546,line 4,104,"public Vehicle ( String p , String t , int tp ) {"
146,female,1144573599,line 4,124,"public Vehicle ( String p , String t , int tp ) {"
146,female,1144717571,line 4,140,"public Vehicle ( String p , String t , int tp ) {"
146,female,1144993343,line 7,60,this.topSpeed = tp ;
146,female,1145185416,line 9,144,}
146,female,1145709404,line 4,132,"public Vehicle ( String p , String t , int tp ) {"
146,female,1145813396,line 4,100,"public Vehicle ( String p , String t , int tp ) {"
146,female,1146177532,line 4,84,"public Vehicle ( String p , String t , int tp ) {"
146,female,1147265291,line 5,56,this.producer = p ;
146,female,1147429263,line 5,60,this.producer = p ;
146,female,1147757237,line 6,72,this.type = t ;
146,female,1148241211,line 6,140,this.type = t ;
146,female,1148389212,line 6,112,this.type = t ;
146,female,1148449224,line 6,56,this.type = t ;
146,female,1148809369,line 7,60,this.topSpeed = tp ;
146,female,1149001176,line 8,64,this.currentSpeed = 0 ;
146,female,1149400932,line 8,104,this.currentSpeed = 0 ;
146,female,1149569048,line 10,56,public int accelerate ( int kmh ) {
146,female,1149677075,line 10,104,public int accelerate ( int kmh ) {
146,female,1149845082,line 10,68,public int accelerate ( int kmh ) {
146,female,1150877013,line 11,72,if ( ( this.currentSpeed + kmh ) > this.topSpeed ) {
146,female,1150961003,line 11,80,if ( ( this.currentSpeed + kmh ) > this.topSpeed ) {
146,female,1151208670,line 11,128,if ( ( this.currentSpeed + kmh ) > this.topSpeed ) {
146,female,1151332793,line 11,88,if ( ( this.currentSpeed + kmh ) > this.topSpeed ) {
146,female,1151512873,line 11,72,if ( ( this.currentSpeed + kmh ) > this.topSpeed ) {
146,female,1151580889,line 11,64,if ( ( this.currentSpeed + kmh ) > this.topSpeed ) {
146,female,1151692919,line 11,80,if ( ( this.currentSpeed + kmh ) > this.topSpeed ) {
146,female,1151752939,line 11,56,if ( ( this.currentSpeed + kmh ) > this.topSpeed ) {
146,female,1151840926,line 11,84,if ( ( this.currentSpeed + kmh ) > this.topSpeed ) {
146,female,1151972787,line 11,60,if ( ( this.currentSpeed + kmh ) > this.topSpeed ) {
146,female,1152044790,line 11,68,if ( ( this.currentSpeed + kmh ) > this.topSpeed ) {
146,female,1152192954,line 11,72,if ( ( this.currentSpeed + kmh ) > this.topSpeed ) {
146,female,1152264960,line 11,68,if ( ( this.currentSpeed + kmh ) > this.topSpeed ) {
146,female,1152608915,line 11,56,if ( ( this.currentSpeed + kmh ) > this.topSpeed ) {
146,female,1153096753,line 12,68,this.currentSpeed = this.topSpeed ;
146,female,1153316820,line 11,124,if ( ( this.currentSpeed + kmh ) > this.topSpeed ) {
146,female,1153808780,line 12,68,this.currentSpeed = this.topSpeed ;
146,female,1153900783,line 12,56,this.currentSpeed = this.topSpeed ;
146,female,1154024770,line 11,84,if ( ( this.currentSpeed + kmh ) > this.topSpeed ) {
146,female,1154184739,line 11,80,if ( ( this.currentSpeed + kmh ) > this.topSpeed ) {
146,female,1154356631,line 12,72,this.currentSpeed = this.topSpeed ;
146,female,1154432607,line 12,72,this.currentSpeed = this.topSpeed ;
146,female,1154560584,line 12,76,this.currentSpeed = this.topSpeed ;
146,female,1154632583,line 12,68,this.currentSpeed = this.topSpeed ;
146,female,1154760524,line 12,56,this.currentSpeed = this.topSpeed ;
146,female,1154852482,line 12,88,this.currentSpeed = this.topSpeed ;
146,female,1155040968,line 12,72,this.currentSpeed = this.topSpeed ;
146,female,1155684614,line 11,68,if ( ( this.currentSpeed + kmh ) > this.topSpeed ) {
146,female,1155748609,line 11,60,if ( ( this.currentSpeed + kmh ) > this.topSpeed ) {
146,female,1155816559,line 12,64,this.currentSpeed = this.topSpeed ;
146,female,1155904441,line 11,84,if ( ( this.currentSpeed + kmh ) > this.topSpeed ) {
146,female,1156056458,line 11,60,if ( ( this.currentSpeed + kmh ) > this.topSpeed ) {
146,female,1156124514,line 11,64,if ( ( this.currentSpeed + kmh ) > this.topSpeed ) {
146,female,1156320512,line 11,124,if ( ( this.currentSpeed + kmh ) > this.topSpeed ) {
146,female,1156412500,line 11,88,if ( ( this.currentSpeed + kmh ) > this.topSpeed ) {
146,female,1156516493,line 11,76,if ( ( this.currentSpeed + kmh ) > this.topSpeed ) {
146,female,1156608479,line 11,88,if ( ( this.currentSpeed + kmh ) > this.topSpeed ) {
146,female,1156696472,line 11,84,if ( ( this.currentSpeed + kmh ) > this.topSpeed ) {
146,female,1156792466,line 11,92,if ( ( this.currentSpeed + kmh ) > this.topSpeed ) {
146,female,1156900473,line 11,104,if ( ( this.currentSpeed + kmh ) > this.topSpeed ) {
146,female,1157144535,line 10,64,public int accelerate ( int kmh ) {
146,female,1157224580,line 10,76,public int accelerate ( int kmh ) {
146,female,1157356610,line 10,128,public int accelerate ( int kmh ) {
146,female,1157424567,line 10,64,public int accelerate ( int kmh ) {
146,female,1157560414,line 10,84,public int accelerate ( int kmh ) {
146,female,1157620362,line 10,56,public int accelerate ( int kmh ) {
146,female,1157796308,line 10,68,public int accelerate ( int kmh ) {
146,female,1157856312,line 10,56,public int accelerate ( int kmh ) {
146,female,1158128349,line 11,80,if ( ( this.currentSpeed + kmh ) > this.topSpeed ) {
146,female,1158532383,line 12,92,this.currentSpeed = this.topSpeed ;
146,female,1158604395,line 12,68,this.currentSpeed = this.topSpeed ;
146,female,1158736396,line 12,68,this.currentSpeed = this.topSpeed ;
146,female,1159136219,line 12,56,this.currentSpeed = this.topSpeed ;
146,female,1159368237,line 12,152,this.currentSpeed = this.topSpeed ;
146,female,1159500142,line 11,104,if ( ( this.currentSpeed + kmh ) > this.topSpeed ) {
146,female,1159564099,line 11,60,if ( ( this.currentSpeed + kmh ) > this.topSpeed ) {
146,female,1160356343,line 12,92,this.currentSpeed = this.topSpeed ;
146,female,1160428271,line 12,68,this.currentSpeed = this.topSpeed ;
146,female,1160500110,line 12,68,this.currentSpeed = this.topSpeed ;
146,female,1160571949,line 12,68,this.currentSpeed = this.topSpeed ;
146,female,1160708070,line 12,56,this.currentSpeed = this.topSpeed ;
146,female,1160896131,line 12,112,this.currentSpeed = this.topSpeed ;
146,female,1160976098,line 12,76,this.currentSpeed = this.topSpeed ;
146,female,1161720062,line 11,84,if ( ( this.currentSpeed + kmh ) > this.topSpeed ) {
146,female,1161940126,line 12,124,this.currentSpeed = this.topSpeed ;
146,female,1162060115,line 12,92,this.currentSpeed = this.topSpeed ;
146,female,1162903934,line 12,68,this.currentSpeed = this.topSpeed ;
146,female,1163299908,line 12,104,this.currentSpeed = this.topSpeed ;
146,female,1163455984,line 12,152,this.currentSpeed = this.topSpeed ;
146,female,1163571848,line 12,80,this.currentSpeed = this.topSpeed ;
146,female,1163687734,line 12,112,this.currentSpeed = this.topSpeed ;
146,female,1163859725,line 12,164,this.currentSpeed = this.topSpeed ;
146,female,1163983779,line 12,120,this.currentSpeed = this.topSpeed ;
146,female,1164095799,line 12,72,this.currentSpeed = this.topSpeed ;
146,female,1164175863,line 12,76,this.currentSpeed = this.topSpeed ;
146,female,1164243901,line 12,64,this.currentSpeed = this.topSpeed ;
146,female,1164411875,line 12,112,this.currentSpeed = this.topSpeed ;
146,female,1164519840,line 12,104,this.currentSpeed = this.topSpeed ;
146,female,1164707790,line 12,128,this.currentSpeed = this.topSpeed ;
146,female,1169059438,line 16,76,return this.currentSpeed ;
146,female,1169147429,line 16,84,return this.currentSpeed ;
146,female,1169731419,line 18,92,public static void main ( String args [ ] ) {
146,female,1169791401,line 18,56,public static void main ( String args [ ] ) {
146,female,1170287309,line 19,60,"Vehicle v = new Vehicle ( ""Audi"" , ""A6"" , 200 ) ;"
146,female,1170395238,line 20,84,v.accelerate ( 10 ) ;
146,female,1170503268,line 20,104,v.accelerate ( 10 ) ;
146,female,1170647308,line 18,92,public static void main ( String args [ ] ) {
146,female,1170839256,line 18,116,public static void main ( String args [ ] ) {
146,female,1172279181,line 16,88,return this.currentSpeed ;
146,female,1172479232,line 16,116,return this.currentSpeed ;
146,female,1173226978,line 18,172,public static void main ( String args [ ] ) {
146,female,1173298998,line 18,68,public static void main ( String args [ ] ) {
146,female,1173443026,line 18,96,public static void main ( String args [ ] ) {
146,female,1173667014,line 18,60,public static void main ( String args [ ] ) {
146,female,1173858988,line 18,132,public static void main ( String args [ ] ) {
146,female,1173967016,line 19,72,"Vehicle v = new Vehicle ( ""Audi"" , ""A6"" , 200 ) ;"
146,female,1174571001,line 19,108,"Vehicle v = new Vehicle ( ""Audi"" , ""A6"" , 200 ) ;"
146,female,1174670888,line 19,56,"Vehicle v = new Vehicle ( ""Audi"" , ""A6"" , 200 ) ;"
146,female,1174762841,line 19,88,"Vehicle v = new Vehicle ( ""Audi"" , ""A6"" , 200 ) ;"
146,female,1174950892,line 19,96,"Vehicle v = new Vehicle ( ""Audi"" , ""A6"" , 200 ) ;"
146,female,1175046914,line 20,60,v.accelerate ( 10 ) ;
146,female,1175182926,line 20,88,v.accelerate ( 10 ) ;
146,female,1175294913,line 20,108,v.accelerate ( 10 ) ;
146,female,1175362871,line 20,64,v.accelerate ( 10 ) ;
146,female,1175454817,line 20,88,v.accelerate ( 10 ) ;
146,female,1175526801,line 20,68,v.accelerate ( 10 ) ;
146,female,1175698867,line 19,124,"Vehicle v = new Vehicle ( ""Audi"" , ""A6"" , 200 ) ;"
146,female,1175766878,line 19,64,"Vehicle v = new Vehicle ( ""Audi"" , ""A6"" , 200 ) ;"
146,female,1176183094,line 18,80,public static void main ( String args [ ] ) {
146,female,1176358865,line 18,80,public static void main ( String args [ ] ) {
146,female,1176470602,line 18,56,public static void main ( String args [ ] ) {
146,female,1176546487,line 18,60,public static void main ( String args [ ] ) {
146,female,1176842756,line 19,156,"Vehicle v = new Vehicle ( ""Audi"" , ""A6"" , 200 ) ;"
146,female,1176922700,line 19,68,"Vehicle v = new Vehicle ( ""Audi"" , ""A6"" , 200 ) ;"
146,female,1177002673,line 19,76,"Vehicle v = new Vehicle ( ""Audi"" , ""A6"" , 200 ) ;"
146,female,1177062770,line 20,56,v.accelerate ( 10 ) ;
146,female,1177126890,line 19,60,"Vehicle v = new Vehicle ( ""Audi"" , ""A6"" , 200 ) ;"
146,female,1177191004,line 19,60,"Vehicle v = new Vehicle ( ""Audi"" , ""A6"" , 200 ) ;"
146,female,1177462756,line 19,84,"Vehicle v = new Vehicle ( ""Audi"" , ""A6"" , 200 ) ;"
146,female,1177618710,line 19,120,"Vehicle v = new Vehicle ( ""Audi"" , ""A6"" , 200 ) ;"
146,female,1177710529,line 19,88,"Vehicle v = new Vehicle ( ""Audi"" , ""A6"" , 200 ) ;"
146,female,1177922541,line 19,208,"Vehicle v = new Vehicle ( ""Audi"" , ""A6"" , 200 ) ;"
146,female,1178278631,line 19,96,"Vehicle v = new Vehicle ( ""Audi"" , ""A6"" , 200 ) ;"
146,female,1178354677,line 19,72,"Vehicle v = new Vehicle ( ""Audi"" , ""A6"" , 200 ) ;"
146,female,1178422699,line 19,64,"Vehicle v = new Vehicle ( ""Audi"" , ""A6"" , 200 ) ;"
146,female,1178606628,line 19,88,"Vehicle v = new Vehicle ( ""Audi"" , ""A6"" , 200 ) ;"
146,female,1179282828,line 19,100,"Vehicle v = new Vehicle ( ""Audi"" , ""A6"" , 200 ) ;"
146,female,1179430512,line 19,144,"Vehicle v = new Vehicle ( ""Audi"" , ""A6"" , 200 ) ;"
146,female,1179650526,line 19,136,"Vehicle v = new Vehicle ( ""Audi"" , ""A6"" , 200 ) ;"
146,female,1179766518,line 19,64,"Vehicle v = new Vehicle ( ""Audi"" , ""A6"" , 200 ) ;"
146,female,1179866544,line 19,96,"Vehicle v = new Vehicle ( ""Audi"" , ""A6"" , 200 ) ;"
146,female,1179978604,line 19,108,"Vehicle v = new Vehicle ( ""Audi"" , ""A6"" , 200 ) ;"
146,female,1180110568,line 19,80,"Vehicle v = new Vehicle ( ""Audi"" , ""A6"" , 200 ) ;"
146,female,1180190524,line 19,76,"Vehicle v = new Vehicle ( ""Audi"" , ""A6"" , 200 ) ;"
146,female,1180318290,line 19,72,"Vehicle v = new Vehicle ( ""Audi"" , ""A6"" , 200 ) ;"
146,female,1180458169,line 19,136,"Vehicle v = new Vehicle ( ""Audi"" , ""A6"" , 200 ) ;"
146,female,1180606502,line 19,144,"Vehicle v = new Vehicle ( ""Audi"" , ""A6"" , 200 ) ;"
146,female,1180742353,line 19,132,"Vehicle v = new Vehicle ( ""Audi"" , ""A6"" , 200 ) ;"
146,female,1180846221,line 19,100,"Vehicle v = new Vehicle ( ""Audi"" , ""A6"" , 200 ) ;"
150,female,4064968578,line 8,76,this.currentSpeed = 0 ;
150,female,4065084599,line 4,64,"public Vehicle ( String p , String t , int tp ) {"
150,female,4065288387,line 2,80,"String producer , type ;"
150,female,4065364375,line 2,72,"String producer , type ;"
150,female,4065508391,line 2,116,"String producer , type ;"
150,female,4065816513,line 2,72,"String producer , type ;"
150,female,4065892519,line 2,72,"String producer , type ;"
150,female,4066028483,line 2,92,"String producer , type ;"
150,female,4067272395,line 1,60,public class Vehicle {
150,female,4067972359,line 2,64,"String producer , type ;"
150,female,4068272314,line 3,88,"int topSpeed , currentSpeed ;"
150,female,4068600208,line 3,72,"int topSpeed , currentSpeed ;"
150,female,4069784265,line 4,64,"public Vehicle ( String p , String t , int tp ) {"
150,female,4069904212,line 5,76,this.producer = p ;
150,female,4069964137,line 5,56,this.producer = p ;
150,female,4070084033,line 5,76,this.producer = p ;
150,female,4070919857,line 2,76,"String producer , type ;"
150,female,4071067591,line 2,100,"String producer , type ;"
150,female,4071171779,line 2,60,"String producer , type ;"
150,female,4071708000,line 5,56,this.producer = p ;
150,female,4071987916,line 5,84,this.producer = p ;
150,female,4072075921,line 5,84,this.producer = p ;
150,female,4072380021,line 4,72,"public Vehicle ( String p , String t , int tp ) {"
150,female,4072687904,line 6,56,this.type = t ;
150,female,4072747940,line 6,56,this.type = t ;
150,female,4073576143,line 4,152,"public Vehicle ( String p , String t , int tp ) {"
150,female,4073647965,line 4,68,"public Vehicle ( String p , String t , int tp ) {"
150,female,4073739825,line 4,56,"public Vehicle ( String p , String t , int tp ) {"
150,female,4074019904,line 7,56,this.topSpeed = tp ;
150,female,4074107996,line 6,56,this.type = t ;
150,female,4074171956,line 6,60,this.type = t ;
150,female,4074323857,line 6,72,this.type = t ;
150,female,4074939693,line 7,100,this.topSpeed = tp ;
150,female,4075007714,line 7,64,this.topSpeed = tp ;
150,female,4075099742,line 7,88,this.topSpeed = tp ;
150,female,4075511763,line 7,104,this.topSpeed = tp ;
150,female,4075619713,line 7,104,this.topSpeed = tp ;
150,female,4075767666,line 7,80,this.topSpeed = tp ;
150,female,4076967585,line 10,64,public int accelerate ( int kmh ) {
150,female,4077411557,line 10,84,public int accelerate ( int kmh ) {
150,female,4078843424,line 10,56,public int accelerate ( int kmh ) {
150,female,4079023432,line 10,84,public int accelerate ( int kmh ) {
150,female,4079219421,line 10,112,public int accelerate ( int kmh ) {
150,female,4079299336,line 10,56,public int accelerate ( int kmh ) {
150,female,4079759302,line 10,76,public int accelerate ( int kmh ) {
150,female,4080071293,line 11,88,if ( ( this.currentSpeed + kmh ) > this.topSpeed ) {
150,female,4080171334,line 11,64,if ( ( this.currentSpeed + kmh ) > this.topSpeed ) {
150,female,4080255363,line 11,80,if ( ( this.currentSpeed + kmh ) > this.topSpeed ) {
150,female,4080475333,line 11,124,if ( ( this.currentSpeed + kmh ) > this.topSpeed ) {
150,female,4080603300,line 11,84,if ( ( this.currentSpeed + kmh ) > this.topSpeed ) {
150,female,4080819196,line 11,56,if ( ( this.currentSpeed + kmh ) > this.topSpeed ) {
150,female,4080991181,line 7,108,this.topSpeed = tp ;
150,female,4081887165,line 11,88,if ( ( this.currentSpeed + kmh ) > this.topSpeed ) {
150,female,4082171213,line 12,56,this.currentSpeed = this.topSpeed ;
150,female,4082287132,line 12,84,this.currentSpeed = this.topSpeed ;
150,female,4082667000,line 12,60,this.currentSpeed = this.topSpeed ;
150,female,4085478955,line 10,64,public int accelerate ( int kmh ) {
150,female,4087390605,line 18,76,public static void main ( String args [ ] ) {
150,female,4088366620,line 19,88,"Vehicle v = new Vehicle ( ""Audi"" , ""A6"" , 200 ) ;"
150,female,4088774932,line 20,116,v.accelerate ( 10 ) ;
150,female,4089086519,line 20,88,v.accelerate ( 10 ) ;
150,female,4091770214,line 11,64,if ( ( this.currentSpeed + kmh ) > this.topSpeed ) {
150,female,4091866097,line 11,92,if ( ( this.currentSpeed + kmh ) > this.topSpeed ) {
150,female,4092146331,line 10,152,public int accelerate ( int kmh ) {
150,female,4092330358,line 10,124,public int accelerate ( int kmh ) {
150,female,4093614024,line 11,68,if ( ( this.currentSpeed + kmh ) > this.topSpeed ) {
150,female,4093702119,line 10,60,public int accelerate ( int kmh ) {
150,female,4093862111,line 10,88,public int accelerate ( int kmh ) {
150,female,4093982125,line 10,72,public int accelerate ( int kmh ) {
150,female,4094234112,line 11,124,if ( ( this.currentSpeed + kmh ) > this.topSpeed ) {
150,female,4094786115,line 19,68,"Vehicle v = new Vehicle ( ""Audi"" , ""A6"" , 200 ) ;"
150,female,4095778166,line 4,84,"public Vehicle ( String p , String t , int tp ) {"
150,female,4095898443,line 6,84,this.type = t ;
150,female,4096034256,line 6,64,this.type = t ;
150,female,4096138103,line 7,80,this.topSpeed = tp ;
150,female,4098361719,line 7,124,this.topSpeed = tp ;
150,female,4098465688,line 7,72,this.topSpeed = tp ;
150,female,4099261592,line 4,152,"public Vehicle ( String p , String t , int tp ) {"
150,female,4099809582,line 3,72,"int topSpeed , currentSpeed ;"
150,female,4099885540,line 3,72,"int topSpeed , currentSpeed ;"
150,female,4100245547,line 2,104,"String producer , type ;"
150,female,4100569608,line 1,68,public class Vehicle {
150,female,4100721630,line 2,76,"String producer , type ;"
150,female,4100885597,line 3,80,"int topSpeed , currentSpeed ;"
150,female,4101073512,line 3,56,"int topSpeed , currentSpeed ;"
150,female,4101149412,line 3,72,"int topSpeed , currentSpeed ;"
150,female,4101397347,line 3,140,"int topSpeed , currentSpeed ;"
150,female,4101661465,line 3,96,"int topSpeed , currentSpeed ;"
150,female,4101953406,line 4,56,"public Vehicle ( String p , String t , int tp ) {"
150,female,4102013415,line 4,56,"public Vehicle ( String p , String t , int tp ) {"
150,female,4103417295,line 6,96,this.type = t ;
150,female,4103593269,line 8,104,this.currentSpeed = 0 ;
150,female,4104045792,line 8,132,this.currentSpeed = 0 ;
150,female,4104109916,line 8,60,this.currentSpeed = 0 ;
150,female,4105221179,line 20,76,v.accelerate ( 10 ) ;
160,male,17397413727,line 4,116,"public Vehicle ( String p , String t , int tp ) {"
160,male,17397621724,line 3,104,"int topSpeed , currentSpeed ;"
160,male,17397717726,line 3,68,"int topSpeed , currentSpeed ;"
160,male,17398121443,line 4,76,"public Vehicle ( String p , String t , int tp ) {"
160,male,17398541600,line 4,100,"public Vehicle ( String p , String t , int tp ) {"
160,male,17398853629,line 4,60,"public Vehicle ( String p , String t , int tp ) {"
160,male,17398973619,line 4,116,"public Vehicle ( String p , String t , int tp ) {"
160,male,17399729314,line 3,104,"int topSpeed , currentSpeed ;"
160,male,17400353481,line 3,72,"int topSpeed , currentSpeed ;"
160,male,17400577526,line 3,80,"int topSpeed , currentSpeed ;"
160,male,17400653504,line 3,72,"int topSpeed , currentSpeed ;"
160,male,17402425322,line 4,72,"public Vehicle ( String p , String t , int tp ) {"
160,male,17402701262,line 4,140,"public Vehicle ( String p , String t , int tp ) {"
160,male,17402773186,line 4,68,"public Vehicle ( String p , String t , int tp ) {"
160,male,17402921080,line 4,64,"public Vehicle ( String p , String t , int tp ) {"
160,male,17403097178,line 4,84,"public Vehicle ( String p , String t , int tp ) {"
160,male,17403225215,line 4,124,"public Vehicle ( String p , String t , int tp ) {"
160,male,17403297216,line 4,68,"public Vehicle ( String p , String t , int tp ) {"
160,male,17403589185,line 4,76,"public Vehicle ( String p , String t , int tp ) {"
160,male,17403657195,line 4,64,"public Vehicle ( String p , String t , int tp ) {"
160,male,17403741250,line 4,80,"public Vehicle ( String p , String t , int tp ) {"
160,male,17404217383,line 4,116,"public Vehicle ( String p , String t , int tp ) {"
160,male,17404277275,line 4,56,"public Vehicle ( String p , String t , int tp ) {"
160,male,17404377060,line 4,96,"public Vehicle ( String p , String t , int tp ) {"
160,male,17404448957,line 4,68,"public Vehicle ( String p , String t , int tp ) {"
160,male,17404729038,line 3,88,"int topSpeed , currentSpeed ;"
160,male,17404837086,line 3,68,"int topSpeed , currentSpeed ;"
160,male,17404921119,line 3,80,"int topSpeed , currentSpeed ;"
160,male,17405133095,line 5,88,this.producer = p ;
160,male,17405229244,line 5,92,this.producer = p ;
160,male,17405973443,line 11,60,if ( ( this.currentSpeed + kmh ) > this.topSpeed ) {
160,male,17406061164,line 11,84,if ( ( this.currentSpeed + kmh ) > this.topSpeed ) {
160,male,17406144945,line 11,80,if ( ( this.currentSpeed + kmh ) > this.topSpeed ) {
160,male,17406288915,line 11,140,if ( ( this.currentSpeed + kmh ) > this.topSpeed ) {
160,male,17406424921,line 11,88,if ( ( this.currentSpeed + kmh ) > this.topSpeed ) {
160,male,17406484931,line 11,56,if ( ( this.currentSpeed + kmh ) > this.topSpeed ) {
160,male,17406652933,line 11,68,if ( ( this.currentSpeed + kmh ) > this.topSpeed ) {
160,male,17407000783,line 18,80,public static void main ( String args [ ] ) {
160,male,17407529179,line 20,64,v.accelerate ( 10 ) ;
160,male,17407704868,line 20,88,v.accelerate ( 10 ) ;
160,male,17408208809,line 11,112,if ( ( this.currentSpeed + kmh ) > this.topSpeed ) {
160,male,17408268802,line 11,56,if ( ( this.currentSpeed + kmh ) > this.topSpeed ) {
160,male,17408416809,line 11,104,if ( ( this.currentSpeed + kmh ) > this.topSpeed ) {
160,male,17408588835,line 6,80,this.type = t ;
160,male,17408784949,line 7,72,this.topSpeed = tp ;
160,male,17408845112,line 6,56,this.type = t ;
160,male,17409060894,line 6,176,this.type = t ;
160,male,17409148618,line 6,84,this.type = t ;
160,male,17409228639,line 4,60,"public Vehicle ( String p , String t , int tp ) {"
160,male,17409412703,line 3,72,"int topSpeed , currentSpeed ;"
160,male,17409568694,line 3,96,"int topSpeed , currentSpeed ;"
160,male,17409788731,line 6,124,this.type = t ;
160,male,17409860749,line 6,68,this.type = t ;
160,male,17409920764,line 6,56,this.type = t ;
160,male,17410900544,line 5,80,this.producer = p ;
160,male,17411444544,line 10,172,public int accelerate ( int kmh ) {
160,male,17411772518,line 11,56,if ( ( this.currentSpeed + kmh ) > this.topSpeed ) {
160,male,17411988537,line 11,104,if ( ( this.currentSpeed + kmh ) > this.topSpeed ) {
160,male,17412108396,line 11,64,if ( ( this.currentSpeed + kmh ) > this.topSpeed ) {
160,male,17412168327,line 11,56,if ( ( this.currentSpeed + kmh ) > this.topSpeed ) {
160,male,17412236279,line 11,64,if ( ( this.currentSpeed + kmh ) > this.topSpeed ) {
160,male,17412572449,line 11,64,if ( ( this.currentSpeed + kmh ) > this.topSpeed ) {
160,male,17412656445,line 10,80,public int accelerate ( int kmh ) {
160,male,17412720439,line 10,60,public int accelerate ( int kmh ) {
160,male,17412796447,line 11,72,if ( ( this.currentSpeed + kmh ) > this.topSpeed ) {
160,male,17412904457,line 10,72,public int accelerate ( int kmh ) {
160,male,17413028438,line 10,120,public int accelerate ( int kmh ) {
160,male,17413356447,line 19,108,"Vehicle v = new Vehicle ( ""Audi"" , ""A6"" , 200 ) ;"
160,male,17413500390,line 19,116,"Vehicle v = new Vehicle ( ""Audi"" , ""A6"" , 200 ) ;"
160,male,17413660326,line 20,128,v.accelerate ( 10 ) ;
160,male,17413768237,line 20,104,v.accelerate ( 10 ) ;
160,male,17413848177,line 20,76,v.accelerate ( 10 ) ;
160,male,17413952216,line 20,68,v.accelerate ( 10 ) ;
160,male,17414012264,line 20,56,v.accelerate ( 10 ) ;
160,male,17414076303,line 20,60,v.accelerate ( 10 ) ;
160,male,17414672312,line 11,188,if ( ( this.currentSpeed + kmh ) > this.topSpeed ) {
160,male,17415224367,line 11,164,if ( ( this.currentSpeed + kmh ) > this.topSpeed ) {
160,male,17415336205,line 5,56,this.producer = p ;
160,male,17415424091,line 5,84,this.producer = p ;
160,male,17415640176,line 5,168,this.producer = p ;
160,male,17415716272,line 5,72,this.producer = p ;
160,male,17417728166,line 19,56,"Vehicle v = new Vehicle ( ""Audi"" , ""A6"" , 200 ) ;"
160,male,17420043890,line 19,56,"Vehicle v = new Vehicle ( ""Audi"" , ""A6"" , 200 ) ;"
160,male,17421147714,line 20,68,v.accelerate ( 10 ) ;
160,male,17421279753,line 20,92,v.accelerate ( 10 ) ;
160,male,17421479951,line 19,76,"Vehicle v = new Vehicle ( ""Audi"" , ""A6"" , 200 ) ;"
160,male,17422183575,line 7,76,this.topSpeed = tp ;
160,male,17422331606,line 7,76,this.topSpeed = tp ;
160,male,17422511631,line 4,96,"public Vehicle ( String p , String t , int tp ) {"
160,male,17422851664,line 6,108,this.type = t ;
160,male,17423287356,line 7,96,this.topSpeed = tp ;
160,male,17423687492,line 6,108,this.type = t ;
160,male,17423767503,line 6,76,this.type = t ;
160,male,17423947546,line 7,148,this.topSpeed = tp ;
160,male,17424123536,line 8,84,this.currentSpeed = 0 ;
160,male,17424207529,line 8,80,this.currentSpeed = 0 ;
160,male,17425847436,line 7,56,this.topSpeed = tp ;
160,male,17425963396,line 7,112,this.topSpeed = tp ;
160,male,17426123412,line 7,124,this.topSpeed = tp ;
160,male,17426203364,line 7,76,this.topSpeed = tp ;
160,male,17426311298,line 7,104,this.topSpeed = tp ;
160,male,17426499256,line 8,76,this.currentSpeed = 0 ;
160,male,17426615240,line 7,80,this.topSpeed = tp ;
160,male,17426679235,line 8,60,this.currentSpeed = 0 ;
160,male,17426895271,line 7,128,this.topSpeed = tp ;
160,male,17427339694,line 7,232,this.topSpeed = tp ;
160,male,17427587210,line 8,84,this.currentSpeed = 0 ;
160,male,17427715300,line 8,84,this.currentSpeed = 0 ;
160,male,17427775294,line 8,56,this.currentSpeed = 0 ;
160,male,17427843272,line 8,64,this.currentSpeed = 0 ;
160,male,17427931242,line 8,84,this.currentSpeed = 0 ;
160,male,17428307155,line 8,116,this.currentSpeed = 0 ;
160,male,17428811282,line 7,80,this.topSpeed = tp ;
160,male,17428975085,line 7,116,this.topSpeed = tp ;
160,male,17429135100,line 7,72,this.topSpeed = tp ;
160,male,17429259114,line 6,120,this.type = t ;
160,male,17429554897,line 7,104,this.topSpeed = tp ;
160,male,17429763148,line 7,120,this.topSpeed = tp ;
160,male,17429831043,line 8,64,this.currentSpeed = 0 ;
160,male,17429934894,line 7,100,this.topSpeed = tp ;
160,male,17430022899,line 7,84,this.topSpeed = tp ;
160,male,17430234899,line 8,80,this.currentSpeed = 0 ;
160,male,17430342849,line 8,56,this.currentSpeed = 0 ;
160,male,17430466907,line 7,120,this.topSpeed = tp ;
160,male,17430650941,line 7,76,this.topSpeed = tp ;
160,male,17430818933,line 7,76,this.topSpeed = tp ;
160,male,17431186908,line 7,76,this.topSpeed = tp ;
160,male,17431258881,line 7,68,this.topSpeed = tp ;
160,male,17431330848,line 7,68,this.topSpeed = tp ;
160,male,17431426827,line 7,92,this.topSpeed = tp ;
160,male,17431522810,line 7,92,this.topSpeed = tp ;
160,male,17431582815,line 7,56,this.topSpeed = tp ;
160,male,17431674837,line 8,60,this.currentSpeed = 0 ;
160,male,17431902861,line 8,224,this.currentSpeed = 0 ;
160,male,17432058836,line 8,152,this.currentSpeed = 0 ;
160,male,17432219024,line 8,124,this.currentSpeed = 0 ;
160,male,17432754773,line 8,108,this.currentSpeed = 0 ;
160,male,17433234665,line 8,64,this.currentSpeed = 0 ;
160,male,17433326599,line 8,88,this.currentSpeed = 0 ;
160,male,17433470573,line 8,68,this.currentSpeed = 0 ;
160,male,17436630410,line 7,200,this.topSpeed = tp ;
160,male,17436834441,line 7,80,this.topSpeed = tp ;
160,male,17436898469,line 8,60,this.currentSpeed = 0 ;
160,male,17437382187,line 7,92,this.topSpeed = tp ;
160,male,17437517963,line 7,88,this.topSpeed = tp ;
160,male,17437670203,line 7,148,this.topSpeed = tp ;
160,male,17437782529,line 7,80,this.topSpeed = tp ;
160,male,17437899006,line 7,112,this.topSpeed = tp ;
160,male,17438706317,line 7,88,this.topSpeed = tp ;
160,male,17438818157,line 8,108,this.currentSpeed = 0 ;
160,male,17438953973,line 8,76,this.currentSpeed = 0 ;
160,male,17440765932,line 11,236,if ( ( this.currentSpeed + kmh ) > this.topSpeed ) {
160,male,17440962036,line 10,68,public int accelerate ( int kmh ) {
160,male,17441158051,line 11,68,if ( ( this.currentSpeed + kmh ) > this.topSpeed ) {
160,male,17441222060,line 11,60,if ( ( this.currentSpeed + kmh ) > this.topSpeed ) {
160,male,17441498044,line 10,104,public int accelerate ( int kmh ) {
160,male,17441718021,line 5,60,this.producer = p ;
160,male,17441822022,line 4,100,"public Vehicle ( String p , String t , int tp ) {"
160,male,17442133920,line 4,132,"public Vehicle ( String p , String t , int tp ) {"
160,male,17442489857,line 4,60,"public Vehicle ( String p , String t , int tp ) {"
160,male,17442706032,line 4,124,"public Vehicle ( String p , String t , int tp ) {"
160,male,17442957920,line 4,76,"public Vehicle ( String p , String t , int tp ) {"
160,male,17443017914,line 4,56,"public Vehicle ( String p , String t , int tp ) {"
160,male,17443077901,line 4,56,"public Vehicle ( String p , String t , int tp ) {"
160,male,17443385972,line 4,72,"public Vehicle ( String p , String t , int tp ) {"
160,male,17443561772,line 4,116,"public Vehicle ( String p , String t , int tp ) {"
160,male,17443781698,line 4,68,"public Vehicle ( String p , String t , int tp ) {"
160,male,17444029785,line 4,124,"public Vehicle ( String p , String t , int tp ) {"
160,male,17444101787,line 4,68,"public Vehicle ( String p , String t , int tp ) {"
160,male,17444265785,line 4,108,"public Vehicle ( String p , String t , int tp ) {"
160,male,17444401793,line 4,132,"public Vehicle ( String p , String t , int tp ) {"
160,male,17444545772,line 4,140,"public Vehicle ( String p , String t , int tp ) {"
160,male,17444641759,line 4,92,"public Vehicle ( String p , String t , int tp ) {"
160,male,17444777772,line 4,76,"public Vehicle ( String p , String t , int tp ) {"
160,male,17444981791,line 8,76,this.currentSpeed = 0 ;
160,male,17446113592,line 11,160,if ( ( this.currentSpeed + kmh ) > this.topSpeed ) {
160,male,17446261646,line 11,96,if ( ( this.currentSpeed + kmh ) > this.topSpeed ) {
160,male,17446361763,line 11,76,if ( ( this.currentSpeed + kmh ) > this.topSpeed ) {
160,male,17446437934,line 12,72,this.currentSpeed = this.topSpeed ;
160,male,17446534099,line 11,92,if ( ( this.currentSpeed + kmh ) > this.topSpeed ) {
160,male,17446645832,line 12,76,this.currentSpeed = this.topSpeed ;
160,male,17446757642,line 11,108,if ( ( this.currentSpeed + kmh ) > this.topSpeed ) {
160,male,17446845613,line 11,84,if ( ( this.currentSpeed + kmh ) > this.topSpeed ) {
160,male,17447069538,line 11,176,if ( ( this.currentSpeed + kmh ) > this.topSpeed ) {
160,male,17447217546,line 11,112,if ( ( this.currentSpeed + kmh ) > this.topSpeed ) {
160,male,17447417667,line 11,60,if ( ( this.currentSpeed + kmh ) > this.topSpeed ) {
160,male,17447629590,line 11,60,if ( ( this.currentSpeed + kmh ) > this.topSpeed ) {
160,male,17447809479,line 11,176,if ( ( this.currentSpeed + kmh ) > this.topSpeed ) {
160,male,17448001507,line 11,156,if ( ( this.currentSpeed + kmh ) > this.topSpeed ) {
160,male,17448101485,line 11,56,if ( ( this.currentSpeed + kmh ) > this.topSpeed ) {
160,male,17448193447,line 11,88,if ( ( this.currentSpeed + kmh ) > this.topSpeed ) {
160,male,17448309394,line 11,112,if ( ( this.currentSpeed + kmh ) > this.topSpeed ) {
160,male,17448393377,line 11,80,if ( ( this.currentSpeed + kmh ) > this.topSpeed ) {
160,male,17448549357,line 11,60,if ( ( this.currentSpeed + kmh ) > this.topSpeed ) {
160,male,17448617355,line 11,64,if ( ( this.currentSpeed + kmh ) > this.topSpeed ) {
160,male,17448677354,line 11,56,if ( ( this.currentSpeed + kmh ) > this.topSpeed ) {
160,male,17448925320,line 11,184,if ( ( this.currentSpeed + kmh ) > this.topSpeed ) {
160,male,17449061314,line 11,132,if ( ( this.currentSpeed + kmh ) > this.topSpeed ) {
160,male,17449441468,line 11,64,if ( ( this.currentSpeed + kmh ) > this.topSpeed ) {
160,male,17449753334,line 11,108,if ( ( this.currentSpeed + kmh ) > this.topSpeed ) {
160,male,17449957116,line 11,156,if ( ( this.currentSpeed + kmh ) > this.topSpeed ) {
160,male,17450085190,line 12,124,this.currentSpeed = this.topSpeed ;
160,male,17450301334,line 11,164,if ( ( this.currentSpeed + kmh ) > this.topSpeed ) {
160,male,17450505278,line 11,116,if ( ( this.currentSpeed + kmh ) > this.topSpeed ) {
160,male,17450617281,line 11,108,if ( ( this.currentSpeed + kmh ) > this.topSpeed ) {
160,male,17451141224,line 12,104,this.currentSpeed = this.topSpeed ;
160,male,17451285236,line 12,96,this.currentSpeed = this.topSpeed ;
160,male,17451385192,line 11,96,if ( ( this.currentSpeed + kmh ) > this.topSpeed ) {
160,male,17451497124,line 11,108,if ( ( this.currentSpeed + kmh ) > this.topSpeed ) {
160,male,17452165070,line 11,132,if ( ( this.currentSpeed + kmh ) > this.topSpeed ) {
160,male,17452261077,line 11,92,if ( ( this.currentSpeed + kmh ) > this.topSpeed ) {
160,male,17452349086,line 11,84,if ( ( this.currentSpeed + kmh ) > this.topSpeed ) {
160,male,17452588480,line 11,144,if ( ( this.currentSpeed + kmh ) > this.topSpeed ) {
160,male,17452748718,line 11,156,if ( ( this.currentSpeed + kmh ) > this.topSpeed ) {
160,male,17452852901,line 11,100,if ( ( this.currentSpeed + kmh ) > this.topSpeed ) {
160,male,17452981006,line 12,68,this.currentSpeed = this.topSpeed ;
160,male,17453076957,line 11,92,if ( ( this.currentSpeed + kmh ) > this.topSpeed ) {
160,male,17453176924,line 11,96,if ( ( this.currentSpeed + kmh ) > this.topSpeed ) {
160,male,17453424950,line 11,244,if ( ( this.currentSpeed + kmh ) > this.topSpeed ) {
160,male,17453492955,line 11,64,if ( ( this.currentSpeed + kmh ) > this.topSpeed ) {
160,male,17453673204,line 11,176,if ( ( this.currentSpeed + kmh ) > this.topSpeed ) {
160,male,17453757253,line 11,80,if ( ( this.currentSpeed + kmh ) > this.topSpeed ) {
160,male,17454064961,line 20,88,v.accelerate ( 10 ) ;
160,male,17455016871,line 19,112,"Vehicle v = new Vehicle ( ""Audi"" , ""A6"" , 200 ) ;"
160,male,17455604863,line 19,88,"Vehicle v = new Vehicle ( ""Audi"" , ""A6"" , 200 ) ;"
160,male,17455748861,line 19,140,"Vehicle v = new Vehicle ( ""Audi"" , ""A6"" , 200 ) ;"
160,male,17455964798,line 19,60,"Vehicle v = new Vehicle ( ""Audi"" , ""A6"" , 200 ) ;"
160,male,17456892656,line 12,60,this.currentSpeed = this.topSpeed ;
160,male,17457100695,line 12,72,this.currentSpeed = this.topSpeed ;
160,male,17457360807,line 11,96,if ( ( this.currentSpeed + kmh ) > this.topSpeed ) {
160,male,17457481029,line 11,72,if ( ( this.currentSpeed + kmh ) > this.topSpeed ) {
160,male,17457764507,line 11,100,if ( ( this.currentSpeed + kmh ) > this.topSpeed ) {
160,male,17458284554,line 11,68,if ( ( this.currentSpeed + kmh ) > this.topSpeed ) {
160,male,17458944756,line 12,96,this.currentSpeed = this.topSpeed ;
160,male,17459068625,line 12,76,this.currentSpeed = this.topSpeed ;
160,male,17459652377,line 12,252,this.currentSpeed = this.topSpeed ;
160,male,17459792462,line 12,64,this.currentSpeed = this.topSpeed ;
160,male,17459868552,line 12,72,this.currentSpeed = this.topSpeed ;
160,male,17460524439,line 12,64,this.currentSpeed = this.topSpeed ;
160,male,17461124288,line 12,152,this.currentSpeed = this.topSpeed ;
160,male,17462116301,line 12,192,this.currentSpeed = this.topSpeed ;
160,male,17463108136,line 14,56,this.currentSpeed = this.currentSpeed + kmh ;
160,male,17463240145,line 14,108,this.currentSpeed = this.currentSpeed + kmh ;
160,male,17463396172,line 14,76,this.currentSpeed = this.currentSpeed + kmh ;
160,male,17463540195,line 14,88,this.currentSpeed = this.currentSpeed + kmh ;
160,male,17463648206,line 14,56,this.currentSpeed = this.currentSpeed + kmh ;
160,male,17464079630,line 14,56,this.currentSpeed = this.currentSpeed + kmh ;
160,male,17464223844,line 14,72,this.currentSpeed = this.currentSpeed + kmh ;
160,male,17464352027,line 14,124,this.currentSpeed = this.currentSpeed + kmh ;
160,male,17464799864,line 14,100,this.currentSpeed = this.currentSpeed + kmh ;
160,male,17465523978,line 12,84,this.currentSpeed = this.topSpeed ;
160,male,17465791852,line 12,64,this.currentSpeed = this.topSpeed ;
160,male,17465875917,line 12,80,this.currentSpeed = this.topSpeed ;
160,male,17466031986,line 12,76,this.currentSpeed = this.topSpeed ;
160,male,17466151974,line 12,116,this.currentSpeed = this.topSpeed ;
160,male,17466407872,line 12,100,this.currentSpeed = this.topSpeed ;
160,male,17466575901,line 12,92,this.currentSpeed = this.topSpeed ;
160,male,17466655930,line 12,76,this.currentSpeed = this.topSpeed ;
160,male,17466867919,line 12,140,this.currentSpeed = this.topSpeed ;
160,male,17467015838,line 11,64,if ( ( this.currentSpeed + kmh ) > this.topSpeed ) {
160,male,17469263646,line 8,160,this.currentSpeed = 0 ;
160,male,17469371647,line 8,104,this.currentSpeed = 0 ;
160,male,17469671640,line 11,124,if ( ( this.currentSpeed + kmh ) > this.topSpeed ) {
160,male,17469751614,line 12,64,this.currentSpeed = this.topSpeed ;
160,male,17469815599,line 12,60,this.currentSpeed = this.topSpeed ;
160,male,17470027602,line 12,208,this.currentSpeed = this.topSpeed ;
160,male,17470171584,line 12,96,this.currentSpeed = this.topSpeed ;
160,male,17470439251,line 11,104,if ( ( this.currentSpeed + kmh ) > this.topSpeed ) {
160,male,17471003510,line 11,84,if ( ( this.currentSpeed + kmh ) > this.topSpeed ) {
160,male,17471267472,line 12,128,this.currentSpeed = this.topSpeed ;
160,male,17471643422,line 12,104,this.currentSpeed = this.topSpeed ;
160,male,17471707392,line 12,60,this.currentSpeed = this.topSpeed ;
160,male,17472467387,line 8,92,this.currentSpeed = 0 ;
160,male,17472679361,line 8,104,this.currentSpeed = 0 ;
160,male,17473295268,line 7,64,this.topSpeed = tp ;
160,male,17473379180,line 7,80,this.topSpeed = tp ;
160,male,17474291216,line 4,64,"public Vehicle ( String p , String t , int tp ) {"
160,male,17474375221,line 4,80,"public Vehicle ( String p , String t , int tp ) {"
160,male,17474803190,line 12,64,this.currentSpeed = this.topSpeed ;
160,male,17474875180,line 12,68,this.currentSpeed = this.topSpeed ;
160,male,17474987134,line 12,56,this.currentSpeed = this.topSpeed ;
160,male,17475254810,line 11,88,if ( ( this.currentSpeed + kmh ) > this.topSpeed ) {
160,male,17476415065,line 11,68,if ( ( this.currentSpeed + kmh ) > this.topSpeed ) {
160,male,17476495076,line 12,76,this.currentSpeed = this.topSpeed ;
160,male,17476567051,line 12,68,this.currentSpeed = this.topSpeed ;
160,male,17476627010,line 12,56,this.currentSpeed = this.topSpeed ;
160,male,17477667010,line 12,76,this.currentSpeed = this.topSpeed ;
160,male,17477727007,line 12,56,this.currentSpeed = this.topSpeed ;
160,male,17477834985,line 12,56,this.currentSpeed = this.topSpeed ;
160,male,17477942921,line 12,104,this.currentSpeed = this.topSpeed ;
160,male,17478130637,line 12,64,this.currentSpeed = this.topSpeed ;
160,male,17478198723,line 12,64,this.currentSpeed = this.topSpeed ;
160,male,17478342873,line 11,76,if ( ( this.currentSpeed + kmh ) > this.topSpeed ) {
160,male,17478470839,line 12,88,this.currentSpeed = this.topSpeed ;
160,male,17478550823,line 12,76,this.currentSpeed = this.topSpeed ;
160,male,17478626819,line 12,72,this.currentSpeed = this.topSpeed ;
160,male,17478770825,line 11,116,if ( ( this.currentSpeed + kmh ) > this.topSpeed ) {
160,male,17478886856,line 12,112,this.currentSpeed = this.topSpeed ;
160,male,17479018843,line 12,128,this.currentSpeed = this.topSpeed ;
160,male,17479234832,line 12,56,this.currentSpeed = this.topSpeed ;
160,male,17479378847,line 12,140,this.currentSpeed = this.topSpeed ;
160,male,17479758562,line 12,68,this.currentSpeed = this.topSpeed ;
160,male,17480002649,line 12,240,this.currentSpeed = this.topSpeed ;
160,male,17480610758,line 14,92,this.currentSpeed = this.currentSpeed + kmh ;
160,male,17480730713,line 14,64,this.currentSpeed = this.currentSpeed + kmh ;
160,male,17480842712,line 14,60,this.currentSpeed = this.currentSpeed + kmh ;
160,male,17480946715,line 14,100,this.currentSpeed = this.currentSpeed + kmh ;
160,male,17481106721,line 14,88,this.currentSpeed = this.currentSpeed + kmh ;
160,male,17481334600,line 14,68,this.currentSpeed = this.currentSpeed + kmh ;
160,male,17481410580,line 14,72,this.currentSpeed = this.currentSpeed + kmh ;
160,male,17481666536,line 16,64,return this.currentSpeed ;
160,male,17481802545,line 16,132,return this.currentSpeed ;
160,male,17481982557,line 16,108,return this.currentSpeed ;
160,male,17482066566,line 16,80,return this.currentSpeed ;
160,male,17482274627,line 16,68,return this.currentSpeed ;
160,male,17482490632,line 14,120,this.currentSpeed = this.currentSpeed + kmh ;
160,male,17482578626,line 14,84,this.currentSpeed = this.currentSpeed + kmh ;
160,male,17482698594,line 14,116,this.currentSpeed = this.currentSpeed + kmh ;
160,male,17482814511,line 14,112,this.currentSpeed = this.currentSpeed + kmh ;
160,male,17482970223,line 14,100,this.currentSpeed = this.currentSpeed + kmh ;
160,male,17483134272,line 14,76,this.currentSpeed = this.currentSpeed + kmh ;
160,male,17483610427,line 14,60,this.currentSpeed = this.currentSpeed + kmh ;
160,male,17483806461,line 14,96,this.currentSpeed = this.currentSpeed + kmh ;
160,male,17483874473,line 14,64,this.currentSpeed = this.currentSpeed + kmh ;
160,male,17484078461,line 14,140,this.currentSpeed = this.currentSpeed + kmh ;
160,male,17484294352,line 14,88,this.currentSpeed = this.currentSpeed + kmh ;
160,male,17484386248,line 14,56,this.currentSpeed = this.currentSpeed + kmh ;
160,male,17484822330,line 12,100,this.currentSpeed = this.topSpeed ;
160,male,17484934080,line 12,108,this.currentSpeed = this.topSpeed ;
160,male,17484997972,line 12,60,this.currentSpeed = this.topSpeed ;
160,male,17486626178,line 11,108,if ( ( this.currentSpeed + kmh ) > this.topSpeed ) {
160,male,17486814118,line 12,112,this.currentSpeed = this.topSpeed ;
160,male,17486970121,line 12,76,this.currentSpeed = this.topSpeed ;
160,male,17487082147,line 12,68,this.currentSpeed = this.topSpeed ;
160,male,17487190184,line 12,104,this.currentSpeed = this.topSpeed ;
160,male,17487266208,line 12,72,this.currentSpeed = this.topSpeed ;
160,male,17487342213,line 12,72,this.currentSpeed = this.topSpeed ;
160,male,17487710064,line 16,72,return this.currentSpeed ;
160,male,17487922101,line 20,84,v.accelerate ( 10 ) ;
160,male,17488194035,line 20,68,v.accelerate ( 10 ) ;
160,male,17488450028,line 20,208,v.accelerate ( 10 ) ;
162,male,2655285192,line 1,68,public class Vehicle {
162,male,2655425228,line 2,76,"String producer , type ;"
162,male,2655505205,line 2,76,"String producer , type ;"
162,male,2655717186,line 3,192,"int topSpeed , currentSpeed ;"
162,male,2655793192,line 3,64,"int topSpeed , currentSpeed ;"
162,male,2655965187,line 3,168,"int topSpeed , currentSpeed ;"
162,male,2656189167,line 3,220,"int topSpeed , currentSpeed ;"
162,male,2656381187,line 3,172,"int topSpeed , currentSpeed ;"
162,male,2657192914,line 4,92,"public Vehicle ( String p , String t , int tp ) {"
162,male,2657340984,line 4,144,"public Vehicle ( String p , String t , int tp ) {"
162,male,2657437046,line 5,68,this.producer = p ;
162,male,2657692990,line 5,252,this.producer = p ;
162,male,2657941023,line 4,216,"public Vehicle ( String p , String t , int tp ) {"
162,male,2658157034,line 3,200,"int topSpeed , currentSpeed ;"
162,male,2658281052,line 3,60,"int topSpeed , currentSpeed ;"
162,male,2658397083,line 3,104,"int topSpeed , currentSpeed ;"
162,male,2658485074,line 2,80,"String producer , type ;"
162,male,2658689040,line 2,200,"String producer , type ;"
162,male,2659024465,line 2,56,"String producer , type ;"
162,male,2659112726,line 3,84,"int topSpeed , currentSpeed ;"
162,male,2659400884,line 2,284,"String producer , type ;"
162,male,2659560879,line 2,156,"String producer , type ;"
162,male,2659656881,line 2,92,"String producer , type ;"
162,male,2659932930,line 2,252,"String producer , type ;"
162,male,2660177005,line 2,176,"String producer , type ;"
162,male,2660269050,line 2,88,"String producer , type ;"
162,male,2660497016,line 2,148,"String producer , type ;"
162,male,2660740918,line 3,176,"int topSpeed , currentSpeed ;"
162,male,2661000655,line 3,228,"int topSpeed , currentSpeed ;"
162,male,2661068651,line 3,64,"int topSpeed , currentSpeed ;"
162,male,2661348749,line 3,276,"int topSpeed , currentSpeed ;"
162,male,2661476774,line 3,88,"int topSpeed , currentSpeed ;"
162,male,2662380814,line 4,204,"public Vehicle ( String p , String t , int tp ) {"
162,male,2662688741,line 6,248,this.type = t ;
162,male,2662988608,line 5,240,this.producer = p ;
162,male,2663068618,line 5,64,this.producer = p ;
162,male,2663288614,line 5,72,this.producer = p ;
162,male,2663556618,line 5,148,this.producer = p ;
162,male,2663864628,line 5,240,this.producer = p ;
162,male,2665116549,line 2,80,"String producer , type ;"
162,male,2665280579,line 2,160,"String producer , type ;"
162,male,2665560515,line 4,228,"public Vehicle ( String p , String t , int tp ) {"
162,male,2665732490,line 5,140,this.producer = p ;
162,male,2665964507,line 6,200,this.type = t ;
162,male,2667052336,line 5,576,this.producer = p ;
162,male,2667292389,line 4,208,"public Vehicle ( String p , String t , int tp ) {"
162,male,2667636293,line 4,304,"public Vehicle ( String p , String t , int tp ) {"
162,male,2667736301,line 4,96,"public Vehicle ( String p , String t , int tp ) {"
162,male,2667916357,line 4,176,"public Vehicle ( String p , String t , int tp ) {"
162,male,2668116342,line 4,196,"public Vehicle ( String p , String t , int tp ) {"
162,male,2668220373,line 4,100,"public Vehicle ( String p , String t , int tp ) {"
162,male,2668388241,line 4,164,"public Vehicle ( String p , String t , int tp ) {"
162,male,2668576153,line 4,172,"public Vehicle ( String p , String t , int tp ) {"
162,male,2668820242,line 4,236,"public Vehicle ( String p , String t , int tp ) {"
162,male,2669068197,line 4,56,"public Vehicle ( String p , String t , int tp ) {"
162,male,2669532380,line 4,184,"public Vehicle ( String p , String t , int tp ) {"
162,male,2669612345,line 4,76,"public Vehicle ( String p , String t , int tp ) {"
162,male,2670076334,line 4,396,"public Vehicle ( String p , String t , int tp ) {"
162,male,2670364190,line 5,72,this.producer = p ;
162,male,2670620185,line 5,252,this.producer = p ;
162,male,2670956123,line 5,296,this.producer = p ;
162,male,2671144237,line 5,128,this.producer = p ;
162,male,2671396182,line 5,192,this.producer = p ;
162,male,2671660093,line 5,120,this.producer = p ;
162,male,2671872137,line 4,116,"public Vehicle ( String p , String t , int tp ) {"
162,male,2672440057,line 6,500,this.type = t ;
162,male,2672656093,line 5,192,this.producer = p ;
162,male,2672728054,line 6,68,this.type = t ;
162,male,2672923979,line 6,140,this.type = t ;
162,male,2673156018,line 6,228,this.type = t ;
162,male,2673412017,line 6,192,this.type = t ;
162,male,2673496036,line 6,80,this.type = t ;
162,male,2673652041,line 7,152,this.topSpeed = tp ;
162,male,2673859949,line 7,188,this.topSpeed = tp ;
162,male,2674202317,line 7,76,this.topSpeed = tp ;
162,male,2674355709,line 7,56,this.topSpeed = tp ;
162,male,2674599838,line 7,240,this.topSpeed = tp ;
162,male,2674787824,line 6,140,this.type = t ;
162,male,2674983843,line 7,160,this.topSpeed = tp ;
162,male,2675203856,line 7,216,this.topSpeed = tp ;
162,male,2675387832,line 5,164,this.producer = p ;
162,male,2675795783,line 5,184,this.producer = p ;
162,male,2675959687,line 5,156,this.producer = p ;
162,male,2676219655,line 5,256,this.producer = p ;
162,male,2676403693,line 5,168,this.producer = p ;
162,male,2676663670,line 3,204,"int topSpeed , currentSpeed ;"
162,male,2676919726,line 3,84,"int topSpeed , currentSpeed ;"
162,male,2677135751,line 3,212,"int topSpeed , currentSpeed ;"
162,male,2677287734,line 3,96,"int topSpeed , currentSpeed ;"
162,male,2677383750,line 3,92,"int topSpeed , currentSpeed ;"
162,male,2677691759,line 2,216,"String producer , type ;"
162,male,2677879648,line 2,184,"String producer , type ;"
162,male,2678083546,line 2,200,"String producer , type ;"
162,male,2678251591,line 2,164,"String producer , type ;"
162,male,2678403551,line 2,116,"String producer , type ;"
162,male,2679131583,line 5,136,this.producer = p ;
162,male,2680111431,line 5,164,this.producer = p ;
162,male,2680403483,line 2,224,"String producer , type ;"
162,male,2680547475,line 2,140,"String producer , type ;"
162,male,2680683482,line 2,120,"String producer , type ;"
162,male,2680783500,line 2,96,"String producer , type ;"
162,male,2680947512,line 2,160,"String producer , type ;"
162,male,2681207443,line 2,220,"String producer , type ;"
162,male,2681935179,line 6,348,this.type = t ;
162,male,2682027269,line 6,88,this.type = t ;
162,male,2682091345,line 6,60,this.type = t ;
162,male,2682347350,line 6,252,this.type = t ;
162,male,2682423334,line 6,72,this.type = t ;
162,male,2682735316,line 6,268,this.type = t ;
162,male,2683063309,line 5,84,this.producer = p ;
162,male,2683175299,line 5,108,this.producer = p ;
162,male,2683271290,line 7,72,this.topSpeed = tp ;
162,male,2683371291,line 7,96,this.topSpeed = tp ;
162,male,2683743249,line 10,196,public int accelerate ( int kmh ) {
162,male,2684451136,line 10,128,public int accelerate ( int kmh ) {
162,male,2685515208,line 10,132,public int accelerate ( int kmh ) {
162,male,2685583049,line 10,64,public int accelerate ( int kmh ) {
162,male,2685650889,line 10,64,public int accelerate ( int kmh ) {
162,male,2685895061,line 10,200,public int accelerate ( int kmh ) {
162,male,2686066988,line 10,156,public int accelerate ( int kmh ) {
162,male,2686487025,line 10,416,public int accelerate ( int kmh ) {
162,male,2686599045,line 10,88,public int accelerate ( int kmh ) {
162,male,2686939131,line 10,336,public int accelerate ( int kmh ) {
162,male,2687047139,line 10,104,public int accelerate ( int kmh ) {
162,male,2687147103,line 10,96,public int accelerate ( int kmh ) {
162,male,2687231043,line 10,80,public int accelerate ( int kmh ) {
162,male,2687430804,line 10,172,public int accelerate ( int kmh ) {
162,male,2687642845,line 6,148,this.type = t ;
162,male,2687770902,line 5,104,this.producer = p ;
162,male,2687878932,line 5,104,this.producer = p ;
162,male,2688114878,line 11,176,if ( ( this.currentSpeed + kmh ) > this.topSpeed ) {
162,male,2688178876,line 11,60,if ( ( this.currentSpeed + kmh ) > this.topSpeed ) {
162,male,2688302870,line 11,120,if ( ( this.currentSpeed + kmh ) > this.topSpeed ) {
162,male,2688894900,line 5,132,this.producer = p ;
162,male,2689242903,line 11,284,if ( ( this.currentSpeed + kmh ) > this.topSpeed ) {
162,male,2689430773,line 11,184,if ( ( this.currentSpeed + kmh ) > this.topSpeed ) {
162,male,2689562714,line 11,100,if ( ( this.currentSpeed + kmh ) > this.topSpeed ) {
162,male,2689978777,line 11,364,if ( ( this.currentSpeed + kmh ) > this.topSpeed ) {
162,male,2690246778,line 11,180,if ( ( this.currentSpeed + kmh ) > this.topSpeed ) {
162,male,2690486749,line 11,208,if ( ( this.currentSpeed + kmh ) > this.topSpeed ) {
162,male,2690770841,line 11,252,if ( ( this.currentSpeed + kmh ) > this.topSpeed ) {
162,male,2691558640,line 11,168,if ( ( this.currentSpeed + kmh ) > this.topSpeed ) {
162,male,2691654640,line 11,92,if ( ( this.currentSpeed + kmh ) > this.topSpeed ) {
162,male,2691738675,line 11,60,if ( ( this.currentSpeed + kmh ) > this.topSpeed ) {
162,male,2692106536,line 11,364,if ( ( this.currentSpeed + kmh ) > this.topSpeed ) {
162,male,2692314627,line 11,144,if ( ( this.currentSpeed + kmh ) > this.topSpeed ) {
162,male,2692486646,line 12,144,this.currentSpeed = this.topSpeed ;
162,male,2692638686,line 11,112,if ( ( this.currentSpeed + kmh ) > this.topSpeed ) {
162,male,2692774675,line 11,132,if ( ( this.currentSpeed + kmh ) > this.topSpeed ) {
162,male,2692890644,line 11,112,if ( ( this.currentSpeed + kmh ) > this.topSpeed ) {
162,male,2692986620,line 11,92,if ( ( this.currentSpeed + kmh ) > this.topSpeed ) {
162,male,2693250355,line 11,208,if ( ( this.currentSpeed + kmh ) > this.topSpeed ) {
162,male,2693458528,line 11,184,if ( ( this.currentSpeed + kmh ) > this.topSpeed ) {
162,male,2693622583,line 11,160,if ( ( this.currentSpeed + kmh ) > this.topSpeed ) {
162,male,2693910554,line 11,268,if ( ( this.currentSpeed + kmh ) > this.topSpeed ) {
162,male,2694070517,line 11,140,if ( ( this.currentSpeed + kmh ) > this.topSpeed ) {
162,male,2694314556,line 11,240,if ( ( this.currentSpeed + kmh ) > this.topSpeed ) {
162,male,2694462594,line 11,108,if ( ( this.currentSpeed + kmh ) > this.topSpeed ) {
162,male,2694742494,line 10,56,public int accelerate ( int kmh ) {
162,male,2697466236,line 14,116,this.currentSpeed = this.currentSpeed + kmh ;
162,male,2699974172,line 18,240,public static void main ( String args [ ] ) {
162,male,2700162160,line 18,172,public static void main ( String args [ ] ) {
162,male,2700866014,line 19,260,"Vehicle v = new Vehicle ( ""Audi"" , ""A6"" , 200 ) ;"
162,male,2700934001,line 19,64,"Vehicle v = new Vehicle ( ""Audi"" , ""A6"" , 200 ) ;"
162,male,2701073964,line 19,116,"Vehicle v = new Vehicle ( ""Audi"" , ""A6"" , 200 ) ;"
162,male,2701245959,line 18,140,public static void main ( String args [ ] ) {
162,male,2701373955,line 18,124,public static void main ( String args [ ] ) {
162,male,2701533980,line 19,132,"Vehicle v = new Vehicle ( ""Audi"" , ""A6"" , 200 ) ;"
162,male,2701742016,line 19,120,"Vehicle v = new Vehicle ( ""Audi"" , ""A6"" , 200 ) ;"
162,male,2702002024,line 19,200,"Vehicle v = new Vehicle ( ""Audi"" , ""A6"" , 200 ) ;"
162,male,2702613919,line 18,76,public static void main ( String args [ ] ) {
162,male,2702741876,line 18,124,public static void main ( String args [ ] ) {
162,male,2703077858,line 5,260,this.producer = p ;
162,male,2703169891,line 4,68,"public Vehicle ( String p , String t , int tp ) {"
162,male,2703437878,line 18,96,public static void main ( String args [ ] ) {
162,male,2703565891,line 18,124,public static void main ( String args [ ] ) {
162,male,2703789898,line 18,188,public static void main ( String args [ ] ) {
162,male,2704001895,line 19,60,"Vehicle v = new Vehicle ( ""Audi"" , ""A6"" , 200 ) ;"
162,male,2704081895,line 19,76,"Vehicle v = new Vehicle ( ""Audi"" , ""A6"" , 200 ) ;"
162,male,2704197863,line 20,112,v.accelerate ( 10 ) ;
162,male,2704273838,line 20,72,v.accelerate ( 10 ) ;
162,male,2704365823,line 20,88,v.accelerate ( 10 ) ;
162,male,2705013724,line 6,236,this.type = t ;
162,male,2705205726,line 7,160,this.topSpeed = tp ;
162,male,2705497698,line 8,264,this.currentSpeed = 0 ;
162,male,2705657744,line 6,88,this.type = t ;
162,male,2705985645,line 19,68,"Vehicle v = new Vehicle ( ""Audi"" , ""A6"" , 200 ) ;"
162,male,2708393405,line 10,156,public int accelerate ( int kmh ) {
162,male,2708741470,line 11,84,if ( ( this.currentSpeed + kmh ) > this.topSpeed ) {
162,male,2708921450,line 10,156,public int accelerate ( int kmh ) {
162,male,2708997459,line 10,72,public int accelerate ( int kmh ) {
162,male,2709549423,line 10,148,public int accelerate ( int kmh ) {
162,male,2709645443,line 16,68,return this.currentSpeed ;
162,male,2710001527,line 18,104,public static void main ( String args [ ] ) {
162,male,2710101513,line 19,96,"Vehicle v = new Vehicle ( ""Audi"" , ""A6"" , 200 ) ;"
162,male,2710177436,line 19,72,"Vehicle v = new Vehicle ( ""Audi"" , ""A6"" , 200 ) ;"
162,male,2710689353,line 10,276,public int accelerate ( int kmh ) {
162,male,2711029327,line 18,80,public static void main ( String args [ ] ) {
162,male,2711229346,line 18,112,public static void main ( String args [ ] ) {
162,male,2711301321,line 18,68,public static void main ( String args [ ] ) {
162,male,2711405273,line 19,72,"Vehicle v = new Vehicle ( ""Audi"" , ""A6"" , 200 ) ;"
162,male,2711765296,line 10,240,public int accelerate ( int kmh ) {
162,male,2711837317,line 10,68,public int accelerate ( int kmh ) {
162,male,2712009334,line 10,168,public int accelerate ( int kmh ) {
162,male,2712673178,line 10,392,public int accelerate ( int kmh ) {
162,male,2712777210,line 11,100,if ( ( this.currentSpeed + kmh ) > this.topSpeed ) {
162,male,2712885236,line 11,104,if ( ( this.currentSpeed + kmh ) > this.topSpeed ) {
162,male,2713305181,line 10,144,public int accelerate ( int kmh ) {
162,male,2713897186,line 10,256,public int accelerate ( int kmh ) {
162,male,2714168977,line 10,236,public int accelerate ( int kmh ) {
162,male,2714465062,line 10,56,public int accelerate ( int kmh ) {
162,male,2714845139,line 10,116,public int accelerate ( int kmh ) {
162,male,2715176988,line 10,312,public int accelerate ( int kmh ) {
162,male,2715288995,line 10,96,public int accelerate ( int kmh ) {
162,male,2715625073,line 10,80,public int accelerate ( int kmh ) {
162,male,2715753062,line 10,124,public int accelerate ( int kmh ) {
162,male,2715929009,line 10,172,public int accelerate ( int kmh ) {
162,male,2716068918,line 10,136,public int accelerate ( int kmh ) {
162,male,2717388939,line 5,168,this.producer = p ;
162,male,2717856663,line 19,136,"Vehicle v = new Vehicle ( ""Audi"" , ""A6"" , 200 ) ;"
162,male,2717944633,line 19,84,"Vehicle v = new Vehicle ( ""Audi"" , ""A6"" , 200 ) ;"
162,male,2718268772,line 10,72,public int accelerate ( int kmh ) {
162,male,2718584801,line 11,284,if ( ( this.currentSpeed + kmh ) > this.topSpeed ) {
162,male,2719284771,line 3,140,"int topSpeed , currentSpeed ;"
162,male,2719384781,line 3,84,"int topSpeed , currentSpeed ;"
162,male,2719524775,line 3,136,"int topSpeed , currentSpeed ;"
162,male,2719704629,line 19,72,"Vehicle v = new Vehicle ( ""Audi"" , ""A6"" , 200 ) ;"
162,male,2719904596,line 19,196,"Vehicle v = new Vehicle ( ""Audi"" , ""A6"" , 200 ) ;"
162,male,2720532711,line 14,132,this.currentSpeed = this.currentSpeed + kmh ;
162,male,2721196671,line 5,268,this.producer = p ;
162,male,2721592550,line 3,284,"int topSpeed , currentSpeed ;"
162,male,2721944554,line 6,124,this.type = t ;
162,male,2722016573,line 6,68,this.type = t ;
162,male,2722424553,line 19,172,"Vehicle v = new Vehicle ( ""Audi"" , ""A6"" , 200 ) ;"
162,male,2722716575,line 19,264,"Vehicle v = new Vehicle ( ""Audi"" , ""A6"" , 200 ) ;"
162,male,2722880581,line 19,120,"Vehicle v = new Vehicle ( ""Audi"" , ""A6"" , 200 ) ;"
162,male,2723280217,line 8,88,this.currentSpeed = 0 ;
162,male,2723356329,line 8,72,this.currentSpeed = 0 ;
162,male,2723876488,line 14,64,this.currentSpeed = this.currentSpeed + kmh ;
162,male,2724180400,line 11,248,if ( ( this.currentSpeed + kmh ) > this.topSpeed ) {
162,male,2724340379,line 10,96,public int accelerate ( int kmh ) {
162,male,2724616388,line 4,200,"public Vehicle ( String p , String t , int tp ) {"
162,male,2724916415,line 4,116,"public Vehicle ( String p , String t , int tp ) {"
162,male,2725164435,line 4,200,"public Vehicle ( String p , String t , int tp ) {"
162,male,2725440199,line 4,236,"public Vehicle ( String p , String t , int tp ) {"
162,male,2725640294,line 4,176,"public Vehicle ( String p , String t , int tp ) {"
162,male,2725828312,line 6,140,this.type = t ;
162,male,2725912299,line 6,80,this.type = t ;
162,male,2726332262,line 4,184,"public Vehicle ( String p , String t , int tp ) {"
162,male,2726548274,line 19,104,"Vehicle v = new Vehicle ( ""Audi"" , ""A6"" , 200 ) ;"
162,male,2727844139,line 4,116,"public Vehicle ( String p , String t , int tp ) {"
162,male,2728032177,line 4,120,"public Vehicle ( String p , String t , int tp ) {"
162,male,2728352106,line 19,124,"Vehicle v = new Vehicle ( ""Audi"" , ""A6"" , 200 ) ;"
162,male,2728964179,line 11,484,if ( ( this.currentSpeed + kmh ) > this.topSpeed ) {
162,male,2729216127,line 11,212,if ( ( this.currentSpeed + kmh ) > this.topSpeed ) {
162,male,2729364062,line 11,144,if ( ( this.currentSpeed + kmh ) > this.topSpeed ) {
162,male,2729584017,line 11,144,if ( ( this.currentSpeed + kmh ) > this.topSpeed ) {
162,male,2729796027,line 11,144,if ( ( this.currentSpeed + kmh ) > this.topSpeed ) {
162,male,2729991989,line 11,192,if ( ( this.currentSpeed + kmh ) > this.topSpeed ) {
162,male,2730051971,line 11,56,if ( ( this.currentSpeed + kmh ) > this.topSpeed ) {
162,male,2730427974,line 11,196,if ( ( this.currentSpeed + kmh ) > this.topSpeed ) {
162,male,2730544000,line 11,112,if ( ( this.currentSpeed + kmh ) > this.topSpeed ) {
162,male,2730839989,line 11,292,if ( ( this.currentSpeed + kmh ) > this.topSpeed ) {
162,male,2731127851,line 11,200,if ( ( this.currentSpeed + kmh ) > this.topSpeed ) {
162,male,2731851711,line 19,60,"Vehicle v = new Vehicle ( ""Audi"" , ""A6"" , 200 ) ;"
162,male,2731975692,line 19,116,"Vehicle v = new Vehicle ( ""Audi"" , ""A6"" , 200 ) ;"
162,male,2732055871,line 19,60,"Vehicle v = new Vehicle ( ""Audi"" , ""A6"" , 200 ) ;"
162,male,2732216384,line 19,156,"Vehicle v = new Vehicle ( ""Audi"" , ""A6"" , 200 ) ;"
162,male,2732388091,line 20,168,v.accelerate ( 10 ) ;
162,male,2733275762,line 18,200,public static void main ( String args [ ] ) {
162,male,2733635760,line 20,184,v.accelerate ( 10 ) ;
162,male,2733703745,line 20,64,v.accelerate ( 10 ) ;
163,female,16416238181,line 7,56,this.topSpeed = tp ;
163,female,16416398212,line 3,100,"int topSpeed , currentSpeed ;"
163,female,16416598200,line 2,112,"String producer , type ;"
163,female,16417106242,line 2,240,"String producer , type ;"
163,female,16417274235,line 2,96,"String producer , type ;"
163,female,16417362208,line 2,84,"String producer , type ;"
163,female,16417434141,line 2,68,"String producer , type ;"
163,female,16417510060,line 2,72,"String producer , type ;"
163,female,16417726019,line 2,112,"String producer , type ;"
163,female,16417806031,line 3,76,"int topSpeed , currentSpeed ;"
163,female,16417878035,line 3,56,"int topSpeed , currentSpeed ;"
163,female,16417994044,line 3,112,"int topSpeed , currentSpeed ;"
163,female,16418146079,line 3,108,"int topSpeed , currentSpeed ;"
163,female,16418642172,line 4,80,"public Vehicle ( String p , String t , int tp ) {"
163,female,16418734204,line 4,88,"public Vehicle ( String p , String t , int tp ) {"
163,female,16419077971,line 4,200,"public Vehicle ( String p , String t , int tp ) {"
163,female,16419241862,line 3,132,"int topSpeed , currentSpeed ;"
163,female,16419337897,line 3,64,"int topSpeed , currentSpeed ;"
163,female,16419473939,line 3,88,"int topSpeed , currentSpeed ;"
163,female,16419633910,line 2,72,"String producer , type ;"
163,female,16419693897,line 3,56,"int topSpeed , currentSpeed ;"
163,female,16420415443,line 3,56,"int topSpeed , currentSpeed ;"
163,female,16420530790,line 2,60,"String producer , type ;"
163,female,16420865773,line 1,60,public class Vehicle {
163,female,16421165899,line 2,92,"String producer , type ;"
163,female,16421309945,line 2,140,"String producer , type ;"
163,female,16421425829,line 3,80,"int topSpeed , currentSpeed ;"
163,female,16421521795,line 3,92,"int topSpeed , currentSpeed ;"
163,female,16421685806,line 1,80,public class Vehicle {
163,female,16421845817,line 2,80,"String producer , type ;"
163,female,16422105693,line 1,160,public class Vehicle {
163,female,16422189573,line 1,80,public class Vehicle {
163,female,16422485671,line 3,156,"int topSpeed , currentSpeed ;"
163,female,16422617646,line 3,72,"int topSpeed , currentSpeed ;"
163,female,16422757691,line 3,136,"int topSpeed , currentSpeed ;"
163,female,16423245749,line 3,184,"int topSpeed , currentSpeed ;"
163,female,16423441702,line 2,80,"String producer , type ;"
163,female,16423614019,line 3,72,"int topSpeed , currentSpeed ;"
163,female,16423731043,line 2,112,"String producer , type ;"
163,female,16423893384,line 3,88,"int topSpeed , currentSpeed ;"
163,female,16424193561,line 3,184,"int topSpeed , currentSpeed ;"
163,female,16424345569,line 3,148,"int topSpeed , currentSpeed ;"
163,female,16424873627,line 3,188,"int topSpeed , currentSpeed ;"
163,female,16425101719,line 3,224,"int topSpeed , currentSpeed ;"
163,female,16425213633,line 3,108,"int topSpeed , currentSpeed ;"
163,female,16425305537,line 3,76,"int topSpeed , currentSpeed ;"
163,female,16425393475,line 3,84,"int topSpeed , currentSpeed ;"
163,female,16426193535,line 4,68,"public Vehicle ( String p , String t , int tp ) {"
163,female,16426601386,line 4,236,"public Vehicle ( String p , String t , int tp ) {"
163,female,16426781433,line 4,128,"public Vehicle ( String p , String t , int tp ) {"
163,female,16426989218,line 4,176,"public Vehicle ( String p , String t , int tp ) {"
163,female,16427401360,line 4,392,"public Vehicle ( String p , String t , int tp ) {"
163,female,16427465354,line 4,60,"public Vehicle ( String p , String t , int tp ) {"
163,female,16428009300,line 4,104,"public Vehicle ( String p , String t , int tp ) {"
163,female,16428073289,line 4,60,"public Vehicle ( String p , String t , int tp ) {"
163,female,16428369218,line 4,68,"public Vehicle ( String p , String t , int tp ) {"
163,female,16428513057,line 4,140,"public Vehicle ( String p , String t , int tp ) {"
163,female,16428821135,line 5,280,this.producer = p ;
163,female,16428937170,line 5,112,this.producer = p ;
163,female,16429209176,line 5,184,this.producer = p ;
163,female,16429365149,line 5,152,this.producer = p ;
163,female,16429581091,line 5,200,this.producer = p ;
163,female,16429781141,line 5,160,this.producer = p ;
163,female,16430077192,line 5,224,this.producer = p ;
163,female,16430413008,line 5,308,this.producer = p ;
163,female,16430569014,line 6,104,this.type = t ;
163,female,16430693022,line 6,120,this.type = t ;
163,female,16430913078,line 6,196,this.type = t ;
163,female,16431173015,line 6,192,this.type = t ;
163,female,16431356988,line 6,152,this.type = t ;
163,female,16431428991,line 6,68,this.type = t ;
163,female,16431548899,line 6,100,this.type = t ;
163,female,16431684733,line 6,132,this.type = t ;
163,female,16431760961,line 6,72,this.type = t ;
163,female,16432188903,line 6,148,this.type = t ;
163,female,16432852884,line 7,236,this.topSpeed = tp ;
163,female,16433116876,line 7,228,this.topSpeed = tp ;
163,female,16433228807,line 7,92,this.topSpeed = tp ;
163,female,16433288770,line 7,56,this.topSpeed = tp ;
163,female,16433428749,line 7,136,this.topSpeed = tp ;
163,female,16433588763,line 7,124,this.topSpeed = tp ;
163,female,16434008767,line 7,184,this.topSpeed = tp ;
163,female,16434692731,line 7,400,this.topSpeed = tp ;
163,female,16434880659,line 7,184,this.topSpeed = tp ;
163,female,16440200234,line 10,88,public int accelerate ( int kmh ) {
163,female,16440308249,line 10,104,public int accelerate ( int kmh ) {
163,female,16440416238,line 10,60,public int accelerate ( int kmh ) {
163,female,16440496236,line 10,76,public int accelerate ( int kmh ) {
163,female,16440748218,line 10,128,public int accelerate ( int kmh ) {
163,female,16440932098,line 10,88,public int accelerate ( int kmh ) {
163,female,16440992028,line 10,56,public int accelerate ( int kmh ) {
163,female,16442064086,line 10,132,public int accelerate ( int kmh ) {
163,female,16442288471,line 10,104,public int accelerate ( int kmh ) {
163,female,16442492084,line 11,156,if ( ( this.currentSpeed + kmh ) > this.topSpeed ) {
163,female,16442635863,line 11,80,if ( ( this.currentSpeed + kmh ) > this.topSpeed ) {
163,female,16442835906,line 11,164,if ( ( this.currentSpeed + kmh ) > this.topSpeed ) {
163,female,16442935974,line 11,64,if ( ( this.currentSpeed + kmh ) > this.topSpeed ) {
163,female,16443148012,line 11,152,if ( ( this.currentSpeed + kmh ) > this.topSpeed ) {
163,female,16443391962,line 11,88,if ( ( this.currentSpeed + kmh ) > this.topSpeed ) {
163,female,16443735951,line 12,80,this.currentSpeed = this.topSpeed ;
163,female,16443799971,line 12,60,this.currentSpeed = this.topSpeed ;
163,female,16444171998,line 14,64,this.currentSpeed = this.currentSpeed + kmh ;
163,female,16444335851,line 14,160,this.currentSpeed = this.currentSpeed + kmh ;
163,female,16444407843,line 14,68,this.currentSpeed = this.currentSpeed + kmh ;
163,female,16444499833,line 14,76,this.currentSpeed = this.currentSpeed + kmh ;
163,female,16444695834,line 10,140,public int accelerate ( int kmh ) {
163,female,16445251585,line 10,256,public int accelerate ( int kmh ) {
163,female,16445467809,line 10,188,public int accelerate ( int kmh ) {
163,female,16445903617,line 11,152,if ( ( this.currentSpeed + kmh ) > this.topSpeed ) {
163,female,16445999667,line 11,76,if ( ( this.currentSpeed + kmh ) > this.topSpeed ) {
163,female,16448163554,line 10,60,public int accelerate ( int kmh ) {
163,female,16448223561,line 10,56,public int accelerate ( int kmh ) {
163,female,16449091435,line 10,88,public int accelerate ( int kmh ) {
163,female,16449231441,line 10,116,public int accelerate ( int kmh ) {
163,female,16451335320,line 10,160,public int accelerate ( int kmh ) {
163,female,16451543304,line 10,176,public int accelerate ( int kmh ) {
163,female,16451859252,line 10,124,public int accelerate ( int kmh ) {
163,female,16451995085,line 10,76,public int accelerate ( int kmh ) {
163,female,16452114944,line 10,116,public int accelerate ( int kmh ) {
163,female,16452375205,line 10,184,public int accelerate ( int kmh ) {
163,female,16452527210,line 11,72,if ( ( this.currentSpeed + kmh ) > this.topSpeed ) {
163,female,16453495135,line 11,112,if ( ( this.currentSpeed + kmh ) > this.topSpeed ) {
163,female,16453595105,line 11,96,if ( ( this.currentSpeed + kmh ) > this.topSpeed ) {
163,female,16453979062,line 11,112,if ( ( this.currentSpeed + kmh ) > this.topSpeed ) {
163,female,16454091091,line 10,60,public int accelerate ( int kmh ) {
163,female,16454223062,line 10,128,public int accelerate ( int kmh ) {
163,female,16454415025,line 11,100,if ( ( this.currentSpeed + kmh ) > this.topSpeed ) {
163,female,16455155040,line 11,276,if ( ( this.currentSpeed + kmh ) > this.topSpeed ) {
163,female,16455294948,line 11,84,if ( ( this.currentSpeed + kmh ) > this.topSpeed ) {
163,female,16455526946,line 11,64,if ( ( this.currentSpeed + kmh ) > this.topSpeed ) {
163,female,16455666947,line 11,88,if ( ( this.currentSpeed + kmh ) > this.topSpeed ) {
163,female,16455726943,line 11,56,if ( ( this.currentSpeed + kmh ) > this.topSpeed ) {
163,female,16455878905,line 11,148,if ( ( this.currentSpeed + kmh ) > this.topSpeed ) {
163,female,16456018885,line 11,92,if ( ( this.currentSpeed + kmh ) > this.topSpeed ) {
163,female,16456198878,line 11,176,if ( ( this.currentSpeed + kmh ) > this.topSpeed ) {
163,female,16456294898,line 11,92,if ( ( this.currentSpeed + kmh ) > this.topSpeed ) {
163,female,16456654763,line 10,112,public int accelerate ( int kmh ) {
163,female,16456882432,line 11,204,if ( ( this.currentSpeed + kmh ) > this.topSpeed ) {
163,female,16456942503,line 11,56,if ( ( this.currentSpeed + kmh ) > this.topSpeed ) {
163,female,16457258728,line 10,68,public int accelerate ( int kmh ) {
163,female,16457626810,line 10,84,public int accelerate ( int kmh ) {
163,female,16457686876,line 10,56,public int accelerate ( int kmh ) {
163,female,16457906772,line 10,84,public int accelerate ( int kmh ) {
163,female,16458282671,line 10,156,public int accelerate ( int kmh ) {
163,female,16459126652,line 11,136,if ( ( this.currentSpeed + kmh ) > this.topSpeed ) {
163,female,16459246642,line 11,116,if ( ( this.currentSpeed + kmh ) > this.topSpeed ) {
163,female,16459438638,line 11,132,if ( ( this.currentSpeed + kmh ) > this.topSpeed ) {
163,female,16460594520,line 11,68,if ( ( this.currentSpeed + kmh ) > this.topSpeed ) {
163,female,16460894544,line 11,272,if ( ( this.currentSpeed + kmh ) > this.topSpeed ) {
163,female,16461370440,line 11,68,if ( ( this.currentSpeed + kmh ) > this.topSpeed ) {
163,female,16461534192,line 11,104,if ( ( this.currentSpeed + kmh ) > this.topSpeed ) {
163,female,16461666323,line 11,80,if ( ( this.currentSpeed + kmh ) > this.topSpeed ) {
163,female,16461826343,line 11,156,if ( ( this.currentSpeed + kmh ) > this.topSpeed ) {
163,female,16461978311,line 11,148,if ( ( this.currentSpeed + kmh ) > this.topSpeed ) {
163,female,16462242377,line 11,204,if ( ( this.currentSpeed + kmh ) > this.topSpeed ) {
163,female,16462414396,line 11,136,if ( ( this.currentSpeed + kmh ) > this.topSpeed ) {
163,female,16462770351,line 12,116,this.currentSpeed = this.topSpeed ;
163,female,16463546157,line 12,156,this.currentSpeed = this.topSpeed ;
163,female,16463658201,line 12,108,this.currentSpeed = this.topSpeed ;
163,female,16463954260,line 12,168,this.currentSpeed = this.topSpeed ;
163,female,16464134261,line 11,156,if ( ( this.currentSpeed + kmh ) > this.topSpeed ) {
163,female,16464354267,line 12,160,this.currentSpeed = this.topSpeed ;
163,female,16464522097,line 11,104,if ( ( this.currentSpeed + kmh ) > this.topSpeed ) {
163,female,16464598034,line 12,72,this.currentSpeed = this.topSpeed ;
163,female,16464970110,line 11,104,if ( ( this.currentSpeed + kmh ) > this.topSpeed ) {
163,female,16465038112,line 11,64,if ( ( this.currentSpeed + kmh ) > this.topSpeed ) {
163,female,16465282119,line 11,220,if ( ( this.currentSpeed + kmh ) > this.topSpeed ) {
163,female,16465490086,line 11,204,if ( ( this.currentSpeed + kmh ) > this.topSpeed ) {
163,female,16466046087,line 10,184,public int accelerate ( int kmh ) {
163,female,16466329930,line 10,232,public int accelerate ( int kmh ) {
163,female,16466485955,line 10,120,public int accelerate ( int kmh ) {
163,female,16466842071,line 10,148,public int accelerate ( int kmh ) {
163,female,16467061957,line 10,124,public int accelerate ( int kmh ) {
163,female,16467177881,line 10,112,public int accelerate ( int kmh ) {
163,female,16467773881,line 10,176,public int accelerate ( int kmh ) {
163,female,16467989820,line 10,176,public int accelerate ( int kmh ) {
163,female,16468093857,line 10,100,public int accelerate ( int kmh ) {
163,female,16468289840,line 11,140,if ( ( this.currentSpeed + kmh ) > this.topSpeed ) {
163,female,16468453824,line 11,92,if ( ( this.currentSpeed + kmh ) > this.topSpeed ) {
163,female,16468641843,line 11,56,if ( ( this.currentSpeed + kmh ) > this.topSpeed ) {
163,female,16468717830,line 11,72,if ( ( this.currentSpeed + kmh ) > this.topSpeed ) {
163,female,16469249772,line 11,112,if ( ( this.currentSpeed + kmh ) > this.topSpeed ) {
163,female,16469445673,line 11,168,if ( ( this.currentSpeed + kmh ) > this.topSpeed ) {
163,female,16469553675,line 11,64,if ( ( this.currentSpeed + kmh ) > this.topSpeed ) {
163,female,16469649700,line 12,72,this.currentSpeed = this.topSpeed ;
163,female,16469801721,line 12,148,this.currentSpeed = this.topSpeed ;
163,female,16469953713,line 12,132,this.currentSpeed = this.topSpeed ;
163,female,16470085700,line 12,104,this.currentSpeed = this.topSpeed ;
163,female,16470385708,line 11,172,if ( ( this.currentSpeed + kmh ) > this.topSpeed ) {
163,female,16470521679,line 11,56,if ( ( this.currentSpeed + kmh ) > this.topSpeed ) {
163,female,16470633708,line 11,108,if ( ( this.currentSpeed + kmh ) > this.topSpeed ) {
163,female,16470837513,line 11,184,if ( ( this.currentSpeed + kmh ) > this.topSpeed ) {
163,female,16470993438,line 13,76,} else {
163,female,16471105544,line 13,68,} else {
163,female,16471325645,line 11,136,if ( ( this.currentSpeed + kmh ) > this.topSpeed ) {
163,female,16471966120,line 11,172,if ( ( this.currentSpeed + kmh ) > this.topSpeed ) {
163,female,16472105666,line 11,136,if ( ( this.currentSpeed + kmh ) > this.topSpeed ) {
163,female,16472329572,line 12,196,this.currentSpeed = this.topSpeed ;
163,female,16473165492,line 14,144,this.currentSpeed = this.currentSpeed + kmh ;
163,female,16473305469,line 14,136,this.currentSpeed = this.currentSpeed + kmh ;
163,female,16473369461,line 14,60,this.currentSpeed = this.currentSpeed + kmh ;
163,female,16473940877,line 14,92,this.currentSpeed = this.currentSpeed + kmh ;
163,female,16474113137,line 14,168,this.currentSpeed = this.currentSpeed + kmh ;
163,female,16474325234,line 14,144,this.currentSpeed = this.currentSpeed + kmh ;
163,female,16474557316,line 14,60,this.currentSpeed = this.currentSpeed + kmh ;
163,female,16474865327,line 14,96,this.currentSpeed = this.currentSpeed + kmh ;
163,female,16475269325,line 14,92,this.currentSpeed = this.currentSpeed + kmh ;
163,female,16475677119,line 14,112,this.currentSpeed = this.currentSpeed + kmh ;
163,female,16475801135,line 14,64,this.currentSpeed = this.currentSpeed + kmh ;
163,female,16476045176,line 12,100,this.currentSpeed = this.topSpeed ;
163,female,16476145181,line 12,96,this.currentSpeed = this.topSpeed ;
163,female,16476569233,line 14,64,this.currentSpeed = this.currentSpeed + kmh ;
163,female,16476661210,line 14,88,this.currentSpeed = this.currentSpeed + kmh ;
163,female,16476737172,line 14,72,this.currentSpeed = this.currentSpeed + kmh ;
163,female,16477065099,line 14,84,this.currentSpeed = this.currentSpeed + kmh ;
163,female,16477141036,line 14,72,this.currentSpeed = this.currentSpeed + kmh ;
163,female,16477236943,line 14,92,this.currentSpeed = this.currentSpeed + kmh ;
163,female,16477348955,line 14,108,this.currentSpeed = this.currentSpeed + kmh ;
163,female,16478341037,line 14,76,this.currentSpeed = this.currentSpeed + kmh ;
163,female,16478896911,line 14,76,this.currentSpeed = this.currentSpeed + kmh ;
163,female,16479736989,line 14,84,this.currentSpeed = this.currentSpeed + kmh ;
163,female,16480724218,line 16,60,return this.currentSpeed ;
163,female,16480836497,line 16,108,return this.currentSpeed ;
163,female,16480964776,line 16,72,return this.currentSpeed ;
163,female,16481488765,line 19,72,"Vehicle v = new Vehicle ( ""Audi"" , ""A6"" , 200 ) ;"
163,female,16481576751,line 19,84,"Vehicle v = new Vehicle ( ""Audi"" , ""A6"" , 200 ) ;"
163,female,16481732691,line 18,124,public static void main ( String args [ ] ) {
163,female,16481984663,line 18,180,public static void main ( String args [ ] ) {
163,female,16482056637,line 18,56,public static void main ( String args [ ] ) {
163,female,16482256635,line 18,196,public static void main ( String args [ ] ) {
163,female,16482412645,line 18,76,public static void main ( String args [ ] ) {
163,female,16482548624,line 18,116,public static void main ( String args [ ] ) {
163,female,16482728666,line 19,72,"Vehicle v = new Vehicle ( ""Audi"" , ""A6"" , 200 ) ;"
163,female,16482832655,line 19,100,"Vehicle v = new Vehicle ( ""Audi"" , ""A6"" , 200 ) ;"
163,female,16484200555,line 19,80,"Vehicle v = new Vehicle ( ""Audi"" , ""A6"" , 200 ) ;"
163,female,16484416550,line 18,56,public static void main ( String args [ ] ) {
163,female,16485632372,line 20,64,v.accelerate ( 10 ) ;
163,female,16485696392,line 19,60,"Vehicle v = new Vehicle ( ""Audi"" , ""A6"" , 200 ) ;"
163,female,16485948430,line 19,64,"Vehicle v = new Vehicle ( ""Audi"" , ""A6"" , 200 ) ;"
163,female,16486232400,line 19,68,"Vehicle v = new Vehicle ( ""Audi"" , ""A6"" , 200 ) ;"
166,male,2718933484,line 2,56,"String producer , type ;"
166,male,2719125378,line 1,144,public class Vehicle {
166,male,2719464915,line 1,132,public class Vehicle {
166,male,2719564947,line 1,72,public class Vehicle {
166,male,2719640989,line 1,72,public class Vehicle {
166,male,2719936969,line 1,60,public class Vehicle {
166,male,2720065016,line 1,124,public class Vehicle {
166,male,2720193043,line 1,60,public class Vehicle {
166,male,2720321057,line 1,124,public class Vehicle {
166,male,2720488986,line 1,104,public class Vehicle {
166,male,2721140970,line 2,112,"String producer , type ;"
166,male,2721305057,line 2,104,"String producer , type ;"
166,male,2721380966,line 2,72,"String producer , type ;"
166,male,2721880947,line 2,96,"String producer , type ;"
166,male,2722088895,line 2,80,"String producer , type ;"
166,male,2722340586,line 2,168,"String producer , type ;"
166,male,2722904779,line 4,100,"public Vehicle ( String p , String t , int tp ) {"
166,male,2723185192,line 4,60,"public Vehicle ( String p , String t , int tp ) {"
166,male,2723277131,line 4,88,"public Vehicle ( String p , String t , int tp ) {"
166,male,2723380925,line 4,100,"public Vehicle ( String p , String t , int tp ) {"
166,male,2723880697,line 3,116,"int topSpeed , currentSpeed ;"
166,male,2724260613,line 3,112,"int topSpeed , currentSpeed ;"
166,male,2725544601,line 4,84,"public Vehicle ( String p , String t , int tp ) {"
166,male,2725772485,line 4,80,"public Vehicle ( String p , String t , int tp ) {"
166,male,2725976489,line 4,80,"public Vehicle ( String p , String t , int tp ) {"
166,male,2726172520,line 4,72,"public Vehicle ( String p , String t , int tp ) {"
166,male,2726292510,line 4,64,"public Vehicle ( String p , String t , int tp ) {"
166,male,2727272367,line 4,196,"public Vehicle ( String p , String t , int tp ) {"
166,male,2727372404,line 4,56,"public Vehicle ( String p , String t , int tp ) {"
166,male,2727584368,line 4,208,"public Vehicle ( String p , String t , int tp ) {"
166,male,2727688323,line 4,72,"public Vehicle ( String p , String t , int tp ) {"
166,male,2728264678,line 3,108,"int topSpeed , currentSpeed ;"
166,male,2728364548,line 3,96,"int topSpeed , currentSpeed ;"
166,male,2728620341,line 4,192,"public Vehicle ( String p , String t , int tp ) {"
166,male,2728680266,line 4,56,"public Vehicle ( String p , String t , int tp ) {"
166,male,2729028136,line 5,316,this.producer = p ;
166,male,2729108165,line 5,76,this.producer = p ;
166,male,2729260018,line 5,148,this.producer = p ;
166,male,2729396067,line 5,96,this.producer = p ;
166,male,2729580162,line 5,56,this.producer = p ;
166,male,2729940176,line 4,64,"public Vehicle ( String p , String t , int tp ) {"
166,male,2730148159,line 5,144,this.producer = p ;
166,male,2730284106,line 5,92,this.producer = p ;
166,male,2730380092,line 5,92,this.producer = p ;
166,male,2730768107,line 6,112,this.type = t ;
166,male,2730840077,line 7,68,this.topSpeed = tp ;
166,male,2731060052,line 7,64,this.topSpeed = tp ;
166,male,2731228073,line 7,132,this.topSpeed = tp ;
166,male,2731668281,line 6,68,this.type = t ;
166,male,2731736124,line 5,64,this.producer = p ;
166,male,2732047727,line 7,68,this.topSpeed = tp ;
166,male,2732139564,line 7,56,this.topSpeed = tp ;
166,male,2732211558,line 7,68,this.topSpeed = tp ;
166,male,2732907946,line 4,204,"public Vehicle ( String p , String t , int tp ) {"
166,male,2733051872,line 4,100,"public Vehicle ( String p , String t , int tp ) {"
166,male,2733151809,line 4,96,"public Vehicle ( String p , String t , int tp ) {"
166,male,2733459745,line 4,60,"public Vehicle ( String p , String t , int tp ) {"
166,male,2733871831,line 4,68,"public Vehicle ( String p , String t , int tp ) {"
166,male,2733975838,line 4,100,"public Vehicle ( String p , String t , int tp ) {"
166,male,2734059842,line 4,80,"public Vehicle ( String p , String t , int tp ) {"
166,male,2734271859,line 4,208,"public Vehicle ( String p , String t , int tp ) {"
166,male,2734435840,line 4,124,"public Vehicle ( String p , String t , int tp ) {"
166,male,2735347729,line 5,80,this.producer = p ;
166,male,2735927691,line 5,72,this.producer = p ;
166,male,2736051608,line 5,120,this.producer = p ;
166,male,2736267634,line 5,160,this.producer = p ;
166,male,2736379593,line 5,68,this.producer = p ;
166,male,2736571580,line 4,160,"public Vehicle ( String p , String t , int tp ) {"
166,male,2736647592,line 4,72,"public Vehicle ( String p , String t , int tp ) {"
166,male,2737115566,line 4,80,"public Vehicle ( String p , String t , int tp ) {"
166,male,2737303600,line 4,184,"public Vehicle ( String p , String t , int tp ) {"
166,male,2737507602,line 6,68,this.type = t ;
166,male,2737571599,line 6,60,this.type = t ;
166,male,2737719590,line 6,100,this.type = t ;
166,male,2737875569,line 4,68,"public Vehicle ( String p , String t , int tp ) {"
166,male,2737991387,line 4,92,"public Vehicle ( String p , String t , int tp ) {"
166,male,2738111287,line 4,116,"public Vehicle ( String p , String t , int tp ) {"
166,male,2738363461,line 4,248,"public Vehicle ( String p , String t , int tp ) {"
166,male,2738559528,line 4,112,"public Vehicle ( String p , String t , int tp ) {"
166,male,2738623510,line 4,60,"public Vehicle ( String p , String t , int tp ) {"
166,male,2738707547,line 4,80,"public Vehicle ( String p , String t , int tp ) {"
166,male,2739091427,line 6,120,this.type = t ;
166,male,2739567325,line 7,88,this.topSpeed = tp ;
166,male,2739979363,line 7,56,this.topSpeed = tp ;
166,male,2740127630,line 4,56,"public Vehicle ( String p , String t , int tp ) {"
166,male,2740239455,line 4,108,"public Vehicle ( String p , String t , int tp ) {"
166,male,2742503196,line 11,80,if ( ( this.currentSpeed + kmh ) > this.topSpeed ) {
166,male,2742627107,line 11,120,if ( ( this.currentSpeed + kmh ) > this.topSpeed ) {
166,male,2742798859,line 11,112,if ( ( this.currentSpeed + kmh ) > this.topSpeed ) {
166,male,2742862845,line 11,60,if ( ( this.currentSpeed + kmh ) > this.topSpeed ) {
166,male,2743203022,line 11,184,if ( ( this.currentSpeed + kmh ) > this.topSpeed ) {
166,male,2743419034,line 11,88,if ( ( this.currentSpeed + kmh ) > this.topSpeed ) {
166,male,2743527035,line 11,72,if ( ( this.currentSpeed + kmh ) > this.topSpeed ) {
166,male,2743647037,line 11,60,if ( ( this.currentSpeed + kmh ) > this.topSpeed ) {
166,male,2745194882,line 10,72,public int accelerate ( int kmh ) {
166,male,2747042766,line 10,68,public int accelerate ( int kmh ) {
166,male,2747858780,line 10,56,public int accelerate ( int kmh ) {
166,male,2748134663,line 12,128,this.currentSpeed = this.topSpeed ;
166,male,2748206699,line 12,68,this.currentSpeed = this.topSpeed ;
166,male,2748450704,line 11,60,if ( ( this.currentSpeed + kmh ) > this.topSpeed ) {
166,male,2749034545,line 10,64,public int accelerate ( int kmh ) {
166,male,2749354590,line 10,60,public int accelerate ( int kmh ) {
166,male,2762265519,line 12,68,this.currentSpeed = this.topSpeed ;
166,male,2763833352,line 7,60,this.topSpeed = tp ;
166,male,2766673063,line 10,64,public int accelerate ( int kmh ) {
166,male,2767261080,line 16,80,return this.currentSpeed ;
166,male,2767333075,line 16,68,return this.currentSpeed ;
166,male,2768840949,line 7,60,this.topSpeed = tp ;
166,male,2770068807,line 18,64,public static void main ( String args [ ] ) {
166,male,2770224782,line 18,56,public static void main ( String args [ ] ) {
166,male,2770904601,line 18,80,public static void main ( String args [ ] ) {
166,male,2771080625,line 18,56,public static void main ( String args [ ] ) {
166,male,2771488690,line 18,108,public static void main ( String args [ ] ) {
166,male,2772056664,line 4,80,"public Vehicle ( String p , String t , int tp ) {"
166,male,2772132667,line 4,72,"public Vehicle ( String p , String t , int tp ) {"
166,male,2772904500,line 3,180,"int topSpeed , currentSpeed ;"
166,male,2773012509,line 3,104,"int topSpeed , currentSpeed ;"
166,male,2773412536,line 2,80,"String producer , type ;"
166,male,2773744534,line 1,96,public class Vehicle {
166,male,2773908531,line 2,92,"String producer , type ;"
166,male,2773968514,line 2,56,"String producer , type ;"
166,male,2774028478,line 2,56,"String producer , type ;"
166,male,2774500383,line 4,68,"public Vehicle ( String p , String t , int tp ) {"
166,male,2774976357,line 4,84,"public Vehicle ( String p , String t , int tp ) {"
166,male,2775152360,line 4,116,"public Vehicle ( String p , String t , int tp ) {"
166,male,2775212349,line 4,56,"public Vehicle ( String p , String t , int tp ) {"
166,male,2775428384,line 5,72,this.producer = p ;
166,male,2775496313,line 5,64,this.producer = p ;
166,male,2775684113,line 6,64,this.type = t ;
166,male,2775756162,line 6,68,this.type = t ;
166,male,2775908368,line 5,56,this.producer = p ;
166,male,2776132472,line 6,60,this.type = t ;
166,male,2776244263,line 6,72,this.type = t ;
166,male,2776440258,line 4,84,"public Vehicle ( String p , String t , int tp ) {"
166,male,2776628379,line 4,100,"public Vehicle ( String p , String t , int tp ) {"
166,male,2776824282,line 4,72,"public Vehicle ( String p , String t , int tp ) {"
166,male,2777784094,line 6,68,this.type = t ;
166,male,2778036105,line 5,64,this.producer = p ;
166,male,2778152090,line 4,68,"public Vehicle ( String p , String t , int tp ) {"
166,male,2778228066,line 4,72,"public Vehicle ( String p , String t , int tp ) {"
166,male,2779284104,line 3,96,"int topSpeed , currentSpeed ;"
166,male,2779659943,line 4,68,"public Vehicle ( String p , String t , int tp ) {"
166,male,2779719952,line 4,56,"public Vehicle ( String p , String t , int tp ) {"
166,male,2779852007,line 4,96,"public Vehicle ( String p , String t , int tp ) {"
166,male,2779948004,line 4,68,"public Vehicle ( String p , String t , int tp ) {"
166,male,2780075969,line 4,72,"public Vehicle ( String p , String t , int tp ) {"
166,male,2780531924,line 3,88,"int topSpeed , currentSpeed ;"
166,male,2781256361,line 4,64,"public Vehicle ( String p , String t , int tp ) {"
166,male,2781579991,line 4,88,"public Vehicle ( String p , String t , int tp ) {"
166,male,2781743760,line 4,116,"public Vehicle ( String p , String t , int tp ) {"
166,male,2781983620,line 6,72,this.type = t ;
166,male,2782447783,line 6,60,this.type = t ;
166,male,2782543759,line 6,92,this.type = t ;
166,male,2782623728,line 6,76,this.type = t ;
166,male,2782835697,line 5,104,this.producer = p ;
166,male,2782943728,line 4,68,"public Vehicle ( String p , String t , int tp ) {"
166,male,2783107729,line 5,104,this.producer = p ;
166,male,2784115661,line 4,68,"public Vehicle ( String p , String t , int tp ) {"
166,male,2785295394,line 5,60,this.producer = p ;
166,male,2785411429,line 5,56,this.producer = p ;
166,male,2785475455,line 5,60,this.producer = p ;
166,male,2786499364,line 5,84,this.producer = p ;
166,male,2786823437,line 6,64,this.type = t ;
166,male,2787315307,line 6,56,this.type = t ;
166,male,2788283194,line 4,64,"public Vehicle ( String p , String t , int tp ) {"
166,male,2789055150,line 18,60,public static void main ( String args [ ] ) {
166,male,2789567139,line 18,64,public static void main ( String args [ ] ) {
166,male,2789766974,line 18,104,public static void main ( String args [ ] ) {
166,male,2789914990,line 18,60,public static void main ( String args [ ] ) {
166,male,2790619029,line 18,80,public static void main ( String args [ ] ) {
166,male,2790899165,line 19,112,"Vehicle v = new Vehicle ( ""Audi"" , ""A6"" , 200 ) ;"
166,male,2791178925,line 5,60,this.producer = p ;
166,male,2792066939,line 18,60,public static void main ( String args [ ] ) {
166,male,2792126935,line 18,56,public static void main ( String args [ ] ) {
166,male,2792334963,line 19,60,"Vehicle v = new Vehicle ( ""Audi"" , ""A6"" , 200 ) ;"
166,male,2793718736,line 18,64,public static void main ( String args [ ] ) {
166,male,2793942806,line 19,60,"Vehicle v = new Vehicle ( ""Audi"" , ""A6"" , 200 ) ;"
166,male,2794294363,line 16,68,return this.currentSpeed ;
166,male,2794354391,line 16,56,return this.currentSpeed ;
166,male,2801558359,line 16,68,return this.currentSpeed ;
166,male,2801630204,line 16,68,return this.currentSpeed ;
166,male,2802266031,line 16,152,return this.currentSpeed ;
166,male,2802582054,line 16,60,return this.currentSpeed ;
166,male,2803034031,line 16,104,return this.currentSpeed ;
166,male,2804385876,line 13,72,} else {
166,male,2805757664,line 16,80,return this.currentSpeed ;
166,male,2805857640,line 16,96,return this.currentSpeed ;
166,male,2806065681,line 16,124,return this.currentSpeed ;
166,male,2806757401,line 16,140,return this.currentSpeed ;
166,male,2807825546,line 16,100,return this.currentSpeed ;
166,male,2808305582,line 16,96,return this.currentSpeed ;
166,male,2808897494,line 16,104,return this.currentSpeed ;
166,male,2808993660,line 16,92,return this.currentSpeed ;
166,male,2809261523,line 16,80,return this.currentSpeed ;
166,male,2809349478,line 16,84,return this.currentSpeed ;
166,male,2809997440,line 18,72,public static void main ( String args [ ] ) {
166,male,2811909387,line 18,124,public static void main ( String args [ ] ) {
166,male,2812009265,line 18,60,public static void main ( String args [ ] ) {
166,male,2812153205,line 18,56,public static void main ( String args [ ] ) {
166,male,2812221202,line 18,64,public static void main ( String args [ ] ) {
166,male,2812325191,line 18,100,public static void main ( String args [ ] ) {
166,male,2812601178,line 18,92,public static void main ( String args [ ] ) {
166,male,2812785214,line 18,60,public static void main ( String args [ ] ) {
166,male,2813061455,line 18,68,public static void main ( String args [ ] ) {
166,male,2813129286,line 18,64,public static void main ( String args [ ] ) {
166,male,2813217058,line 19,84,"Vehicle v = new Vehicle ( ""Audi"" , ""A6"" , 200 ) ;"
166,male,2813393016,line 18,60,public static void main ( String args [ ] ) {
166,male,2813453071,line 18,56,public static void main ( String args [ ] ) {
166,male,2813561111,line 18,104,public static void main ( String args [ ] ) {
166,male,2813881064,line 18,72,public static void main ( String args [ ] ) {
166,male,2814485017,line 19,88,"Vehicle v = new Vehicle ( ""Audi"" , ""A6"" , 200 ) ;"
166,male,2814549011,line 18,60,public static void main ( String args [ ] ) {
166,male,2814832758,line 18,104,public static void main ( String args [ ] ) {
166,male,2815928973,line 19,100,"Vehicle v = new Vehicle ( ""Audi"" , ""A6"" , 200 ) ;"
166,male,2816044978,line 19,112,"Vehicle v = new Vehicle ( ""Audi"" , ""A6"" , 200 ) ;"
166,male,2816220908,line 19,172,"Vehicle v = new Vehicle ( ""Audi"" , ""A6"" , 200 ) ;"
166,male,2816284876,line 19,60,"Vehicle v = new Vehicle ( ""Audi"" , ""A6"" , 200 ) ;"
166,male,2816720842,line 19,68,"Vehicle v = new Vehicle ( ""Audi"" , ""A6"" , 200 ) ;"
166,male,2816836836,line 19,112,"Vehicle v = new Vehicle ( ""Audi"" , ""A6"" , 200 ) ;"
166,male,2816964779,line 19,124,"Vehicle v = new Vehicle ( ""Audi"" , ""A6"" , 200 ) ;"
166,male,2817068723,line 19,72,"Vehicle v = new Vehicle ( ""Audi"" , ""A6"" , 200 ) ;"
166,male,2817196752,line 19,68,"Vehicle v = new Vehicle ( ""Audi"" , ""A6"" , 200 ) ;"
166,male,2817380784,line 19,64,"Vehicle v = new Vehicle ( ""Audi"" , ""A6"" , 200 ) ;"
166,male,2817636810,line 19,96,"Vehicle v = new Vehicle ( ""Audi"" , ""A6"" , 200 ) ;"
166,male,2817724732,line 19,84,"Vehicle v = new Vehicle ( ""Audi"" , ""A6"" , 200 ) ;"
166,male,2817784637,line 19,56,"Vehicle v = new Vehicle ( ""Audi"" , ""A6"" , 200 ) ;"
166,male,2817848537,line 19,60,"Vehicle v = new Vehicle ( ""Audi"" , ""A6"" , 200 ) ;"
166,male,2817924535,line 19,72,"Vehicle v = new Vehicle ( ""Audi"" , ""A6"" , 200 ) ;"
166,male,2818084636,line 19,156,"Vehicle v = new Vehicle ( ""Audi"" , ""A6"" , 200 ) ;"
166,male,2818196648,line 19,60,"Vehicle v = new Vehicle ( ""Audi"" , ""A6"" , 200 ) ;"
166,male,2819444488,line 17,56,}
166,male,2822264391,line 18,56,public static void main ( String args [ ] ) {
166,male,2822324397,line 18,56,public static void main ( String args [ ] ) {
166,male,2822844226,line 18,64,public static void main ( String args [ ] ) {
166,male,2823000292,line 18,92,public static void main ( String args [ ] ) {
166,male,2823064312,line 18,60,public static void main ( String args [ ] ) {
166,male,2823236294,line 18,140,public static void main ( String args [ ] ) {
166,male,2823296275,line 18,56,public static void main ( String args [ ] ) {
166,male,2823480259,line 18,80,public static void main ( String args [ ] ) {
166,male,2823708343,line 18,80,public static void main ( String args [ ] ) {
166,male,2823888379,line 19,64,"Vehicle v = new Vehicle ( ""Audi"" , ""A6"" , 200 ) ;"
166,male,2824660042,line 18,72,public static void main ( String args [ ] ) {
166,male,2824755902,line 18,88,public static void main ( String args [ ] ) {
166,male,2824887887,line 18,128,public static void main ( String args [ ] ) {
166,male,2825016074,line 19,72,"Vehicle v = new Vehicle ( ""Audi"" , ""A6"" , 200 ) ;"
166,male,2825180112,line 19,160,"Vehicle v = new Vehicle ( ""Audi"" , ""A6"" , 200 ) ;"
166,male,2825352076,line 19,68,"Vehicle v = new Vehicle ( ""Audi"" , ""A6"" , 200 ) ;"
166,male,2825412070,line 19,56,"Vehicle v = new Vehicle ( ""Audi"" , ""A6"" , 200 ) ;"
166,male,2825620202,line 19,152,"Vehicle v = new Vehicle ( ""Audi"" , ""A6"" , 200 ) ;"
166,male,2825680190,line 19,56,"Vehicle v = new Vehicle ( ""Audi"" , ""A6"" , 200 ) ;"
166,male,2825812018,line 19,80,"Vehicle v = new Vehicle ( ""Audi"" , ""A6"" , 200 ) ;"
166,male,2825887965,line 19,72,"Vehicle v = new Vehicle ( ""Audi"" , ""A6"" , 200 ) ;"
166,male,2825951983,line 19,60,"Vehicle v = new Vehicle ( ""Audi"" , ""A6"" , 200 ) ;"
166,male,2826068031,line 19,56,"Vehicle v = new Vehicle ( ""Audi"" , ""A6"" , 200 ) ;"
166,male,2826140061,line 19,68,"Vehicle v = new Vehicle ( ""Audi"" , ""A6"" , 200 ) ;"
166,male,2826316077,line 19,68,"Vehicle v = new Vehicle ( ""Audi"" , ""A6"" , 200 ) ;"
166,male,2826495989,line 18,152,public static void main ( String args [ ] ) {
166,male,2826555977,line 18,56,public static void main ( String args [ ] ) {
166,male,2826824010,line 18,168,public static void main ( String args [ ] ) {
166,male,2826959794,line 18,96,public static void main ( String args [ ] ) {
166,male,2827115598,line 18,152,public static void main ( String args [ ] ) {
166,male,2827399831,line 18,88,public static void main ( String args [ ] ) {
166,male,2827527901,line 18,68,public static void main ( String args [ ] ) {
166,male,2827875872,line 18,184,public static void main ( String args [ ] ) {
166,male,2828080085,line 19,156,"Vehicle v = new Vehicle ( ""Audi"" , ""A6"" , 200 ) ;"
166,male,2828487839,line 18,88,public static void main ( String args [ ] ) {
166,male,2828571863,line 19,80,"Vehicle v = new Vehicle ( ""Audi"" , ""A6"" , 200 ) ;"
166,male,2828719830,line 18,144,public static void main ( String args [ ] ) {
166,male,2828783728,line 18,60,public static void main ( String args [ ] ) {
166,male,2828939624,line 18,124,public static void main ( String args [ ] ) {
166,male,2829111729,line 19,72,"Vehicle v = new Vehicle ( ""Audi"" , ""A6"" , 200 ) ;"
166,male,2829303622,line 19,148,"Vehicle v = new Vehicle ( ""Audi"" , ""A6"" , 200 ) ;"
166,male,2829419683,line 19,112,"Vehicle v = new Vehicle ( ""Audi"" , ""A6"" , 200 ) ;"
166,male,2829519694,line 19,96,"Vehicle v = new Vehicle ( ""Audi"" , ""A6"" , 200 ) ;"
166,male,2829611555,line 19,60,"Vehicle v = new Vehicle ( ""Audi"" , ""A6"" , 200 ) ;"
166,male,2829783557,line 19,60,"Vehicle v = new Vehicle ( ""Audi"" , ""A6"" , 200 ) ;"
166,male,2829887686,line 19,60,"Vehicle v = new Vehicle ( ""Audi"" , ""A6"" , 200 ) ;"
166,male,2830023487,line 19,64,"Vehicle v = new Vehicle ( ""Audi"" , ""A6"" , 200 ) ;"
166,male,2830083392,line 19,56,"Vehicle v = new Vehicle ( ""Audi"" , ""A6"" , 200 ) ;"
166,male,2830655656,line 18,80,public static void main ( String args [ ] ) {
166,male,2830983626,line 18,56,public static void main ( String args [ ] ) {
166,male,2831355656,line 11,80,if ( ( this.currentSpeed + kmh ) > this.topSpeed ) {
166,male,2831439639,line 12,80,this.currentSpeed = this.topSpeed ;
166,male,2832059374,line 18,92,public static void main ( String args [ ] ) {
166,male,2832727480,line 13,156,} else {
166,male,2832903436,line 14,136,this.currentSpeed = this.currentSpeed + kmh ;
166,male,2833011439,line 14,80,this.currentSpeed = this.currentSpeed + kmh ;
166,male,2833115454,line 14,100,this.currentSpeed = this.currentSpeed + kmh ;
166,male,2833423351,line 14,84,this.currentSpeed = this.currentSpeed + kmh ;
166,male,2834111410,line 14,164,this.currentSpeed = this.currentSpeed + kmh ;
166,male,2834403700,line 14,76,this.currentSpeed = this.currentSpeed + kmh ;
166,male,2834543398,line 14,56,this.currentSpeed = this.currentSpeed + kmh ;
166,male,2834663194,line 14,116,this.currentSpeed = this.currentSpeed + kmh ;
166,male,2834879353,line 14,92,this.currentSpeed = this.currentSpeed + kmh ;
166,male,2836107176,line 3,96,"int topSpeed , currentSpeed ;"
166,male,2836207169,line 3,96,"int topSpeed , currentSpeed ;"
166,male,2836574996,line 5,92,this.producer = p ;
166,male,2836666864,line 5,88,this.producer = p ;
166,male,2836794958,line 18,68,public static void main ( String args [ ] ) {
166,male,2836999001,line 18,96,public static void main ( String args [ ] ) {
166,male,2837439409,line 19,160,"Vehicle v = new Vehicle ( ""Audi"" , ""A6"" , 200 ) ;"
166,male,2838242768,line 19,68,"Vehicle v = new Vehicle ( ""Audi"" , ""A6"" , 200 ) ;"
166,male,2838346782,line 20,64,v.accelerate ( 10 ) ;
166,male,2838694916,line 11,72,if ( ( this.currentSpeed + kmh ) > this.topSpeed ) {
166,male,2839182933,line 12,108,this.currentSpeed = this.topSpeed ;
166,male,2839286955,line 12,64,this.currentSpeed = this.topSpeed ;
166,male,2839642926,line 11,112,if ( ( this.currentSpeed + kmh ) > this.topSpeed ) {
166,male,2839826803,line 10,56,public int accelerate ( int kmh ) {
166,male,2839966795,line 10,112,public int accelerate ( int kmh ) {
166,male,2840366760,line 10,56,public int accelerate ( int kmh ) {
166,male,2840582773,line 10,76,public int accelerate ( int kmh ) {
166,male,2840686776,line 10,80,public int accelerate ( int kmh ) {
166,male,2841198740,line 18,72,public static void main ( String args [ ] ) {
166,male,2841534689,line 20,76,v.accelerate ( 10 ) ;
166,male,2841842698,line 19,72,"Vehicle v = new Vehicle ( ""Audi"" , ""A6"" , 200 ) ;"
166,male,2843286485,line 19,68,"Vehicle v = new Vehicle ( ""Audi"" , ""A6"" , 200 ) ;"
166,male,2843362457,line 19,72,"Vehicle v = new Vehicle ( ""Audi"" , ""A6"" , 200 ) ;"
166,male,2843662542,line 18,64,public static void main ( String args [ ] ) {
166,male,2844330508,line 7,64,this.topSpeed = tp ;
166,male,2844646408,line 4,168,"public Vehicle ( String p , String t , int tp ) {"
166,male,2844774332,line 12,64,this.currentSpeed = this.topSpeed ;
166,male,2844858322,line 12,80,this.currentSpeed = this.topSpeed ;
166,male,2845122458,line 19,140,"Vehicle v = new Vehicle ( ""Audi"" , ""A6"" , 200 ) ;"
166,male,2845658390,line 4,148,"public Vehicle ( String p , String t , int tp ) {"
166,male,2845730503,line 4,68,"public Vehicle ( String p , String t , int tp ) {"
166,male,2845790594,line 4,56,"public Vehicle ( String p , String t , int tp ) {"
166,male,2845902585,line 2,80,"String producer , type ;"
166,male,2846142231,line 2,236,"String producer , type ;"
166,male,2846250315,line 3,72,"int topSpeed , currentSpeed ;"
166,male,2846682419,line 2,104,"String producer , type ;"
166,male,2846770374,line 2,64,"String producer , type ;"
166,male,2846886297,line 3,112,"int topSpeed , currentSpeed ;"
166,male,2847002216,line 4,60,"public Vehicle ( String p , String t , int tp ) {"
166,male,2847262290,line 4,80,"public Vehicle ( String p , String t , int tp ) {"
166,male,2847346270,line 4,80,"public Vehicle ( String p , String t , int tp ) {"
166,male,2847518152,line 4,168,"public Vehicle ( String p , String t , int tp ) {"
166,male,2847701982,line 5,104,this.producer = p ;
166,male,2847870216,line 7,76,this.topSpeed = tp ;
166,male,2848018156,line 8,144,this.currentSpeed = 0 ;
166,male,2848094138,line 8,72,this.currentSpeed = 0 ;
166,male,2848234150,line 7,56,this.topSpeed = tp ;
166,male,2848430129,line 7,92,this.topSpeed = tp ;
166,male,2848542152,line 7,108,this.topSpeed = tp ;
166,male,2848674205,line 7,128,this.topSpeed = tp ;
166,male,2848814133,line 6,112,this.type = t ;
166,male,2849086128,line 7,64,this.topSpeed = tp ;
166,male,2849410071,line 8,76,this.currentSpeed = 0 ;
166,male,2849698103,line 4,124,"public Vehicle ( String p , String t , int tp ) {"
166,male,2849926017,line 4,224,"public Vehicle ( String p , String t , int tp ) {"
166,male,2850613874,line 5,76,this.producer = p ;
166,male,2850789816,line 6,108,this.type = t ;
166,male,2851277864,line 8,116,this.currentSpeed = 0 ;
166,male,2851665901,line 19,116,"Vehicle v = new Vehicle ( ""Audi"" , ""A6"" , 200 ) ;"
166,male,2851797892,line 19,92,"Vehicle v = new Vehicle ( ""Audi"" , ""A6"" , 200 ) ;"
166,male,2851889874,line 19,88,"Vehicle v = new Vehicle ( ""Audi"" , ""A6"" , 200 ) ;"
166,male,2851981854,line 19,88,"Vehicle v = new Vehicle ( ""Audi"" , ""A6"" , 200 ) ;"
169,male,2191299491,line 5,80,this.producer = p ;
169,male,2191523367,line 2,144,"String producer , type ;"
169,male,2191651329,line 2,96,"String producer , type ;"
169,male,2191923281,line 1,96,public class Vehicle {
169,male,2192135356,line 2,100,"String producer , type ;"
169,male,2192219354,line 3,80,"int topSpeed , currentSpeed ;"
169,male,2192323276,line 3,100,"int topSpeed , currentSpeed ;"
169,male,2192495233,line 3,128,"int topSpeed , currentSpeed ;"
169,male,2192607244,line 3,108,"int topSpeed , currentSpeed ;"
169,male,2192819289,line 3,208,"int topSpeed , currentSpeed ;"
169,male,2193071237,line 2,80,"String producer , type ;"
169,male,2193391261,line 3,308,"int topSpeed , currentSpeed ;"
169,male,2194051152,line 4,340,"public Vehicle ( String p , String t , int tp ) {"
169,male,2194159119,line 4,96,"public Vehicle ( String p , String t , int tp ) {"
169,male,2194275120,line 4,112,"public Vehicle ( String p , String t , int tp ) {"
169,male,2194391150,line 4,112,"public Vehicle ( String p , String t , int tp ) {"
169,male,2194719148,line 3,128,"int topSpeed , currentSpeed ;"
169,male,2194795137,line 3,72,"int topSpeed , currentSpeed ;"
169,male,2195015123,line 2,192,"String producer , type ;"
169,male,2195147077,line 2,112,"String producer , type ;"
169,male,2195215041,line 2,64,"String producer , type ;"
169,male,2195534876,line 2,284,"String producer , type ;"
169,male,2196090974,line 5,188,this.producer = p ;
169,male,2196342987,line 5,216,this.producer = p ;
169,male,2196458961,line 5,92,this.producer = p ;
169,male,2196778966,line 3,224,"int topSpeed , currentSpeed ;"
169,male,2197130897,line 2,132,"String producer , type ;"
169,male,2197422879,line 2,256,"String producer , type ;"
169,male,2197686932,line 5,212,this.producer = p ;
169,male,2197902906,line 5,164,this.producer = p ;
169,male,2197974853,line 5,68,this.producer = p ;
169,male,2198050824,line 5,56,this.producer = p ;
169,male,2200999710,line 4,68,"public Vehicle ( String p , String t , int tp ) {"
169,male,2201155683,line 4,84,"public Vehicle ( String p , String t , int tp ) {"
169,male,2201695730,line 4,56,"public Vehicle ( String p , String t , int tp ) {"
169,male,2202071534,line 3,56,"int topSpeed , currentSpeed ;"
169,male,2202275589,line 3,108,"int topSpeed , currentSpeed ;"
169,male,2202403551,line 3,72,"int topSpeed , currentSpeed ;"
169,male,2202547567,line 3,140,"int topSpeed , currentSpeed ;"
169,male,2202715602,line 4,112,"public Vehicle ( String p , String t , int tp ) {"
169,male,2203023606,line 4,208,"public Vehicle ( String p , String t , int tp ) {"
169,male,2203135587,line 4,96,"public Vehicle ( String p , String t , int tp ) {"
169,male,2203203585,line 4,64,"public Vehicle ( String p , String t , int tp ) {"
169,male,2203279589,line 4,72,"public Vehicle ( String p , String t , int tp ) {"
169,male,2203527648,line 5,60,this.producer = p ;
169,male,2203751494,line 4,100,"public Vehicle ( String p , String t , int tp ) {"
169,male,2204187430,line 5,84,this.producer = p ;
169,male,2204743464,line 3,56,"int topSpeed , currentSpeed ;"
169,male,2204915318,line 6,104,this.type = t ;
169,male,2205003237,line 6,84,this.type = t ;
169,male,2205147234,line 7,96,this.topSpeed = tp ;
169,male,2205231246,line 6,80,this.type = t ;
169,male,2205395282,line 7,136,this.topSpeed = tp ;
169,male,2206719053,line 8,72,this.currentSpeed = 0 ;
169,male,2207275158,line 6,96,this.type = t ;
169,male,2208807156,line 8,308,this.currentSpeed = 0 ;
169,male,2209035158,line 8,168,this.currentSpeed = 0 ;
169,male,2209215055,line 8,156,this.currentSpeed = 0 ;
169,male,2209602914,line 4,152,"public Vehicle ( String p , String t , int tp ) {"
169,male,2210966894,line 11,84,if ( ( this.currentSpeed + kmh ) > this.topSpeed ) {
169,male,2211070858,line 11,100,if ( ( this.currentSpeed + kmh ) > this.topSpeed ) {
169,male,2211230705,line 10,56,public int accelerate ( int kmh ) {
169,male,2211582786,line 10,104,public int accelerate ( int kmh ) {
169,male,2212234749,line 11,128,if ( ( this.currentSpeed + kmh ) > this.topSpeed ) {
169,male,2212306742,line 11,68,if ( ( this.currentSpeed + kmh ) > this.topSpeed ) {
169,male,2212674836,line 11,112,if ( ( this.currentSpeed + kmh ) > this.topSpeed ) {
169,male,2213026572,line 11,248,if ( ( this.currentSpeed + kmh ) > this.topSpeed ) {
169,male,2213122574,line 11,92,if ( ( this.currentSpeed + kmh ) > this.topSpeed ) {
169,male,2213302643,line 11,144,if ( ( this.currentSpeed + kmh ) > this.topSpeed ) {
169,male,2213482625,line 11,124,if ( ( this.currentSpeed + kmh ) > this.topSpeed ) {
169,male,2213594572,line 11,108,if ( ( this.currentSpeed + kmh ) > this.topSpeed ) {
169,male,2213674600,line 11,76,if ( ( this.currentSpeed + kmh ) > this.topSpeed ) {
169,male,2213922645,line 11,68,if ( ( this.currentSpeed + kmh ) > this.topSpeed ) {
169,male,2214094627,line 11,112,if ( ( this.currentSpeed + kmh ) > this.topSpeed ) {
169,male,2214190600,line 11,92,if ( ( this.currentSpeed + kmh ) > this.topSpeed ) {
169,male,2214414342,line 11,148,if ( ( this.currentSpeed + kmh ) > this.topSpeed ) {
169,male,2214598436,line 12,112,this.currentSpeed = this.topSpeed ;
169,male,2214678452,line 12,76,this.currentSpeed = this.topSpeed ;
169,male,2215070529,line 10,68,public int accelerate ( int kmh ) {
169,male,2215226579,line 11,68,if ( ( this.currentSpeed + kmh ) > this.topSpeed ) {
169,male,2215362600,line 11,68,if ( ( this.currentSpeed + kmh ) > this.topSpeed ) {
169,male,2215438586,line 11,72,if ( ( this.currentSpeed + kmh ) > this.topSpeed ) {
169,male,2215522552,line 11,60,if ( ( this.currentSpeed + kmh ) > this.topSpeed ) {
169,male,2215614529,line 11,72,if ( ( this.currentSpeed + kmh ) > this.topSpeed ) {
169,male,2215914408,line 12,244,this.currentSpeed = this.topSpeed ;
169,male,2215998375,line 12,72,this.currentSpeed = this.topSpeed ;
169,male,2216070384,line 12,60,this.currentSpeed = this.topSpeed ;
169,male,2216170406,line 12,96,this.currentSpeed = this.topSpeed ;
169,male,2216362394,line 12,84,this.currentSpeed = this.topSpeed ;
169,male,2216730393,line 11,84,if ( ( this.currentSpeed + kmh ) > this.topSpeed ) {
169,male,2216846415,line 11,64,if ( ( this.currentSpeed + kmh ) > this.topSpeed ) {
169,male,2216930416,line 11,80,if ( ( this.currentSpeed + kmh ) > this.topSpeed ) {
169,male,2217142393,line 12,88,this.currentSpeed = this.topSpeed ;
169,male,2217258386,line 11,72,if ( ( this.currentSpeed + kmh ) > this.topSpeed ) {
169,male,2217602177,line 11,80,if ( ( this.currentSpeed + kmh ) > this.topSpeed ) {
169,male,2217838201,line 11,232,if ( ( this.currentSpeed + kmh ) > this.topSpeed ) {
169,male,2218234138,line 12,60,this.currentSpeed = this.topSpeed ;
169,male,2219798106,line 11,88,if ( ( this.currentSpeed + kmh ) > this.topSpeed ) {
169,male,2219934122,line 11,108,if ( ( this.currentSpeed + kmh ) > this.topSpeed ) {
169,male,2220434131,line 14,100,this.currentSpeed = this.currentSpeed + kmh ;
169,male,2220633984,line 14,108,this.currentSpeed = this.currentSpeed + kmh ;
169,male,2220777828,line 14,140,this.currentSpeed = this.currentSpeed + kmh ;
169,male,2220861911,line 14,80,this.currentSpeed = this.currentSpeed + kmh ;
169,male,2221177981,line 14,60,this.currentSpeed = this.currentSpeed + kmh ;
169,male,2221397979,line 14,64,this.currentSpeed = this.currentSpeed + kmh ;
169,male,2221477990,line 14,76,this.currentSpeed = this.currentSpeed + kmh ;
169,male,2221589999,line 14,108,this.currentSpeed = this.currentSpeed + kmh ;
169,male,2221721990,line 14,116,this.currentSpeed = this.currentSpeed + kmh ;
169,male,2222005974,line 14,88,this.currentSpeed = this.currentSpeed + kmh ;
169,male,2222657836,line 16,160,return this.currentSpeed ;
169,male,2222829827,line 16,92,return this.currentSpeed ;
169,male,2223145893,line 16,204,return this.currentSpeed ;
169,male,2223221912,line 16,72,return this.currentSpeed ;
169,male,2223505881,line 11,96,if ( ( this.currentSpeed + kmh ) > this.topSpeed ) {
169,male,2223569868,line 11,60,if ( ( this.currentSpeed + kmh ) > this.topSpeed ) {
169,male,2223709666,line 11,136,if ( ( this.currentSpeed + kmh ) > this.topSpeed ) {
169,male,2224097746,line 11,384,if ( ( this.currentSpeed + kmh ) > this.topSpeed ) {
169,male,2224229765,line 11,104,if ( ( this.currentSpeed + kmh ) > this.topSpeed ) {
169,male,2224461699,line 12,88,this.currentSpeed = this.topSpeed ;
169,male,2224665699,line 12,64,this.currentSpeed = this.topSpeed ;
169,male,2224733709,line 11,64,if ( ( this.currentSpeed + kmh ) > this.topSpeed ) {
169,male,2225217707,line 12,56,this.currentSpeed = this.topSpeed ;
169,male,2225409421,line 12,64,this.currentSpeed = this.topSpeed ;
169,male,2226189642,line 12,68,this.currentSpeed = this.topSpeed ;
169,male,2226649230,line 12,56,this.currentSpeed = this.topSpeed ;
169,male,2226937360,line 11,56,if ( ( this.currentSpeed + kmh ) > this.topSpeed ) {
169,male,2229241338,line 16,60,return this.currentSpeed ;
169,male,2229409462,line 16,92,return this.currentSpeed ;
169,male,2229661332,line 16,108,return this.currentSpeed ;
169,male,2230061155,line 11,124,if ( ( this.currentSpeed + kmh ) > this.topSpeed ) {
169,male,2230161145,line 11,96,if ( ( this.currentSpeed + kmh ) > this.topSpeed ) {
169,male,2230501205,line 19,212,"Vehicle v = new Vehicle ( ""Audi"" , ""A6"" , 200 ) ;"
169,male,2230573217,line 19,56,"Vehicle v = new Vehicle ( ""Audi"" , ""A6"" , 200 ) ;"
169,male,2230693266,line 19,116,"Vehicle v = new Vehicle ( ""Audi"" , ""A6"" , 200 ) ;"
169,male,2230957183,line 19,76,"Vehicle v = new Vehicle ( ""Audi"" , ""A6"" , 200 ) ;"
169,male,2234064908,line 20,56,v.accelerate ( 10 ) ;
169,male,2234188891,line 20,112,v.accelerate ( 10 ) ;
169,male,2236060631,line 19,64,"Vehicle v = new Vehicle ( ""Audi"" , ""A6"" , 200 ) ;"
169,male,2236148677,line 19,84,"Vehicle v = new Vehicle ( ""Audi"" , ""A6"" , 200 ) ;"
169,male,2241357089,line 2,76,"String producer , type ;"
169,male,2241840454,line 4,176,"public Vehicle ( String p , String t , int tp ) {"
169,male,2242100168,line 4,236,"public Vehicle ( String p , String t , int tp ) {"
169,male,2242276230,line 4,172,"public Vehicle ( String p , String t , int tp ) {"
169,male,2242504137,line 4,224,"public Vehicle ( String p , String t , int tp ) {"
169,male,2242928113,line 4,340,"public Vehicle ( String p , String t , int tp ) {"
169,male,2243468083,line 3,112,"int topSpeed , currentSpeed ;"
169,male,2243920312,line 5,308,this.producer = p ;
169,male,2244128202,line 6,160,this.type = t ;
169,male,2244215958,line 6,84,this.type = t ;
169,male,2244327863,line 7,88,this.topSpeed = tp ;
169,male,2244571996,line 7,240,this.topSpeed = tp ;
169,male,2244811972,line 8,196,this.currentSpeed = 0 ;
169,male,2246099839,line 4,176,"public Vehicle ( String p , String t , int tp ) {"
169,male,2246411862,line 5,56,this.producer = p ;
169,male,2246603809,line 7,164,this.topSpeed = tp ;
169,male,2246767820,line 6,112,this.type = t ;
169,male,2246859845,line 6,88,this.type = t ;
169,male,2247307449,line 5,84,this.producer = p ;
169,male,2247503795,line 7,96,this.topSpeed = tp ;
169,male,2247567761,line 8,60,this.currentSpeed = 0 ;
169,male,2247727695,line 10,128,public int accelerate ( int kmh ) {
169,male,2247883729,line 11,84,if ( ( this.currentSpeed + kmh ) > this.topSpeed ) {
169,male,2248019721,line 11,104,if ( ( this.currentSpeed + kmh ) > this.topSpeed ) {
169,male,2248199716,line 11,176,if ( ( this.currentSpeed + kmh ) > this.topSpeed ) {
169,male,2248411723,line 12,96,this.currentSpeed = this.topSpeed ;
169,male,2248495726,line 12,80,this.currentSpeed = this.topSpeed ;
169,male,2248739718,line 11,144,if ( ( this.currentSpeed + kmh ) > this.topSpeed ) {
169,male,2248879467,line 11,96,if ( ( this.currentSpeed + kmh ) > this.topSpeed ) {
169,male,2248971468,line 11,88,if ( ( this.currentSpeed + kmh ) > this.topSpeed ) {
169,male,2249179553,line 11,168,if ( ( this.currentSpeed + kmh ) > this.topSpeed ) {
169,male,2249495509,line 10,60,public int accelerate ( int kmh ) {
169,male,2249779566,line 11,84,if ( ( this.currentSpeed + kmh ) > this.topSpeed ) {
169,male,2250079569,line 11,260,if ( ( this.currentSpeed + kmh ) > this.topSpeed ) {
169,male,2250287204,line 11,168,if ( ( this.currentSpeed + kmh ) > this.topSpeed ) {
169,male,2250375157,line 11,84,if ( ( this.currentSpeed + kmh ) > this.topSpeed ) {
169,male,2250555398,line 11,176,if ( ( this.currentSpeed + kmh ) > this.topSpeed ) {
169,male,2250779505,line 11,188,if ( ( this.currentSpeed + kmh ) > this.topSpeed ) {
169,male,2251223483,line 12,88,this.currentSpeed = this.topSpeed ;
169,male,2251303476,line 11,76,if ( ( this.currentSpeed + kmh ) > this.topSpeed ) {
169,male,2251499473,line 12,148,this.currentSpeed = this.topSpeed ;
169,male,2251667467,line 12,60,this.currentSpeed = this.topSpeed ;
169,male,2251903338,line 12,92,this.currentSpeed = this.topSpeed ;
169,male,2252115295,line 12,184,this.currentSpeed = this.topSpeed ;
169,male,2252599359,line 18,56,public static void main ( String args [ ] ) {
169,male,2252972167,line 20,96,v.accelerate ( 10 ) ;
169,male,2253114773,line 20,84,v.accelerate ( 10 ) ;
192,male,8460732592,line 4,92,"public Vehicle ( String p , String t , int tp ) {"
192,male,8461032368,line 2,200,"String producer , type ;"
192,male,8461216361,line 1,180,public class Vehicle {
192,male,8461368377,line 2,148,"String producer , type ;"
192,male,8462436236,line 3,220,"int topSpeed , currentSpeed ;"
192,male,8462740185,line 3,248,"int topSpeed , currentSpeed ;"
192,male,8462804186,line 3,60,"int topSpeed , currentSpeed ;"
192,male,8462896206,line 3,88,"int topSpeed , currentSpeed ;"
192,male,8463152282,line 3,244,"int topSpeed , currentSpeed ;"
192,male,8463220297,line 3,64,"int topSpeed , currentSpeed ;"
192,male,8463320223,line 3,96,"int topSpeed , currentSpeed ;"
192,male,8463516073,line 3,192,"int topSpeed , currentSpeed ;"
192,male,8463856133,line 3,92,"int topSpeed , currentSpeed ;"
192,male,8464248132,line 3,240,"int topSpeed , currentSpeed ;"
192,male,8464387869,line 3,128,"int topSpeed , currentSpeed ;"
192,male,8464671984,line 3,280,"int topSpeed , currentSpeed ;"
192,male,8464919962,line 4,176,"public Vehicle ( String p , String t , int tp ) {"
192,male,8465703988,line 3,112,"int topSpeed , currentSpeed ;"
192,male,8466040018,line 3,136,"int topSpeed , currentSpeed ;"
192,male,8466243976,line 3,164,"int topSpeed , currentSpeed ;"
192,male,8466407915,line 3,148,"int topSpeed , currentSpeed ;"
192,male,8466495874,line 3,84,"int topSpeed , currentSpeed ;"
192,male,8466695896,line 3,148,"int topSpeed , currentSpeed ;"
192,male,8466859883,line 3,104,"int topSpeed , currentSpeed ;"
192,male,8467763790,line 5,64,this.producer = p ;
192,male,8468023633,line 5,256,this.producer = p ;
192,male,8468095542,line 5,68,this.producer = p ;
192,male,8468231561,line 5,132,this.producer = p ;
192,male,8468575783,line 5,192,this.producer = p ;
192,male,8469751452,line 4,260,"public Vehicle ( String p , String t , int tp ) {"
192,male,8470183605,line 4,168,"public Vehicle ( String p , String t , int tp ) {"
192,male,8470539595,line 4,64,"public Vehicle ( String p , String t , int tp ) {"
192,male,8470643593,line 4,84,"public Vehicle ( String p , String t , int tp ) {"
192,male,8470759591,line 5,112,this.producer = p ;
192,male,8471223523,line 6,168,this.type = t ;
192,male,8471775459,line 6,520,this.type = t ;
192,male,8472219432,line 7,72,this.topSpeed = tp ;
192,male,8472359776,line 7,136,this.topSpeed = tp ;
192,male,8472443878,line 7,80,this.topSpeed = tp ;
192,male,8472619649,line 7,172,this.topSpeed = tp ;
192,male,8472799245,line 7,148,this.topSpeed = tp ;
192,male,8473011270,line 8,148,this.currentSpeed = 0 ;
192,male,8473099288,line 8,84,this.currentSpeed = 0 ;
192,male,8473235289,line 8,132,this.currentSpeed = 0 ;
192,male,8473363300,line 8,124,this.currentSpeed = 0 ;
192,male,8473639286,line 8,248,this.currentSpeed = 0 ;
192,male,8474295259,line 11,152,if ( ( this.currentSpeed + kmh ) > this.topSpeed ) {
192,male,8474459063,line 11,128,if ( ( this.currentSpeed + kmh ) > this.topSpeed ) {
192,male,8474731159,line 11,256,if ( ( this.currentSpeed + kmh ) > this.topSpeed ) {
192,male,8474843025,line 11,108,if ( ( this.currentSpeed + kmh ) > this.topSpeed ) {
192,male,8474974983,line 11,116,if ( ( this.currentSpeed + kmh ) > this.topSpeed ) {
192,male,8475607215,line 11,396,if ( ( this.currentSpeed + kmh ) > this.topSpeed ) {
192,male,8475691222,line 11,80,if ( ( this.currentSpeed + kmh ) > this.topSpeed ) {
192,male,8475819177,line 11,96,if ( ( this.currentSpeed + kmh ) > this.topSpeed ) {
192,male,8475999087,line 12,124,this.currentSpeed = this.topSpeed ;
192,male,8476259031,line 12,220,this.currentSpeed = this.topSpeed ;
192,male,8476383032,line 12,120,this.currentSpeed = this.topSpeed ;
192,male,8476611111,line 12,224,this.currentSpeed = this.topSpeed ;
192,male,8476871092,line 12,192,this.currentSpeed = this.topSpeed ;
192,male,8477151053,line 12,96,this.currentSpeed = this.topSpeed ;
192,male,8477279072,line 12,124,this.currentSpeed = this.topSpeed ;
192,male,8477391033,line 12,100,this.currentSpeed = this.topSpeed ;
192,male,8477638867,line 11,244,if ( ( this.currentSpeed + kmh ) > this.topSpeed ) {
192,male,8477830894,line 11,156,if ( ( this.currentSpeed + kmh ) > this.topSpeed ) {
192,male,8478206885,line 11,156,if ( ( this.currentSpeed + kmh ) > this.topSpeed ) {
192,male,8478522987,line 11,100,if ( ( this.currentSpeed + kmh ) > this.topSpeed ) {
192,male,8479402786,line 12,396,this.currentSpeed = this.topSpeed ;
192,male,8479498781,line 12,92,this.currentSpeed = this.topSpeed ;
192,male,8480738849,line 14,136,this.currentSpeed = this.currentSpeed + kmh ;
192,male,8480950692,line 14,108,this.currentSpeed = this.currentSpeed + kmh ;
192,male,8481062641,line 14,100,this.currentSpeed = this.currentSpeed + kmh ;
192,male,8481250598,line 14,184,this.currentSpeed = this.currentSpeed + kmh ;
192,male,8481354616,line 14,88,this.currentSpeed = this.currentSpeed + kmh ;
192,male,8481522641,line 14,164,this.currentSpeed = this.currentSpeed + kmh ;
192,male,8481654646,line 14,116,this.currentSpeed = this.currentSpeed + kmh ;
192,male,8481818645,line 14,160,this.currentSpeed = this.currentSpeed + kmh ;
192,male,8482086661,line 14,92,this.currentSpeed = this.currentSpeed + kmh ;
192,male,8482214627,line 14,124,this.currentSpeed = this.currentSpeed + kmh ;
192,male,8482702319,line 12,416,this.currentSpeed = this.topSpeed ;
192,male,8482898186,line 12,192,this.currentSpeed = this.topSpeed ;
192,male,8483058392,line 12,124,this.currentSpeed = this.topSpeed ;
192,male,8483546545,line 12,192,this.currentSpeed = this.topSpeed ;
192,male,8483758710,line 12,184,this.currentSpeed = this.topSpeed ;
192,male,8484522356,line 11,96,if ( ( this.currentSpeed + kmh ) > this.topSpeed ) {
192,male,8485458214,line 11,172,if ( ( this.currentSpeed + kmh ) > this.topSpeed ) {
192,male,8485558132,line 12,72,this.currentSpeed = this.topSpeed ;
192,male,8485818282,line 12,236,this.currentSpeed = this.topSpeed ;
192,male,8486130249,line 12,128,this.currentSpeed = this.topSpeed ;
192,male,8486834218,line 12,136,this.currentSpeed = this.topSpeed ;
192,male,8487230143,line 12,384,this.currentSpeed = this.topSpeed ;
192,male,8487838131,line 12,56,this.currentSpeed = this.topSpeed ;
192,male,8488034172,line 12,140,this.currentSpeed = this.topSpeed ;
192,male,8488326077,line 12,112,this.currentSpeed = this.topSpeed ;
192,male,8488433951,line 12,104,this.currentSpeed = this.topSpeed ;
192,male,8489081987,line 12,92,this.currentSpeed = this.topSpeed ;
192,male,8489973950,line 11,84,if ( ( this.currentSpeed + kmh ) > this.topSpeed ) {
192,male,8490105764,line 11,128,if ( ( this.currentSpeed + kmh ) > this.topSpeed ) {
192,male,8490473873,line 11,332,if ( ( this.currentSpeed + kmh ) > this.topSpeed ) {
192,male,8490593872,line 12,76,this.currentSpeed = this.topSpeed ;
192,male,8490893847,line 12,144,this.currentSpeed = this.topSpeed ;
192,male,8490965811,line 12,68,this.currentSpeed = this.topSpeed ;
192,male,8491437922,line 11,140,if ( ( this.currentSpeed + kmh ) > this.topSpeed ) {
192,male,8491793968,line 12,56,this.currentSpeed = this.topSpeed ;
192,male,8491941767,line 12,144,this.currentSpeed = this.topSpeed ;
192,male,8492189699,line 12,176,this.currentSpeed = this.topSpeed ;
192,male,8492717721,line 12,204,this.currentSpeed = this.topSpeed ;
192,male,8493373698,line 11,136,if ( ( this.currentSpeed + kmh ) > this.topSpeed ) {
192,male,8493457661,line 11,80,if ( ( this.currentSpeed + kmh ) > this.topSpeed ) {
192,male,8493545616,line 12,84,this.currentSpeed = this.topSpeed ;
192,male,8494233503,line 12,240,this.currentSpeed = this.topSpeed ;
192,male,8494353501,line 12,116,this.currentSpeed = this.topSpeed ;
192,male,8494449511,line 12,92,this.currentSpeed = this.topSpeed ;
192,male,8494529529,line 12,76,this.currentSpeed = this.topSpeed ;
192,male,8495341491,line 14,160,this.currentSpeed = this.currentSpeed + kmh ;
192,male,8496065463,line 14,204,this.currentSpeed = this.currentSpeed + kmh ;
192,male,8496541314,line 14,72,this.currentSpeed = this.currentSpeed + kmh ;
192,male,8496849339,line 14,304,this.currentSpeed = this.currentSpeed + kmh ;
192,male,8497125333,line 14,84,this.currentSpeed = this.currentSpeed + kmh ;
192,male,8497361334,line 16,168,return this.currentSpeed ;
192,male,8497757295,line 16,280,return this.currentSpeed ;
192,male,8497857125,line 16,88,return this.currentSpeed ;
192,male,8498421168,line 19,164,"Vehicle v = new Vehicle ( ""Audi"" , ""A6"" , 200 ) ;"
192,male,8498733421,line 18,284,public static void main ( String args [ ] ) {
192,male,8498985236,line 18,236,public static void main ( String args [ ] ) {
192,male,8499213027,line 18,224,public static void main ( String args [ ] ) {
192,male,8499301122,line 18,76,public static void main ( String args [ ] ) {
192,male,8499596871,line 18,256,public static void main ( String args [ ] ) {
192,male,8499769027,line 18,168,public static void main ( String args [ ] ) {
192,male,8499989110,line 18,196,public static void main ( String args [ ] ) {
192,male,8500165116,line 19,116,"Vehicle v = new Vehicle ( ""Audi"" , ""A6"" , 200 ) ;"
192,male,8500305089,line 19,136,"Vehicle v = new Vehicle ( ""Audi"" , ""A6"" , 200 ) ;"
192,male,8500597075,line 19,236,"Vehicle v = new Vehicle ( ""Audi"" , ""A6"" , 200 ) ;"
192,male,8500765056,line 19,152,"Vehicle v = new Vehicle ( ""Audi"" , ""A6"" , 200 ) ;"
192,male,8501029027,line 19,248,"Vehicle v = new Vehicle ( ""Audi"" , ""A6"" , 200 ) ;"
192,male,8501216963,line 19,184,"Vehicle v = new Vehicle ( ""Audi"" , ""A6"" , 200 ) ;"
192,male,8501440855,line 19,208,"Vehicle v = new Vehicle ( ""Audi"" , ""A6"" , 200 ) ;"
192,male,8501736893,line 19,80,"Vehicle v = new Vehicle ( ""Audi"" , ""A6"" , 200 ) ;"
192,male,8501796898,line 19,56,"Vehicle v = new Vehicle ( ""Audi"" , ""A6"" , 200 ) ;"
192,male,8501956925,line 19,156,"Vehicle v = new Vehicle ( ""Audi"" , ""A6"" , 200 ) ;"
192,male,8502100944,line 20,100,v.accelerate ( 10 ) ;
192,male,8502168960,line 20,64,v.accelerate ( 10 ) ;
192,male,8502384942,line 20,212,v.accelerate ( 10 ) ;
192,male,8502592903,line 20,204,v.accelerate ( 10 ) ;
192,male,8502736880,line 20,132,v.accelerate ( 10 ) ;
192,male,8503632760,line 20,144,v.accelerate ( 10 ) ;
192,male,8503719983,line 20,80,v.accelerate ( 10 ) ;
192,male,8503787026,line 20,60,v.accelerate ( 10 ) ;
192,male,8503914552,line 6,80,this.type = t ;
194,male,1062733649,line 7,168,this.topSpeed = tp ;
194,male,1062857788,line 7,120,this.topSpeed = tp ;
194,male,1063013702,line 3,100,"int topSpeed , currentSpeed ;"
194,male,1063113524,line 3,96,"int topSpeed , currentSpeed ;"
194,male,1063277493,line 3,108,"int topSpeed , currentSpeed ;"
194,male,1063409502,line 3,92,"int topSpeed , currentSpeed ;"
194,male,1063669498,line 3,188,"int topSpeed , currentSpeed ;"
194,male,1063849509,line 4,120,"public Vehicle ( String p , String t , int tp ) {"
194,male,1064533441,line 4,88,"public Vehicle ( String p , String t , int tp ) {"
194,male,1064865346,line 4,68,"public Vehicle ( String p , String t , int tp ) {"
194,male,1064925397,line 4,56,"public Vehicle ( String p , String t , int tp ) {"
194,male,1065157411,line 4,100,"public Vehicle ( String p , String t , int tp ) {"
194,male,1065277411,line 5,100,this.producer = p ;
194,male,1065469339,line 4,108,"public Vehicle ( String p , String t , int tp ) {"
194,male,1065581332,line 5,108,this.producer = p ;
194,male,1065817297,line 5,232,this.producer = p ;
194,male,1065981315,line 5,136,this.producer = p ;
194,male,1066165305,line 5,140,this.producer = p ;
194,male,1066277076,line 5,108,this.producer = p ;
194,male,1066777262,line 6,204,this.type = t ;
194,male,1066997306,line 6,148,this.type = t ;
194,male,1067073296,line 6,72,this.type = t ;
194,male,1068981085,line 6,100,this.type = t ;
194,male,1069153074,line 7,116,this.topSpeed = tp ;
194,male,1069744940,line 7,104,this.topSpeed = tp ;
194,male,1069908962,line 7,92,this.topSpeed = tp ;
194,male,1070064984,line 7,120,this.topSpeed = tp ;
194,male,1070228984,line 7,160,this.topSpeed = tp ;
194,male,1070412971,line 7,120,this.topSpeed = tp ;
194,male,1070564977,line 7,88,this.topSpeed = tp ;
194,male,1070780983,line 8,152,this.currentSpeed = 0 ;
194,male,1071004762,line 8,220,this.currentSpeed = 0 ;
194,male,1071164781,line 7,124,this.topSpeed = tp ;
194,male,1071300840,line 8,132,this.currentSpeed = 0 ;
194,male,1071600853,line 7,168,this.topSpeed = tp ;
194,male,1072252883,line 8,320,this.currentSpeed = 0 ;
194,male,1072368830,line 8,112,this.currentSpeed = 0 ;
194,male,1072816726,line 8,56,this.currentSpeed = 0 ;
194,male,1072888731,line 8,68,this.currentSpeed = 0 ;
194,male,1074096430,line 6,92,this.type = t ;
194,male,1074292600,line 6,160,this.type = t ;
194,male,1074664529,line 4,128,"public Vehicle ( String p , String t , int tp ) {"
194,male,1074744520,line 4,76,"public Vehicle ( String p , String t , int tp ) {"
194,male,1074992565,line 4,152,"public Vehicle ( String p , String t , int tp ) {"
194,male,1075708262,line 4,80,"public Vehicle ( String p , String t , int tp ) {"
194,male,1075940461,line 4,92,"public Vehicle ( String p , String t , int tp ) {"
194,male,1076192443,line 3,180,"int topSpeed , currentSpeed ;"
194,male,1076616431,line 4,92,"public Vehicle ( String p , String t , int tp ) {"
194,male,1076680404,line 4,60,"public Vehicle ( String p , String t , int tp ) {"
194,male,1076912431,line 6,104,this.type = t ;
194,male,1077392288,line 10,104,public int accelerate ( int kmh ) {
194,male,1077612360,line 11,128,if ( ( this.currentSpeed + kmh ) > this.topSpeed ) {
194,male,1077856332,line 11,104,if ( ( this.currentSpeed + kmh ) > this.topSpeed ) {
194,male,1078224261,line 10,100,public int accelerate ( int kmh ) {
194,male,1078408470,line 11,140,if ( ( this.currentSpeed + kmh ) > this.topSpeed ) {
194,male,1078532838,line 11,92,if ( ( this.currentSpeed + kmh ) > this.topSpeed ) {
194,male,1078608640,line 11,72,if ( ( this.currentSpeed + kmh ) > this.topSpeed ) {
194,male,1078920151,line 12,268,this.currentSpeed = this.topSpeed ;
194,male,1079040168,line 12,116,this.currentSpeed = this.topSpeed ;
194,male,1079236186,line 12,96,this.currentSpeed = this.topSpeed ;
194,male,1079356204,line 12,112,this.currentSpeed = this.topSpeed ;
194,male,1079448189,line 12,88,this.currentSpeed = this.topSpeed ;
194,male,1079904141,line 18,60,public static void main ( String args [ ] ) {
194,male,1080012102,line 18,100,public static void main ( String args [ ] ) {
194,male,1080076109,line 18,60,public static void main ( String args [ ] ) {
194,male,1080523942,line 19,80,"Vehicle v = new Vehicle ( ""Audi"" , ""A6"" , 200 ) ;"
194,male,1080632009,line 18,100,public static void main ( String args [ ] ) {
194,male,1080724026,line 18,88,public static void main ( String args [ ] ) {
194,male,1081104044,line 19,156,"Vehicle v = new Vehicle ( ""Audi"" , ""A6"" , 200 ) ;"
194,male,1081372018,line 18,228,public static void main ( String args [ ] ) {
194,male,1081468027,line 18,68,public static void main ( String args [ ] ) {
194,male,1081552050,line 18,80,public static void main ( String args [ ] ) {
194,male,1081719924,line 18,116,public static void main ( String args [ ] ) {
194,male,1081827679,line 18,84,public static void main ( String args [ ] ) {
194,male,1081895608,line 18,64,public static void main ( String args [ ] ) {
194,male,1082007740,line 18,108,public static void main ( String args [ ] ) {
194,male,1082383903,line 18,324,public static void main ( String args [ ] ) {
194,male,1082567894,line 18,124,public static void main ( String args [ ] ) {
194,male,1082667894,line 18,96,public static void main ( String args [ ] ) {
194,male,1082767786,line 19,76,"Vehicle v = new Vehicle ( ""Audi"" , ""A6"" , 200 ) ;"
194,male,1083003901,line 19,204,"Vehicle v = new Vehicle ( ""Audi"" , ""A6"" , 200 ) ;"
194,male,1083236114,line 19,164,"Vehicle v = new Vehicle ( ""Audi"" , ""A6"" , 200 ) ;"
194,male,1083296103,line 19,56,"Vehicle v = new Vehicle ( ""Audi"" , ""A6"" , 200 ) ;"
194,male,1083451388,line 19,108,"Vehicle v = new Vehicle ( ""Audi"" , ""A6"" , 200 ) ;"
194,male,1083591334,line 19,136,"Vehicle v = new Vehicle ( ""Audi"" , ""A6"" , 200 ) ;"
194,male,1083791800,line 19,76,"Vehicle v = new Vehicle ( ""Audi"" , ""A6"" , 200 ) ;"
194,male,1084007811,line 19,68,"Vehicle v = new Vehicle ( ""Audi"" , ""A6"" , 200 ) ;"
194,male,1084163824,line 19,104,"Vehicle v = new Vehicle ( ""Audi"" , ""A6"" , 200 ) ;"
194,male,1084275842,line 19,68,"Vehicle v = new Vehicle ( ""Audi"" , ""A6"" , 200 ) ;"
194,male,1084379859,line 19,100,"Vehicle v = new Vehicle ( ""Audi"" , ""A6"" , 200 ) ;"
194,male,1084479855,line 19,96,"Vehicle v = new Vehicle ( ""Audi"" , ""A6"" , 200 ) ;"
194,male,1084623822,line 19,140,"Vehicle v = new Vehicle ( ""Audi"" , ""A6"" , 200 ) ;"
194,male,1084743794,line 19,116,"Vehicle v = new Vehicle ( ""Audi"" , ""A6"" , 200 ) ;"
194,male,1085011755,line 19,180,"Vehicle v = new Vehicle ( ""Audi"" , ""A6"" , 200 ) ;"
194,male,1085247630,line 19,132,"Vehicle v = new Vehicle ( ""Audi"" , ""A6"" , 200 ) ;"
194,male,1085315621,line 19,64,"Vehicle v = new Vehicle ( ""Audi"" , ""A6"" , 200 ) ;"
194,male,1085443629,line 19,64,"Vehicle v = new Vehicle ( ""Audi"" , ""A6"" , 200 ) ;"
194,male,1085743626,line 19,296,"Vehicle v = new Vehicle ( ""Audi"" , ""A6"" , 200 ) ;"
194,male,1085867671,line 20,108,v.accelerate ( 10 ) ;
194,male,1085999687,line 20,128,v.accelerate ( 10 ) ;
194,male,1086135669,line 11,60,if ( ( this.currentSpeed + kmh ) > this.topSpeed ) {
194,male,1086251590,line 11,68,if ( ( this.currentSpeed + kmh ) > this.topSpeed ) {
194,male,1086351516,line 10,68,public int accelerate ( int kmh ) {
194,male,1086771519,line 6,172,this.type = t ;
194,male,1086911565,line 4,76,"public Vehicle ( String p , String t , int tp ) {"
194,male,1087479746,line 4,156,"public Vehicle ( String p , String t , int tp ) {"
194,male,1087639544,line 4,60,"public Vehicle ( String p , String t , int tp ) {"
194,male,1087843527,line 4,140,"public Vehicle ( String p , String t , int tp ) {"
194,male,1088147265,line 4,100,"public Vehicle ( String p , String t , int tp ) {"
194,male,1088399378,line 4,60,"public Vehicle ( String p , String t , int tp ) {"
194,male,1088547418,line 4,80,"public Vehicle ( String p , String t , int tp ) {"
194,male,1088775449,line 6,84,this.type = t ;
194,male,1088887427,line 6,108,this.type = t ;
194,male,1088975408,line 6,84,this.type = t ;
194,male,1089227410,line 5,84,this.producer = p ;
194,male,1089375406,line 5,144,this.producer = p ;
194,male,1089503406,line 7,72,this.topSpeed = tp ;
194,male,1089695292,line 6,188,this.type = t ;
194,male,1089919231,line 6,156,this.type = t ;
194,male,1090239298,line 6,280,this.type = t ;
194,male,1090895398,line 7,240,this.topSpeed = tp ;
194,male,1090991388,line 7,92,this.topSpeed = tp ;
194,male,1091207254,line 7,188,this.topSpeed = tp ;
194,male,1091383121,line 7,152,this.topSpeed = tp ;
194,male,1091467095,line 7,80,this.topSpeed = tp ;
194,male,1091539091,line 7,68,this.topSpeed = tp ;
194,male,1091683117,line 8,84,this.currentSpeed = 0 ;
194,male,1091883155,line 19,72,"Vehicle v = new Vehicle ( ""Audi"" , ""A6"" , 200 ) ;"
194,male,1092023210,line 19,116,"Vehicle v = new Vehicle ( ""Audi"" , ""A6"" , 200 ) ;"
194,male,1092315143,line 19,244,"Vehicle v = new Vehicle ( ""Audi"" , ""A6"" , 200 ) ;"
194,male,1092559147,line 19,164,"Vehicle v = new Vehicle ( ""Audi"" , ""A6"" , 200 ) ;"
194,male,1092619145,line 19,56,"Vehicle v = new Vehicle ( ""Audi"" , ""A6"" , 200 ) ;"
194,male,1092731073,line 5,68,this.producer = p ;
194,male,1092866872,line 6,96,this.type = t ;
194,male,1092978860,line 6,108,this.type = t ;
194,male,1093146981,line 6,164,this.type = t ;
194,male,1093323017,line 5,172,this.producer = p ;
194,male,1093479008,line 6,124,this.type = t ;
194,male,1093790648,line 19,60,"Vehicle v = new Vehicle ( ""Audi"" , ""A6"" , 200 ) ;"
194,male,1093858846,line 19,64,"Vehicle v = new Vehicle ( ""Audi"" , ""A6"" , 200 ) ;"
194,male,1094134999,line 19,256,"Vehicle v = new Vehicle ( ""Audi"" , ""A6"" , 200 ) ;"
194,male,1094343117,line 6,80,this.type = t ;
194,male,1094499455,line 5,96,this.producer = p ;
194,male,1094694986,line 6,168,this.type = t ;
194,male,1094866829,line 7,132,this.topSpeed = tp ;
194,male,1095110826,line 19,120,"Vehicle v = new Vehicle ( ""Audi"" , ""A6"" , 200 ) ;"
194,male,1095286850,line 19,148,"Vehicle v = new Vehicle ( ""Audi"" , ""A6"" , 200 ) ;"
194,male,1095498927,line 8,60,this.currentSpeed = 0 ;
194,male,1095634904,line 7,68,this.topSpeed = tp ;
194,male,1095714875,line 7,76,this.topSpeed = tp ;
194,male,1095958602,line 8,208,this.currentSpeed = 0 ;
194,male,1096022653,line 8,60,this.currentSpeed = 0 ;
194,male,1096178744,line 8,104,this.currentSpeed = 0 ;
194,male,1096378746,line 18,156,public static void main ( String args [ ] ) {
194,male,1096494701,line 18,112,public static void main ( String args [ ] ) {
194,male,1096654688,line 19,104,"Vehicle v = new Vehicle ( ""Audi"" , ""A6"" , 200 ) ;"
194,male,1096942760,line 7,72,this.topSpeed = tp ;
194,male,1097030782,line 7,84,this.topSpeed = tp ;
194,male,1097118810,line 7,84,this.topSpeed = tp ;
194,male,1097458625,line 8,220,this.currentSpeed = 0 ;
194,male,1097706515,line 20,148,v.accelerate ( 10 ) ;
194,male,1097834549,line 20,72,v.accelerate ( 10 ) ;
194,male,1098066573,line 20,228,v.accelerate ( 10 ) ;
194,male,1098222621,line 20,120,v.accelerate ( 10 ) ;
194,male,1098322686,line 20,96,v.accelerate ( 10 ) ;
194,male,1098754320,line 11,76,if ( ( this.currentSpeed + kmh ) > this.topSpeed ) {
194,male,1098834349,line 10,76,public int accelerate ( int kmh ) {
194,male,1099062502,line 10,156,public int accelerate ( int kmh ) {
194,male,1099242486,line 11,152,if ( ( this.currentSpeed + kmh ) > this.topSpeed ) {
194,male,1099326469,line 11,80,if ( ( this.currentSpeed + kmh ) > this.topSpeed ) {
194,male,1099562441,line 2,72,"String producer , type ;"
194,male,1099918524,line 2,128,"String producer , type ;"
194,male,1100046496,line 3,72,"int topSpeed , currentSpeed ;"
194,male,1100266467,line 3,64,"int topSpeed , currentSpeed ;"
194,male,1100414476,line 3,144,"int topSpeed , currentSpeed ;"
194,male,1100674244,line 3,212,"int topSpeed , currentSpeed ;"
194,male,1100810270,line 3,60,"int topSpeed , currentSpeed ;"
194,male,1101094367,line 3,104,"int topSpeed , currentSpeed ;"
194,male,1101306327,line 3,68,"int topSpeed , currentSpeed ;"
194,male,1101686296,line 20,136,v.accelerate ( 10 ) ;
194,male,1101806301,line 20,116,v.accelerate ( 10 ) ;
194,male,1102450728,line 20,128,v.accelerate ( 10 ) ;
194,male,1102774205,line 11,92,if ( ( this.currentSpeed + kmh ) > this.topSpeed ) {
194,male,1102930229,line 11,152,if ( ( this.currentSpeed + kmh ) > this.topSpeed ) {
194,male,1103134222,line 10,148,public int accelerate ( int kmh ) {
194,male,1103218227,line 10,64,public int accelerate ( int kmh ) {
194,male,1103318218,line 10,96,public int accelerate ( int kmh ) {
194,male,1103470164,line 10,148,public int accelerate ( int kmh ) {
194,male,1103578132,line 11,76,if ( ( this.currentSpeed + kmh ) > this.topSpeed ) {
194,male,1103694090,line 11,112,if ( ( this.currentSpeed + kmh ) > this.topSpeed ) {
194,male,1103814068,line 11,88,if ( ( this.currentSpeed + kmh ) > this.topSpeed ) {
194,male,1103914067,line 10,80,public int accelerate ( int kmh ) {
194,male,1104126132,line 10,152,public int accelerate ( int kmh ) {
194,male,1104214113,line 10,84,public int accelerate ( int kmh ) {
194,male,1104362079,line 10,132,public int accelerate ( int kmh ) {
194,male,1104454069,line 10,88,public int accelerate ( int kmh ) {
194,male,1104682068,line 10,132,public int accelerate ( int kmh ) {
194,male,1104822228,line 10,136,public int accelerate ( int kmh ) {
194,male,1105134001,line 10,276,public int accelerate ( int kmh ) {
194,male,1105325737,line 10,152,public int accelerate ( int kmh ) {
194,male,1105433831,line 20,80,v.accelerate ( 10 ) ;
194,male,1105537934,line 20,100,v.accelerate ( 10 ) ;
194,male,1105758030,line 11,64,if ( ( this.currentSpeed + kmh ) > this.topSpeed ) {
194,male,1105865978,line 11,84,if ( ( this.currentSpeed + kmh ) > this.topSpeed ) {
194,male,1106106052,line 11,64,if ( ( this.currentSpeed + kmh ) > this.topSpeed ) {
194,male,1106521891,line 11,60,if ( ( this.currentSpeed + kmh ) > this.topSpeed ) {
194,male,1106681886,line 11,156,if ( ( this.currentSpeed + kmh ) > this.topSpeed ) {
194,male,1106797801,line 11,112,if ( ( this.currentSpeed + kmh ) > this.topSpeed ) {
194,male,1106881670,line 11,80,if ( ( this.currentSpeed + kmh ) > this.topSpeed ) {
194,male,1107149845,line 11,152,if ( ( this.currentSpeed + kmh ) > this.topSpeed ) {
194,male,1107441839,line 11,144,if ( ( this.currentSpeed + kmh ) > this.topSpeed ) {
194,male,1107513849,line 11,68,if ( ( this.currentSpeed + kmh ) > this.topSpeed ) {
194,male,1107597837,line 11,80,if ( ( this.currentSpeed + kmh ) > this.topSpeed ) {
194,male,1107701796,line 11,100,if ( ( this.currentSpeed + kmh ) > this.topSpeed ) {
194,male,1107817785,line 11,112,if ( ( this.currentSpeed + kmh ) > this.topSpeed ) {
194,male,1108133819,line 11,268,if ( ( this.currentSpeed + kmh ) > this.topSpeed ) {
194,male,1108357744,line 11,92,if ( ( this.currentSpeed + kmh ) > this.topSpeed ) {
194,male,1108437701,line 11,76,if ( ( this.currentSpeed + kmh ) > this.topSpeed ) {
194,male,1108665675,line 11,196,if ( ( this.currentSpeed + kmh ) > this.topSpeed ) {
194,male,1108901652,line 11,84,if ( ( this.currentSpeed + kmh ) > this.topSpeed ) {
194,male,1109545676,line 6,72,this.type = t ;
194,male,1109885636,line 12,72,this.currentSpeed = this.topSpeed ;
194,male,1110701559,line 12,156,this.currentSpeed = this.topSpeed ;
194,male,1111297567,line 11,88,if ( ( this.currentSpeed + kmh ) > this.topSpeed ) {
194,male,1111493501,line 11,80,if ( ( this.currentSpeed + kmh ) > this.topSpeed ) {
194,male,1112041397,line 11,152,if ( ( this.currentSpeed + kmh ) > this.topSpeed ) {
194,male,1112401498,line 11,116,if ( ( this.currentSpeed + kmh ) > this.topSpeed ) {
194,male,1112741434,line 12,88,this.currentSpeed = this.topSpeed ;
194,male,1112861413,line 12,116,this.currentSpeed = this.topSpeed ;
194,male,1112993393,line 11,128,if ( ( this.currentSpeed + kmh ) > this.topSpeed ) {
194,male,1113453324,line 11,92,if ( ( this.currentSpeed + kmh ) > this.topSpeed ) {
194,male,1113545291,line 11,88,if ( ( this.currentSpeed + kmh ) > this.topSpeed ) {
194,male,1113749288,line 11,100,if ( ( this.currentSpeed + kmh ) > this.topSpeed ) {
194,male,1113997283,line 13,188,} else {
194,male,1114089284,line 13,88,} else {
194,male,1114377283,line 14,100,this.currentSpeed = this.currentSpeed + kmh ;
194,male,1114477280,line 14,96,this.currentSpeed = this.currentSpeed + kmh ;
194,male,1114669083,line 14,108,this.currentSpeed = this.currentSpeed + kmh ;
194,male,1114781060,line 14,108,this.currentSpeed = this.currentSpeed + kmh ;
194,male,1114885138,line 14,60,this.currentSpeed = this.currentSpeed + kmh ;
194,male,1115085264,line 14,196,this.currentSpeed = this.currentSpeed + kmh ;
194,male,1115193200,line 14,104,this.currentSpeed = this.currentSpeed + kmh ;
194,male,1115337052,line 14,124,this.currentSpeed = this.currentSpeed + kmh ;
194,male,1115449088,line 14,108,this.currentSpeed = this.currentSpeed + kmh ;
194,male,1115513110,line 14,60,this.currentSpeed = this.currentSpeed + kmh ;
194,male,1115625113,line 14,108,this.currentSpeed = this.currentSpeed + kmh ;
194,male,1115837144,line 14,152,this.currentSpeed = this.currentSpeed + kmh ;
194,male,1116832993,line 16,84,return this.currentSpeed ;
194,male,1116992986,line 16,132,return this.currentSpeed ;
194,male,1117273006,line 16,56,return this.currentSpeed ;
194,male,1117673043,line 16,128,return this.currentSpeed ;
194,male,1118028922,line 16,296,return this.currentSpeed ;
194,male,1118348892,line 19,72,"Vehicle v = new Vehicle ( ""Audi"" , ""A6"" , 200 ) ;"
194,male,1118580874,line 19,228,"Vehicle v = new Vehicle ( ""Audi"" , ""A6"" , 200 ) ;"
194,male,1118764959,line 19,116,"Vehicle v = new Vehicle ( ""Audi"" , ""A6"" , 200 ) ;"
194,male,1119404670,line 14,132,this.currentSpeed = this.currentSpeed + kmh ;
194,male,1119472662,line 14,64,this.currentSpeed = this.currentSpeed + kmh ;
194,male,1119692730,line 19,60,"Vehicle v = new Vehicle ( ""Audi"" , ""A6"" , 200 ) ;"
194,male,1119888743,line 19,112,"Vehicle v = new Vehicle ( ""Audi"" , ""A6"" , 200 ) ;"
194,male,1120124769,line 14,88,this.currentSpeed = this.currentSpeed + kmh ;
194,male,1120276774,line 12,84,this.currentSpeed = this.topSpeed ;
194,male,1120452745,line 12,168,this.currentSpeed = this.topSpeed ;
194,male,1120900669,line 12,140,this.currentSpeed = this.topSpeed ;
194,male,1120960722,line 12,56,this.currentSpeed = this.topSpeed ;
194,male,1123694719,line 16,112,return this.currentSpeed ;
194,male,1123755871,line 16,56,return this.currentSpeed ;
194,male,1123928569,line 16,160,return this.currentSpeed ;
194,male,1124112463,line 16,180,return this.currentSpeed ;
194,male,1125024341,line 20,288,v.accelerate ( 10 ) ;
194,male,1125152361,line 20,64,v.accelerate ( 10 ) ;
194,male,1125240365,line 20,84,v.accelerate ( 10 ) ;
194,male,1125308344,line 20,64,v.accelerate ( 10 ) ;
194,male,1125568169,line 19,68,"Vehicle v = new Vehicle ( ""Audi"" , ""A6"" , 200 ) ;"
194,male,1125808143,line 19,152,"Vehicle v = new Vehicle ( ""Audi"" , ""A6"" , 200 ) ;"
194,male,1126136201,line 19,92,"Vehicle v = new Vehicle ( ""Audi"" , ""A6"" , 200 ) ;"
194,male,1126200178,line 19,60,"Vehicle v = new Vehicle ( ""Audi"" , ""A6"" , 200 ) ;"
194,male,1126268180,line 19,64,"Vehicle v = new Vehicle ( ""Audi"" , ""A6"" , 200 ) ;"
194,male,1126360206,line 19,88,"Vehicle v = new Vehicle ( ""Audi"" , ""A6"" , 200 ) ;"
194,male,1126592235,line 19,192,"Vehicle v = new Vehicle ( ""Audi"" , ""A6"" , 200 ) ;"
194,male,1126692227,line 19,96,"Vehicle v = new Vehicle ( ""Audi"" , ""A6"" , 200 ) ;"
194,male,1127060174,line 19,112,"Vehicle v = new Vehicle ( ""Audi"" , ""A6"" , 200 ) ;"
194,male,1127235967,line 19,172,"Vehicle v = new Vehicle ( ""Audi"" , ""A6"" , 200 ) ;"
194,male,1127432029,line 20,140,v.accelerate ( 10 ) ;
194,male,1127592097,line 20,56,v.accelerate ( 10 ) ;
194,male,1128148072,line 12,188,this.currentSpeed = this.topSpeed ;
194,male,1128416079,line 11,172,if ( ( this.currentSpeed + kmh ) > this.topSpeed ) {
194,male,1128552053,line 11,92,if ( ( this.currentSpeed + kmh ) > this.topSpeed ) {
194,male,1128716002,line 11,160,if ( ( this.currentSpeed + kmh ) > this.topSpeed ) {
194,male,1129159949,line 11,204,if ( ( this.currentSpeed + kmh ) > this.topSpeed ) {
194,male,1129347937,line 8,124,this.currentSpeed = 0 ;
194,male,1129455932,line 8,104,this.currentSpeed = 0 ;
194,male,1129527932,line 8,68,this.currentSpeed = 0 ;
194,male,1129759956,line 5,184,this.producer = p ;
194,male,1130211887,line 19,64,"Vehicle v = new Vehicle ( ""Audi"" , ""A6"" , 200 ) ;"
194,male,1130311747,line 18,96,public static void main ( String args [ ] ) {
194,male,1130503773,line 19,164,"Vehicle v = new Vehicle ( ""Audi"" , ""A6"" , 200 ) ;"
194,male,1130859787,line 14,96,this.currentSpeed = this.currentSpeed + kmh ;
194,male,1131071785,line 11,96,if ( ( this.currentSpeed + kmh ) > this.topSpeed ) {
194,male,1131171804,line 11,96,if ( ( this.currentSpeed + kmh ) > this.topSpeed ) {
194,male,1131351876,line 19,144,"Vehicle v = new Vehicle ( ""Audi"" , ""A6"" , 200 ) ;"
194,male,1131931563,line 14,60,this.currentSpeed = this.currentSpeed + kmh ;
194,male,1132691673,line 14,104,this.currentSpeed = this.currentSpeed + kmh ;
194,male,1132871625,line 14,80,this.currentSpeed = this.currentSpeed + kmh ;
194,male,1133351672,line 4,120,"public Vehicle ( String p , String t , int tp ) {"
195,male,610658318,line 2,108,"String producer , type ;"
195,male,610794271,line 2,64,"String producer , type ;"
195,male,610986285,line 2,100,"String producer , type ;"
195,male,611078305,line 2,88,"String producer , type ;"
195,male,611190311,line 2,60,"String producer , type ;"
195,male,611418248,line 2,84,"String producer , type ;"
195,male,611490274,line 3,68,"int topSpeed , currentSpeed ;"
195,male,611622311,line 3,72,"int topSpeed , currentSpeed ;"
195,male,611782296,line 3,156,"int topSpeed , currentSpeed ;"
195,male,611978083,line 3,120,"int topSpeed , currentSpeed ;"
195,male,612042091,line 3,60,"int topSpeed , currentSpeed ;"
195,male,612118137,line 3,56,"int topSpeed , currentSpeed ;"
195,male,612322219,line 3,200,"int topSpeed , currentSpeed ;"
195,male,612402229,line 3,68,"int topSpeed , currentSpeed ;"
195,male,612590159,line 3,132,"int topSpeed , currentSpeed ;"
195,male,612670163,line 3,76,"int topSpeed , currentSpeed ;"
195,male,612850169,line 3,156,"int topSpeed , currentSpeed ;"
195,male,612978136,line 3,60,"int topSpeed , currentSpeed ;"
195,male,613250168,line 3,88,"int topSpeed , currentSpeed ;"
195,male,613366180,line 3,112,"int topSpeed , currentSpeed ;"
195,male,613510173,line 3,132,"int topSpeed , currentSpeed ;"
195,male,613793874,line 2,72,"String producer , type ;"
195,male,613873915,line 2,76,"String producer , type ;"
195,male,614006049,line 3,128,"int topSpeed , currentSpeed ;"
195,male,614106045,line 3,96,"int topSpeed , currentSpeed ;"
195,male,614230038,line 3,120,"int topSpeed , currentSpeed ;"
195,male,614974043,line 3,60,"int topSpeed , currentSpeed ;"
195,male,615050037,line 3,72,"int topSpeed , currentSpeed ;"
195,male,615134037,line 3,80,"int topSpeed , currentSpeed ;"
195,male,615302056,line 3,60,"int topSpeed , currentSpeed ;"
195,male,615426085,line 3,120,"int topSpeed , currentSpeed ;"
195,male,615578045,line 3,104,"int topSpeed , currentSpeed ;"
195,male,615937917,line 3,276,"int topSpeed , currentSpeed ;"
195,male,616269922,line 4,312,"public Vehicle ( String p , String t , int tp ) {"
195,male,616378006,line 4,76,"public Vehicle ( String p , String t , int tp ) {"
195,male,616454042,line 4,72,"public Vehicle ( String p , String t , int tp ) {"
195,male,616597993,line 4,140,"public Vehicle ( String p , String t , int tp ) {"
195,male,616849935,line 4,148,"public Vehicle ( String p , String t , int tp ) {"
195,male,616933958,line 4,80,"public Vehicle ( String p , String t , int tp ) {"
195,male,617173947,line 1,156,public class Vehicle {
195,male,617377951,line 1,200,public class Vehicle {
195,male,617541882,line 3,108,"int topSpeed , currentSpeed ;"
195,male,617617857,line 3,72,"int topSpeed , currentSpeed ;"
195,male,617837869,line 4,72,"public Vehicle ( String p , String t , int tp ) {"
195,male,618245811,line 4,68,"public Vehicle ( String p , String t , int tp ) {"
195,male,618665754,line 4,120,"public Vehicle ( String p , String t , int tp ) {"
195,male,618837751,line 4,76,"public Vehicle ( String p , String t , int tp ) {"
195,male,619161772,line 4,140,"public Vehicle ( String p , String t , int tp ) {"
195,male,619229760,line 4,64,"public Vehicle ( String p , String t , int tp ) {"
195,male,619317700,line 4,72,"public Vehicle ( String p , String t , int tp ) {"
195,male,619405533,line 4,84,"public Vehicle ( String p , String t , int tp ) {"
195,male,619585491,line 4,176,"public Vehicle ( String p , String t , int tp ) {"
195,male,619849653,line 4,108,"public Vehicle ( String p , String t , int tp ) {"
195,male,620109655,line 4,156,"public Vehicle ( String p , String t , int tp ) {"
195,male,620317663,line 6,104,this.type = t ;
195,male,620501691,line 6,92,this.type = t ;
195,male,620565694,line 6,60,this.type = t ;
195,male,620713722,line 5,92,this.producer = p ;
195,male,620773740,line 5,56,this.producer = p ;
195,male,620833740,line 5,56,this.producer = p ;
195,male,621069648,line 4,72,"public Vehicle ( String p , String t , int tp ) {"
195,male,621321449,line 5,76,this.producer = p ;
195,male,621489359,line 5,80,this.producer = p ;
195,male,621549365,line 5,56,this.producer = p ;
195,male,621737501,line 4,80,"public Vehicle ( String p , String t , int tp ) {"
195,male,621953508,line 4,132,"public Vehicle ( String p , String t , int tp ) {"
195,male,622261530,line 5,156,this.producer = p ;
195,male,622341532,line 5,76,this.producer = p ;
195,male,622421539,line 5,76,this.producer = p ;
195,male,622509549,line 5,84,this.producer = p ;
195,male,623129314,line 3,72,"int topSpeed , currentSpeed ;"
195,male,623205200,line 2,72,"String producer , type ;"
195,male,623289254,line 3,80,"int topSpeed , currentSpeed ;"
195,male,623437339,line 3,92,"int topSpeed , currentSpeed ;"
195,male,623553344,line 3,112,"int topSpeed , currentSpeed ;"
195,male,623769433,line 3,72,"int topSpeed , currentSpeed ;"
195,male,623877454,line 2,72,"String producer , type ;"
195,male,623941454,line 2,60,"String producer , type ;"
195,male,624081473,line 8,72,this.currentSpeed = 0 ;
195,male,624177499,line 8,92,this.currentSpeed = 0 ;
195,male,624249495,line 10,56,public int accelerate ( int kmh ) {
195,male,624473417,line 10,64,public int accelerate ( int kmh ) {
195,male,624577382,line 10,100,public int accelerate ( int kmh ) {
195,male,625177309,line 4,100,"public Vehicle ( String p , String t , int tp ) {"
195,male,625553349,line 6,136,this.type = t ;
195,male,625617351,line 5,60,this.producer = p ;
195,male,626021244,line 5,360,this.producer = p ;
195,male,626469217,line 6,72,this.type = t ;
195,male,626673236,line 6,200,this.type = t ;
195,male,626845285,line 7,120,this.topSpeed = tp ;
195,male,626905229,line 7,56,this.topSpeed = tp ;
195,male,627001110,line 7,76,this.topSpeed = tp ;
195,male,627149094,line 7,144,this.topSpeed = tp ;
195,male,627433114,line 2,180,"String producer , type ;"
195,male,627593113,line 2,140,"String producer , type ;"
195,male,627769121,line 2,108,"String producer , type ;"
195,male,627961059,line 2,188,"String producer , type ;"
195,male,628073013,line 6,64,this.type = t ;
195,male,628469125,line 5,196,this.producer = p ;
195,male,628801045,line 4,84,"public Vehicle ( String p , String t , int tp ) {"
195,male,628876966,line 4,72,"public Vehicle ( String p , String t , int tp ) {"
195,male,629116955,line 4,108,"public Vehicle ( String p , String t , int tp ) {"
195,male,629257028,line 6,64,this.type = t ;
195,male,629409020,line 6,148,this.type = t ;
195,male,629533043,line 6,96,this.type = t ;
195,male,629645000,line 6,108,this.type = t ;
195,male,629728959,line 6,80,this.type = t ;
195,male,630332951,line 7,132,this.topSpeed = tp ;
195,male,630528981,line 4,132,"public Vehicle ( String p , String t , int tp ) {"
195,male,630592940,line 4,60,"public Vehicle ( String p , String t , int tp ) {"
195,male,630668851,line 5,72,this.producer = p ;
195,male,630808736,line 5,136,this.producer = p ;
195,male,630900791,line 8,56,this.currentSpeed = 0 ;
195,male,630996842,line 8,92,this.currentSpeed = 0 ;
195,male,631284847,line 7,84,this.topSpeed = tp ;
195,male,631420861,line 7,132,this.topSpeed = tp ;
195,male,631560829,line 7,108,this.topSpeed = tp ;
195,male,631680836,line 3,96,"int topSpeed , currentSpeed ;"
195,male,631860842,line 3,176,"int topSpeed , currentSpeed ;"
195,male,632044851,line 2,136,"String producer , type ;"
195,male,632116871,line 2,68,"String producer , type ;"
195,male,632244891,line 2,124,"String producer , type ;"
195,male,632560757,line 3,64,"int topSpeed , currentSpeed ;"
195,male,632652727,line 3,64,"int topSpeed , currentSpeed ;"
195,male,632772742,line 3,116,"int topSpeed , currentSpeed ;"
195,male,632976687,line 3,156,"int topSpeed , currentSpeed ;"
195,male,633316756,line 8,248,this.currentSpeed = 0 ;
195,male,633580685,line 8,192,this.currentSpeed = 0 ;
195,male,633668691,line 8,76,this.currentSpeed = 0 ;
195,male,633800750,line 8,128,this.currentSpeed = 0 ;
195,male,634016769,line 4,104,"public Vehicle ( String p , String t , int tp ) {"
195,male,634316747,line 4,296,"public Vehicle ( String p , String t , int tp ) {"
195,male,634484695,line 4,164,"public Vehicle ( String p , String t , int tp ) {"
195,male,634928562,line 10,148,public int accelerate ( int kmh ) {
195,male,635056582,line 10,100,public int accelerate ( int kmh ) {
195,male,635280633,line 10,220,public int accelerate ( int kmh ) {
195,male,635736578,line 10,332,public int accelerate ( int kmh ) {
195,male,636604391,line 10,368,public int accelerate ( int kmh ) {
195,male,636828418,line 10,124,public int accelerate ( int kmh ) {
195,male,636944428,line 10,112,public int accelerate ( int kmh ) {
195,male,637164490,line 11,148,if ( ( this.currentSpeed + kmh ) > this.topSpeed ) {
195,male,637544465,line 10,60,public int accelerate ( int kmh ) {
195,male,637684469,line 10,136,public int accelerate ( int kmh ) {
195,male,637860478,line 10,116,public int accelerate ( int kmh ) {
195,male,638124454,line 10,84,public int accelerate ( int kmh ) {
195,male,638232359,line 10,104,public int accelerate ( int kmh ) {
195,male,638360313,line 11,116,if ( ( this.currentSpeed + kmh ) > this.topSpeed ) {
195,male,638632333,line 11,184,if ( ( this.currentSpeed + kmh ) > this.topSpeed ) {
195,male,638916380,line 11,192,if ( ( this.currentSpeed + kmh ) > this.topSpeed ) {
195,male,639200348,line 11,172,if ( ( this.currentSpeed + kmh ) > this.topSpeed ) {
195,male,639380341,line 10,156,public int accelerate ( int kmh ) {
195,male,639496328,line 10,112,public int accelerate ( int kmh ) {
195,male,639636316,line 12,64,this.currentSpeed = this.topSpeed ;
195,male,639736321,line 11,96,if ( ( this.currentSpeed + kmh ) > this.topSpeed ) {
195,male,639828339,line 12,72,this.currentSpeed = this.topSpeed ;
195,male,640044195,line 11,164,if ( ( this.currentSpeed + kmh ) > this.topSpeed ) {
195,male,640704254,line 10,80,public int accelerate ( int kmh ) {
195,male,640840297,line 10,132,public int accelerate ( int kmh ) {
195,male,641168243,line 11,284,if ( ( this.currentSpeed + kmh ) > this.topSpeed ) {
195,male,641324375,line 10,68,public int accelerate ( int kmh ) {
195,male,641420367,line 10,92,public int accelerate ( int kmh ) {
195,male,641712199,line 3,120,"int topSpeed , currentSpeed ;"
195,male,642228085,line 3,64,"int topSpeed , currentSpeed ;"
195,male,642356129,line 6,76,this.type = t ;
195,male,642440128,line 6,80,this.type = t ;
195,male,642532096,line 8,64,this.currentSpeed = 0 ;
195,male,642636065,line 8,100,this.currentSpeed = 0 ;
195,male,642716061,line 8,76,this.currentSpeed = 0 ;
195,male,642824056,line 8,104,this.currentSpeed = 0 ;
195,male,642944055,line 8,60,this.currentSpeed = 0 ;
195,male,643112048,line 10,64,public int accelerate ( int kmh ) {
195,male,643316064,line 11,168,if ( ( this.currentSpeed + kmh ) > this.topSpeed ) {
195,male,643556032,line 11,108,if ( ( this.currentSpeed + kmh ) > this.topSpeed ) {
195,male,643664113,line 11,104,if ( ( this.currentSpeed + kmh ) > this.topSpeed ) {
195,male,643844231,line 10,80,public int accelerate ( int kmh ) {
195,male,644263971,line 11,376,if ( ( this.currentSpeed + kmh ) > this.topSpeed ) {
195,male,644743923,line 11,148,if ( ( this.currentSpeed + kmh ) > this.topSpeed ) {
195,male,644919933,line 11,64,if ( ( this.currentSpeed + kmh ) > this.topSpeed ) {
195,male,644999943,line 12,76,this.currentSpeed = this.topSpeed ;
195,male,645431916,line 11,240,if ( ( this.currentSpeed + kmh ) > this.topSpeed ) {
195,male,645535937,line 11,80,if ( ( this.currentSpeed + kmh ) > this.topSpeed ) {
195,male,645651913,line 12,76,this.currentSpeed = this.topSpeed ;
195,male,645735797,line 11,80,if ( ( this.currentSpeed + kmh ) > this.topSpeed ) {
195,male,645883744,line 12,92,this.currentSpeed = this.topSpeed ;
195,male,646227617,line 12,268,this.currentSpeed = this.topSpeed ;
195,male,646431759,line 12,76,this.currentSpeed = this.topSpeed ;
195,male,646527777,line 12,92,this.currentSpeed = this.topSpeed ;
195,male,646615794,line 12,84,this.currentSpeed = this.topSpeed ;
195,male,649619521,line 14,64,this.currentSpeed = this.currentSpeed + kmh ;
195,male,650131450,line 14,64,this.currentSpeed = this.currentSpeed + kmh ;
195,male,650663548,line 10,136,public int accelerate ( int kmh ) {
195,male,651167405,line 10,100,public int accelerate ( int kmh ) {
195,male,651351343,line 10,124,public int accelerate ( int kmh ) {
195,male,651455412,line 10,100,public int accelerate ( int kmh ) {
195,male,651531466,line 10,72,public int accelerate ( int kmh ) {
195,male,651671454,line 10,136,public int accelerate ( int kmh ) {
195,male,651791381,line 10,116,public int accelerate ( int kmh ) {
195,male,653247312,line 19,72,"Vehicle v = new Vehicle ( ""Audi"" , ""A6"" , 200 ) ;"
195,male,653563250,line 19,132,"Vehicle v = new Vehicle ( ""Audi"" , ""A6"" , 200 ) ;"
195,male,653887259,line 19,84,"Vehicle v = new Vehicle ( ""Audi"" , ""A6"" , 200 ) ;"
195,male,653947265,line 19,56,"Vehicle v = new Vehicle ( ""Audi"" , ""A6"" , 200 ) ;"
195,male,654263097,line 20,84,v.accelerate ( 10 ) ;
195,male,654395281,line 19,68,"Vehicle v = new Vehicle ( ""Audi"" , ""A6"" , 200 ) ;"
195,male,654539270,line 19,140,"Vehicle v = new Vehicle ( ""Audi"" , ""A6"" , 200 ) ;"
195,male,654635252,line 19,60,"Vehicle v = new Vehicle ( ""Audi"" , ""A6"" , 200 ) ;"
195,male,654879250,line 18,116,public static void main ( String args [ ] ) {
195,male,655391132,line 19,240,"Vehicle v = new Vehicle ( ""Audi"" , ""A6"" , 200 ) ;"
195,male,655483165,line 19,88,"Vehicle v = new Vehicle ( ""Audi"" , ""A6"" , 200 ) ;"
195,male,655971200,line 20,60,v.accelerate ( 10 ) ;
195,male,656075215,line 20,100,v.accelerate ( 10 ) ;
195,male,656139211,line 20,60,v.accelerate ( 10 ) ;
195,male,656547200,line 20,172,v.accelerate ( 10 ) ;
195,male,656727175,line 19,124,"Vehicle v = new Vehicle ( ""Audi"" , ""A6"" , 200 ) ;"
195,male,659114982,line 11,108,if ( ( this.currentSpeed + kmh ) > this.topSpeed ) {
195,male,659374867,line 10,180,public int accelerate ( int kmh ) {
195,male,659618876,line 10,212,public int accelerate ( int kmh ) {
197,male,13005898468,line 2,156,"String producer , type ;"
197,male,13006206451,line 1,236,public class Vehicle {
197,male,13006358283,line 1,132,public class Vehicle {
197,male,13006502242,line 1,140,public class Vehicle {
197,male,13006694325,line 2,164,"String producer , type ;"
197,male,13006898350,line 2,192,"String producer , type ;"
197,male,13007542322,line 1,304,public class Vehicle {
197,male,13007694317,line 1,148,public class Vehicle {
197,male,13007794302,line 1,60,public class Vehicle {
197,male,13008310044,line 1,508,public class Vehicle {
197,male,13008537761,line 2,224,"String producer , type ;"
197,male,13008842173,line 2,276,"String producer , type ;"
197,male,13008934166,line 2,88,"String producer , type ;"
197,male,13009058162,line 3,120,"int topSpeed , currentSpeed ;"
197,male,13009274146,line 2,64,"String producer , type ;"
197,male,13009402295,line 2,124,"String producer , type ;"
197,male,13009578267,line 2,172,"String producer , type ;"
197,male,13009682169,line 3,100,"int topSpeed , currentSpeed ;"
197,male,13009750120,line 3,64,"int topSpeed , currentSpeed ;"
197,male,13010018069,line 3,264,"int topSpeed , currentSpeed ;"
197,male,13010270024,line 2,224,"String producer , type ;"
197,male,13010430046,line 1,80,public class Vehicle {
197,male,13010670068,line 3,144,"int topSpeed , currentSpeed ;"
197,male,13010782074,line 2,108,"String producer , type ;"
197,male,13011313873,line 2,484,"String producer , type ;"
197,male,13011577935,line 3,220,"int topSpeed , currentSpeed ;"
197,male,13011822026,line 3,216,"int topSpeed , currentSpeed ;"
197,male,13012069928,line 3,196,"int topSpeed , currentSpeed ;"
197,male,13012285921,line 3,172,"int topSpeed , currentSpeed ;"
197,male,13012525926,line 3,208,"int topSpeed , currentSpeed ;"
197,male,13012601918,line 3,72,"int topSpeed , currentSpeed ;"
197,male,13012733765,line 3,116,"int topSpeed , currentSpeed ;"
197,male,13012949725,line 3,184,"int topSpeed , currentSpeed ;"
197,male,13013145803,line 4,156,"public Vehicle ( String p , String t , int tp ) {"
197,male,13013345817,line 4,172,"public Vehicle ( String p , String t , int tp ) {"
197,male,13013677771,line 4,308,"public Vehicle ( String p , String t , int tp ) {"
197,male,13014021814,line 4,276,"public Vehicle ( String p , String t , int tp ) {"
197,male,13014461709,line 4,404,"public Vehicle ( String p , String t , int tp ) {"
197,male,13014673727,line 4,188,"public Vehicle ( String p , String t , int tp ) {"
197,male,13015065698,line 4,324,"public Vehicle ( String p , String t , int tp ) {"
197,male,13015409675,line 4,308,"public Vehicle ( String p , String t , int tp ) {"
197,male,13015557667,line 4,144,"public Vehicle ( String p , String t , int tp ) {"
197,male,13015945469,line 4,340,"public Vehicle ( String p , String t , int tp ) {"
197,male,13016121495,line 4,144,"public Vehicle ( String p , String t , int tp ) {"
197,male,13016217502,line 4,92,"public Vehicle ( String p , String t , int tp ) {"
197,male,13016945518,line 5,360,this.producer = p ;
197,male,13017213477,line 6,224,this.type = t ;
197,male,13017477182,line 5,100,this.producer = p ;
197,male,13017545246,line 5,64,this.producer = p ;
197,male,13017605306,line 5,56,this.producer = p ;
197,male,13018109404,line 6,240,this.type = t ;
197,male,13018813272,line 6,648,this.type = t ;
197,male,13019289276,line 4,168,"public Vehicle ( String p , String t , int tp ) {"
197,male,13019669290,line 8,96,this.currentSpeed = 0 ;
197,male,13019825285,line 8,152,this.currentSpeed = 0 ;
197,male,13020169267,line 10,80,public int accelerate ( int kmh ) {
197,male,13020365190,line 10,56,public int accelerate ( int kmh ) {
197,male,13020677060,line 10,308,public int accelerate ( int kmh ) {
197,male,13020813158,line 10,112,public int accelerate ( int kmh ) {
197,male,13021273142,line 10,456,public int accelerate ( int kmh ) {
197,male,13021837005,line 10,208,public int accelerate ( int kmh ) {
197,male,13022025504,line 10,184,public int accelerate ( int kmh ) {
197,male,13022216932,line 10,188,public int accelerate ( int kmh ) {
197,male,13022460975,line 10,80,public int accelerate ( int kmh ) {
197,male,13022769009,line 10,204,public int accelerate ( int kmh ) {
197,male,13022869006,line 10,96,public int accelerate ( int kmh ) {
197,male,13022960995,line 10,88,public int accelerate ( int kmh ) {
197,male,13023325269,line 11,72,if ( ( this.currentSpeed + kmh ) > this.topSpeed ) {
197,male,13023501199,line 11,148,if ( ( this.currentSpeed + kmh ) > this.topSpeed ) {
197,male,13023640988,line 11,84,if ( ( this.currentSpeed + kmh ) > this.topSpeed ) {
197,male,13023744941,line 11,100,if ( ( this.currentSpeed + kmh ) > this.topSpeed ) {
197,male,13023968902,line 11,220,if ( ( this.currentSpeed + kmh ) > this.topSpeed ) {
197,male,13024644852,line 11,228,if ( ( this.currentSpeed + kmh ) > this.topSpeed ) {
197,male,13024768864,line 11,120,if ( ( this.currentSpeed + kmh ) > this.topSpeed ) {
197,male,13024944860,line 11,144,if ( ( this.currentSpeed + kmh ) > this.topSpeed ) {
197,male,13025136675,line 11,188,if ( ( this.currentSpeed + kmh ) > this.topSpeed ) {
197,male,13025224522,line 11,72,if ( ( this.currentSpeed + kmh ) > this.topSpeed ) {
197,male,13025456728,line 12,176,this.currentSpeed = this.topSpeed ;
197,male,13025604753,line 11,68,if ( ( this.currentSpeed + kmh ) > this.topSpeed ) {
197,male,13025796820,line 10,56,public int accelerate ( int kmh ) {
197,male,13026216720,line 11,144,if ( ( this.currentSpeed + kmh ) > this.topSpeed ) {
197,male,13026420289,line 11,200,if ( ( this.currentSpeed + kmh ) > this.topSpeed ) {
197,male,13026680565,line 11,216,if ( ( this.currentSpeed + kmh ) > this.topSpeed ) {
197,male,13026828419,line 11,108,if ( ( this.currentSpeed + kmh ) > this.topSpeed ) {
197,male,13027100578,line 11,268,if ( ( this.currentSpeed + kmh ) > this.topSpeed ) {
197,male,13027164619,line 11,60,if ( ( this.currentSpeed + kmh ) > this.topSpeed ) {
197,male,13027244660,line 11,76,if ( ( this.currentSpeed + kmh ) > this.topSpeed ) {
197,male,13027912569,line 12,120,this.currentSpeed = this.topSpeed ;
197,male,13027988569,line 12,72,this.currentSpeed = this.topSpeed ;
197,male,13028184581,line 12,56,this.currentSpeed = this.topSpeed ;
197,male,13028564506,line 12,148,this.currentSpeed = this.topSpeed ;
197,male,13028640509,line 11,72,if ( ( this.currentSpeed + kmh ) > this.topSpeed ) {
197,male,13028736482,line 11,92,if ( ( this.currentSpeed + kmh ) > this.topSpeed ) {
197,male,13029024520,line 11,80,if ( ( this.currentSpeed + kmh ) > this.topSpeed ) {
197,male,13029372465,line 14,248,this.currentSpeed = this.currentSpeed + kmh ;
197,male,13030452355,line 16,60,return this.currentSpeed ;
197,male,13030632352,line 16,176,return this.currentSpeed ;
197,male,13030932348,line 16,224,return this.currentSpeed ;
197,male,13031060316,line 16,124,return this.currentSpeed ;
197,male,13031384296,line 10,64,public int accelerate ( int kmh ) {
197,male,13031804377,line 10,160,public int accelerate ( int kmh ) {
197,male,13032036207,line 10,76,public int accelerate ( int kmh ) {
197,male,13032240201,line 10,120,public int accelerate ( int kmh ) {
197,male,13032336224,line 11,68,if ( ( this.currentSpeed + kmh ) > this.topSpeed ) {
197,male,13032680168,line 11,340,if ( ( this.currentSpeed + kmh ) > this.topSpeed ) {
197,male,13032848159,line 11,108,if ( ( this.currentSpeed + kmh ) > this.topSpeed ) {
197,male,13033128074,line 11,92,if ( ( this.currentSpeed + kmh ) > this.topSpeed ) {
197,male,13033276100,line 11,144,if ( ( this.currentSpeed + kmh ) > this.topSpeed ) {
197,male,13033492106,line 11,176,if ( ( this.currentSpeed + kmh ) > this.topSpeed ) {
197,male,13033580152,line 11,60,if ( ( this.currentSpeed + kmh ) > this.topSpeed ) {
197,male,13033796114,line 11,212,if ( ( this.currentSpeed + kmh ) > this.topSpeed ) {
197,male,13033980083,line 11,164,if ( ( this.currentSpeed + kmh ) > this.topSpeed ) {
197,male,13034320097,line 11,328,if ( ( this.currentSpeed + kmh ) > this.topSpeed ) {
197,male,13034488084,line 11,128,if ( ( this.currentSpeed + kmh ) > this.topSpeed ) {
197,male,13034664030,line 11,172,if ( ( this.currentSpeed + kmh ) > this.topSpeed ) {
197,male,13034763988,line 11,96,if ( ( this.currentSpeed + kmh ) > this.topSpeed ) {
197,male,13035003904,line 11,164,if ( ( this.currentSpeed + kmh ) > this.topSpeed ) {
197,male,13035299512,line 11,56,if ( ( this.currentSpeed + kmh ) > this.topSpeed ) {
197,male,13035459873,line 11,156,if ( ( this.currentSpeed + kmh ) > this.topSpeed ) {
197,male,13035747914,line 12,104,this.currentSpeed = this.topSpeed ;
197,male,13036259595,line 11,104,if ( ( this.currentSpeed + kmh ) > this.topSpeed ) {
197,male,13036503415,line 11,240,if ( ( this.currentSpeed + kmh ) > this.topSpeed ) {
197,male,13038275646,line 11,172,if ( ( this.currentSpeed + kmh ) > this.topSpeed ) {
197,male,13038443669,line 11,164,if ( ( this.currentSpeed + kmh ) > this.topSpeed ) {
197,male,13038599698,line 11,152,if ( ( this.currentSpeed + kmh ) > this.topSpeed ) {
197,male,13038723713,line 12,76,this.currentSpeed = this.topSpeed ;
197,male,13038783705,line 12,56,this.currentSpeed = this.topSpeed ;
197,male,13039011666,line 12,224,this.currentSpeed = this.topSpeed ;
197,male,13039151662,line 12,136,this.currentSpeed = this.topSpeed ;
197,male,13039311590,line 11,68,if ( ( this.currentSpeed + kmh ) > this.topSpeed ) {
197,male,13039399545,line 11,56,if ( ( this.currentSpeed + kmh ) > this.topSpeed ) {
197,male,13039547550,line 11,144,if ( ( this.currentSpeed + kmh ) > this.topSpeed ) {
197,male,13039807526,line 12,216,this.currentSpeed = this.topSpeed ;
197,male,13040063530,line 12,252,this.currentSpeed = this.topSpeed ;
197,male,13040279508,line 12,164,this.currentSpeed = this.topSpeed ;
197,male,13040403548,line 12,56,this.currentSpeed = this.topSpeed ;
197,male,13040631566,line 12,224,this.currentSpeed = this.topSpeed ;
197,male,13040847456,line 11,108,if ( ( this.currentSpeed + kmh ) > this.topSpeed ) {
197,male,13040947348,line 12,56,this.currentSpeed = this.topSpeed ;
197,male,13041027308,line 12,76,this.currentSpeed = this.topSpeed ;
197,male,13041131355,line 12,88,this.currentSpeed = this.topSpeed ;
197,male,13041427670,line 14,76,this.currentSpeed = this.currentSpeed + kmh ;
197,male,13041652204,line 14,164,this.currentSpeed = this.currentSpeed + kmh ;
197,male,13041863383,line 12,72,this.currentSpeed = this.topSpeed ;
197,male,13043211274,line 14,88,this.currentSpeed = this.currentSpeed + kmh ;
197,male,13044123223,line 12,124,this.currentSpeed = this.topSpeed ;
197,male,13045910987,line 14,72,this.currentSpeed = this.currentSpeed + kmh ;
197,male,13045982969,line 14,68,this.currentSpeed = this.currentSpeed + kmh ;
197,male,13046090946,line 11,84,if ( ( this.currentSpeed + kmh ) > this.topSpeed ) {
197,male,13046310950,line 10,96,public int accelerate ( int kmh ) {
197,male,13046490973,line 10,120,public int accelerate ( int kmh ) {
197,male,13046574983,line 10,64,public int accelerate ( int kmh ) {
197,male,13046783070,line 10,64,public int accelerate ( int kmh ) {
197,male,13046867099,line 10,56,public int accelerate ( int kmh ) {
197,male,13046959068,line 10,88,public int accelerate ( int kmh ) {
197,male,13047502833,line 14,104,this.currentSpeed = this.currentSpeed + kmh ;
197,male,13047718870,line 14,192,this.currentSpeed = this.currentSpeed + kmh ;
197,male,13047830816,line 14,108,this.currentSpeed = this.currentSpeed + kmh ;
197,male,13048514919,line 14,160,this.currentSpeed = this.currentSpeed + kmh ;
197,male,13048802773,line 14,160,this.currentSpeed = this.currentSpeed + kmh ;
197,male,13049174720,line 11,60,if ( ( this.currentSpeed + kmh ) > this.topSpeed ) {
197,male,13049870749,line 10,148,public int accelerate ( int kmh ) {
197,male,13050086770,line 10,92,public int accelerate ( int kmh ) {
197,male,13050186728,line 10,96,public int accelerate ( int kmh ) {
197,male,13050302604,line 10,72,public int accelerate ( int kmh ) {
197,male,13050446529,line 10,56,public int accelerate ( int kmh ) {
197,male,13050538573,line 10,88,public int accelerate ( int kmh ) {
197,male,13050674610,line 14,60,this.currentSpeed = this.currentSpeed + kmh ;
197,male,13050738606,line 14,60,this.currentSpeed = this.currentSpeed + kmh ;
197,male,13051110626,line 14,88,this.currentSpeed = this.currentSpeed + kmh ;
197,male,13051210613,line 14,84,this.currentSpeed = this.currentSpeed + kmh ;
197,male,13051294624,line 14,80,this.currentSpeed = this.currentSpeed + kmh ;
197,male,13051406631,line 14,108,this.currentSpeed = this.currentSpeed + kmh ;
197,male,13052046507,line 10,68,public int accelerate ( int kmh ) {
197,male,13053442522,line 14,320,this.currentSpeed = this.currentSpeed + kmh ;
197,male,13053802399,line 14,124,this.currentSpeed = this.currentSpeed + kmh ;
197,male,13054098348,line 14,96,this.currentSpeed = this.currentSpeed + kmh ;
197,male,13054254346,line 14,92,this.currentSpeed = this.currentSpeed + kmh ;
197,male,13054518380,line 14,232,this.currentSpeed = this.currentSpeed + kmh ;
197,male,13054626367,line 14,64,this.currentSpeed = this.currentSpeed + kmh ;
197,male,13055282191,line 14,192,this.currentSpeed = this.currentSpeed + kmh ;
197,male,13055534216,line 14,60,this.currentSpeed = this.currentSpeed + kmh ;
197,male,13056154243,line 12,192,this.currentSpeed = this.topSpeed ;
197,male,13056286276,line 12,128,this.currentSpeed = this.topSpeed ;
197,male,13056434291,line 12,116,this.currentSpeed = this.topSpeed ;
197,male,13056526163,line 12,88,this.currentSpeed = this.topSpeed ;
197,male,13056586025,line 12,56,this.currentSpeed = this.topSpeed ;
197,male,13056701901,line 12,64,this.currentSpeed = this.topSpeed ;
197,male,13056785984,line 12,80,this.currentSpeed = this.topSpeed ;
197,male,13056938059,line 12,148,this.currentSpeed = this.topSpeed ;
197,male,13057054065,line 11,72,if ( ( this.currentSpeed + kmh ) > this.topSpeed ) {
197,male,13057206145,line 11,148,if ( ( this.currentSpeed + kmh ) > this.topSpeed ) {
197,male,13057334250,line 11,68,if ( ( this.currentSpeed + kmh ) > this.topSpeed ) {
197,male,13057394361,line 11,56,if ( ( this.currentSpeed + kmh ) > this.topSpeed ) {
197,male,13057494465,line 11,96,if ( ( this.currentSpeed + kmh ) > this.topSpeed ) {
197,male,13057694148,line 11,140,if ( ( this.currentSpeed + kmh ) > this.topSpeed ) {
197,male,13058042145,line 11,124,if ( ( this.currentSpeed + kmh ) > this.topSpeed ) {
197,male,13058194023,line 11,76,if ( ( this.currentSpeed + kmh ) > this.topSpeed ) {
197,male,13058393976,line 10,144,public int accelerate ( int kmh ) {
197,male,13058785936,line 11,76,if ( ( this.currentSpeed + kmh ) > this.topSpeed ) {
197,male,13058893905,line 11,92,if ( ( this.currentSpeed + kmh ) > this.topSpeed ) {
197,male,13059077907,line 11,120,if ( ( this.currentSpeed + kmh ) > this.topSpeed ) {
197,male,13059233930,line 11,136,if ( ( this.currentSpeed + kmh ) > this.topSpeed ) {
197,male,13059481918,line 11,140,if ( ( this.currentSpeed + kmh ) > this.topSpeed ) {
197,male,13059581882,line 11,96,if ( ( this.currentSpeed + kmh ) > this.topSpeed ) {
197,male,13059709745,line 11,124,if ( ( this.currentSpeed + kmh ) > this.topSpeed ) {
197,male,13060333821,line 11,168,if ( ( this.currentSpeed + kmh ) > this.topSpeed ) {
197,male,13060449795,line 11,112,if ( ( this.currentSpeed + kmh ) > this.topSpeed ) {
197,male,13060533795,line 12,60,this.currentSpeed = this.topSpeed ;
197,male,13060605796,line 12,68,this.currentSpeed = this.topSpeed ;
197,male,13060981823,line 10,148,public int accelerate ( int kmh ) {
197,male,13061197822,line 10,124,public int accelerate ( int kmh ) {
197,male,13061453598,line 10,108,public int accelerate ( int kmh ) {
197,male,13061649673,line 10,56,public int accelerate ( int kmh ) {
197,male,13061721678,line 10,68,public int accelerate ( int kmh ) {
197,male,13061825685,line 10,100,public int accelerate ( int kmh ) {
197,male,13061905680,line 10,64,public int accelerate ( int kmh ) {
197,male,13063757465,line 14,180,this.currentSpeed = this.currentSpeed + kmh ;
197,male,13063837614,line 14,60,this.currentSpeed = this.currentSpeed + kmh ;
197,male,13063921591,line 14,80,this.currentSpeed = this.currentSpeed + kmh ;
197,male,13064017566,line 14,92,this.currentSpeed = this.currentSpeed + kmh ;
197,male,13064173499,line 14,152,this.currentSpeed = this.currentSpeed + kmh ;
197,male,13064417478,line 16,148,return this.currentSpeed ;
197,male,13064713431,line 16,244,return this.currentSpeed ;
197,male,13066197212,line 18,60,public static void main ( String args [ ] ) {
197,male,13066665306,line 18,60,public static void main ( String args [ ] ) {
197,male,13067033486,line 18,56,public static void main ( String args [ ] ) {
197,male,13067333516,line 18,56,public static void main ( String args [ ] ) {
197,male,13068133058,line 18,60,public static void main ( String args [ ] ) {
197,male,13068349151,line 18,56,public static void main ( String args [ ] ) {
197,male,13068485145,line 18,132,public static void main ( String args [ ] ) {
197,male,13068953193,line 3,56,"int topSpeed , currentSpeed ;"
197,male,13069333018,line 4,56,"public Vehicle ( String p , String t , int tp ) {"
197,male,13069437047,line 4,68,"public Vehicle ( String p , String t , int tp ) {"
197,male,13069589049,line 4,148,"public Vehicle ( String p , String t , int tp ) {"
197,male,13070113050,line 19,60,"Vehicle v = new Vehicle ( ""Audi"" , ""A6"" , 200 ) ;"
197,male,13070205052,line 19,64,"Vehicle v = new Vehicle ( ""Audi"" , ""A6"" , 200 ) ;"
197,male,13070744841,line 19,68,"Vehicle v = new Vehicle ( ""Audi"" , ""A6"" , 200 ) ;"
197,male,13071296921,line 19,72,"Vehicle v = new Vehicle ( ""Audi"" , ""A6"" , 200 ) ;"
197,male,13071368928,line 19,68,"Vehicle v = new Vehicle ( ""Audi"" , ""A6"" , 200 ) ;"
197,male,13071544869,line 19,172,"Vehicle v = new Vehicle ( ""Audi"" , ""A6"" , 200 ) ;"
197,male,13071636839,line 19,88,"Vehicle v = new Vehicle ( ""Audi"" , ""A6"" , 200 ) ;"
197,male,13071724858,line 19,84,"Vehicle v = new Vehicle ( ""Audi"" , ""A6"" , 200 ) ;"
197,male,13071884889,line 19,128,"Vehicle v = new Vehicle ( ""Audi"" , ""A6"" , 200 ) ;"
197,male,13072085044,line 19,68,"Vehicle v = new Vehicle ( ""Audi"" , ""A6"" , 200 ) ;"
197,male,13072225307,line 19,68,"Vehicle v = new Vehicle ( ""Audi"" , ""A6"" , 200 ) ;"
197,male,13072516721,line 19,68,"Vehicle v = new Vehicle ( ""Audi"" , ""A6"" , 200 ) ;"
197,male,13072744779,line 19,176,"Vehicle v = new Vehicle ( ""Audi"" , ""A6"" , 200 ) ;"
197,male,13073236797,line 12,116,this.currentSpeed = this.topSpeed ;
197,male,13074004638,line 18,100,public static void main ( String args [ ] ) {
197,male,13075988490,line 19,68,"Vehicle v = new Vehicle ( ""Audi"" , ""A6"" , 200 ) ;"
197,male,13076064476,line 19,72,"Vehicle v = new Vehicle ( ""Audi"" , ""A6"" , 200 ) ;"
197,male,13076272487,line 20,68,v.accelerate ( 10 ) ;
197,male,13076348480,line 20,72,v.accelerate ( 10 ) ;
198,male,3243383562,line 11,120,if ( ( this.currentSpeed + kmh ) > this.topSpeed ) {
198,male,3243943424,line 1,296,public class Vehicle {
198,male,3244459446,line 1,292,public class Vehicle {
198,male,3245123509,line 2,216,"String producer , type ;"
198,male,3245367402,line 2,212,"String producer , type ;"
198,male,3245475395,line 2,104,"String producer , type ;"
198,male,3245571376,line 2,92,"String producer , type ;"
198,male,3245647339,line 2,72,"String producer , type ;"
198,male,3245947308,line 2,296,"String producer , type ;"
198,male,3246155350,line 2,204,"String producer , type ;"
198,male,3246323356,line 3,144,"int topSpeed , currentSpeed ;"
198,male,3246447321,line 3,120,"int topSpeed , currentSpeed ;"
198,male,3246795408,line 3,300,"int topSpeed , currentSpeed ;"
198,male,3246859426,line 3,60,"int topSpeed , currentSpeed ;"
198,male,3247615184,line 3,364,"int topSpeed , currentSpeed ;"
198,male,3247679171,line 2,60,"String producer , type ;"
198,male,3247795163,line 3,56,"int topSpeed , currentSpeed ;"
198,male,3248279163,line 3,208,"int topSpeed , currentSpeed ;"
198,male,3248927077,line 3,56,"int topSpeed , currentSpeed ;"
198,male,3249183049,line 3,252,"int topSpeed , currentSpeed ;"
198,male,3249299020,line 3,112,"int topSpeed , currentSpeed ;"
198,male,3249523081,line 3,156,"int topSpeed , currentSpeed ;"
198,male,3249627056,line 3,100,"int topSpeed , currentSpeed ;"
198,male,3249998917,line 3,368,"int topSpeed , currentSpeed ;"
198,male,3250258748,line 3,216,"int topSpeed , currentSpeed ;"
198,male,3250890990,line 3,244,"int topSpeed , currentSpeed ;"
198,male,3251022921,line 1,88,public class Vehicle {
198,male,3251174915,line 1,148,public class Vehicle {
198,male,3251302918,line 5,72,this.producer = p ;
198,male,3251366928,line 6,60,this.type = t ;
198,male,3251506958,line 5,136,this.producer = p ;
198,male,3251674708,line 5,148,this.producer = p ;
198,male,3252150799,line 5,240,this.producer = p ;
198,male,3252386832,line 5,232,this.producer = p ;
198,male,3252922777,line 2,108,"String producer , type ;"
198,male,3252986750,line 2,60,"String producer , type ;"
198,male,3253354607,line 2,312,"String producer , type ;"
198,male,3253478641,line 4,76,"public Vehicle ( String p , String t , int tp ) {"
198,male,3253690653,line 4,208,"public Vehicle ( String p , String t , int tp ) {"
198,male,3254082657,line 4,84,"public Vehicle ( String p , String t , int tp ) {"
198,male,3254530667,line 5,248,this.producer = p ;
198,male,3254794425,line 4,220,"public Vehicle ( String p , String t , int tp ) {"
198,male,3255038519,line 4,212,"public Vehicle ( String p , String t , int tp ) {"
198,male,3255246543,line 4,160,"public Vehicle ( String p , String t , int tp ) {"
198,male,3255406526,line 6,124,this.type = t ;
198,male,3255510526,line 6,100,this.type = t ;
198,male,3255794539,line 5,220,this.producer = p ;
198,male,3255950561,line 4,152,"public Vehicle ( String p , String t , int tp ) {"
198,male,3256234480,line 3,252,"int topSpeed , currentSpeed ;"
198,male,3256318419,line 3,68,"int topSpeed , currentSpeed ;"
198,male,3256498394,line 3,176,"int topSpeed , currentSpeed ;"
198,male,3256642379,line 3,64,"int topSpeed , currentSpeed ;"
198,male,3256926340,line 4,236,"public Vehicle ( String p , String t , int tp ) {"
198,male,3257346380,line 3,144,"int topSpeed , currentSpeed ;"
198,male,3257922169,line 6,236,this.type = t ;
198,male,3258066392,line 6,140,this.type = t ;
198,male,3258210350,line 6,88,this.type = t ;
198,male,3258754268,line 5,456,this.producer = p ;
198,male,3258994233,line 5,200,this.producer = p ;
198,male,3259258740,line 6,232,this.type = t ;
198,male,3259342644,line 6,80,this.type = t ;
198,male,3259426301,line 6,80,this.type = t ;
198,male,3259642055,line 6,212,this.type = t ;
198,male,3259750095,line 6,104,this.type = t ;
198,male,3259814099,line 6,60,this.type = t ;
198,male,3260246112,line 6,120,this.type = t ;
198,male,3260682082,line 7,136,this.topSpeed = tp ;
198,male,3261557972,line 8,320,this.currentSpeed = 0 ;
198,male,3261653921,line 8,92,this.currentSpeed = 0 ;
198,male,3262153658,line 10,160,public int accelerate ( int kmh ) {
198,male,3262257826,line 10,60,public int accelerate ( int kmh ) {
198,male,3262333901,line 10,72,public int accelerate ( int kmh ) {
198,male,3262397838,line 10,60,public int accelerate ( int kmh ) {
198,male,3262625803,line 10,140,public int accelerate ( int kmh ) {
198,male,3262769902,line 10,96,public int accelerate ( int kmh ) {
198,male,3262877844,line 10,104,public int accelerate ( int kmh ) {
198,male,3263073842,line 11,68,if ( ( this.currentSpeed + kmh ) > this.topSpeed ) {
198,male,3263221849,line 11,144,if ( ( this.currentSpeed + kmh ) > this.topSpeed ) {
198,male,3263369840,line 11,80,if ( ( this.currentSpeed + kmh ) > this.topSpeed ) {
198,male,3263461852,line 11,88,if ( ( this.currentSpeed + kmh ) > this.topSpeed ) {
198,male,3263661815,line 11,160,if ( ( this.currentSpeed + kmh ) > this.topSpeed ) {
198,male,3263949845,line 10,104,public int accelerate ( int kmh ) {
198,male,3264121550,line 10,132,public int accelerate ( int kmh ) {
198,male,3264769697,line 11,88,if ( ( this.currentSpeed + kmh ) > this.topSpeed ) {
198,male,3265081895,line 11,128,if ( ( this.currentSpeed + kmh ) > this.topSpeed ) {
198,male,3265501404,line 11,56,if ( ( this.currentSpeed + kmh ) > this.topSpeed ) {
198,male,3265573246,line 11,68,if ( ( this.currentSpeed + kmh ) > this.topSpeed ) {
198,male,3265749317,line 11,76,if ( ( this.currentSpeed + kmh ) > this.topSpeed ) {
198,male,3265909540,line 12,156,this.currentSpeed = this.topSpeed ;
198,male,3266001545,line 11,64,if ( ( this.currentSpeed + kmh ) > this.topSpeed ) {
198,male,3266089584,line 11,84,if ( ( this.currentSpeed + kmh ) > this.topSpeed ) {
198,male,3266293645,line 12,76,this.currentSpeed = this.topSpeed ;
198,male,3266409633,line 12,112,this.currentSpeed = this.topSpeed ;
198,male,3266565497,line 11,80,if ( ( this.currentSpeed + kmh ) > this.topSpeed ) {
198,male,3266685501,line 11,60,if ( ( this.currentSpeed + kmh ) > this.topSpeed ) {
198,male,3266805575,line 11,76,if ( ( this.currentSpeed + kmh ) > this.topSpeed ) {
198,male,3267025619,line 12,128,this.currentSpeed = this.topSpeed ;
198,male,3267113516,line 12,84,this.currentSpeed = this.topSpeed ;
198,male,3267185393,line 12,60,this.currentSpeed = this.topSpeed ;
198,male,3267265292,line 12,76,this.currentSpeed = this.topSpeed ;
198,male,3267429413,line 13,116,} else {
198,male,3267729459,line 13,76,} else {
198,male,3267969416,line 14,100,this.currentSpeed = this.currentSpeed + kmh ;
198,male,3270309265,line 14,136,this.currentSpeed = this.currentSpeed + kmh ;
198,male,3271960932,line 16,60,return this.currentSpeed ;
198,male,3275364768,line 20,84,v.accelerate ( 10 ) ;
198,male,3275552803,line 20,84,v.accelerate ( 10 ) ;
198,male,3275676832,line 20,88,v.accelerate ( 10 ) ;
198,male,3275868813,line 20,56,v.accelerate ( 10 ) ;
198,male,3276052821,line 20,76,v.accelerate ( 10 ) ;
198,male,3276168814,line 20,60,v.accelerate ( 10 ) ;
198,male,3276860681,line 19,68,"Vehicle v = new Vehicle ( ""Audi"" , ""A6"" , 200 ) ;"
198,male,3277604677,line 20,112,v.accelerate ( 10 ) ;
199,male,14524060331,line 4,96,"public Vehicle ( String p , String t , int tp ) {"
199,male,14524167987,line 2,72,"String producer , type ;"
199,male,14524635891,line 2,464,"String producer , type ;"
199,male,14524783933,line 2,104,"String producer , type ;"
199,male,14525059936,line 13,72,} else {
199,male,14525347959,line 7,220,this.topSpeed = tp ;
199,male,14525451956,line 7,96,this.topSpeed = tp ;
199,male,14525687947,line 3,80,"int topSpeed , currentSpeed ;"
199,male,14525915849,line 2,60,"String producer , type ;"
199,male,14526019815,line 3,76,"int topSpeed , currentSpeed ;"
199,male,14526079813,line 3,56,"int topSpeed , currentSpeed ;"
199,male,14526191791,line 3,100,"int topSpeed , currentSpeed ;"
199,male,14526279826,line 2,56,"String producer , type ;"
199,male,14526636551,line 2,64,"String producer , type ;"
199,male,14526736174,line 2,92,"String producer , type ;"
199,male,14530575893,line 6,168,this.type = t ;
199,male,14530675635,line 5,92,this.producer = p ;
199,male,14530751451,line 5,68,this.producer = p ;
199,male,14530855179,line 6,56,this.type = t ;
199,male,14530938292,line 6,72,this.type = t ;
199,male,14531011722,line 5,64,this.producer = p ;
199,male,14531104042,line 4,56,"public Vehicle ( String p , String t , int tp ) {"
199,male,14531271893,line 4,104,"public Vehicle ( String p , String t , int tp ) {"
199,male,14531347551,line 4,72,"public Vehicle ( String p , String t , int tp ) {"
199,male,14531599375,line 4,144,"public Vehicle ( String p , String t , int tp ) {"
199,male,14531671379,line 4,68,"public Vehicle ( String p , String t , int tp ) {"
199,male,14531731384,line 4,56,"public Vehicle ( String p , String t , int tp ) {"
199,male,14531795388,line 5,60,this.producer = p ;
199,male,14532051368,line 8,144,this.currentSpeed = 0 ;
199,male,14533103295,line 10,216,public int accelerate ( int kmh ) {
199,male,14533459337,line 10,296,public int accelerate ( int kmh ) {
199,male,14533583191,line 10,120,public int accelerate ( int kmh ) {
199,male,14537486852,line 3,180,"int topSpeed , currentSpeed ;"
199,male,14537590877,line 3,100,"int topSpeed , currentSpeed ;"
199,male,14537866921,line 4,200,"public Vehicle ( String p , String t , int tp ) {"
199,male,14538047034,line 5,128,this.producer = p ;
199,male,14538106979,line 5,56,this.producer = p ;
199,male,14538210867,line 6,100,this.type = t ;
199,male,14538406568,line 12,68,this.currentSpeed = this.topSpeed ;
199,male,14538534779,line 12,120,this.currentSpeed = this.topSpeed ;
199,male,14538754804,line 11,176,if ( ( this.currentSpeed + kmh ) > this.topSpeed ) {
199,male,14538826710,line 11,68,if ( ( this.currentSpeed + kmh ) > this.topSpeed ) {
199,male,14538954704,line 11,88,if ( ( this.currentSpeed + kmh ) > this.topSpeed ) {
199,male,14549849908,line 19,156,"Vehicle v = new Vehicle ( ""Audi"" , ""A6"" , 200 ) ;"
199,male,14549985866,line 19,128,"Vehicle v = new Vehicle ( ""Audi"" , ""A6"" , 200 ) ;"
199,male,14550105820,line 19,60,"Vehicle v = new Vehicle ( ""Audi"" , ""A6"" , 200 ) ;"
199,male,14550425773,line 6,96,this.type = t ;
199,male,14550517791,line 6,88,this.type = t ;
199,male,14550889599,line 4,256,"public Vehicle ( String p , String t , int tp ) {"
199,male,14551021605,line 3,76,"int topSpeed , currentSpeed ;"
199,male,14551181675,line 3,156,"int topSpeed , currentSpeed ;"
199,male,14551385687,line 8,104,this.currentSpeed = 0 ;
199,male,14551509787,line 7,116,this.topSpeed = tp ;
199,male,14551614129,line 7,100,this.topSpeed = tp ;
199,male,14551810455,line 11,112,if ( ( this.currentSpeed + kmh ) > this.topSpeed ) {
199,male,14552061864,line 10,68,public int accelerate ( int kmh ) {
199,male,14552945563,line 10,120,public int accelerate ( int kmh ) {
199,male,14553361501,line 4,124,"public Vehicle ( String p , String t , int tp ) {"
199,male,14553545503,line 2,128,"String producer , type ;"
199,male,14553721542,line 1,112,public class Vehicle {
199,male,14553853557,line 1,124,public class Vehicle {
199,male,14554049260,line 14,72,this.currentSpeed = this.currentSpeed + kmh ;
199,male,14555141426,line 12,72,this.currentSpeed = this.topSpeed ;
199,male,14555861296,line 10,56,public int accelerate ( int kmh ) {
199,male,14556069222,line 10,172,public int accelerate ( int kmh ) {
199,male,14556477296,line 10,64,public int accelerate ( int kmh ) {
199,male,14556841316,line 12,56,this.currentSpeed = this.topSpeed ;
199,male,14557105061,line 19,60,"Vehicle v = new Vehicle ( ""Audi"" , ""A6"" , 200 ) ;"
199,male,14557173072,line 19,60,"Vehicle v = new Vehicle ( ""Audi"" , ""A6"" , 200 ) ;"
199,male,14557305202,line 20,100,v.accelerate ( 10 ) ;
199,male,14557433194,line 20,120,v.accelerate ( 10 ) ;
199,male,14557561188,line 20,72,v.accelerate ( 10 ) ;
199,male,14558053160,line 22,76,}
200,male,1783662390,line 2,128,"String producer , type ;"
200,male,1784182255,line 14,140,this.currentSpeed = this.currentSpeed + kmh ;
200,male,1784982301,line 2,116,"String producer , type ;"
200,male,1785917987,line 1,84,public class Vehicle {
200,male,1786274151,line 2,84,"String producer , type ;"
200,male,1787281933,line 1,168,public class Vehicle {
200,male,1787617988,line 3,220,"int topSpeed , currentSpeed ;"
200,male,1788313945,line 3,632,"int topSpeed , currentSpeed ;"
200,male,1788429948,line 3,112,"int topSpeed , currentSpeed ;"
200,male,1788533936,line 3,100,"int topSpeed , currentSpeed ;"
200,male,1788681899,line 3,144,"int topSpeed , currentSpeed ;"
200,male,1788969734,line 3,248,"int topSpeed , currentSpeed ;"
200,male,1789309423,line 3,320,"int topSpeed , currentSpeed ;"
200,male,1789373562,line 3,60,"int topSpeed , currentSpeed ;"
200,male,1789617784,line 3,240,"int topSpeed , currentSpeed ;"
200,male,1789753758,line 3,104,"int topSpeed , currentSpeed ;"
200,male,1789925661,line 3,152,"int topSpeed , currentSpeed ;"
200,male,1790017685,line 3,88,"int topSpeed , currentSpeed ;"
200,male,1790745750,line 3,68,"int topSpeed , currentSpeed ;"
200,male,1790933763,line 3,128,"int topSpeed , currentSpeed ;"
200,male,1791001757,line 3,64,"int topSpeed , currentSpeed ;"
200,male,1791257728,line 3,252,"int topSpeed , currentSpeed ;"
200,male,1791429529,line 3,168,"int topSpeed , currentSpeed ;"
200,male,1791653514,line 3,192,"int topSpeed , currentSpeed ;"
200,male,1792637664,line 3,56,"int topSpeed , currentSpeed ;"
200,male,1794833314,line 3,252,"int topSpeed , currentSpeed ;"
200,male,1796313063,line 4,364,"public Vehicle ( String p , String t , int tp ) {"
200,male,1796929241,line 2,144,"String producer , type ;"
200,male,1797089275,line 2,156,"String producer , type ;"
200,male,1797549252,line 4,148,"public Vehicle ( String p , String t , int tp ) {"
200,male,1797697205,line 5,120,this.producer = p ;
200,male,1797941097,line 2,200,"String producer , type ;"
200,male,1798445055,line 2,184,"String producer , type ;"
200,male,1798685102,line 2,196,"String producer , type ;"
200,male,1798920871,line 2,196,"String producer , type ;"
200,male,1799480936,line 5,264,this.producer = p ;
200,male,1799924941,line 4,92,"public Vehicle ( String p , String t , int tp ) {"
200,male,1799992932,line 4,64,"public Vehicle ( String p , String t , int tp ) {"
200,male,1800392980,line 4,92,"public Vehicle ( String p , String t , int tp ) {"
200,male,1800557021,line 4,160,"public Vehicle ( String p , String t , int tp ) {"
200,male,1800916716,line 4,340,"public Vehicle ( String p , String t , int tp ) {"
200,male,1801856837,line 4,304,"public Vehicle ( String p , String t , int tp ) {"
200,male,1802128760,line 4,256,"public Vehicle ( String p , String t , int tp ) {"
200,male,1802488655,line 4,316,"public Vehicle ( String p , String t , int tp ) {"
200,male,1803104674,line 4,100,"public Vehicle ( String p , String t , int tp ) {"
200,male,1803276656,line 5,104,this.producer = p ;
200,male,1803516670,line 5,180,this.producer = p ;
200,male,1804040575,line 5,240,this.producer = p ;
200,male,1804216543,line 5,136,this.producer = p ;
200,male,1804604581,line 4,84,"public Vehicle ( String p , String t , int tp ) {"
200,male,1804820591,line 5,84,this.producer = p ;
200,male,1805028511,line 5,76,this.producer = p ;
200,male,1805264532,line 5,232,this.producer = p ;
200,male,1806572398,line 4,92,"public Vehicle ( String p , String t , int tp ) {"
200,male,1806748163,line 4,76,"public Vehicle ( String p , String t , int tp ) {"
200,male,1807348315,line 1,100,public class Vehicle {
200,male,1807692225,line 2,252,"String producer , type ;"
200,male,1807848260,line 2,152,"String producer , type ;"
200,male,1808252204,line 2,88,"String producer , type ;"
200,male,1808356225,line 2,100,"String producer , type ;"
200,male,1809144171,line 4,88,"public Vehicle ( String p , String t , int tp ) {"
200,male,1809220195,line 4,72,"public Vehicle ( String p , String t , int tp ) {"
200,male,1809492178,line 4,268,"public Vehicle ( String p , String t , int tp ) {"
200,male,1809772315,line 4,196,"public Vehicle ( String p , String t , int tp ) {"
200,male,1810168169,line 4,364,"public Vehicle ( String p , String t , int tp ) {"
200,male,1810640035,line 5,128,this.producer = p ;
200,male,1811159915,line 5,180,this.producer = p ;
200,male,1811263967,line 6,64,this.type = t ;
200,male,1811439983,line 6,172,this.type = t ;
200,male,1811723980,line 6,128,this.type = t ;
200,male,1811811962,line 6,84,this.type = t ;
200,male,1812087970,line 6,68,this.type = t ;
200,male,1812296034,line 6,204,this.type = t ;
200,male,1812851921,line 6,552,this.type = t ;
200,male,1812983902,line 6,128,this.type = t ;
200,male,1813091910,line 7,84,this.topSpeed = tp ;
200,male,1813227872,line 7,132,this.topSpeed = tp ;
200,male,1813363681,line 7,132,this.topSpeed = tp ;
200,male,1813503758,line 7,136,this.topSpeed = tp ;
200,male,1813587845,line 7,80,this.topSpeed = tp ;
200,male,1813703820,line 7,112,this.topSpeed = tp ;
200,male,1813903738,line 7,168,this.topSpeed = tp ;
200,male,1814115469,line 7,208,this.topSpeed = tp ;
200,male,1814559711,line 7,64,this.topSpeed = tp ;
200,male,1815007749,line 7,124,this.topSpeed = tp ;
200,male,1815099754,line 7,88,this.topSpeed = tp ;
200,male,1815267680,line 7,164,this.topSpeed = tp ;
200,male,1815495684,line 7,184,this.topSpeed = tp ;
200,male,1815611692,line 7,68,this.topSpeed = tp ;
200,male,1815739686,line 7,124,this.topSpeed = tp ;
200,male,1818899417,line 8,80,this.currentSpeed = 0 ;
200,male,1819015444,line 8,64,this.currentSpeed = 0 ;
200,male,1819339358,line 4,92,"public Vehicle ( String p , String t , int tp ) {"
200,male,1819487183,line 4,144,"public Vehicle ( String p , String t , int tp ) {"
200,male,1819606748,line 5,116,this.producer = p ;
200,male,1820063248,line 4,244,"public Vehicle ( String p , String t , int tp ) {"
200,male,1820223230,line 4,116,"public Vehicle ( String p , String t , int tp ) {"
200,male,1821862776,line 8,92,this.currentSpeed = 0 ;
200,male,1822090914,line 10,80,public int accelerate ( int kmh ) {
200,male,1823351132,line 10,84,public int accelerate ( int kmh ) {
200,male,1823478953,line 10,124,public int accelerate ( int kmh ) {
200,male,1823730968,line 10,108,public int accelerate ( int kmh ) {
200,male,1824418681,line 10,80,public int accelerate ( int kmh ) {
200,male,1824478702,line 10,56,public int accelerate ( int kmh ) {
200,male,1824590785,line 10,64,public int accelerate ( int kmh ) {
200,male,1828138583,line 11,108,if ( ( this.currentSpeed + kmh ) > this.topSpeed ) {
200,male,1828482624,line 11,60,if ( ( this.currentSpeed + kmh ) > this.topSpeed ) {
200,male,1828554628,line 11,60,if ( ( this.currentSpeed + kmh ) > this.topSpeed ) {
200,male,1828766590,line 12,124,this.currentSpeed = this.topSpeed ;
200,male,1828858553,line 11,88,if ( ( this.currentSpeed + kmh ) > this.topSpeed ) {
200,male,1828998360,line 11,120,if ( ( this.currentSpeed + kmh ) > this.topSpeed ) {
200,male,1829134300,line 11,132,if ( ( this.currentSpeed + kmh ) > this.topSpeed ) {
200,male,1829338413,line 11,84,if ( ( this.currentSpeed + kmh ) > this.topSpeed ) {
200,male,1829402428,line 11,60,if ( ( this.currentSpeed + kmh ) > this.topSpeed ) {
200,male,1829474435,line 11,68,if ( ( this.currentSpeed + kmh ) > this.topSpeed ) {
200,male,1829590414,line 11,80,if ( ( this.currentSpeed + kmh ) > this.topSpeed ) {
200,male,1829746417,line 11,60,if ( ( this.currentSpeed + kmh ) > this.topSpeed ) {
200,male,1829810443,line 11,60,if ( ( this.currentSpeed + kmh ) > this.topSpeed ) {
200,male,1829946520,line 11,64,if ( ( this.currentSpeed + kmh ) > this.topSpeed ) {
200,male,1830162629,line 11,212,if ( ( this.currentSpeed + kmh ) > this.topSpeed ) {
200,male,1830346513,line 13,120,} else {
200,male,1830486453,line 13,136,} else {
200,male,1831622288,line 13,60,} else {
200,male,1831938128,line 14,120,this.currentSpeed = this.currentSpeed + kmh ;
200,male,1832026162,line 14,84,this.currentSpeed = this.currentSpeed + kmh ;
200,male,1832162183,line 14,68,this.currentSpeed = this.currentSpeed + kmh ;
200,male,1832274197,line 14,108,this.currentSpeed = this.currentSpeed + kmh ;
200,male,1832386204,line 14,108,this.currentSpeed = this.currentSpeed + kmh ;
200,male,1832634205,line 16,156,return this.currentSpeed ;
200,male,1833142222,line 14,152,this.currentSpeed = this.currentSpeed + kmh ;
200,male,1833202275,line 14,56,this.currentSpeed = this.currentSpeed + kmh ;
200,male,1834394086,line 14,88,this.currentSpeed = this.currentSpeed + kmh ;
200,male,1835046065,line 14,104,this.currentSpeed = this.currentSpeed + kmh ;
200,male,1835230013,line 14,132,this.currentSpeed = this.currentSpeed + kmh ;
200,male,1837009855,line 16,84,return this.currentSpeed ;
200,male,1837270018,line 16,104,return this.currentSpeed ;
200,male,1837401843,line 16,128,return this.currentSpeed ;
200,male,1838653588,line 18,60,public static void main ( String args [ ] ) {
200,male,1838753626,line 18,96,public static void main ( String args [ ] ) {
200,male,1839481768,line 19,92,"Vehicle v = new Vehicle ( ""Audi"" , ""A6"" , 200 ) ;"
200,male,1839665727,line 18,84,public static void main ( String args [ ] ) {
200,male,1839753711,line 18,84,public static void main ( String args [ ] ) {
200,male,1840045529,line 18,124,public static void main ( String args [ ] ) {
200,male,1840265593,line 18,132,public static void main ( String args [ ] ) {
200,male,1840489552,line 18,156,public static void main ( String args [ ] ) {
200,male,1840625532,line 18,112,public static void main ( String args [ ] ) {
200,male,1840953508,line 18,72,public static void main ( String args [ ] ) {
200,male,1841105518,line 20,60,v.accelerate ( 10 ) ;
200,male,1841505347,line 19,108,"Vehicle v = new Vehicle ( ""Audi"" , ""A6"" , 200 ) ;"
200,male,1841573291,line 19,64,"Vehicle v = new Vehicle ( ""Audi"" , ""A6"" , 200 ) ;"
200,male,1841641285,line 19,64,"Vehicle v = new Vehicle ( ""Audi"" , ""A6"" , 200 ) ;"
200,male,1841817357,line 19,56,"Vehicle v = new Vehicle ( ""Audi"" , ""A6"" , 200 ) ;"
200,male,1842037420,line 20,72,v.accelerate ( 10 ) ;
200,male,1842113436,line 19,64,"Vehicle v = new Vehicle ( ""Audi"" , ""A6"" , 200 ) ;"
200,male,1842261420,line 20,112,v.accelerate ( 10 ) ;
200,male,1842789358,line 3,108,"int topSpeed , currentSpeed ;"
200,male,1842957351,line 3,72,"int topSpeed , currentSpeed ;"
200,male,1843053343,line 3,92,"int topSpeed , currentSpeed ;"
200,male,1843161269,line 3,88,"int topSpeed , currentSpeed ;"
200,male,1843269215,line 3,104,"int topSpeed , currentSpeed ;"
200,male,1843533226,line 18,152,public static void main ( String args [ ] ) {
200,male,1844129043,line 19,60,"Vehicle v = new Vehicle ( ""Audi"" , ""A6"" , 200 ) ;"
200,male,1844197147,line 19,64,"Vehicle v = new Vehicle ( ""Audi"" , ""A6"" , 200 ) ;"
200,male,1844329239,line 19,60,"Vehicle v = new Vehicle ( ""Audi"" , ""A6"" , 200 ) ;"
200,male,1844593246,line 19,92,"Vehicle v = new Vehicle ( ""Audi"" , ""A6"" , 200 ) ;"
200,male,1844793202,line 19,108,"Vehicle v = new Vehicle ( ""Audi"" , ""A6"" , 200 ) ;"
200,male,1844921156,line 18,76,public static void main ( String args [ ] ) {
200,male,1845025136,line 18,100,public static void main ( String args [ ] ) {
200,male,1846497247,line 19,56,"Vehicle v = new Vehicle ( ""Audi"" , ""A6"" , 200 ) ;"
200,male,1846864985,line 19,56,"Vehicle v = new Vehicle ( ""Audi"" , ""A6"" , 200 ) ;"
200,male,1846936991,line 19,68,"Vehicle v = new Vehicle ( ""Audi"" , ""A6"" , 200 ) ;"
200,male,1847489025,line 19,76,"Vehicle v = new Vehicle ( ""Audi"" , ""A6"" , 200 ) ;"
200,male,1847840702,line 19,68,"Vehicle v = new Vehicle ( ""Audi"" , ""A6"" , 200 ) ;"
200,male,1848392866,line 19,64,"Vehicle v = new Vehicle ( ""Audi"" , ""A6"" , 200 ) ;"
200,male,1848592849,line 19,56,"Vehicle v = new Vehicle ( ""Audi"" , ""A6"" , 200 ) ;"
200,male,1849036816,line 19,160,"Vehicle v = new Vehicle ( ""Audi"" , ""A6"" , 200 ) ;"
200,male,1849224825,line 19,128,"Vehicle v = new Vehicle ( ""Audi"" , ""A6"" , 200 ) ;"
200,male,1849288807,line 19,60,"Vehicle v = new Vehicle ( ""Audi"" , ""A6"" , 200 ) ;"
200,male,1849396746,line 19,104,"Vehicle v = new Vehicle ( ""Audi"" , ""A6"" , 200 ) ;"
200,male,1849716783,line 19,164,"Vehicle v = new Vehicle ( ""Audi"" , ""A6"" , 200 ) ;"
200,male,1849828807,line 19,108,"Vehicle v = new Vehicle ( ""Audi"" , ""A6"" , 200 ) ;"
200,male,1849948789,line 19,116,"Vehicle v = new Vehicle ( ""Audi"" , ""A6"" , 200 ) ;"
200,male,1850660669,line 19,60,"Vehicle v = new Vehicle ( ""Audi"" , ""A6"" , 200 ) ;"
200,male,1850792613,line 19,128,"Vehicle v = new Vehicle ( ""Audi"" , ""A6"" , 200 ) ;"
200,male,1851920612,line 20,56,v.accelerate ( 10 ) ;
200,male,1852332580,line 19,84,"Vehicle v = new Vehicle ( ""Audi"" , ""A6"" , 200 ) ;"
200,male,1852768430,line 19,132,"Vehicle v = new Vehicle ( ""Audi"" , ""A6"" , 200 ) ;"
200,male,1852836468,line 19,64,"Vehicle v = new Vehicle ( ""Audi"" , ""A6"" , 200 ) ;"
200,male,1852996406,line 19,88,"Vehicle v = new Vehicle ( ""Audi"" , ""A6"" , 200 ) ;"
200,male,1853108397,line 19,108,"Vehicle v = new Vehicle ( ""Audi"" , ""A6"" , 200 ) ;"
200,male,1853244288,line 18,100,public static void main ( String args [ ] ) {
200,male,1853392122,line 19,68,"Vehicle v = new Vehicle ( ""Audi"" , ""A6"" , 200 ) ;"
200,male,1854260297,line 4,84,"public Vehicle ( String p , String t , int tp ) {"
200,male,1854788576,line 2,236,"String producer , type ;"
200,male,1855180367,line 10,88,public int accelerate ( int kmh ) {
200,male,1855300346,line 11,88,if ( ( this.currentSpeed + kmh ) > this.topSpeed ) {
200,male,1855424372,line 10,120,public int accelerate ( int kmh ) {
200,male,1855676307,line 10,104,public int accelerate ( int kmh ) {
200,male,1855944185,line 2,160,"String producer , type ;"
200,male,1856060182,line 2,76,"String producer , type ;"
200,male,1856324204,line 2,88,"String producer , type ;"
200,male,1856392195,line 3,64,"int topSpeed , currentSpeed ;"
200,male,1856528214,line 2,100,"String producer , type ;"
200,male,1856672246,line 2,140,"String producer , type ;"
200,male,1856916185,line 4,80,"public Vehicle ( String p , String t , int tp ) {"
200,male,1857323930,line 18,72,public static void main ( String args [ ] ) {
200,male,1857596034,line 19,124,"Vehicle v = new Vehicle ( ""Audi"" , ""A6"" , 200 ) ;"
200,male,1857880096,line 19,56,"Vehicle v = new Vehicle ( ""Audi"" , ""A6"" , 200 ) ;"
200,male,1857952126,line 19,60,"Vehicle v = new Vehicle ( ""Audi"" , ""A6"" , 200 ) ;"
200,male,1858100153,line 19,120,"Vehicle v = new Vehicle ( ""Audi"" , ""A6"" , 200 ) ;"
200,male,1858340065,line 19,164,"Vehicle v = new Vehicle ( ""Audi"" , ""A6"" , 200 ) ;"
200,male,1858440085,line 20,60,v.accelerate ( 10 ) ;
200,male,1858628161,line 20,104,v.accelerate ( 10 ) ;
200,male,1858899772,line 20,72,v.accelerate ( 10 ) ;
200,male,1858999854,line 20,96,v.accelerate ( 10 ) ;
200,male,1859391909,line 20,80,v.accelerate ( 10 ) ;
200,male,1859455900,line 20,60,v.accelerate ( 10 ) ;
200,male,1859539904,line 20,80,v.accelerate ( 10 ) ;
200,male,1859631917,line 20,88,v.accelerate ( 10 ) ;
200,male,1859691925,line 20,56,v.accelerate ( 10 ) ;
200,male,1859871931,line 19,148,"Vehicle v = new Vehicle ( ""Audi"" , ""A6"" , 200 ) ;"
200,male,1861143780,line 20,76,v.accelerate ( 10 ) ;
200,male,1861227658,line 20,80,v.accelerate ( 10 ) ;
200,male,1861295564,line 20,64,v.accelerate ( 10 ) ;
200,male,1862547574,line 18,60,public static void main ( String args [ ] ) {
200,male,1863235644,line 19,156,"Vehicle v = new Vehicle ( ""Audi"" , ""A6"" , 200 ) ;"
200,male,1864159526,line 11,80,if ( ( this.currentSpeed + kmh ) > this.topSpeed ) {
202,male,1596447111,line 4,56,"public Vehicle ( String p , String t , int tp ) {"
202,male,1596598941,line 2,128,"String producer , type ;"
202,male,1596742830,line 2,140,"String producer , type ;"
202,male,1597110910,line 2,284,"String producer , type ;"
202,male,1597390924,line 1,68,public class Vehicle {
202,male,1597466885,line 1,56,public class Vehicle {
202,male,1597598880,line 1,128,public class Vehicle {
202,male,1597710901,line 2,72,"String producer , type ;"
202,male,1597770911,line 2,56,"String producer , type ;"
202,male,1597990940,line 2,192,"String producer , type ;"
202,male,1598302811,line 1,308,public class Vehicle {
202,male,1598682835,line 2,320,"String producer , type ;"
202,male,1598926808,line 3,164,"int topSpeed , currentSpeed ;"
202,male,1599110797,line 3,120,"int topSpeed , currentSpeed ;"
202,male,1599306822,line 3,160,"int topSpeed , currentSpeed ;"
202,male,1599482849,line 3,116,"int topSpeed , currentSpeed ;"
202,male,1599662821,line 3,132,"int topSpeed , currentSpeed ;"
202,male,1600402732,line 3,124,"int topSpeed , currentSpeed ;"
202,male,1600738734,line 2,168,"String producer , type ;"
202,male,1602538597,line 4,152,"public Vehicle ( String p , String t , int tp ) {"
202,male,1602682622,line 4,100,"public Vehicle ( String p , String t , int tp ) {"
202,male,1603398445,line 5,152,this.producer = p ;
202,male,1603490450,line 5,64,this.producer = p ;
202,male,1603670428,line 5,176,this.producer = p ;
202,male,1603858457,line 5,56,this.producer = p ;
202,male,1603974405,line 5,112,this.producer = p ;
202,male,1604190416,line 5,156,this.producer = p ;
202,male,1604506247,line 4,132,"public Vehicle ( String p , String t , int tp ) {"
202,male,1604782309,line 4,188,"public Vehicle ( String p , String t , int tp ) {"
202,male,1605142337,line 6,148,this.type = t ;
202,male,1605270287,line 6,124,this.type = t ;
202,male,1605446261,line 6,120,this.type = t ;
202,male,1605714827,line 6,260,this.type = t ;
202,male,1605830748,line 7,92,this.topSpeed = tp ;
202,male,1605998334,line 7,164,this.topSpeed = tp ;
202,male,1606178023,line 7,160,this.topSpeed = tp ;
202,male,1606246060,line 7,64,this.topSpeed = tp ;
202,male,1606450109,line 7,168,this.topSpeed = tp ;
202,male,1606562096,line 8,84,this.currentSpeed = 0 ;
202,male,1606654082,line 8,88,this.currentSpeed = 0 ;
202,male,1606950153,line 8,264,this.currentSpeed = 0 ;
202,male,1607086297,line 8,124,this.currentSpeed = 0 ;
202,male,1607534151,line 7,84,this.topSpeed = tp ;
202,male,1607818065,line 8,200,this.currentSpeed = 0 ;
202,male,1607894064,line 8,72,this.currentSpeed = 0 ;
202,male,1608014068,line 8,116,this.currentSpeed = 0 ;
202,male,1608370069,line 8,192,this.currentSpeed = 0 ;
202,male,1608922067,line 4,188,"public Vehicle ( String p , String t , int tp ) {"
202,male,1609957869,line 7,76,this.topSpeed = tp ;
202,male,1610269939,line 1,120,public class Vehicle {
202,male,1610533873,line 3,136,"int topSpeed , currentSpeed ;"
202,male,1610725909,line 3,188,"int topSpeed , currentSpeed ;"
202,male,1610785859,line 3,56,"int topSpeed , currentSpeed ;"
202,male,1610917765,line 3,116,"int topSpeed , currentSpeed ;"
202,male,1611417815,line 5,188,this.producer = p ;
202,male,1611685731,line 10,60,public int accelerate ( int kmh ) {
202,male,1611785762,line 10,96,public int accelerate ( int kmh ) {
202,male,1612581628,line 11,164,if ( ( this.currentSpeed + kmh ) > this.topSpeed ) {
202,male,1612681606,line 11,96,if ( ( this.currentSpeed + kmh ) > this.topSpeed ) {
202,male,1612897578,line 11,148,if ( ( this.currentSpeed + kmh ) > this.topSpeed ) {
202,male,1613033607,line 11,80,if ( ( this.currentSpeed + kmh ) > this.topSpeed ) {
202,male,1613129629,line 11,92,if ( ( this.currentSpeed + kmh ) > this.topSpeed ) {
202,male,1613205638,line 11,72,if ( ( this.currentSpeed + kmh ) > this.topSpeed ) {
202,male,1613313651,line 11,104,if ( ( this.currentSpeed + kmh ) > this.topSpeed ) {
202,male,1613549679,line 11,212,if ( ( this.currentSpeed + kmh ) > this.topSpeed ) {
202,male,1613861488,line 10,148,public int accelerate ( int kmh ) {
202,male,1614097455,line 11,188,if ( ( this.currentSpeed + kmh ) > this.topSpeed ) {
202,male,1614161464,line 11,60,if ( ( this.currentSpeed + kmh ) > this.topSpeed ) {
202,male,1614413498,line 11,204,if ( ( this.currentSpeed + kmh ) > this.topSpeed ) {
202,male,1614481465,line 11,64,if ( ( this.currentSpeed + kmh ) > this.topSpeed ) {
202,male,1614681463,line 11,196,if ( ( this.currentSpeed + kmh ) > this.topSpeed ) {
202,male,1614765470,line 11,60,if ( ( this.currentSpeed + kmh ) > this.topSpeed ) {
202,male,1614853485,line 11,84,if ( ( this.currentSpeed + kmh ) > this.topSpeed ) {
202,male,1614977501,line 11,120,if ( ( this.currentSpeed + kmh ) > this.topSpeed ) {
202,male,1615169527,line 11,160,if ( ( this.currentSpeed + kmh ) > this.topSpeed ) {
202,male,1615457651,line 10,56,public int accelerate ( int kmh ) {
202,male,1615681733,line 10,220,public int accelerate ( int kmh ) {
202,male,1615745577,line 11,60,if ( ( this.currentSpeed + kmh ) > this.topSpeed ) {
202,male,1616085364,line 11,152,if ( ( this.currentSpeed + kmh ) > this.topSpeed ) {
202,male,1616197332,line 11,108,if ( ( this.currentSpeed + kmh ) > this.topSpeed ) {
202,male,1616429354,line 10,196,public int accelerate ( int kmh ) {
202,male,1616549364,line 11,100,if ( ( this.currentSpeed + kmh ) > this.topSpeed ) {
202,male,1616713373,line 11,156,if ( ( this.currentSpeed + kmh ) > this.topSpeed ) {
202,male,1616869382,line 11,152,if ( ( this.currentSpeed + kmh ) > this.topSpeed ) {
202,male,1617057289,line 11,88,if ( ( this.currentSpeed + kmh ) > this.topSpeed ) {
202,male,1617573230,line 11,112,if ( ( this.currentSpeed + kmh ) > this.topSpeed ) {
202,male,1617817152,line 12,140,this.currentSpeed = this.topSpeed ;
202,male,1617917248,line 12,80,this.currentSpeed = this.topSpeed ;
202,male,1618661229,line 10,200,public int accelerate ( int kmh ) {
202,male,1618889124,line 10,224,public int accelerate ( int kmh ) {
202,male,1619073128,line 11,164,if ( ( this.currentSpeed + kmh ) > this.topSpeed ) {
202,male,1619245104,line 11,144,if ( ( this.currentSpeed + kmh ) > this.topSpeed ) {
202,male,1619517108,line 11,192,if ( ( this.currentSpeed + kmh ) > this.topSpeed ) {
202,male,1620416963,line 11,160,if ( ( this.currentSpeed + kmh ) > this.topSpeed ) {
202,male,1620632930,line 11,188,if ( ( this.currentSpeed + kmh ) > this.topSpeed ) {
202,male,1620764967,line 11,60,if ( ( this.currentSpeed + kmh ) > this.topSpeed ) {
202,male,1621508986,line 11,240,if ( ( this.currentSpeed + kmh ) > this.topSpeed ) {
202,male,1621616918,line 11,104,if ( ( this.currentSpeed + kmh ) > this.topSpeed ) {
202,male,1621964952,line 11,276,if ( ( this.currentSpeed + kmh ) > this.topSpeed ) {
202,male,1622141024,line 11,116,if ( ( this.currentSpeed + kmh ) > this.topSpeed ) {
202,male,1622556914,line 11,56,if ( ( this.currentSpeed + kmh ) > this.topSpeed ) {
202,male,1622792882,line 11,140,if ( ( this.currentSpeed + kmh ) > this.topSpeed ) {
202,male,1622952845,line 12,108,this.currentSpeed = this.topSpeed ;
202,male,1623068815,line 12,112,this.currentSpeed = this.topSpeed ;
202,male,1623304762,line 12,108,this.currentSpeed = this.topSpeed ;
202,male,1623432762,line 12,92,this.currentSpeed = this.topSpeed ;
202,male,1623524754,line 12,88,this.currentSpeed = this.topSpeed ;
202,male,1623676831,line 12,104,this.currentSpeed = this.topSpeed ;
202,male,1624092581,line 10,68,public int accelerate ( int kmh ) {
202,male,1624252209,line 11,88,if ( ( this.currentSpeed + kmh ) > this.topSpeed ) {
202,male,1624660667,line 10,120,public int accelerate ( int kmh ) {
202,male,1624848464,line 11,156,if ( ( this.currentSpeed + kmh ) > this.topSpeed ) {
202,male,1624948419,line 12,72,this.currentSpeed = this.topSpeed ;
202,male,1625068485,line 12,116,this.currentSpeed = this.topSpeed ;
202,male,1625276579,line 12,156,this.currentSpeed = this.topSpeed ;
202,male,1625549065,line 12,240,this.currentSpeed = this.topSpeed ;
202,male,1625660839,line 12,108,this.currentSpeed = this.topSpeed ;
202,male,1626032511,line 12,184,this.currentSpeed = this.topSpeed ;
202,male,1626212512,line 11,92,if ( ( this.currentSpeed + kmh ) > this.topSpeed ) {
202,male,1626512313,line 12,132,this.currentSpeed = this.topSpeed ;
202,male,1626656375,line 11,108,if ( ( this.currentSpeed + kmh ) > this.topSpeed ) {
202,male,1626932400,line 11,220,if ( ( this.currentSpeed + kmh ) > this.topSpeed ) {
202,male,1627132406,line 11,84,if ( ( this.currentSpeed + kmh ) > this.topSpeed ) {
202,male,1627364440,line 11,192,if ( ( this.currentSpeed + kmh ) > this.topSpeed ) {
202,male,1627444415,line 11,76,if ( ( this.currentSpeed + kmh ) > this.topSpeed ) {
202,male,1627564397,line 11,80,if ( ( this.currentSpeed + kmh ) > this.topSpeed ) {
202,male,1627936982,line 11,340,if ( ( this.currentSpeed + kmh ) > this.topSpeed ) {
202,male,1628092577,line 11,116,if ( ( this.currentSpeed + kmh ) > this.topSpeed ) {
202,male,1628308721,line 11,160,if ( ( this.currentSpeed + kmh ) > this.topSpeed ) {
202,male,1629120259,line 12,80,this.currentSpeed = this.topSpeed ;
202,male,1629260259,line 12,136,this.currentSpeed = this.topSpeed ;
202,male,1629412250,line 12,148,this.currentSpeed = this.topSpeed ;
202,male,1629480216,line 12,64,this.currentSpeed = this.topSpeed ;
202,male,1629544183,line 12,60,this.currentSpeed = this.topSpeed ;
202,male,1629787683,line 10,68,public int accelerate ( int kmh ) {
202,male,1631084038,line 14,164,this.currentSpeed = this.currentSpeed + kmh ;
202,male,1631303967,line 14,168,this.currentSpeed = this.currentSpeed + kmh ;
202,male,1631748086,line 10,136,public int accelerate ( int kmh ) {
202,male,1631812086,line 11,60,if ( ( this.currentSpeed + kmh ) > this.topSpeed ) {
202,male,1631904070,line 10,56,public int accelerate ( int kmh ) {
202,male,1632040065,line 10,132,public int accelerate ( int kmh ) {
202,male,1632216082,line 10,60,public int accelerate ( int kmh ) {
202,male,1632284077,line 10,64,public int accelerate ( int kmh ) {
202,male,1632623967,line 10,60,public int accelerate ( int kmh ) {
202,male,1632775895,line 10,148,public int accelerate ( int kmh ) {
202,male,1632855898,line 10,60,public int accelerate ( int kmh ) {
202,male,1633327941,line 11,176,if ( ( this.currentSpeed + kmh ) > this.topSpeed ) {
202,male,1633395940,line 11,64,if ( ( this.currentSpeed + kmh ) > this.topSpeed ) {
202,male,1633547905,line 11,104,if ( ( this.currentSpeed + kmh ) > this.topSpeed ) {
202,male,1633907906,line 10,108,public int accelerate ( int kmh ) {
202,male,1634311788,line 10,124,public int accelerate ( int kmh ) {
202,male,1634459737,line 10,136,public int accelerate ( int kmh ) {
202,male,1634535753,line 10,72,public int accelerate ( int kmh ) {
202,male,1634695770,line 10,156,public int accelerate ( int kmh ) {
202,male,1634827791,line 10,128,public int accelerate ( int kmh ) {
202,male,1635107949,line 10,96,public int accelerate ( int kmh ) {
202,male,1635259877,line 10,56,public int accelerate ( int kmh ) {
202,male,1635455798,line 10,136,public int accelerate ( int kmh ) {
202,male,1635947536,line 10,488,public int accelerate ( int kmh ) {
202,male,1636027567,line 10,76,public int accelerate ( int kmh ) {
202,male,1636107608,line 10,76,public int accelerate ( int kmh ) {
202,male,1636915649,line 11,108,if ( ( this.currentSpeed + kmh ) > this.topSpeed ) {
202,male,1637091598,line 11,172,if ( ( this.currentSpeed + kmh ) > this.topSpeed ) {
202,male,1637275559,line 11,128,if ( ( this.currentSpeed + kmh ) > this.topSpeed ) {
202,male,1637387569,line 11,84,if ( ( this.currentSpeed + kmh ) > this.topSpeed ) {
202,male,1637467563,line 11,76,if ( ( this.currentSpeed + kmh ) > this.topSpeed ) {
202,male,1638083469,line 11,164,if ( ( this.currentSpeed + kmh ) > this.topSpeed ) {
202,male,1638203451,line 11,88,if ( ( this.currentSpeed + kmh ) > this.topSpeed ) {
202,male,1638783474,line 11,104,if ( ( this.currentSpeed + kmh ) > this.topSpeed ) {
202,male,1639083343,line 11,240,if ( ( this.currentSpeed + kmh ) > this.topSpeed ) {
202,male,1639335385,line 11,172,if ( ( this.currentSpeed + kmh ) > this.topSpeed ) {
202,male,1639855408,line 11,72,if ( ( this.currentSpeed + kmh ) > this.topSpeed ) {
202,male,1639915395,line 12,56,this.currentSpeed = this.topSpeed ;
202,male,1640055393,line 11,100,if ( ( this.currentSpeed + kmh ) > this.topSpeed ) {
202,male,1640171402,line 11,112,if ( ( this.currentSpeed + kmh ) > this.topSpeed ) {
202,male,1640339392,line 12,124,this.currentSpeed = this.topSpeed ;
202,male,1640791253,line 11,116,if ( ( this.currentSpeed + kmh ) > this.topSpeed ) {
202,male,1640943270,line 11,148,if ( ( this.currentSpeed + kmh ) > this.topSpeed ) {
202,male,1641251219,line 10,60,public int accelerate ( int kmh ) {
202,male,1642043151,line 12,64,this.currentSpeed = this.topSpeed ;
202,male,1642143009,line 11,72,if ( ( this.currentSpeed + kmh ) > this.topSpeed ) {
202,male,1642218980,line 11,72,if ( ( this.currentSpeed + kmh ) > this.topSpeed ) {
202,male,1642323044,line 11,88,if ( ( this.currentSpeed + kmh ) > this.topSpeed ) {
202,male,1643035116,line 11,192,if ( ( this.currentSpeed + kmh ) > this.topSpeed ) {
202,male,1643195123,line 11,140,if ( ( this.currentSpeed + kmh ) > this.topSpeed ) {
202,male,1644279000,line 11,172,if ( ( this.currentSpeed + kmh ) > this.topSpeed ) {
202,male,1644430942,line 11,68,if ( ( this.currentSpeed + kmh ) > this.topSpeed ) {
202,male,1644810967,line 10,76,public int accelerate ( int kmh ) {
202,male,1645042923,line 10,228,public int accelerate ( int kmh ) {
202,male,1647207051,line 14,236,this.currentSpeed = this.currentSpeed + kmh ;
202,male,1647502691,line 14,132,this.currentSpeed = this.currentSpeed + kmh ;
202,male,1648538600,line 11,180,if ( ( this.currentSpeed + kmh ) > this.topSpeed ) {
202,male,1648626595,line 11,84,if ( ( this.currentSpeed + kmh ) > this.topSpeed ) {
202,male,1648898580,line 12,216,this.currentSpeed = this.topSpeed ;
202,male,1649234579,line 12,92,this.currentSpeed = this.topSpeed ;
202,male,1649710583,line 11,432,if ( ( this.currentSpeed + kmh ) > this.topSpeed ) {
202,male,1650622523,line 12,80,this.currentSpeed = this.topSpeed ;
202,male,1652490347,line 14,64,this.currentSpeed = this.currentSpeed + kmh ;
202,male,1653282208,line 12,56,this.currentSpeed = this.topSpeed ;
202,male,1653406180,line 12,56,this.currentSpeed = this.topSpeed ;
202,male,1653782196,line 13,152,} else {
202,male,1653926177,line 13,140,} else {
202,male,1654370193,line 18,136,public static void main ( String args [ ] ) {
202,male,1655010095,line 19,144,"Vehicle v = new Vehicle ( ""Audi"" , ""A6"" , 200 ) ;"
202,male,1655150072,line 18,60,public static void main ( String args [ ] ) {
202,male,1655650123,line 18,64,public static void main ( String args [ ] ) {
202,male,1655714111,line 18,60,public static void main ( String args [ ] ) {
202,male,1656273846,line 18,156,public static void main ( String args [ ] ) {
202,male,1656897932,line 18,88,public static void main ( String args [ ] ) {
202,male,1657302003,line 18,60,public static void main ( String args [ ] ) {
202,male,1657433980,line 18,100,public static void main ( String args [ ] ) {
202,male,1657621959,line 18,96,public static void main ( String args [ ] ) {
202,male,1658389854,line 19,184,"Vehicle v = new Vehicle ( ""Audi"" , ""A6"" , 200 ) ;"
202,male,1658541850,line 19,148,"Vehicle v = new Vehicle ( ""Audi"" , ""A6"" , 200 ) ;"
202,male,1658693863,line 18,100,public static void main ( String args [ ] ) {
202,male,1658989787,line 19,68,"Vehicle v = new Vehicle ( ""Audi"" , ""A6"" , 200 ) ;"
202,male,1660181707,line 4,176,"public Vehicle ( String p , String t , int tp ) {"
202,male,1660337691,line 6,112,this.type = t ;
202,male,1660445862,line 6,104,this.type = t ;
202,male,1660630081,line 5,128,this.producer = p ;
202,male,1660741813,line 5,84,this.producer = p ;
202,male,1660921520,line 6,176,this.type = t ;
202,male,1661021459,line 8,60,this.currentSpeed = 0 ;
202,male,1661161528,line 8,136,this.currentSpeed = 0 ;
202,male,1661257558,line 8,92,this.currentSpeed = 0 ;
202,male,1661369601,line 8,108,this.currentSpeed = 0 ;
202,male,1661537590,line 8,164,this.currentSpeed = 0 ;
202,male,1661645575,line 8,72,this.currentSpeed = 0 ;
202,male,1662025548,line 7,96,this.topSpeed = tp ;
202,male,1662917407,line 14,60,this.currentSpeed = this.currentSpeed + kmh ;
202,male,1662989409,line 14,68,this.currentSpeed = this.currentSpeed + kmh ;
202,male,1663225422,line 14,120,this.currentSpeed = this.currentSpeed + kmh ;
202,male,1663537395,line 10,56,public int accelerate ( int kmh ) {
202,male,1663633405,line 11,72,if ( ( this.currentSpeed + kmh ) > this.topSpeed ) {
202,male,1664045203,line 12,224,this.currentSpeed = this.topSpeed ;
202,male,1664201199,line 12,152,this.currentSpeed = this.topSpeed ;
202,male,1664429307,line 12,136,this.currentSpeed = this.topSpeed ;
202,male,1664613366,line 12,180,this.currentSpeed = this.topSpeed ;
202,male,1664817296,line 12,176,this.currentSpeed = this.topSpeed ;
202,male,1665009237,line 12,104,this.currentSpeed = this.topSpeed ;
202,male,1665081242,line 12,68,this.currentSpeed = this.topSpeed ;
202,male,1665165269,line 12,80,this.currentSpeed = this.topSpeed ;
202,male,1665373328,line 12,164,this.currentSpeed = this.topSpeed ;
202,male,1665521257,line 12,120,this.currentSpeed = this.topSpeed ;
202,male,1665601158,line 12,76,this.currentSpeed = this.topSpeed ;
202,male,1665669078,line 12,64,this.currentSpeed = this.topSpeed ;
202,male,1665845063,line 12,172,this.currentSpeed = this.topSpeed ;
202,male,1665921100,line 12,60,this.currentSpeed = this.topSpeed ;
202,male,1666041128,line 12,116,this.currentSpeed = this.topSpeed ;
202,male,1666241147,line 12,144,this.currentSpeed = this.topSpeed ;
202,male,1666413170,line 12,136,this.currentSpeed = this.topSpeed ;
202,male,1666745022,line 12,328,this.currentSpeed = this.topSpeed ;
202,male,1667044851,line 12,168,this.currentSpeed = this.topSpeed ;
202,male,1667324906,line 12,244,this.currentSpeed = this.topSpeed ;
202,male,1667512957,line 12,172,this.currentSpeed = this.topSpeed ;
202,male,1667877059,line 12,304,this.currentSpeed = this.topSpeed ;
202,male,1668009072,line 12,92,this.currentSpeed = this.topSpeed ;
202,male,1668300943,line 11,72,if ( ( this.currentSpeed + kmh ) > this.topSpeed ) {
202,male,1668420959,line 11,116,if ( ( this.currentSpeed + kmh ) > this.topSpeed ) {
202,male,1668964919,line 11,72,if ( ( this.currentSpeed + kmh ) > this.topSpeed ) {
202,male,1669460857,line 12,260,this.currentSpeed = this.topSpeed ;
202,male,1669568876,line 12,84,this.currentSpeed = this.topSpeed ;
202,male,1669760897,line 12,108,this.currentSpeed = this.topSpeed ;
202,male,1670144910,line 11,88,if ( ( this.currentSpeed + kmh ) > this.topSpeed ) {
202,male,1670452509,line 12,180,this.currentSpeed = this.topSpeed ;
202,male,1670664660,line 12,172,this.currentSpeed = this.topSpeed ;
202,male,1670808771,line 11,100,if ( ( this.currentSpeed + kmh ) > this.topSpeed ) {
202,male,1670876754,line 11,64,if ( ( this.currentSpeed + kmh ) > this.topSpeed ) {
202,male,1671068715,line 11,124,if ( ( this.currentSpeed + kmh ) > this.topSpeed ) {
202,male,1671228703,line 11,128,if ( ( this.currentSpeed + kmh ) > this.topSpeed ) {
202,male,1671292714,line 11,60,if ( ( this.currentSpeed + kmh ) > this.topSpeed ) {
202,male,1671392727,line 11,84,if ( ( this.currentSpeed + kmh ) > this.topSpeed ) {
202,male,1671720756,line 11,324,if ( ( this.currentSpeed + kmh ) > this.topSpeed ) {
202,male,1671808711,line 11,68,if ( ( this.currentSpeed + kmh ) > this.topSpeed ) {
202,male,1671944663,line 11,132,if ( ( this.currentSpeed + kmh ) > this.topSpeed ) {
202,male,1672136686,line 11,160,if ( ( this.currentSpeed + kmh ) > this.topSpeed ) {
202,male,1672200693,line 11,60,if ( ( this.currentSpeed + kmh ) > this.topSpeed ) {
202,male,1672380649,line 11,140,if ( ( this.currentSpeed + kmh ) > this.topSpeed ) {
202,male,1672956603,line 11,92,if ( ( this.currentSpeed + kmh ) > this.topSpeed ) {
202,male,1673096619,line 10,136,public int accelerate ( int kmh ) {
202,male,1673368538,line 11,172,if ( ( this.currentSpeed + kmh ) > this.topSpeed ) {
202,male,1673444464,line 11,72,if ( ( this.currentSpeed + kmh ) > this.topSpeed ) {
202,male,1673712482,line 11,196,if ( ( this.currentSpeed + kmh ) > this.topSpeed ) {
202,male,1673900460,line 11,184,if ( ( this.currentSpeed + kmh ) > this.topSpeed ) {
202,male,1674036402,line 11,116,if ( ( this.currentSpeed + kmh ) > this.topSpeed ) {
202,male,1674100410,line 10,60,public int accelerate ( int kmh ) {
202,male,1674192428,line 11,88,if ( ( this.currentSpeed + kmh ) > this.topSpeed ) {
202,male,1674296460,line 10,100,public int accelerate ( int kmh ) {
202,male,1674372492,line 11,72,if ( ( this.currentSpeed + kmh ) > this.topSpeed ) {
202,male,1675088239,line 11,76,if ( ( this.currentSpeed + kmh ) > this.topSpeed ) {
202,male,1675364360,line 11,272,if ( ( this.currentSpeed + kmh ) > this.topSpeed ) {
202,male,1675600355,line 11,212,if ( ( this.currentSpeed + kmh ) > this.topSpeed ) {
202,male,1675892278,line 4,168,"public Vehicle ( String p , String t , int tp ) {"
202,male,1676096303,line 3,168,"int topSpeed , currentSpeed ;"
202,male,1676228323,line 3,128,"int topSpeed , currentSpeed ;"
202,male,1676348341,line 3,80,"int topSpeed , currentSpeed ;"
202,male,1676420312,line 3,68,"int topSpeed , currentSpeed ;"
202,male,1677180274,line 11,156,if ( ( this.currentSpeed + kmh ) > this.topSpeed ) {
202,male,1677268268,line 11,68,if ( ( this.currentSpeed + kmh ) > this.topSpeed ) {
202,male,1677636203,line 4,196,"public Vehicle ( String p , String t , int tp ) {"
202,male,1677792189,line 4,152,"public Vehicle ( String p , String t , int tp ) {"
202,male,1678123937,line 7,56,this.topSpeed = tp ;
202,male,1678343522,line 4,140,"public Vehicle ( String p , String t , int tp ) {"
202,male,1679172073,line 11,72,if ( ( this.currentSpeed + kmh ) > this.topSpeed ) {
202,male,1679312051,line 12,80,this.currentSpeed = this.topSpeed ;
202,male,1679376049,line 12,60,this.currentSpeed = this.topSpeed ;
202,male,1679827919,line 11,64,if ( ( this.currentSpeed + kmh ) > this.topSpeed ) {
202,male,1680143997,line 12,244,this.currentSpeed = this.topSpeed ;
202,male,1680415945,line 12,136,this.currentSpeed = this.topSpeed ;
202,male,1680611958,line 12,160,this.currentSpeed = this.topSpeed ;
202,male,1680799935,line 12,184,this.currentSpeed = this.topSpeed ;
202,male,1680907929,line 12,104,this.currentSpeed = this.topSpeed ;
202,male,1681064184,line 12,132,this.currentSpeed = this.topSpeed ;
202,male,1681144472,line 12,76,this.currentSpeed = this.topSpeed ;
202,male,1681443911,line 12,140,this.currentSpeed = this.topSpeed ;
202,male,1681799840,line 12,328,this.currentSpeed = this.topSpeed ;
202,male,1682115854,line 12,288,this.currentSpeed = this.topSpeed ;
202,male,1682219847,line 12,56,this.currentSpeed = this.topSpeed ;
202,male,1682483832,line 12,260,this.currentSpeed = this.topSpeed ;
202,male,1682695730,line 11,148,if ( ( this.currentSpeed + kmh ) > this.topSpeed ) {
202,male,1682787612,line 12,64,this.currentSpeed = this.topSpeed ;
202,male,1682907607,line 12,116,this.currentSpeed = this.topSpeed ;
202,male,1683591697,line 11,132,if ( ( this.currentSpeed + kmh ) > this.topSpeed ) {
202,male,1683679681,line 11,84,if ( ( this.currentSpeed + kmh ) > this.topSpeed ) {
202,male,1684023689,line 12,220,this.currentSpeed = this.topSpeed ;
202,male,1684119671,line 12,56,this.currentSpeed = this.topSpeed ;
202,male,1684235611,line 12,112,this.currentSpeed = this.topSpeed ;
202,male,1684423426,line 12,64,this.currentSpeed = this.topSpeed ;
202,male,1684503528,line 12,76,this.currentSpeed = this.topSpeed ;
202,male,1684723661,line 11,196,if ( ( this.currentSpeed + kmh ) > this.topSpeed ) {
202,male,1684831707,line 11,104,if ( ( this.currentSpeed + kmh ) > this.topSpeed ) {
202,male,1684895704,line 11,60,if ( ( this.currentSpeed + kmh ) > this.topSpeed ) {
202,male,1685035633,line 11,136,if ( ( this.currentSpeed + kmh ) > this.topSpeed ) {
202,male,1685223577,line 11,136,if ( ( this.currentSpeed + kmh ) > this.topSpeed ) {
202,male,1685379565,line 12,80,this.currentSpeed = this.topSpeed ;
202,male,1685811508,line 12,136,this.currentSpeed = this.topSpeed ;
202,male,1685915459,line 12,88,this.currentSpeed = this.topSpeed ;
202,male,1686075446,line 12,88,this.currentSpeed = this.topSpeed ;
202,male,1686215430,line 12,136,this.currentSpeed = this.topSpeed ;
202,male,1686295417,line 12,76,this.currentSpeed = this.topSpeed ;
202,male,1686547467,line 12,224,this.currentSpeed = this.topSpeed ;
202,male,1686751429,line 11,184,if ( ( this.currentSpeed + kmh ) > this.topSpeed ) {
202,male,1686947441,line 11,140,if ( ( this.currentSpeed + kmh ) > this.topSpeed ) {
202,male,1687379029,line 12,164,this.currentSpeed = this.topSpeed ;
202,male,1687623125,line 12,168,this.currentSpeed = this.topSpeed ;
202,male,1687779238,line 12,152,this.currentSpeed = this.topSpeed ;
202,male,1688147214,line 12,84,this.currentSpeed = this.topSpeed ;
202,male,1688279249,line 11,96,if ( ( this.currentSpeed + kmh ) > this.topSpeed ) {
202,male,1688591303,line 11,148,if ( ( this.currentSpeed + kmh ) > this.topSpeed ) {
202,male,1688915245,line 12,144,this.currentSpeed = this.topSpeed ;
202,male,1689223028,line 11,116,if ( ( this.currentSpeed + kmh ) > this.topSpeed ) {
202,male,1689391158,line 11,164,if ( ( this.currentSpeed + kmh ) > this.topSpeed ) {
202,male,1689507160,line 11,56,if ( ( this.currentSpeed + kmh ) > this.topSpeed ) {
202,male,1689623168,line 11,112,if ( ( this.currentSpeed + kmh ) > this.topSpeed ) {
202,male,1689767186,line 10,88,public int accelerate ( int kmh ) {
202,male,1690299151,line 5,112,this.producer = p ;
202,male,1690359143,line 6,56,this.type = t ;
202,male,1690483185,line 5,96,this.producer = p ;
202,male,1690651129,line 3,100,"int topSpeed , currentSpeed ;"
202,male,1690762999,line 3,108,"int topSpeed , currentSpeed ;"
202,male,1691035015,line 4,144,"public Vehicle ( String p , String t , int tp ) {"
202,male,1691131006,line 4,84,"public Vehicle ( String p , String t , int tp ) {"
202,male,1691290997,line 5,156,this.producer = p ;
202,male,1693062881,line 10,64,public int accelerate ( int kmh ) {
202,male,1693186891,line 11,60,if ( ( this.currentSpeed + kmh ) > this.topSpeed ) {
202,male,1693338892,line 12,148,this.currentSpeed = this.topSpeed ;
202,male,1693650863,line 18,180,public static void main ( String args [ ] ) {
202,male,1695342654,line 8,256,this.currentSpeed = 0 ;
202,male,1696154663,line 11,312,if ( ( this.currentSpeed + kmh ) > this.topSpeed ) {
202,male,1696778521,line 18,132,public static void main ( String args [ ] ) {
202,male,1696874380,line 18,92,public static void main ( String args [ ] ) {
202,male,1697146467,line 7,60,this.topSpeed = tp ;
202,male,1697246519,line 7,96,this.topSpeed = tp ;
202,male,1698126496,line 7,124,this.topSpeed = tp ;
202,male,1698634218,line 2,116,"String producer , type ;"
202,male,1698954355,line 8,72,this.currentSpeed = 0 ;
202,male,1699054379,line 8,96,this.currentSpeed = 0 ;
202,male,1699414390,line 11,156,if ( ( this.currentSpeed + kmh ) > this.topSpeed ) {
202,male,1699770373,line 11,80,if ( ( this.currentSpeed + kmh ) > this.topSpeed ) {
202,male,1700646266,line 10,88,public int accelerate ( int kmh ) {
202,male,1701074203,line 11,76,if ( ( this.currentSpeed + kmh ) > this.topSpeed ) {
202,male,1701266228,line 11,188,if ( ( this.currentSpeed + kmh ) > this.topSpeed ) {
202,male,1701390254,line 11,84,if ( ( this.currentSpeed + kmh ) > this.topSpeed ) {
202,male,1701470250,line 11,76,if ( ( this.currentSpeed + kmh ) > this.topSpeed ) {
202,male,1702002089,line 10,228,public int accelerate ( int kmh ) {
202,male,1702173940,line 5,120,this.producer = p ;
202,male,1702366076,line 5,188,this.producer = p ;
202,male,1702461927,line 11,60,if ( ( this.currentSpeed + kmh ) > this.topSpeed ) {
202,male,1702693765,line 11,228,if ( ( this.currentSpeed + kmh ) > this.topSpeed ) {
202,male,1702874001,line 10,76,public int accelerate ( int kmh ) {
202,male,1703873969,line 11,196,if ( ( this.currentSpeed + kmh ) > this.topSpeed ) {
202,male,1703989945,line 11,112,if ( ( this.currentSpeed + kmh ) > this.topSpeed ) {
202,male,1704141958,line 10,76,public int accelerate ( int kmh ) {
202,male,1704257972,line 10,112,public int accelerate ( int kmh ) {
202,male,1704345958,line 10,84,public int accelerate ( int kmh ) {
202,male,1704669900,line 8,252,this.currentSpeed = 0 ;
202,male,1705325841,line 6,188,this.type = t ;
202,male,1705413845,line 6,84,this.type = t ;
202,male,1706133813,line 11,224,if ( ( this.currentSpeed + kmh ) > this.topSpeed ) {
202,male,1706293742,line 10,120,public int accelerate ( int kmh ) {
202,male,1706437668,line 10,140,public int accelerate ( int kmh ) {
202,male,1706793643,line 7,272,this.topSpeed = tp ;
202,male,1707381793,line 10,92,public int accelerate ( int kmh ) {
202,male,1707441821,line 11,56,if ( ( this.currentSpeed + kmh ) > this.topSpeed ) {
202,male,1707521852,line 11,76,if ( ( this.currentSpeed + kmh ) > this.topSpeed ) {
202,male,1707601827,line 12,56,this.currentSpeed = this.topSpeed ;
202,male,1707689769,line 12,84,this.currentSpeed = this.topSpeed ;
202,male,1707873457,line 12,104,this.currentSpeed = this.topSpeed ;
202,male,1708029435,line 12,152,this.currentSpeed = this.topSpeed ;
202,male,1708433529,line 11,56,if ( ( this.currentSpeed + kmh ) > this.topSpeed ) {
202,male,1708521553,line 11,64,if ( ( this.currentSpeed + kmh ) > this.topSpeed ) {
202,male,1708669573,line 12,144,this.currentSpeed = this.topSpeed ;
202,male,1708841568,line 12,96,this.currentSpeed = this.topSpeed ;
202,male,1709065572,line 11,124,if ( ( this.currentSpeed + kmh ) > this.topSpeed ) {
202,male,1709433438,line 11,68,if ( ( this.currentSpeed + kmh ) > this.topSpeed ) {
202,male,1709541430,line 12,76,this.currentSpeed = this.topSpeed ;
202,male,1709621404,line 12,76,this.currentSpeed = this.topSpeed ;
202,male,1709861403,line 11,132,if ( ( this.currentSpeed + kmh ) > this.topSpeed ) {
202,male,1710189402,line 11,124,if ( ( this.currentSpeed + kmh ) > this.topSpeed ) {
202,male,1710513434,line 11,56,if ( ( this.currentSpeed + kmh ) > this.topSpeed ) {
202,male,1710641436,line 11,124,if ( ( this.currentSpeed + kmh ) > this.topSpeed ) {
202,male,1710833433,line 11,156,if ( ( this.currentSpeed + kmh ) > this.topSpeed ) {
202,male,1711229334,line 10,136,public int accelerate ( int kmh ) {
202,male,1712917212,line 10,148,public int accelerate ( int kmh ) {
202,male,1713269189,line 7,292,this.topSpeed = tp ;
202,male,1713529153,line 7,80,this.topSpeed = tp ;
202,male,1714165061,line 3,196,"int topSpeed , currentSpeed ;"
202,male,1714449038,line 2,176,"String producer , type ;"
202,male,1715312873,line 11,252,if ( ( this.currentSpeed + kmh ) > this.topSpeed ) {
202,male,1715432588,line 11,56,if ( ( this.currentSpeed + kmh ) > this.topSpeed ) {
202,male,1715576462,line 11,140,if ( ( this.currentSpeed + kmh ) > this.topSpeed ) {
202,male,1715788671,line 12,160,this.currentSpeed = this.topSpeed ;
202,male,1715900819,line 12,76,this.currentSpeed = this.topSpeed ;
202,male,1716220942,line 11,84,if ( ( this.currentSpeed + kmh ) > this.topSpeed ) {
202,male,1716464940,line 11,240,if ( ( this.currentSpeed + kmh ) > this.topSpeed ) {
202,male,1716648912,line 11,124,if ( ( this.currentSpeed + kmh ) > this.topSpeed ) {
202,male,1717076905,line 10,168,public int accelerate ( int kmh ) {
202,male,1717280718,line 11,200,if ( ( this.currentSpeed + kmh ) > this.topSpeed ) {
202,male,1717508726,line 11,196,if ( ( this.currentSpeed + kmh ) > this.topSpeed ) {
202,male,1717656779,line 10,68,public int accelerate ( int kmh ) {
202,male,1717808768,line 5,76,this.producer = p ;
202,male,1717996771,line 3,92,"int topSpeed , currentSpeed ;"
202,male,1718220802,line 3,176,"int topSpeed , currentSpeed ;"
202,male,1719376620,line 3,72,"int topSpeed , currentSpeed ;"
202,male,1719792608,line 3,92,"int topSpeed , currentSpeed ;"
202,male,1719872643,line 2,56,"String producer , type ;"
202,male,1720816516,line 11,188,if ( ( this.currentSpeed + kmh ) > this.topSpeed ) {
202,male,1720884509,line 11,64,if ( ( this.currentSpeed + kmh ) > this.topSpeed ) {
202,male,1721096531,line 11,160,if ( ( this.currentSpeed + kmh ) > this.topSpeed ) {
202,male,1721200547,line 11,100,if ( ( this.currentSpeed + kmh ) > this.topSpeed ) {
202,male,1721580619,line 3,160,"int topSpeed , currentSpeed ;"
202,male,1721720569,line 2,108,"String producer , type ;"
202,male,1721968267,line 11,132,if ( ( this.currentSpeed + kmh ) > this.topSpeed ) {
202,male,1722220355,line 11,80,if ( ( this.currentSpeed + kmh ) > this.topSpeed ) {
202,male,1722336352,line 11,112,if ( ( this.currentSpeed + kmh ) > this.topSpeed ) {
202,male,1722464350,line 11,96,if ( ( this.currentSpeed + kmh ) > this.topSpeed ) {
202,male,1722568355,line 11,100,if ( ( this.currentSpeed + kmh ) > this.topSpeed ) {
202,male,1722784357,line 11,212,if ( ( this.currentSpeed + kmh ) > this.topSpeed ) {
202,male,1723176366,line 10,56,public int accelerate ( int kmh ) {
202,male,1723256359,line 11,76,if ( ( this.currentSpeed + kmh ) > this.topSpeed ) {
202,male,1723584118,line 11,84,if ( ( this.currentSpeed + kmh ) > this.topSpeed ) {
202,male,1723676121,line 10,56,public int accelerate ( int kmh ) {
202,male,1723808214,line 10,128,public int accelerate ( int kmh ) {
202,male,1723924313,line 10,112,public int accelerate ( int kmh ) {
202,male,1724244295,line 10,316,public int accelerate ( int kmh ) {
202,male,1724420255,line 11,128,if ( ( this.currentSpeed + kmh ) > this.topSpeed ) {
202,male,1724580248,line 11,112,if ( ( this.currentSpeed + kmh ) > this.topSpeed ) {
202,male,1724640247,line 11,56,if ( ( this.currentSpeed + kmh ) > this.topSpeed ) {
202,male,1724960187,line 3,172,"int topSpeed , currentSpeed ;"
202,male,1725156048,line 3,160,"int topSpeed , currentSpeed ;"
202,male,1725348113,line 3,132,"int topSpeed , currentSpeed ;"
202,male,1725616127,line 3,164,"int topSpeed , currentSpeed ;"
202,male,1726551704,line 11,76,if ( ( this.currentSpeed + kmh ) > this.topSpeed ) {
202,male,1727164002,line 11,180,if ( ( this.currentSpeed + kmh ) > this.topSpeed ) {
202,male,1727287962,line 11,120,if ( ( this.currentSpeed + kmh ) > this.topSpeed ) {
202,male,1727568083,line 11,224,if ( ( this.currentSpeed + kmh ) > this.topSpeed ) {
202,male,1727644070,line 11,72,if ( ( this.currentSpeed + kmh ) > this.topSpeed ) {
202,male,1727855989,line 12,144,this.currentSpeed = this.topSpeed ;
202,male,1728168005,line 12,272,this.currentSpeed = this.topSpeed ;
202,male,1728351881,line 12,132,this.currentSpeed = this.topSpeed ;
202,male,1728443858,line 12,88,this.currentSpeed = this.topSpeed ;
202,male,1728527852,line 12,76,this.currentSpeed = this.topSpeed ;
202,male,1728703821,line 12,172,this.currentSpeed = this.topSpeed ;
202,male,1728931837,line 12,152,this.currentSpeed = this.topSpeed ;
202,male,1729407871,line 11,188,if ( ( this.currentSpeed + kmh ) > this.topSpeed ) {
202,male,1729687839,line 12,164,this.currentSpeed = this.topSpeed ;
202,male,1729903779,line 12,188,this.currentSpeed = this.topSpeed ;
202,male,1730111754,line 12,140,this.currentSpeed = this.topSpeed ;
202,male,1730371754,line 12,220,this.currentSpeed = this.topSpeed ;
202,male,1730659745,line 12,232,this.currentSpeed = this.topSpeed ;
202,male,1730795724,line 12,68,this.currentSpeed = this.topSpeed ;
202,male,1731207695,line 11,132,if ( ( this.currentSpeed + kmh ) > this.topSpeed ) {
202,male,1731451466,line 12,100,this.currentSpeed = this.topSpeed ;
202,male,1731671560,line 11,68,if ( ( this.currentSpeed + kmh ) > this.topSpeed ) {
202,male,1731771555,line 12,80,this.currentSpeed = this.topSpeed ;
202,male,1731903552,line 12,128,this.currentSpeed = this.topSpeed ;
202,male,1732035552,line 11,96,if ( ( this.currentSpeed + kmh ) > this.topSpeed ) {
202,male,1732191591,line 12,152,this.currentSpeed = this.topSpeed ;
202,male,1732527595,line 14,272,this.currentSpeed = this.currentSpeed + kmh ;
202,male,1732671605,line 14,140,this.currentSpeed = this.currentSpeed + kmh ;
202,male,1732747616,line 14,72,this.currentSpeed = this.currentSpeed + kmh ;
202,male,1733307469,line 14,112,this.currentSpeed = this.currentSpeed + kmh ;
202,male,1733503459,line 14,176,this.currentSpeed = this.currentSpeed + kmh ;
202,male,1733571465,line 14,64,this.currentSpeed = this.currentSpeed + kmh ;
202,male,1733763444,line 11,132,if ( ( this.currentSpeed + kmh ) > this.topSpeed ) {
202,male,1733843447,line 14,60,this.currentSpeed = this.currentSpeed + kmh ;
202,male,1733959476,line 14,112,this.currentSpeed = this.currentSpeed + kmh ;
202,male,1734183469,line 14,108,this.currentSpeed = this.currentSpeed + kmh ;
202,male,1734315469,line 14,128,this.currentSpeed = this.currentSpeed + kmh ;
202,male,1734463393,line 14,144,this.currentSpeed = this.currentSpeed + kmh ;
202,male,1734567301,line 14,72,this.currentSpeed = this.currentSpeed + kmh ;
202,male,1734703311,line 14,132,this.currentSpeed = this.currentSpeed + kmh ;
202,male,1734843361,line 14,64,this.currentSpeed = this.currentSpeed + kmh ;
202,male,1735015336,line 12,64,this.currentSpeed = this.topSpeed ;
202,male,1735155331,line 12,56,this.currentSpeed = this.topSpeed ;
202,male,1735767359,line 14,100,this.currentSpeed = this.currentSpeed + kmh ;
202,male,1735895321,line 14,60,this.currentSpeed = this.currentSpeed + kmh ;
202,male,1736271137,line 10,176,public int accelerate ( int kmh ) {
202,male,1736479226,line 10,148,public int accelerate ( int kmh ) {
202,male,1736587187,line 11,76,if ( ( this.currentSpeed + kmh ) > this.topSpeed ) {
202,male,1736807135,line 11,72,if ( ( this.currentSpeed + kmh ) > this.topSpeed ) {
202,male,1737495256,line 11,144,if ( ( this.currentSpeed + kmh ) > this.topSpeed ) {
202,male,1737635050,line 11,136,if ( ( this.currentSpeed + kmh ) > this.topSpeed ) {
202,male,1737778904,line 11,80,if ( ( this.currentSpeed + kmh ) > this.topSpeed ) {
202,male,1738607081,line 11,200,if ( ( this.currentSpeed + kmh ) > this.topSpeed ) {
202,male,1738899009,line 12,64,this.currentSpeed = this.topSpeed ;
202,male,1739030844,line 12,80,this.currentSpeed = this.topSpeed ;
202,male,1739326828,line 11,60,if ( ( this.currentSpeed + kmh ) > this.topSpeed ) {
202,male,1739478896,line 11,96,if ( ( this.currentSpeed + kmh ) > this.topSpeed ) {
202,male,1739614877,line 11,96,if ( ( this.currentSpeed + kmh ) > this.topSpeed ) {
202,male,1739774886,line 11,156,if ( ( this.currentSpeed + kmh ) > this.topSpeed ) {
202,male,1739878870,line 11,68,if ( ( this.currentSpeed + kmh ) > this.topSpeed ) {
202,male,1740146857,line 12,72,this.currentSpeed = this.topSpeed ;
202,male,1740650832,line 12,76,this.currentSpeed = this.topSpeed ;
202,male,1740766620,line 12,112,this.currentSpeed = this.topSpeed ;
202,male,1740842655,line 12,72,this.currentSpeed = this.topSpeed ;
202,male,1740946771,line 12,100,this.currentSpeed = this.topSpeed ;
202,male,1741222825,line 11,168,if ( ( this.currentSpeed + kmh ) > this.topSpeed ) {
202,male,1741410835,line 11,132,if ( ( this.currentSpeed + kmh ) > this.topSpeed ) {
202,male,1741710799,line 12,160,this.currentSpeed = this.topSpeed ;
202,male,1741778802,line 12,64,this.currentSpeed = this.topSpeed ;
202,male,1741902792,line 12,72,this.currentSpeed = this.topSpeed ;
202,male,1742174765,line 12,72,this.currentSpeed = this.topSpeed ;
202,male,1742278773,line 12,100,this.currentSpeed = this.topSpeed ;
202,male,1742890616,line 11,152,if ( ( this.currentSpeed + kmh ) > this.topSpeed ) {
202,male,1743122618,line 10,184,public int accelerate ( int kmh ) {
202,male,1743402640,line 10,240,public int accelerate ( int kmh ) {
202,male,1743766609,line 11,120,if ( ( this.currentSpeed + kmh ) > this.topSpeed ) {
202,male,1743958569,line 12,92,this.currentSpeed = this.topSpeed ;
202,male,1744018584,line 12,56,this.currentSpeed = this.topSpeed ;
202,male,1744202599,line 12,116,this.currentSpeed = this.topSpeed ;
202,male,1744266602,line 11,60,if ( ( this.currentSpeed + kmh ) > this.topSpeed ) {
202,male,1744510546,line 12,84,this.currentSpeed = this.topSpeed ;
202,male,1744606509,line 11,92,if ( ( this.currentSpeed + kmh ) > this.topSpeed ) {
202,male,1744686508,line 12,76,this.currentSpeed = this.topSpeed ;
202,male,1745362473,line 11,88,if ( ( this.currentSpeed + kmh ) > this.topSpeed ) {
202,male,1745562312,line 11,196,if ( ( this.currentSpeed + kmh ) > this.topSpeed ) {
202,male,1745754396,line 11,172,if ( ( this.currentSpeed + kmh ) > this.topSpeed ) {
202,male,1745962388,line 11,144,if ( ( this.currentSpeed + kmh ) > this.topSpeed ) {
202,male,1746030375,line 11,64,if ( ( this.currentSpeed + kmh ) > this.topSpeed ) {
202,male,1746146354,line 11,68,if ( ( this.currentSpeed + kmh ) > this.topSpeed ) {
202,male,1746234419,line 11,84,if ( ( this.currentSpeed + kmh ) > this.topSpeed ) {
202,male,1746422324,line 11,136,if ( ( this.currentSpeed + kmh ) > this.topSpeed ) {
202,male,1746646193,line 11,160,if ( ( this.currentSpeed + kmh ) > this.topSpeed ) {
202,male,1747662580,line 11,180,if ( ( this.currentSpeed + kmh ) > this.topSpeed ) {
202,male,1747746708,line 11,80,if ( ( this.currentSpeed + kmh ) > this.topSpeed ) {
202,male,1747870532,line 11,120,if ( ( this.currentSpeed + kmh ) > this.topSpeed ) {
202,male,1748102343,line 11,60,if ( ( this.currentSpeed + kmh ) > this.topSpeed ) {
202,male,1748498166,line 11,64,if ( ( this.currentSpeed + kmh ) > this.topSpeed ) {
202,male,1748574095,line 11,72,if ( ( this.currentSpeed + kmh ) > this.topSpeed ) {
202,male,1748866127,line 13,88,} else {
202,male,1749014137,line 14,124,this.currentSpeed = this.currentSpeed + kmh ;
202,male,1749082147,line 14,64,this.currentSpeed = this.currentSpeed + kmh ;
202,male,1749174160,line 14,80,this.currentSpeed = this.currentSpeed + kmh ;
202,male,1749266152,line 14,88,this.currentSpeed = this.currentSpeed + kmh ;
202,male,1749390133,line 14,120,this.currentSpeed = this.currentSpeed + kmh ;
202,male,1749522099,line 14,84,this.currentSpeed = this.currentSpeed + kmh ;
202,male,1750026069,line 14,100,this.currentSpeed = this.currentSpeed + kmh ;
202,male,1750169857,line 14,140,this.currentSpeed = this.currentSpeed + kmh ;
202,male,1750353931,line 14,104,this.currentSpeed = this.currentSpeed + kmh ;
202,male,1750433922,line 14,76,this.currentSpeed = this.currentSpeed + kmh ;
202,male,1750669620,line 14,200,this.currentSpeed = this.currentSpeed + kmh ;
202,male,1750749393,line 14,76,this.currentSpeed = this.currentSpeed + kmh ;
202,male,1750901710,line 14,76,this.currentSpeed = this.currentSpeed + kmh ;
202,male,1750961915,line 14,56,this.currentSpeed = this.currentSpeed + kmh ;
202,male,1751085984,line 14,100,this.currentSpeed = this.currentSpeed + kmh ;
202,male,1751246071,line 14,156,this.currentSpeed = this.currentSpeed + kmh ;
202,male,1751737780,line 14,68,this.currentSpeed = this.currentSpeed + kmh ;
202,male,1752014025,line 13,132,} else {
202,male,1752237852,line 14,140,this.currentSpeed = this.currentSpeed + kmh ;
202,male,1752381856,line 14,88,this.currentSpeed = this.currentSpeed + kmh ;
202,male,1752965843,line 13,60,} else {
202,male,1753029845,line 13,60,} else {
202,male,1753141866,line 13,108,} else {
202,male,1753213924,line 13,68,} else {
202,male,1753278016,line 13,60,} else {
202,male,1753937515,line 11,100,if ( ( this.currentSpeed + kmh ) > this.topSpeed ) {
202,male,1754113522,line 11,116,if ( ( this.currentSpeed + kmh ) > this.topSpeed ) {
202,male,1754185596,line 11,68,if ( ( this.currentSpeed + kmh ) > this.topSpeed ) {
202,male,1754269520,line 11,80,if ( ( this.currentSpeed + kmh ) > this.topSpeed ) {
202,male,1754489292,line 11,188,if ( ( this.currentSpeed + kmh ) > this.topSpeed ) {
202,male,1754773568,line 11,120,if ( ( this.currentSpeed + kmh ) > this.topSpeed ) {
202,male,1755009544,line 11,64,if ( ( this.currentSpeed + kmh ) > this.topSpeed ) {
202,male,1755097611,line 12,84,this.currentSpeed = this.topSpeed ;
202,male,1755261661,line 12,88,this.currentSpeed = this.topSpeed ;
202,male,1755385694,line 12,120,this.currentSpeed = this.topSpeed ;
202,male,1755473694,line 12,84,this.currentSpeed = this.topSpeed ;
202,male,1755537877,line 12,60,this.currentSpeed = this.topSpeed ;
202,male,1755598032,line 12,56,this.currentSpeed = this.topSpeed ;
202,male,1755813941,line 12,84,this.currentSpeed = this.topSpeed ;
202,male,1755897792,line 12,80,this.currentSpeed = this.topSpeed ;
202,male,1756485327,line 12,96,this.currentSpeed = this.topSpeed ;
202,male,1756601302,line 12,92,this.currentSpeed = this.topSpeed ;
202,male,1756677355,line 12,72,this.currentSpeed = this.topSpeed ;
202,male,1757161429,line 11,60,if ( ( this.currentSpeed + kmh ) > this.topSpeed ) {
202,male,1757277451,line 11,60,if ( ( this.currentSpeed + kmh ) > this.topSpeed ) {
202,male,1757445654,line 11,164,if ( ( this.currentSpeed + kmh ) > this.topSpeed ) {
202,male,1757781457,line 11,216,if ( ( this.currentSpeed + kmh ) > this.topSpeed ) {
202,male,1757901403,line 11,96,if ( ( this.currentSpeed + kmh ) > this.topSpeed ) {
202,male,1758073344,line 11,120,if ( ( this.currentSpeed + kmh ) > this.topSpeed ) {
202,male,1758857334,line 18,104,public static void main ( String args [ ] ) {
202,male,1759033339,line 16,160,return this.currentSpeed ;
202,male,1759433162,line 16,324,return this.currentSpeed ;
202,male,1759505081,line 16,60,return this.currentSpeed ;
202,male,1759613035,line 16,104,return this.currentSpeed ;
202,male,1759733115,line 16,116,return this.currentSpeed ;
202,male,1760073207,line 16,96,return this.currentSpeed ;
202,male,1760193198,line 16,116,return this.currentSpeed ;
202,male,1761389057,line 18,76,public static void main ( String args [ ] ) {
202,male,1761493108,line 19,100,"Vehicle v = new Vehicle ( ""Audi"" , ""A6"" , 200 ) ;"
202,male,1761593153,line 19,76,"Vehicle v = new Vehicle ( ""Audi"" , ""A6"" , 200 ) ;"
202,male,1761773059,line 19,176,"Vehicle v = new Vehicle ( ""Audi"" , ""A6"" , 200 ) ;"
202,male,1761921055,line 19,116,"Vehicle v = new Vehicle ( ""Audi"" , ""A6"" , 200 ) ;"
202,male,1761985055,line 19,60,"Vehicle v = new Vehicle ( ""Audi"" , ""A6"" , 200 ) ;"
202,male,1762073060,line 19,68,"Vehicle v = new Vehicle ( ""Audi"" , ""A6"" , 200 ) ;"
202,male,1762832908,line 20,92,v.accelerate ( 10 ) ;
202,male,1763024942,line 20,84,v.accelerate ( 10 ) ;
202,male,1763768930,line 19,100,"Vehicle v = new Vehicle ( ""Audi"" , ""A6"" , 200 ) ;"
202,male,1763912923,line 19,104,"Vehicle v = new Vehicle ( ""Audi"" , ""A6"" , 200 ) ;"
202,male,1764228769,line 4,64,"public Vehicle ( String p , String t , int tp ) {"
202,male,1764324736,line 4,92,"public Vehicle ( String p , String t , int tp ) {"
202,male,1764524745,line 3,164,"int topSpeed , currentSpeed ;"
202,male,1765468806,line 4,88,"public Vehicle ( String p , String t , int tp ) {"
202,male,1765852576,line 6,60,this.type = t ;
202,male,1766060599,line 6,204,this.type = t ;
202,male,1766400668,line 7,56,this.topSpeed = tp ;
202,male,1766524673,line 7,56,this.topSpeed = tp ;
202,male,1766748661,line 8,68,this.currentSpeed = 0 ;
202,male,1767040653,line 8,176,this.currentSpeed = 0 ;
202,male,1767216642,line 8,56,this.currentSpeed = 0 ;
202,male,1767304618,line 8,84,this.currentSpeed = 0 ;
202,male,1767452557,line 8,84,this.currentSpeed = 0 ;
202,male,1767584498,line 8,128,this.currentSpeed = 0 ;
202,male,1767988503,line 7,60,this.topSpeed = tp ;
202,male,1768132619,line 7,140,this.topSpeed = tp ;
202,male,1768276612,line 8,84,this.currentSpeed = 0 ;
202,male,1768540547,line 4,76,"public Vehicle ( String p , String t , int tp ) {"
202,male,1769004257,line 8,120,this.currentSpeed = 0 ;
202,male,1769128368,line 8,108,this.currentSpeed = 0 ;
202,male,1769188413,line 8,56,this.currentSpeed = 0 ;
202,male,1769276413,line 8,84,this.currentSpeed = 0 ;
202,male,1769384409,line 7,104,this.topSpeed = tp ;
202,male,1769660392,line 8,112,this.currentSpeed = 0 ;
202,male,1769760418,line 8,96,this.currentSpeed = 0 ;
202,male,1772392289,line 5,180,this.producer = p ;
202,male,1772460243,line 5,64,this.producer = p ;
202,male,1772652154,line 6,132,this.type = t ;
202,male,1772768129,line 7,84,this.topSpeed = tp ;
202,male,1772836127,line 7,64,this.topSpeed = tp ;
202,male,1773028131,line 7,156,this.topSpeed = tp ;
202,male,1773232194,line 7,184,this.topSpeed = tp ;
202,male,1773400184,line 6,80,this.type = t ;
202,male,1773468148,line 6,64,this.type = t ;
202,male,1773699975,line 5,56,this.producer = p ;
202,male,1773891988,line 5,188,this.producer = p ;
202,male,1773972013,line 5,76,this.producer = p ;
202,male,1774587951,line 7,108,this.topSpeed = tp ;
202,male,1774663934,line 8,72,this.currentSpeed = 0 ;
202,male,1774999982,line 19,100,"Vehicle v = new Vehicle ( ""Audi"" , ""A6"" , 200 ) ;"
202,male,1776327887,line 12,96,this.currentSpeed = this.topSpeed ;
202,male,1776543912,line 6,164,this.type = t ;
202,male,1777107778,line 7,88,this.topSpeed = tp ;
202,male,1777223752,line 7,112,this.topSpeed = tp ;
202,male,1777307737,line 7,80,this.topSpeed = tp ;
202,male,1777695713,line 20,68,v.accelerate ( 10 ) ;
202,male,1778611569,line 19,68,"Vehicle v = new Vehicle ( ""Audi"" , ""A6"" , 200 ) ;"
202,male,1778675580,line 19,60,"Vehicle v = new Vehicle ( ""Audi"" , ""A6"" , 200 ) ;"
203,male,14873172380,line 1,92,public class Vehicle {
203,male,14873492330,line 2,280,"String producer , type ;"
203,male,14874072043,line 3,60,"int topSpeed , currentSpeed ;"
203,male,14874220211,line 3,144,"int topSpeed , currentSpeed ;"
203,male,14874312221,line 3,88,"int topSpeed , currentSpeed ;"
203,male,14874436198,line 3,72,"int topSpeed , currentSpeed ;"
203,male,14874680199,line 3,168,"int topSpeed , currentSpeed ;"
203,male,14874796221,line 3,56,"int topSpeed , currentSpeed ;"
203,male,14874860221,line 3,60,"int topSpeed , currentSpeed ;"
203,male,14875100182,line 4,196,"public Vehicle ( String p , String t , int tp ) {"
203,male,14875292024,line 4,132,"public Vehicle ( String p , String t , int tp ) {"
203,male,14875532005,line 4,200,"public Vehicle ( String p , String t , int tp ) {"
203,male,14875612067,line 4,76,"public Vehicle ( String p , String t , int tp ) {"
203,male,14875856056,line 4,208,"public Vehicle ( String p , String t , int tp ) {"
203,male,14876176101,line 5,112,this.producer = p ;
203,male,14876380098,line 5,100,this.producer = p ;
203,male,14876556162,line 5,120,this.producer = p ;
203,male,14876708117,line 5,96,this.producer = p ;
203,male,14876808058,line 5,96,this.producer = p ;
203,male,14876939968,line 7,72,this.topSpeed = tp ;
203,male,14877011920,line 7,68,this.topSpeed = tp ;
203,male,14877223928,line 8,132,this.currentSpeed = 0 ;
203,male,14877335924,line 8,108,this.currentSpeed = 0 ;
203,male,14877491955,line 7,64,this.topSpeed = tp ;
203,male,14877604005,line 7,108,this.topSpeed = tp ;
203,male,14877799978,line 8,96,this.currentSpeed = 0 ;
203,male,14878491628,line 8,152,this.currentSpeed = 0 ;
203,male,14878631811,line 8,116,this.currentSpeed = 0 ;
203,male,14878835794,line 8,64,this.currentSpeed = 0 ;
203,male,14878899810,line 8,60,this.currentSpeed = 0 ;
203,male,14881379648,line 5,76,this.producer = p ;
203,male,14881571543,line 4,60,"public Vehicle ( String p , String t , int tp ) {"
203,male,14885203512,line 4,72,"public Vehicle ( String p , String t , int tp ) {"
203,male,14891634768,line 2,60,"String producer , type ;"
203,male,14906873447,line 18,120,public static void main ( String args [ ] ) {
203,male,14907169422,line 16,224,return this.currentSpeed ;
203,male,14907241412,line 16,68,return this.currentSpeed ;
203,male,14907365415,line 16,92,return this.currentSpeed ;
203,male,14907441419,line 16,72,return this.currentSpeed ;
203,male,14907577788,line 14,72,this.currentSpeed = this.currentSpeed + kmh ;
203,male,14907673943,line 14,92,this.currentSpeed = this.currentSpeed + kmh ;
204,female,6089004696,line 2,64,"String producer , type ;"
204,female,6090156680,line 2,56,"String producer , type ;"
204,female,6091024510,line 1,60,public class Vehicle {
204,female,6091312549,line 1,64,public class Vehicle {
204,female,6093616270,line 1,76,public class Vehicle {
204,female,6094064340,line 2,80,"String producer , type ;"
204,female,6094524251,line 1,60,public class Vehicle {
204,female,6096559919,line 4,56,"public Vehicle ( String p , String t , int tp ) {"
204,female,6096964003,line 4,88,"public Vehicle ( String p , String t , int tp ) {"
204,female,6099647798,line 4,76,"public Vehicle ( String p , String t , int tp ) {"
204,female,6102551587,line 5,68,this.producer = p ;
204,female,6102763546,line 5,68,this.producer = p ;
204,female,6102963543,line 5,72,this.producer = p ;
204,female,6106279188,line 18,64,public static void main ( String args [ ] ) {
204,female,6106471175,line 18,64,public static void main ( String args [ ] ) {
204,female,6107710961,line 16,64,return this.currentSpeed ;
204,female,6108095081,line 19,68,"Vehicle v = new Vehicle ( ""Audi"" , ""A6"" , 200 ) ;"
204,female,6108539081,line 19,96,"Vehicle v = new Vehicle ( ""Audi"" , ""A6"" , 200 ) ;"
204,female,6109395022,line 18,84,public static void main ( String args [ ] ) {
